x_data,y_data,y_fit,component_1,component_2,component_3,component_4,component_5,component_6
799.9300995740832,0.004426610845207877,0.0029949489239649166,0.0019674117525199262,0.0026210751118151297,0.0021554827912003624,0.0021357235348179403,0.0019674117525258837,0.0019849027436853045
799.7766617806719,0.004348038621618394,0.0029959613791385566,0.0019674117525199262,0.0026216162312495063,0.002155672937277666,0.0021359576411331418,0.0019674117525261283,0.0019849498270318195
799.6232239872606,0.004277735722012104,0.0029969758000851806,0.0019674117525199262,0.002622158021534206,0.0021558633714781365,0.0021361922354059225,0.0019674117525263824,0.0019849974292202384
799.4697861938475,0.004216099822507011,0.0029979921996142263,0.0019674117525199262,0.00262270048377635,0.0021560540943833958,0.002136427318991049,0.0019674117525266465,0.0019850455600164893
799.3163484004363,0.004163329761162117,0.0029990105907349886,0.0019674117525199262,0.002623243619085321,0.0021562451065765243,0.0021366628932479787,0.001967411752526922,0.0019850942293779474
799.162910607025,0.00411940994283554,0.0030000309866603115,0.0019674117525199262,0.002623787428572806,0.002156436408642081,0.0021368989595408924,0.0019674117525272077,0.001985143447457029
799.0094728136137,0.004084145428253747,0.00300105340081022,0.0019674117525199262,0.0026243319133527777,0.002156628001166097,0.002137135519238704,0.0019674117525275057,0.0019851932246048405
798.8560350202006,0.0040571580352260885,0.0030020778468156954,0.0019674117525199262,0.002624877074541512,0.002156819884736086,0.002137372573715088,0.0019674117525278153,0.0019852435713748995
798.7025972267893,0.004037882439859324,0.0030031043385224327,0.0019674117525199262,0.002625422913257568,0.0021570120599410385,0.002137610124348483,0.001967411752528137,0.001985294498526911
798.549159433378,0.004025648051052506,0.003004132889994797,0.0019674117525199262,0.0026259694306218326,0.002157204527371441,0.002137848172522135,0.0019674117525284723,0.0019853460170306215
798.3957216399667,0.004019640022642275,0.003005163515519718,0.0019674117525199262,0.0026265166277575002,0.0021573972876192705,0.0021380867196241007,0.0019674117525288206,0.0019853981380697308
798.2422838465536,0.004018946038828504,0.003006196229610727,0.0019674117525199262,0.002627064505790092,0.002157590341278004,0.002138325767047276,0.001967411752529183,0.001985450873045876
798.0888460531423,0.0040226030995999485,0.0030072310470119932,0.0019674117525199262,0.002627613065847435,0.0021577836889426147,0.002138565316189404,0.00196741175252956,0.001985504233582684
797.935408259731,0.004029605318305189,0.0030082679827025498,0.0019674117525199262,0.0026281623090597074,0.0021579773312095886,0.0021388053684531128,0.001967411752529952,0.001985558231529894
797.781970466318,0.004038931213150921,0.003009307051900482,0.0019674117525199262,0.002628712236559423,0.0021581712686769227,0.0021390459252459263,0.0019674117525303597,0.0019856128789675544
797.6285326729067,0.004049574897485725,0.0030103482700671895,0.0019674117525199262,0.0026292628494814217,0.002158365501944124,0.002139286987980278,0.001967411752530784,0.0019856681882102867
797.4750948794954,0.004060577270083825,0.003011391652911832,0.0019674117525199262,0.0026298141489629096,0.0021585600316122266,0.002139528558073547,0.001967411752531225,0.001985724171811629
797.3216570860841,0.0040710338127160385,0.003012437216395726,0.0019674117525199262,0.0026303661361434406,0.002158754858283788,0.0021397706369480672,0.0019674117525316837,0.001985780842568451
797.168219292671,0.004080125780433533,0.003013484976736894,0.0019674117525199262,0.002630918812164937,0.0021589499825628968,0.0021400132260311565,0.001967411752532161,0.001985838213525448
797.0147814992597,0.004087131897924244,0.0030145349504146143,0.0019674117525199262,0.002631472178171667,0.00215914540505517,0.0021402563267551218,0.0019674117525326565,0.0019858962979797043
796.8613437058484,0.004091428359512872,0.0030155871541741788,0.0019674117525199262,0.00263202623531029,0.0021593411263677704,0.0021404999405573014,0.001967411752533172,0.0019859551094853494
796.7079059124371,0.004092512221873706,0.003016641605031597,0.0019674117525199262,0.0026325809847298374,0.0021595371471094024,0.0021407440688800726,0.0019674117525337086,0.001986014661858281
796.554468119024,0.0040900247967434475,0.003017698320278467,0.0019674117525199262,0.0026331364275817308,0.0021597334678903216,0.002140988713170878,0.0019674117525342663,0.0019860749691809755
796.4010303256127,0.004083704865495566,0.0030187573174868462,0.0019674117525199262,0.0026336925650197623,0.002159930089322329,0.002141233874882237,0.001967411752534846,0.0019861360458073764
796.2475925322015,0.004073435464565943,0.0030198186145143323,0.0019674117525199262,0.0026342493982001395,0.0021601270120187917,0.002141479555471783,0.001967411752535449,0.0019861979063678734
796.0941547387902,0.004059204897598165,0.0030208822295091082,0.0019674117525199262,0.0026348069282814647,0.002160324236594637,0.0021417257564022756,0.001967411752536076,0.0019862605657743598
795.9407169453771,0.004041118431799942,0.003021948180915143,0.0019674117525199262,0.0026353651564247544,0.002160521763666362,0.0021419724791416246,0.0019674117525367275,0.0019863240392253793
795.7872791519658,0.004019398297943096,0.003023016487477408,0.0019674117525199262,0.0026359240837934197,0.002160719593852028,0.0021422197251629036,0.0019674117525374053,0.001986388342211357
795.6338413585545,0.003994352500079808,0.003024087168247309,0.0019674117525199262,0.0026364837115533104,0.0021609177277712825,0.0021424674959443857,0.0019674117525381096,0.0019864534905199255
795.4804035651414,0.003966374815542611,0.003025160242588092,0.0019674117525199262,0.002637044040872703,0.0021611161660453535,0.0021427157929695614,0.001967411752538842,0.0019865195002413366
795.3269657717301,0.0039359369973734504,0.0030262357301803437,0.0019674117525199262,0.0026376050729222853,0.0021613149092970497,0.0021429646177271466,0.0019674117525396036,0.001986586387773964
795.1735279783188,0.003903573179181802,0.0030273136510276986,0.0019674117525199262,0.0026381668088752024,0.002161513958150778,0.002143213971711126,0.001967411752540395,0.001986654169829902
795.0200901849075,0.0038698759763591997,0.003028394025462513,0.0019674117525199262,0.002638729249907038,0.0021617133132325393,0.0021434638564207637,0.0019674117525412178,0.001986722863440659
794.8666523914944,0.0038354652957954733,0.0030294768741517117,0.0019674117525199262,0.0026392923971958306,0.002161912975169939,0.002143714273360628,0.0019674117525420734,0.001986792485962945
794.7132145980831,0.003801003931020629,0.0030305622181026563,0.0019674117525199262,0.002639856251922057,0.0021621129445921817,0.0021439652240406062,0.0019674117525429625,0.001986863055084554
794.5597768046719,0.0037671663719210844,0.0030316500786692407,0.0019674117525199262,0.0026404208152686747,0.00216231322213009,0.0021442167099759418,0.0019674117525438867,0.001986934588830353
794.4063390112606,0.00373464270352514,0.0030327404775579592,0.0019674117525199262,0.0026409860884211035,0.0021625138084160997,0.0021444687326872477,0.0019674117525448477,0.001987007105568366
794.2529012178475,0.0037041269096465667,0.0030338334368341514,0.0019674117525199262,0.0026415520725672445,0.0021627147040842723,0.0021447212937005336,0.001967411752545846,0.00198708062401596
794.0994634244362,0.0036763051765281948,0.0030349289789282754,0.0019674117525199262,0.0026421187688974593,0.002162915909770286,0.0021449743945472174,0.0019674117525468843,0.0019871551632461336
793.9460256310249,0.0036518480952709713,0.003036027126642418,0.0019674117525199262,0.002642686178604617,0.0021631174261114595,0.0021452280367641654,0.001967411752547963,0.001987230742693918
793.7925878376136,0.00363140286426302,0.0030371279031567782,0.0019674117525199262,0.002643254302884073,0.0021633192537467436,0.002145482221893706,0.0019674117525490843,0.001987307382162876
793.6391500442005,0.003615601086750581,0.0030382313320363357,0.0019674117525199262,0.002643823142933689,0.002163521393316733,0.0021457369514836554,0.0019674117525502496,0.0019873851018317136
793.4857122507892,0.0036050236817687783,0.003039337437237561,0.0019674117525199262,0.002644392699953812,0.002163723845463663,0.002145992227087332,0.001967411752551461,0.0019874639222609986
793.3322744573779,0.00360022037806897,0.003040446243115354,0.0019674117525199262,0.002644962975147321,0.002163926610831425,0.0021462480502635957,0.0019674117525527194,0.0019875438643999974
793.1788366639648,0.0036016863214059247,0.003041557774429989,0.0019674117525199262,0.0026455339697196135,0.0021641296900655697,0.002146504422576864,0.0019674117525540274,0.001987624949593619
793.0253988705535,0.003609869872108764,0.0030426720563541724,0.0019674117525199262,0.002646105684878592,0.0021643330838132997,0.0021467613455971274,0.001967411752555387,0.0019877071995894713
792.8719610771423,0.003625129718440786,0.0030437891144803313,0.0019674117525199262,0.0026466781218347094,0.002164536792723493,0.0021470188208999883,0.0019674117525567995,0.0019877906365450455
792.718523283731,0.0036477855608105813,0.003044908974827894,0.0019674117525199262,0.0026472512818009495,0.0021647408174466963,0.002147276850066676,0.0019674117525582675,0.001987875283035009
792.5650854903179,0.0036780596299899756,0.003046031663850768,0.0019674117525199262,0.0026478251659928466,0.0021649451586351364,0.0021475354346840755,0.001967411752559793,0.0019879611620586216
792.4116476969066,0.0037160922822559116,0.003047157208444862,0.0019674117525199262,0.0026483997756284643,0.0021651498169427148,0.002147794576344739,0.001967411752561378,0.0019880482970472714
792.2582099034953,0.0037619303030340364,0.0030482856359558617,0.0019674117525199262,0.002648975111928443,0.0021653547930250267,0.0021480542766469306,0.001967411752563025,0.001988136711872141
792.104772110084,0.0038155230081132322,0.003049416974187001,0.0019674117525199262,0.0026495511761159807,0.002165560087539359,0.002148314537194636,0.0019674117525647363,0.001988226430851994
791.9513343166709,0.003876714446074674,0.003050551251407042,0.0019674117525199262,0.0026501279694168493,0.002165765701144698,0.0021485753595975954,0.0019674117525665144,0.00198831747876109
791.7978965232596,0.003945243398291829,0.003051688496358301,0.0019674117525199262,0.0026507054930593778,0.002165971634501726,0.0021488367454713143,0.001967411752568362,0.0019884098808372265
791.6444587298483,0.00402073948014499,0.0030528287382649427,0.0019674117525199262,0.002651283748274497,0.0021661778882728407,0.002149098696437108,0.0019674117525702813,0.0019885036627899206
791.491020936437,0.004102734837377681,0.00305397200684127,0.0019674117525199262,0.0026518627362957198,0.002166384463122152,0.0021493612141221126,0.0019674117525722754,0.001988598850808715
791.337583143024,0.004190664146096662,0.0030551183323002367,0.0019674117525199262,0.0026524424583591615,0.0021665913597154907,0.0021496243001593186,0.0019674117525743475,0.0019886954715716233
791.1841453496127,0.0042838373212736305,0.00305626774536201,0.0019674117525199262,0.0026530229157035188,0.0021667985787204042,0.0021498879561875823,0.0019674117525765,0.0019887935522537098
791.0307075562014,0.004381490200956347,0.003057420277262809,0.0019674117525199262,0.0026536041095701172,0.0021670061208061767,0.002150152183851669,0.001967411752578736,0.0019888931205358147
790.8772697627883,0.004482788445054097,0.0030585759597637663,0.0019674117525199262,0.0026541860412028976,0.002167213986643829,0.0021504169848022715,0.0019674117525810587,0.0019889942046134143
790.723831969377,0.004586815838981283,0.0030597348251599284,0.0019674117525199262,0.002654768711848401,0.0021674221769061135,0.002150682360696023,0.0019674117525834717,0.0019890968332056235
790.5703941759657,0.004692613281512132,0.0030608969062895274,0.0019674117525199262,0.0026553521227558182,0.0021676306922675365,0.0021509483131955456,0.0019674117525859784,0.001989201035564353
790.4169563825544,0.004799198278708048,0.0030620622365432615,0.0019674117525199262,0.002655936275176967,0.002167839533404353,0.00215121484396946,0.0019674117525885822,0.001989306841483604
790.2635185891413,0.004905549348775726,0.0030632308498738116,0.0019674117525199262,0.002656521170366314,0.0021680487009945776,0.00215148195469242,0.001967411752591287,0.0019894142813089172
790.11008079573,0.00501068789656204,0.00306440278080542,0.0019674117525199262,0.0026571068095809546,0.002168258195717979,0.002151749647045125,0.0019674117525940965,0.0019895233859469697
789.9566430023187,0.005113635326913863,0.003065578064443769,0.0019674117525199262,0.002657693194080658,0.0021684680182561013,0.0021520179227143654,0.0019674117525970147,0.0019896341868753356
789.8032052089075,0.005213467627674658,0.0030667567364858744,0.0019674117525199262,0.002658280325127848,0.0021686781692922593,0.0021522867833930364,0.0019674117526000453,0.00198974671615239
789.6497674154944,0.0053093348636118285,0.0030679388332302176,0.0019674117525199262,0.0026588682039876254,0.0021688886495115495,0.0021525562307801714,0.0019674117526031934,0.001989861006427383
789.4963296220831,0.005400496265485956,0.003069124391586961,0.0019674117525199262,0.002659456831927744,0.002169099459600845,0.0021528262665809544,0.001967411752606463,0.0019899770909506597
789.3428918286718,0.0054862851409815646,0.0030703134490884625,0.0019674117525199262,0.0026600462102186603,0.002169310600248816,0.0021530968925067675,0.0019674117526098586,0.001990095003584065
789.1894540352587,0.005566167356489177,0.00307150604389983,0.0019674117525199262,0.00266063634013352,0.0021695220721459287,0.002153368110275208,0.001967411752613385,0.0019902147788114933
789.0360162418474,0.005639764729818144,0.003072702214829644,0.0019674117525199262,0.0026612272229481434,0.0021697338759844417,0.0021536399216101044,0.0019674117526170473,0.001990336451749612
788.8825784484361,0.005706816042341933,0.0030739020013409776,0.0019674117525199262,0.002661818859941073,0.00216994601245843,0.002153912328241564,0.0019674117526208507,0.001990460058158765
788.7291406550248,0.005767223824423779,0.0030751054435624488,0.0019674117525199262,0.0026624112523935557,0.0021701584822637755,0.0021541853319059887,0.0019674117526248002,0.001990585634454033
788.5757028616117,0.0058210231651329184,0.0030763125822995275,0.0019674117525199262,0.0026630044015895585,0.0021703712860981837,0.002154458934346106,0.001967411752628902,0.0019907132177164823
788.4222650682004,0.005868416801313822,0.003077523459045945,0.0019674117525199262,0.0026635983088157526,0.0021705844246611744,0.0021547331373109853,0.001967411752633161,0.0019908428457045767
788.2688272747891,0.005909728332160553,0.003078738115995415,0.0019674117525199262,0.002664192975361559,0.0021707978986541046,0.0021550079425560853,0.001967411752637584,0.001990974556865787
788.1153894813779,0.005945421713144114,0.003079956596053402,0.0019674117525199262,0.0026647884025191295,0.002171011708780165,0.0021552833518432685,0.001967411752642176,0.001991108390348368
787.9619516879648,0.005976046673015865,0.0030811789428491576,0.0019674117525199262,0.0026653845915833654,0.0021712258557443883,0.0021555593669408363,0.0019674117526469444,0.0019912443860133286
787.8085138945535,0.006002269904091281,0.0030824052007478574,0.0019674117525199262,0.0026659815438518984,0.002171440340253647,0.0021558359896235416,0.0019674117526518953,0.00199138258444658
787.6550761011422,0.0060248243780388405,0.0030836354148630774,0.0019674117525199262,0.002666579260625139,0.0021716551630166746,0.0021561132216726415,0.001967411752657036,0.0019915230269712913
787.5016383077309,0.006044470358025314,0.003084869631069312,0.0019674117525199262,0.0026671777432062554,0.002171870324744059,0.0021563910648759077,0.0019674117526623735,0.0019916657556604215
787.3482005143178,0.006062030487785004,0.0030861078960147774,0.0019674117525199262,0.0026677769929011946,0.0021720858261482555,0.0021566695210276645,0.0019674117526679146,0.001991810813349453
787.1947627209065,0.006078292321982976,0.003087350257134331,0.0019674117525199262,0.0026683770110186612,0.0021723016679435817,0.0021569485919288043,0.001967411752673668,0.0019919582436493215
787.0413249274952,0.0060940356177133555,0.0030885967626627297,0.0019674117525199262,0.0026689777988701674,0.002172517850846239,0.0021572282793868346,0.0019674117526796405,0.001992108090959554
786.8878871340821,0.006109985549073677,0.003089847461647966,0.0019674117525199262,0.0026695793577700172,0.0021727343755743103,0.0021575085852158994,0.001967411752685841,0.0019922604004816028
786.7344493406708,0.0061268010108084785,0.003091102403964807,0.0019674117525199262,0.002670181689035295,0.0021729512428477586,0.0021577895112367966,0.001967411752692278,0.001992415218232383
786.5810115472595,0.006145047326810998,0.00309236164032868,0.0019674117525199262,0.0026707847939859133,0.002173168453388449,0.0021580710592770287,0.0019674117526989605,0.001992572591058034
786.4275737538483,0.006165196250123182,0.0030936252223096204,0.0019674117525199262,0.0026713886739445918,0.0021733860079201426,0.002158353231170817,0.0019674117527058973,0.001992732566647877
786.2741359604352,0.006187583076295505,0.0030948932023465207,0.0019674117525199262,0.002671993330236879,0.0021736039071685097,0.00215863602875914,0.0019674117527130977,0.001992895193548599
786.1206981670239,0.0062124534288126145,0.0030961656337615143,0.0019674117525199262,0.002672598764191131,0.002173822151861124,0.0021589194538897487,0.001967411752720572,0.0019930605211786437
785.9672603736126,0.006239904777311277,0.0030974425707747267,0.0019674117525199262,0.0026732049771385612,0.002174040742727485,0.0021592035084172178,0.0019674117527283307,0.001993228599842838
785.8138225802013,0.006269902032722257,0.0030987240685191016,0.0019674117525199262,0.0026738119704132197,0.0021742596804990126,0.0021594881942029603,0.0019674117527363837,0.00199339948074723
785.6603847867882,0.006302300939983141,0.0031000101830555423,0.0019674117525199262,0.002674419745352014,0.002174478965909061,0.0021597735131152667,0.001967411752744742,0.001993573216014163
785.5069469933769,0.00633685197682381,0.0031013009713881977,0.0019674117525199262,0.0026750283032946883,0.0021746985996929104,0.0021600594670293204,0.001967411752753418,0.0019937498586975653
785.3535091999656,0.006373184758624554,0.003102596491480129,0.0019674117525199262,0.0026756376455838735,0.0021749185825877928,0.002160346057827249,0.001967411752762422,0.0019939294627984968
785.2000714065543,0.006410878216554546,0.0031038968022690638,0.0019674117525199262,0.002676247773565066,0.002175138915332884,0.0021606332873981425,0.001967411752771767,0.0019941120832809092
785.0466336131412,0.006449417710931662,0.003105201963683478,0.0019674117525199262,0.0026768586885866485,0.002175359598669319,0.0021609211576380885,0.0019674117527814657,0.001994297776087661
784.89319581973,0.006488249614219076,0.003106512036658832,0.0019674117525199262,0.002677470391999871,0.0021755806333401836,0.0021612096704501926,0.0019674117527915314,0.0019944865981567582
784.7397580263187,0.006526800804952606,0.0031078270831542062,0.0019674117525199262,0.0026780828851588985,0.0021758020200905396,0.0021614988277446285,0.001967411752801977,0.0019946786074378675
784.5863202329056,0.006564498161668068,0.003109147166169046,0.0019674117525199262,0.0026786961694207994,0.0021760237596674206,0.0021617886314386583,0.0019674117528128174,0.0019948738629090553
784.4328824394943,0.006600764664115811,0.0031104723497601605,0.0019674117525199262,0.002679310246145529,0.0021762458528198332,0.002162079083456656,0.0019674117528240666,0.0019950724245937804
784.279444646083,0.006635085672613713,0.003111802699059116,0.0019674117525199262,0.0026799251166959815,0.0021764683002987763,0.002162370185730158,0.00196741175283574,0.001995274353578165
784.1260068526717,0.006666981636548887,0.0031131382802897355,0.0019674117525199262,0.0026805407824379694,0.002176691102857239,0.002162661940197881,0.001967411752847853,0.001995479712028498
783.9725690592586,0.006696039284661446,0.003114479160785954,0.0019674117525199262,0.0026811572447402437,0.0021769142612502105,0.0021629543488057637,0.0019674117528604225,0.0019956885632090183
783.8191312658473,0.0067219467141137424,0.0031158254090098416,0.0019674117525199262,0.002681774504974473,0.0021771377762346772,0.002163247413506981,0.0019674117528734646,0.0019959009714999505
783.665693472436,0.006744434908708301,0.003117177094570063,0.0019674117525199262,0.002682392564515296,0.002177361648569645,0.002163541136262,0.0019674117528869976,0.001996117002415829
783.5122556790247,0.006763367410953651,0.003118534288240444,0.0019674117525199262,0.002683011424740298,0.002177585879016133,0.0021638355190385992,0.0019674117529010385,0.0019963367226240804
783.3588178856116,0.006778685739067731,0.0031198970619789167,0.0019674117525199262,0.0026836310870300348,0.002177810468337188,0.002164130563811905,0.0019674117529156067,0.0019965601999638867
783.2053800922004,0.006790417184548839,0.003121265488946641,0.0019674117525199262,0.0026842515527680092,0.0021780354172978795,0.0021644262725644134,0.0019674117529307217,0.001996787503465322
783.0519422987891,0.00679867481217562,0.0031226396435275823,0.0019674117525199262,0.002684872823340725,0.00217826072666532,0.0021647226472860433,0.0019674117529464036,0.001997018703368795
782.8985045053778,0.006803637966079724,0.003124019601348206,0.0019674117525199262,0.0026854949001376624,0.0021784863972086647,0.0021650196899741553,0.0019674117529626728,0.0019972538711447553
782.7450667119647,0.006805579561244095,0.003125405439297567,0.0019674117525199262,0.002686117784551304,0.0021787124296991202,0.0021653174026335926,0.001967411752979551,0.001997493079513704
782.5916289185534,0.006804795905364499,0.0031267972355475925,0.0019674117525199262,0.00268674147797711,0.0021789388249099408,0.0021656157872766996,0.001967411752997061,0.0019977364024664863
782.4381911251421,0.006801614496420471,0.0031281950695738314,0.0019674117525199262,0.0026873659818135703,0.002179165583616453,0.002165914845923378,0.0019674117530152253,0.001997983915284909
782.284753331729,0.006796409617817188,0.0031295990221763556,0.0019674117525199262,0.002687991297462193,0.0021793927065960526,0.0021662145806011094,0.0019674117530340688,0.001998235694562637
782.1313155383177,0.006789547755388889,0.0031310091755009737,0.0019674117525199262,0.0026886174263274876,0.0021796201946282026,0.0021665149933449788,0.001967411753053615,0.0019984918182263944
781.9778777449064,0.006781379799827933,0.003132425613060895,0.0019674117525199262,0.0026892443698170163,0.002179848048494458,0.0021668160861977306,0.001967411753073891,0.001998752365557504
781.8244399514952,0.00677223714789932,0.0031338484197585524,0.0019674117525199262,0.0026898721293413756,0.0021800762689784593,0.0021671178612097876,0.0019674117530949233,0.0019990174172137116
781.671002158082,0.006762439500011642,0.003135277681907838,0.0019674117525199262,0.002690500706314215,0.002180304856865947,0.002167420320439295,0.0019674117531167387,0.0019992870552513467
781.5175643646708,0.006752228580864078,0.0031367134872565643,0.0019674117525199262,0.00269113010215222,0.0021805338129447563,0.002167723465952139,0.0019674117531393665,0.0019995613631477874
781.3641265712595,0.006741822722442983,0.003138155925009416,0.0019674117525199262,0.0026917603182751593,0.0021807631380048394,0.002168027299822003,0.001967411753162836,0.001999840425824283
781.2106887778482,0.006731381774952652,0.0031396050858510695,0.0019674117525199262,0.002692391356105866,0.0021809928328382624,0.0021683318241303906,0.001967411753187178,0.002000124329669077
781.0572509844351,0.00672099541045891,0.003141061061969746,0.0019674117525199262,0.002693023217070261,0.002181222898239218,0.002168637040966666,0.0019674117532124244,0.0020004131625608814
780.9038131910238,0.006710726009529286,0.0031425239470810025,0.0019674117525199262,0.0026936559025973294,0.0021814533350040196,0.002168942952428076,0.0019674117532386083,0.002000707013892674
780.7503753976125,0.00670056187580737,0.003143993836452037,0.0019674117525199262,0.0026942894141191737,0.0021816841439311267,0.0021692495606198082,0.001967411753265763,0.00200100597459587
780.5969376041994,0.006690467920223925,0.00314547082692619,0.0019674117525199262,0.002694923753071,0.002181915325821142,0.0021695568676550147,0.0019674117532939247,0.002001310137164813
780.4434998107881,0.0066803700658550095,0.0031469550169477916,0.0019674117525199262,0.0026955589208911045,0.002182146881476811,0.002169864875654837,0.0019674117533231296,0.0020016195956816143
780.2900620173768,0.006670178640634798,0.00314844650658753,0.0019674117525199262,0.0026961949190209226,0.0021823788117030446,0.0021701735867484667,0.0019674117533534157,0.002001934445841385
780.1366242239656,0.006659784478570115,0.0031499453975679984,0.0019674117525199262,0.0026968317489050125,0.002182611117306915,0.002170483003073164,0.0019674117533848225,0.002002254784977789
779.9831864305525,0.006649094008809664,0.00315145179328972,0.0019674117525199262,0.002697469411991074,0.0021828437990976707,0.0021707931267743053,0.0019674117534173897,0.0020025807120889853
779.8297486371412,0.0066380214580730925,0.0031529657988574305,0.0019674117525199262,0.0026981079097299293,0.0021830768578867273,0.002171103960005402,0.00196741175345116,0.002002912327863917
779.6763108437299,0.006626516142149282,0.003154487521106917,0.0019674117525199262,0.002698747243575574,0.002183310294487697,0.002171415504928162,0.001967411753486177,0.0020032497347090114
779.5228730503186,0.006614554668325408,0.0031560170686320537,0.0019674117525199262,0.002699387414985157,0.002183544109716381,0.002171727763712511,0.001967411753522486,0.0020035930367752245
779.3694352569055,0.006602172125670706,0.003157554551812336,0.0019674117525199262,0.002700028425419003,0.002183778304390781,0.0021720407385366377,0.0019674117535601328,0.002003942339985486
779.2159974634942,0.006589469882607414,0.003159100082840686,0.0019674117525199262,0.0027006702763405915,0.0021840128793311005,0.002172354431587018,0.0019674117535991666,0.002004297752062514
779.0625596700829,0.0065765921941979425,0.0031606537757518363,0.0019674117525199262,0.002701312969216609,0.0021842478353597625,0.002172668845058472,0.001967411753639637,0.0020046593825570605
778.9091218766716,0.006563745696072237,0.003162215746450931,0.0019674117525199262,0.002701956505516927,0.00218448317330141,0.0021729839811541903,0.001967411753681596,0.0020050273428765123
778.7556840832585,0.006551211100784182,0.0031637861127426386,0.0019674117525199262,0.0027026008867146274,0.0021847188939829163,0.0021732998420857788,0.001967411753725097,0.0020054017463139234
778.6022462898472,0.0065393315014551905,0.003165364994360558,0.0019674117525199262,0.0027032461142859794,0.002184954998233382,0.0021736164300732806,0.001967411753770196,0.0020057827080774246
778.448808496436,0.006528473383919503,0.0031669525129972248,0.0019674117525199262,0.002703892189710492,0.0021851914868841584,0.00217393374734524,0.0019674117538169503,0.0020061703453200896
778.2953707030229,0.00651908120972077,0.0031685487923343715,0.0019674117525199262,0.002704539114470902,0.0021854283607688468,0.0021742517961387277,0.001967411753865419,0.002006564777170181
778.1419329096116,0.006511587744046231,0.0031701539580736007,0.0019674117525199262,0.002705186890053158,0.0021856656207232985,0.0021745705786993703,0.0019674117539156643,0.002006966124761815
777.9884951162003,0.0065065037277925375,0.0031717681379676618,0.0019674117525199262,0.0027058355179464754,0.0021859032675856367,0.002174890097281411,0.0019674117539677494,0.0020073745112660943
777.835057322789,0.00650427362250334,0.0031733914618519697,0.0019674117525199262,0.002706484999643314,0.002186141302196254,0.002175210354147734,0.001967411754021741,0.002007790061922631
777.6816195293759,0.006505384776362469,0.003175024061676673,0.0019674117525199262,0.0027071353366394024,0.002186379725397826,0.0021755313515699143,0.001967411754077707,0.0020082129040715282
777.5281817359646,0.006510258258200749,0.003176666071539052,0.0019674117525199262,0.0027077865304337137,0.0021866185380353055,0.0021758530918282388,0.001967411754135718,0.002008643167185781
777.3747439425533,0.006519307339278066,0.003178317627716553,0.0019674117525199262,0.002708438582528524,0.002186857740955948,0.002176175577211771,0.0019674117541958473,0.0020090809829041677
777.221306149142,0.0065328439224320725,0.00317997886870009,0.0019674117525199262,0.0027090914944293857,0.002187097335009309,0.002176498810018377,0.001967411754258171,0.002009526485064552
777.0678683557289,0.00655113702386024,0.0031816499352279115,0.0019674117525199262,0.002709745267645156,0.0021873373210472553,0.0021768227925547715,0.0019674117543227675,0.002009979809737666
776.9144305623176,0.006574362088908746,0.003183330970319821,0.0019674117525199262,0.0027103999036879704,0.0021875776999239612,0.002177147527136547,0.0019674117543897174,0.00201044109526133
776.7609927689064,0.006602577599359651,0.0031850221193120585,0.0019674117525199262,0.0027110554040733017,0.0021878184724959354,0.0021774730160882324,0.001967411754459105,0.002010910482275189
776.6075549754951,0.006635779656427484,0.003186723529892462,0.0019674117525199262,0.002711711770319934,0.002188059639622014,0.0021777992617433247,0.0019674117545310176,0.0020113881137558774
776.454117182082,0.006673808409907949,0.003188435352136228,0.0019674117525199262,0.00271236900394999,0.002188301202163376,0.002178126266444334,0.0019674117546055444,0.0020118741350526877
776.3006793886707,0.006716426033887338,0.0031901577385420295,0.0019674117525199262,0.0027130271064889073,0.0021885431609835397,0.0021784540325428116,0.001967411754682779,0.0020123686939236968
776.1472415952594,0.006763246548604061,0.0031918908440688406,0.0019674117525199262,0.0027136860794654935,0.0021887855169483855,0.002178782562399414,0.001967411754762818,0.002012871940572434
775.9938038018463,0.006813809897372582,0.003193634826173061,0.0019674117525199262,0.0027143459244119124,0.002189028270926157,0.0021791118583839356,0.0019674117548457606,0.002013384027685
775.840366008435,0.00686753905994325,0.003195389844846153,0.0019674117525199262,0.0027150066428636693,0.002189271423787459,0.002179441922875337,0.00196741175493171,0.002013905110467682
775.6869282150237,0.006923751748858705,0.003197156062652962,0.0019674117525199262,0.0027156682363596654,0.002189514976405283,0.002179772758261812,0.001967411755020773,0.002014435346685133
775.5334904216124,0.006981687700952175,0.003198933644770353,0.0019674117525199262,0.0027163307064421785,0.0021897589296550036,0.002180104366940814,0.0019674117551130603,0.002014974896699001
775.3800526281993,0.00704052037370389,0.0032007227590264867,0.0019674117525199262,0.0027169940546568835,0.002190003284414391,0.00218043675131911,0.001967411755208686,0.0020155239235071206
775.226614834788,0.007099364742812016,0.003202523575940491,0.0019674117525199262,0.002717658282552834,0.0021902480415636094,0.002180769913812803,0.0019674117553077682,0.0020160825927831813
775.0731770413768,0.0071572889985490745,0.0032043362687628834,0.0019674117525199262,0.002718323391682515,0.0021904932019852397,0.002181103856847404,0.0019674117554104296,0.002016651072917
774.9197392479655,0.007213341837260234,0.0032061610135163095,0.0019674117525199262,0.002718989383601822,0.002190738766564278,0.0021814385828578574,0.001967411755516796,0.0020172295350552607
774.7663014545524,0.00726656025893425,0.0032079979890369593,0.0019674117525199262,0.0027196562598700864,0.0021909847361881478,0.0021817740942885926,0.0019674117556269994,0.0020178181531428385
774.6128636611411,0.007315989061130819,0.003209847377016399,0.0019674117525199262,0.0027203240220500515,0.0021912311117466966,0.002182110393593555,0.001967411755741174,0.002018417103964627
774.4594258677298,0.007360708130478876,0.003211709362044176,0.0019674117525199262,0.00272099267170793,0.002191477894132223,0.002182447483236271,0.0019674117558594615,0.0020190265671879955
774.3059880743185,0.0073998363414620565,0.003213584131650765,0.0019674117525199262,0.0027216622104133804,0.0021917250842394703,0.00218278536568988,0.0019674117559820054,0.002019646725405734
774.1525502809054,0.00743253545520418,0.003215471876351219,0.0019674117525199262,0.002722332639739535,0.002191972682965643,0.0021831240434371834,0.0019674117561089563,0.0020202777641796063
773.9991124874941,0.007458049107323942,0.003217372789689253,0.0019674117525199262,0.002723003961262972,0.0021922206912104018,0.002183463518970679,0.0019674117562404696,0.0020209198720844363
773.8456746940828,0.007475710605505868,0.003219287068282134,0.0019674117525199262,0.002723676176563777,0.0021924691098758886,0.0021838037947926256,0.0019674117563767057,0.002021573240752842
773.6922369006697,0.007484935131929364,0.003221214911865956,0.0019674117525199262,0.0027243492872255264,0.002192717939866728,0.0021841448734150797,0.00196741175651783,0.0020222380649204965
773.5387991072585,0.007485235338410602,0.0032231565233415077,0.0019674117525199262,0.002725023294835274,0.0021929671820900254,0.0021844867573599285,0.0019674117566640145,0.00202291454247197
773.3853613138472,0.0074762447391153435,0.0032251121088209367,0.0019674117525199262,0.002725698200983605,0.0021932168374553915,0.00218482944915896,0.001967411756815437,0.0020236028744872476
773.2319235204359,0.007457709912987998,0.003227081877674802,0.0019674117525199262,0.002726374007264618,0.002193466906874942,0.002185172951353893,0.001967411756972281,0.0020243032652887726
773.0784857270228,0.00742947880739521,0.003229066042579866,0.0019674117525199262,0.0027270507152759456,0.002193717391263309,0.002185517266496434,0.0019674117571347365,0.002025015922489145
772.9250479336115,0.007391535827195098,0.0032310648195673667,0.0019674117525199262,0.002727728326618736,0.0021939682915376383,0.002185862397148305,0.0019674117573030003,0.002025741057039392
772.7716101402002,0.0073439784420244285,0.0032330784280721553,0.0019674117525199262,0.0027284068428977066,0.0021942196086176167,0.002186208345881317,0.001967411757477275,0.0020264788832779447
772.6181723467889,0.007287013287513143,0.0032351070909822192,0.0019674117525199262,0.0027290862657211247,0.002194471343425466,0.002186555115277401,0.0019674117576577712,0.0020272296189801616
772.4647345533758,0.007220952266498892,0.0032371510346889975,0.0019674117525199262,0.002729766596700831,0.0021947234968859603,0.0021869027079286633,0.001967411757844706,0.0020279934854085424
772.3112967599645,0.007146247638096268,0.0032392104891381833,0.0019674117525199262,0.002730447837452216,0.0021949760699264196,0.0021872511264374177,0.0019674117580383036,0.0020287707073635306
772.1578589665532,0.007063417940772864,0.00324128568788143,0.0019674117525199262,0.0027311299895942816,0.002195229063476739,0.002187600373416258,0.0019674117582387978,0.0020295615132350582
772.0044211731401,0.006973083081418509,0.003243376868128494,0.0019674117525199262,0.002731813054749622,0.002195482478469386,0.0021879504514880953,0.0019674117584464277,0.0020303661350546676
771.8509833797289,0.006875964335345268,0.0032454842708000385,0.0019674117525199262,0.0027324970345444124,0.002195736315839401,0.0021883013632861925,0.0019674117586614423,0.0020311848085482953
771.6975455863176,0.006772841459647266,0.0032476081405813347,0.0019674117525199262,0.0027331819306084643,0.0021959905765244238,0.00218865311145424,0.001967411758884099,0.0020320177731898126
771.5441077929063,0.0066645643895571,0.003249748725976393,0.0019674117525199262,0.002733867744575206,0.0021962452614646905,0.0021890056986463863,0.0019674117591146623,0.002032865272255153
771.3906699994932,0.006552049339660366,0.003251906279362929,0.0019674117525199262,0.0027345544780817046,0.0021965003716030466,0.0021893591275272996,0.001967411759353408,0.0020337275528771754
771.2372322060819,0.006436239816040954,0.003254081057047875,0.0019674117525199262,0.0027352421327686473,0.0021967559078849472,0.0021897134007721974,0.00196741175960062,0.0020346048661011684
771.0837944126706,0.006318114413851991,0.0032562733193238335,0.0019674117525199262,0.0027359307102803963,0.002197011871258479,0.0021900685210669226,0.0019674117598565913,0.002035497466941149
770.9303566192593,0.006198671222173959,0.003258483330525998,0.0019674117525199262,0.002736620212264968,0.00219726826267436,0.002190424491107979,0.0019674117601216263,0.002036405614436769
770.7769188258462,0.006078916127658276,0.0032607113590899326,0.0019674117525199262,0.002737310640374059,0.0021975250830859553,0.0021907813136025894,0.0019674117603960383,0.002037329571710995
770.6234810324349,0.005959847219385423,0.0032629576776099147,0.0019674117525199262,0.002738001996263022,0.00219778233344927,0.0021911389912687277,0.0019674117606801526,0.0020382696060284476
770.4700432390237,0.005842427497366643,0.0032652225628982774,0.0019674117525199262,0.0027386942815909258,0.0021980400147229794,0.002191497526835199,0.001967411760974304,0.0020392259888545746
770.3166054456124,0.005727604366471299,0.0032675062960452147,0.0019674117525199262,0.002739387498020532,0.0021982981278684246,0.0021918569230416716,0.0019674117612788395,0.0020401989959154512
770.1631676521993,0.005616270648572164,0.0032698091624794954,0.0019674117525199262,0.0027400816472183216,0.0021985566738496284,0.0021922171826387394,0.001967411761594118,0.0020411889072583923
770.009729858788,0.005509260683759951,0.003272131452029761,0.0019674117525199262,0.0027407767308544728,0.0021988156536332897,0.002192578308387955,0.00196741176192051,0.0020421960073132386
769.8562920653767,0.00540733083641596,0.003274473458986858,0.0019674117525199262,0.0027414727506029166,0.002199075068188814,0.0021929403030619098,0.0019674117622583984,0.0020432205849545237
769.7028542719636,0.005311163393997551,0.0032768354821666847,0.0019674117525199262,0.002742169708141328,0.0021993349184883104,0.0021933031694442717,0.0019674117626081794,0.0020442629335643
769.5494164785523,0.005221339275539848,0.003279217824973812,0.0019674117525199262,0.0027428676051511063,0.0021995952055065934,0.0021936669103298275,0.001967411762970262,0.002045323351095728
769.395978685141,0.005138345829226678,0.0032816207954661364,0.0019674117525199262,0.002743566443317436,0.002199855930221209,0.0021940315285245596,0.00196741176334507,0.0020464021401375666
769.2425408917297,0.005062565136034161,0.003284044706420039,0.0019674117525199262,0.002744266224329266,0.0022001170936124335,0.0021943970268456852,0.00196741176373304,0.002047499607979319
769.0891030983166,0.00499425451580336,0.0032864898753965093,0.0019674117525199262,0.0027449669498793333,0.002200378696663286,0.0021947634081217167,0.001967411764134624,0.002048616066677254
768.9356653049053,0.004933550426025747,0.003288956624807899,0.0019674117525199262,0.0027456686216641413,0.002200640740359527,0.002195130675192499,0.00196741176455029,0.0020497518331211466
768.782227511494,0.004880487955770556,0.0032914452819857794,0.0019674117525199262,0.0027463712413840205,0.002200903225689687,0.002195498830909291,0.0019674117649805195,0.002050907229101966
768.6287897180828,0.00483495793904461,0.0032939561792493213,0.0019674117525199262,0.0027470748107431037,0.002201166153645061,0.0021958678781348025,0.001967411765425812,0.0020520825813802467
768.4753519246697,0.004796742043861555,0.0032964896539746827,0.0019674117525199262,0.0027477793314493537,0.002201429525219726,0.002196237819743257,0.001967411765886684,0.002053278221755366
768.3219141312584,0.004765520569812799,0.0032990460486650437,0.0019674117525199262,0.0027484848052145424,0.0022016933414105372,0.0021966086586204317,0.0019674117663636675,0.0020544944871355698
768.1684763378471,0.004740845156569221,0.003301625711021792,0.0019674117525199262,0.002749191233754306,0.0022019576032171555,0.0021969803976637377,0.0019674117668573125,0.0020557317196089847
768.0150385444358,0.004722177771735873,0.0033042289940162515,0.0019674117525199262,0.0027498986187881273,0.0022022223116420457,0.00219735303978226,0.0019674117673681895,0.002056990266515334
767.8616007510227,0.004708898508422928,0.0033068562559624495,0.0019674117525199262,0.0027506069620393597,0.0022024874676904904,0.0021977265878968216,0.0019674117678968855,0.0020582704805185976
767.7081629576114,0.004700278293747379,0.0033095078605905716,0.0019674117525199262,0.002751316265235205,0.0022027530723705896,0.0021981010449400227,0.001967411768444008,0.0020595727196804515
767.5547251642001,0.004695572459684336,0.003312184177121589,0.0019674117525199262,0.0027520265301067743,0.0022030191266932857,0.002198476413856325,0.0019674117690101855,0.002060897347534723
767.401287370787,0.004693954463714027,0.003314885580342498,0.0019674117525199262,0.002752737758389073,0.002203285631672367,0.0021988526976020953,0.0019674117695960658,0.0020622447331626026
767.2478495773757,0.0046945626742474445,0.003317612450682442,0.0019674117525199262,0.0027534499518209847,0.0022035525883244648,0.002199229899145649,0.00196741177020232,0.002063615251268728
767.0944117839645,0.00469653545969558,0.0033203651742900143,0.0019674117525199262,0.0027541631121453356,0.002203819997669084,0.002199608021467337,0.0019674117708296398,0.0020650092822583226
766.9409739905532,0.0046990072896839555,0.0033231441431111584,0.0019674117525199262,0.0027548772411088687,0.0022040878607286003,0.002199987067559584,0.0019674117714787408,0.0020664272123150696
766.7875361971401,0.004701124330194505,0.003325949754968163,0.0019674117525199262,0.002755592340462272,0.002204356178528274,0.002200367040426956,0.001967411772150363,0.0020678694334800036
766.6340984037288,0.004702083431420278,0.0033287824136393877,0.0019674117525199262,0.002756308411960154,0.0022046249520962487,0.0022007479430862045,0.0019674117728452683,0.002069336343731217
766.4806606103175,0.004701104836267151,0.0033316425289402502,0.0019674117525199262,0.0027570254573611084,0.0022048941824635818,0.002201129778566348,0.001967411773564247,0.00207082834706467
766.3272228169062,0.004697510156063236,0.003334530516804819,0.0019674117525199262,0.0027577434784276872,0.0022051638706642373,0.0022015125499087185,0.001967411774308114,0.002072345853575767
766.1737850234931,0.004690687281489644,0.0033374467993685544,0.0019674117525199262,0.0027584624769264317,0.0022054340177351055,0.0022018962601670264,0.00196741177507771,0.0020738892795419857
766.0203472300818,0.004680105977722371,0.003340391805051795,0.0019674117525199262,0.002759182454627846,0.002205704624716,0.0022022809124074057,0.0019674117758739056,0.0020754590475063435
765.8669094366705,0.0046653529735015305,0.003343365968644562,0.0019674117525199262,0.0027599034133064613,0.002205975692649684,0.0022026665097085,0.001967411776697599,0.002077055586362023
765.7134716432593,0.004646131961131355,0.003346369731391977,0.0019674117525199262,0.0027606253547408114,0.002206247222581871,0.0022030530551615064,0.0019674117775497183,0.0020786793314377747
765.5600338498461,0.004622263596480195,0.0033494035410808792,0.0019674117525199262,0.0027613482807134623,0.002206519215561239,0.0022034405518702458,0.001967411778431221,0.002080330724584416
765.4065960564349,0.004593685498980522,0.003352467852127212,0.0019674117525199262,0.0027620721930109856,0.002206791672639428,0.0022038290029512057,0.0019674117793430984,0.002082010214262199
765.2531582630236,0.004560471745556277,0.0033555631256647687,0.0019674117525199262,0.002762797093424025,0.0022070645948710707,0.002204218411533631,0.001967411780286372,0.002083718255629375
765.0997204696105,0.004522813376695522,0.003358689829634616,0.0019674117525199262,0.002763522983747278,0.002207337983313791,0.002204608780759571,0.0019674117812620985,0.0020854553106315825
764.9462826761992,0.004481033991592316,0.003361848438875533,0.0019674117525199262,0.0027642498657794827,0.002207611839028206,0.00220500011378393,0.0019674117822713684,0.0020872218480922507
764.7928448827879,0.0044355663554339,0.003365039435215802,0.0019674117525199262,0.002764977741323481,0.002207886163077955,0.002205392413774557,0.001967411783315308,0.002089018343804206
764.6394070893766,0.004386960196971632,0.003368263307565661,0.0019674117525199262,0.0027657066121861934,0.002208160956529696,0.002205785683912292,0.0019674117843950815,0.0020908452806221033
764.4859692959635,0.004335870512164577,0.0033715205520110213,0.0019674117525199262,0.002766436480178649,0.0022084362204531256,0.002206179927391036,0.001967411785511889,0.002092703148556026
764.3325315025522,0.004283026373895741,0.0033748116719080007,0.0019674117525199262,0.0027671673471159623,0.002208711955920972,0.0022065751474178007,0.0019674117866669725,0.0020945924448659975
764.179093709141,0.004229250425899426,0.0033781371779789023,0.0019674117525199262,0.0027678992148173942,0.002208988164009028,0.0022069713472127996,0.001967411787861613,0.002096513674157772
764.0256559157297,0.0041754237936919925,0.0033814975884088674,0.0019674117525199262,0.00276863208510633,0.002209264845796147,0.002207368530009493,0.0019674117890971328,0.0020984673484794694
763.8722181223166,0.004122493882142803,0.0033848934289438443,0.0019674117525199262,0.0027693659598103087,0.0022095420023642604,0.002207766699054663,0.0019674117903748993,0.002100453987419418
763.7187803289053,0.004071411994906689,0.0033883252329893893,0.0019674117525199262,0.0027701008407609983,0.0022098196347983758,0.0022081658576084623,0.0019674117916963223,0.002102474118204936
763.565342535494,0.004023156727136777,0.0033917935417109714,0.0019674117525199262,0.0027708367297942585,0.002210097744186606,0.0022085660089445065,0.001967411793062859,0.0021045282758024465
763.4119047420809,0.003978722269128077,0.003395298904135008,0.0019674117525199262,0.0027715736287501295,0.0022103763316201693,0.002208967156349928,0.0019674117944760137,0.002106617003018472
763.2584669486696,0.003939079418462774,0.003398841877251006,0.0019674117525199262,0.0027723115394728127,0.002210655398193392,0.0022093693031254263,0.0019674117959373387,0.002108740850601741
763.1050291552583,0.0039051638836538165,0.003402423026115201,0.0019674117525199262,0.0027730504638107376,0.002210934945003738,0.0022097724525853677,0.001967411797448438,0.0021109003773466246
762.951591361847,0.003877845093861155,0.0034060429239548954,0.0019674117525199262,0.0027737904036165373,0.002211214973151806,0.002210176608057829,0.0019674117990109673,0.0021130961501974613
762.7981535684339,0.003857965186746444,0.003409702152274192,0.0019674117525199262,0.002774531360747077,0.0022114954837413473,0.0022105817728846787,0.0019674118006266345,0.0021153287443541596
762.6447157750226,0.003846276627905513,0.0034134013009606105,0.0019674117525199262,0.0027752733370634314,0.0022117764778792634,0.0022109879504216253,0.0019674118022972053,0.0021175987433787896
762.4912779816113,0.003843418818155546,0.0034171409683932856,0.0019674117525199262,0.0027760163344309487,0.0022120579566756358,0.002211395144038314,0.0019674118040245007,0.0021199067393035914
762.3378401882001,0.0038499687777461943,0.003420921761551901,0.0019674117525199262,0.0027767603547192267,0.0022123399212437248,0.002211803357118378,0.0019674118058104016,0.002122253332739875
762.184402394787,0.0038663592718646968,0.003424744296127046,0.0019674117525199262,0.002777505399802142,0.0022126223726999872,0.0022122125930595163,0.0019674118076568486,0.002124639132988257
762.0309646013757,0.003892925596061528,0.0034286091966314884,0.0019674117525199262,0.0027782514715578265,0.002212905312164072,0.0022126228552735465,0.001967411809565846,0.002127064758149902
761.8775268079644,0.003929882183537571,0.0034325170965130844,0.0019674117525199262,0.0027789985718687333,0.002213188740758855,0.0022130341471865017,0.001967411811539462,0.0021295308352392373
761.7240890145531,0.003977299212431299,0.0034364686382684284,0.0019674117525199262,0.002779746702621611,0.002213472659610431,0.002213446472238683,0.0019674118135798325,0.0021320380002975755
761.57065122114,0.004035141593673475,0.003440464473557992,0.0019674117525199262,0.0027804958657075343,0.0022137570698481388,0.0022138598338847424,0.001967411815689161,0.002134586898508121
761.4172134277287,0.004103218286776038,0.003444505263322183,0.0019674117525199262,0.0027812460630218805,0.0022140419726045515,0.0022142742355937316,0.0019674118178697217,0.0021371781843120023
761.2637756343174,0.004181240781614163,0.0034485916778991058,0.0019674117525199262,0.0027819972964643947,0.002214327369015514,0.002214689680849205,0.001967411820123864,0.002139812521525833
761.1103378409043,0.004268791908142494,0.00345272439714313,0.0019674117525199262,0.002782749567939174,0.0022146132602201404,0.0022151061731492776,0.00196741182245401,0.002142490583460233
760.956900047493,0.00436532193760967,0.0034569041105446895,0.0019674117525199262,0.002783502879354654,0.002214899647360816,0.002215523716006684,0.0019674118248626613,0.0021452130530395792
760.8034622540818,0.004470218760696806,0.0034611315173517705,0.0019674117525199262,0.002784257232623674,0.0022151865315832298,0.0022159423129488793,0.001967411827352399,0.002147980622923293
760.6500244606705,0.00458273770937901,0.003465407326692171,0.0019674117525199262,0.002785012629663452,0.0022154739140363717,0.0022163619675180943,0.0019674118299258876,0.0021507939956280702
760.4965866672574,0.004702079532634807,0.0034697322576973215,0.0019674117525199262,0.0027857690723956173,0.0022157617958725507,0.002216782683271419,0.0019674118325858758,0.002153653883651563
760.3431488738461,0.004827374801304247,0.003474107039627075,0.0019674117525199262,0.0027865265627461835,0.0022160501782473923,0.0022172044637808596,0.0019674118353352013,0.002156561009597144
760.1897110804348,0.004957683908088909,0.0034785324119962933,0.0019674117525199262,0.0027872851026456173,0.0022163390623198722,0.0022176273126334385,0.0019674118381767915,0.002159516106300279
760.0362732870235,0.0050920633469049015,0.0034830091247022156,0.0019674117525199262,0.002788044694028813,0.0022166284492523116,0.0022180512334312556,0.0019674118411136675,0.0021625199169558727
759.8828354936104,0.005229526725028158,0.003487537938153435,0.0019674117525199262,0.002788805338835124,0.002216918340210397,0.0022184762297915712,0.0019674118441489474,0.0021655731952471002
759.7293977001991,0.005369107143661964,0.0034921196233998683,0.0019674117525199262,0.002789567039008337,0.0022172087363631805,0.002218902305346861,0.001967411847285848,0.0021686767054753466
759.5759599067878,0.005509826007653191,0.0034967549622645774,0.0019674117525199262,0.002790329796496741,0.002217499638883107,0.002219329463744927,0.0019674118505276883,0.0021718312226918198
759.4225221133765,0.005650767102416244,0.0035014447474763883,0.0019674117525199262,0.0027910936132531016,0.002217791048946016,0.002219757708648951,0.0019674118538778934,0.002175037532830132
759.2690843199634,0.00579104150486382,0.0035061897828041646,0.0019674117525199262,0.0027918584912346913,0.0022180829677311592,0.0022201870437375845,0.0019674118573399972,0.002178296432840437
759.1156465265522,0.005929818773690677,0.0035109908831920883,0.0019674117525199262,0.002792624432403268,0.0022183753964211995,0.0022206174727050056,0.0019674118609176463,0.0021816087308246736
758.9622087331409,0.006066362038442867,0.003515848874896868,0.0019674117525199262,0.0027933914387251397,0.0022186683362022414,0.0022210489992610296,0.0019674118646146013,0.0021849752461735603
758.8087709397278,0.0062000007080194415,0.00352076459562579,0.0019674117525199262,0.0027941595121711493,0.002218961788263834,0.0022214816271311708,0.001967411868434744,0.0021883968097045963
758.6553331463165,0.00633016555974169,0.0035257388946761422,0.0019674117525199262,0.002794928654716663,0.0022192557537989736,0.0022219153600567076,0.001967411872382078,0.0021918742638014246
758.5018953529052,0.006456380941782197,0.0035307726330765336,0.0019674117525199262,0.002795698868341633,0.0022195502340041345,0.002222350201794795,0.0019674118764607335,0.0021954084625549425
758.3484575594939,0.006578280368306723,0.0035358666837290247,0.0019674117525199262,0.0027964701550305783,0.002219845230079268,0.002222786156118521,0.0019674118806749723,0.00219900027190539
758.1950197660808,0.006695598721903266,0.003541021931553005,0.0019674117525199262,0.0027972425167726114,0.0022201407432278224,0.0022232232268170017,0.0019674118850291893,0.002202650569786085
758.0415819726695,0.006808187848723942,0.0035462392736301074,0.0019674117525199262,0.0027980159555614174,0.0022204367746567395,0.00222366141769544,0.0019674118895279193,0.0022063602462682958
757.8881441792582,0.00691597757063028,0.003551519619351149,0.0019674117525199262,0.002798790473395321,0.0022207333255764893,0.0022241007325752384,0.00196741189417584,0.002210130203707965
757.734706385847,0.007019014673047929,0.003556863890563885,0.0019674117525199262,0.0027995660722772613,0.002221030397201068,0.0022245411752940614,0.001967411898977776,0.002213961356893423
757.5812685924338,0.007117412220755534,0.0035622730217225555,0.0019674117525199262,0.0028003427542148246,0.0022213279907480166,0.0022249827497059305,0.001967411903938704,0.002217854633194785
757.4278307990226,0.0072113807481685105,0.003567747960038488,0.0019674117525199262,0.0028011205212202196,0.0022216261074384193,0.0022254254596812827,0.0019674119090637566,0.0022218109727145142
757.2743930056113,0.00730118147391339,0.003573289665632793,0.0019674117525199262,0.002801899375310345,0.0022219247484969386,0.0022258693091070894,0.001967411914358229,0.0022258313284398957
757.1209552122,0.007387134098398764,0.0035788991116898674,0.0019674117525199262,0.0028026793185067676,0.0022222239151518117,0.002226314301886919,0.001967411919827582,0.0022299166663964924
756.9675174187869,0.007469589512316989,0.003584577284612752,0.0019674117525199262,0.0028034603528357517,0.002222523608634871,0.002226760441941032,0.001967411925477446,0.0022340679658033563
756.8140796253756,0.007548941493000596,0.0035903251841795476,0.0019674117525199262,0.0028042424803282357,0.0022228238301815425,0.0022272077332064436,0.0019674119313136313,0.0022382862192293997
756.6606418319643,0.007625572121425709,0.0035961438237019994,0.0019674117525199262,0.002805025703019901,0.00222312458103088,0.002227656179637046,0.0019674119373421267,0.00224257243275175
756.5072040385512,0.007699859579782976,0.0036020342301849493,0.0019674117525199262,0.0028058100229511585,0.0022234258624255665,0.0022281057852036735,0.001967411943569111,0.0022469276261151442
756.3537662451399,0.0077721859490485195,0.003607997444487275,0.0019674117525199262,0.00280659544216713,0.002223727675611917,0.002228556553894178,0.001967411950000954,0.002251352832892801
756.2003284517286,0.007842886524772812,0.0036140345214849675,0.0019674117525199262,0.002807381962717722,0.0022240300218399115,0.002229008489713546,0.0019674119566442257,0.0022558491006492674
756.0468906583174,0.007912253715866152,0.0036201465302350072,0.0019674117525199262,0.0028081695866575985,0.002224332902363195,0.002229461596683965,0.0019674119635057006,0.002260417491104253
755.8934528649042,0.00798053314581319,0.003626334554141194,0.0019674117525199262,0.0028089583160462134,0.002224636318439096,0.0022299158788449255,0.001967411970592365,0.002265059080298299
755.740015071493,0.008047919753887451,0.0036325996911210547,0.0019674117525199262,0.002809748152947788,0.002224940271328628,0.0022303713402532853,0.001967411977911421,0.0022697749587596372
755.5865772780817,0.008114549997580415,0.003638943053775024,0.0019674117525199262,0.0028105390994313797,0.0022252447622965192,0.002230827984983393,0.0019674119854702975,0.0022745662316731394
755.4331394846704,0.008180478459888663,0.003645365769556425,0.0019674117525199262,0.002811331157570856,0.002225549792611216,0.002231285817127157,0.0019674119932766515,0.002279434019050249
755.2797016912573,0.008245709039597671,0.0036518689809434523,0.0019674117525199262,0.0028121243294449297,0.002225855363544901,0.002231744840794147,0.0019674120013383803,0.0022843794559007993
755.126263897846,0.008310179356139908,0.003658453845612237,0.0019674117525199262,0.002812918617137133,0.002226161476373492,0.002232205060111661,0.0019674120096636245,0.0022894036924060316
754.9728261044347,0.008373772445951253,0.003665121536612256,0.0019674117525199262,0.0028137140227358875,0.0022264681323766757,0.002232666479224854,0.001967412018260778,0.0022945078940937655
754.8193883110216,0.008436316762471002,0.0036718732425426183,0.0019674117525199262,0.0028145105483344916,0.0022267753328379138,0.0022331291022968103,0.0019674120271384937,0.002299693242014614
754.6659505176103,0.008497590074927328,0.0036787101677299068,0.0019674117525199262,0.0028153081960311027,0.002227083079044441,0.002233592933508622,0.0019674120363056937,0.002304960932919752
754.512512724199,0.008557342861050109,0.0036856335324083347,0.0019674117525199262,0.0028161069679288092,0.0022273913722873034,0.0022340579770595147,0.0019674120457715753,0.002310312179440837
754.3590749307878,0.008615294408285462,0.003692644572900687,0.0019674117525199262,0.002816906866135607,0.0022277002138613553,0.0022345242371669197,0.0019674120555456197,0.002315748210270891
754.2056371373747,0.008671132813795737,0.003699744541801353,0.0019674117525199262,0.002817707892764431,0.0022280096050652813,0.002234991718066579,0.001967412065637601,0.0023212702703471655
754.0521993439634,0.008724581263812519,0.003706934708160444,0.0019674117525199262,0.0028185100499331316,0.002228319547201595,0.00223546042401262,0.001967412076057594,0.002326879621035209
753.8987615505521,0.008775312260356277,0.0037142163576703875,0.0019674117525199262,0.002819313339764545,0.002228630041576674,0.002235930359277682,0.001967412086815985,0.0023325775403152064
753.7453237571408,0.008823052888444066,0.0037215907928532773,0.0019674117525199262,0.0028201177643864695,0.00222894108950076,0.0022364015281529934,0.0019674120979234796,0.00233836532296928
753.5918859637277,0.008867534131878414,0.0037290593332503716,0.0019674117525199262,0.002820923325931699,0.0022292526922879775,0.002236873934948476,0.001967412109391112,0.0023442442807708108
753.4384481703164,0.008908514265960142,0.0037366233156126815,0.0019674117525199262,0.0028217300265379972,0.0022295648512563365,0.002237347583992825,0.0019674121212302567,0.002350215742674971
753.2850103769051,0.008945798351415719,0.003744284094094099,0.0019674117525199262,0.002822537868348171,0.002229877567727765,0.0022378224796336344,0.0019674121334526356,0.0023562810550115973
753.1315725834938,0.008979207044113494,0.0037520430404452635,0.0019674117525199262,0.0028233468535100448,0.0022301908430281104,0.00223829862623748,0.001967412146070332,0.002362441581679001
752.9781347900807,0.009008631178060294,0.003759901544209631,0.0019674117525199262,0.0028241569841764933,0.0022305046784871596,0.0022387760281900246,0.0019674121590957977,0.0023686987043398606
752.8246969966694,0.009033981081190289,0.0037678610129206315,0.0019674117525199262,0.0028249682625054204,0.0022308190754386386,0.0022392546898960977,0.001967412172541867,0.0023750538226183122
752.6712592032582,0.009055206069292365,0.003775922872301425,0.0019674117525199262,0.002825780690659827,0.002231134035220249,0.002239734615779831,0.0019674121864217656,0.002381508354299457
752.517821409845,0.009072321737508405,0.0037840885664654892,0.0019674117525199262,0.0028265942708077993,0.0022314495591736704,0.002240215810284739,0.0019674122007491248,0.0023880637355298607
752.3643836164338,0.009085331984623876,0.0037923595581188622,0.0019674117525199262,0.0028274090051224935,0.0022317656486445644,0.0022406982778738075,0.0019674122155379906,0.002394721421019711
752.2109458230225,0.009094310887562723,0.003800737328764933,0.0019674117525199262,0.002828224895782206,0.00223208230498261,0.0022411820230296277,0.001967412230802838,0.002401482884247356
752.0575080296112,0.009099332523248887,0.0038092233789099534,0.0019674117525199262,0.0028290419449703533,0.002232399529541504,0.0022416670502544774,0.0019674122465585834,0.0024083496176647403
751.9040702361981,0.00910047096860631,0.0038178192282708255,0.0019674117525199262,0.0028298601548755018,0.002232717323678982,0.002242153364070435,0.0019674122628205973,0.002415323132905014
751.7506324427868,0.009097843187199108,0.0038265264159839654,0.0019674117525199262,0.002830679527691346,0.002233035688756819,0.002242640969019463,0.001967412279604717,0.0024224049609913255
751.5971946493755,0.00909154664866405,0.0038353465008169,0.0019674117525199262,0.0028315000656167796,0.0022333546261408647,0.0022431298696635443,0.0019674122969272614,0.002429596652548155
751.4437568559642,0.009081647632354136,0.003844281061380534,0.0019674117525199262,0.0028323217708558727,0.0022336741372010445,0.002243620070584767,0.0019674123148050457,0.0024368997780135093
751.2903190625511,0.00906823581033519,0.0038533316963437576,0.0019674117525199262,0.0028331446456179047,0.0022339942233113807,0.002244111576385442,0.0019674123332553937,0.002444315927853341
751.1368812691398,0.009051365765603801,0.00386250002464911,0.0019674117525199262,0.0028339686921173422,0.002234314885849993,0.002244604391688185,0.001967412352296156,0.002451846712777139
750.9834434757286,0.009031060890872793,0.003871787685731249,0.0019674117525199262,0.0028347939125739083,0.0022346361261991344,0.00224509852113606,0.001967412371945722,0.002459493763956129
750.8300056823173,0.009007336781284046,0.0038811963397360587,0.0019674117525199262,0.002835620309212562,0.0022349579457451928,0.002245593969392665,0.0019674123922230388,0.0024672587332423054
750.6765678889042,0.008980150550197385,0.003890727667742142,0.0019674117525199262,0.002836447884263531,0.0022352803458787116,0.002246090741142251,0.001967412413147624,0.0024751432933897296
750.5231300954929,0.008949459310972635,0.0039003833719833594,0.0019674117525199262,0.0028372766399622877,0.0022356033279943904,0.002246588841089808,0.0019674124347395876,0.0024831491382769906
750.3696923020816,0.00891518508790038,0.003910165176074237,0.0019674117525199262,0.002838106578549623,0.002235926893491123,0.0022470882739612117,0.0019674124570196435,0.0024912779831323404
750.2162545086685,0.008877238208914798,0.003920074825236097,0.0019674117525199262,0.0028389377022716316,0.002236251043772,0.0022475890445033163,0.001967412480009131,0.0024995315647597235
750.0628167152572,0.008835497811666298,0.003930114086524914,0.0019674117525199262,0.0028397700133796977,0.0022365757802443134,0.002248091157484047,0.001967412503730032,0.0025079116417665286
749.9093789218459,0.00878983523623435,0.003940284749061958,0.0019674117525199262,0.002840603514130569,0.002236901104319594,0.002248594617692549,0.0019674125282049897,0.002516419994793961
749.7559411284346,0.00874014131662578,0.00395058862426503,0.0019674117525199262,0.0028414382067863332,0.002237227017413612,0.0022490994299392765,0.0019674125534573277,0.002525058426748186
749.6025033350215,0.008686283494134582,0.003961027546082151,0.0019674117525199262,0.0028422740936144514,0.0022375535209463995,0.002249605599056119,0.0019674125795110698,0.002533828763033816
749.4490655416103,0.008628164299123992,0.003971603371226251,0.0019674117525199262,0.002843111176887735,0.00223788061634225,0.002250113129896489,0.0019674126063909604,0.002542732851788521
749.295627748199,0.008565721351026479,0.003982317979412882,0.0019674117525199262,0.00284394945888442,0.0022382083050297586,0.002250622027335476,0.001967412634122486,0.0025517725641204464
749.1421899547877,0.008498892269274515,0.0039931732735984235,0.0019674117525199262,0.0028447889418881434,0.00223853658844182,0.002251132296269937,0.001967412662731895,0.0025609497943463325
748.9887521613746,0.00842768095265357,0.00400417118022081,0.0019674117525199262,0.002845629628187976,0.0022388654680156527,0.0022516439416186244,0.001967412692246223,0.002570266460232038
748.8353143679633,0.008352134186589292,0.004015313649441236,0.0019674117525199262,0.002846471520078402,0.0022391949451927994,0.00225215696832228,0.001967412722693312,0.002579724503234148
748.681876574552,0.008272365035860327,0.004026602655388943,0.0019674117525199262,0.0028473146198593896,0.0022395250214191655,0.002252671381343789,0.0019674127541018356,0.0025893258887444686
748.5284387811389,0.00818851775552909,0.004038040196406581,0.0019674117525199262,0.0028481589298363814,0.002239855698145024,0.00225318718566828,0.0019674127865013237,0.0025990726063352763
748.3750009877276,0.008100826272723818,0.004049628295297328,0.0019674117525199262,0.0028490044523202763,0.0022401869768250175,0.0022537043863032264,0.0019674128199221852,0.0026089666700063277
748.2215631943163,0.008009571299998396,0.004061368999574996,0.0019674117525199262,0.002849851189627507,0.0022405188589182004,0.002254222988278604,0.0019674128543957343,0.002619010118434655
748.068125400905,0.00791510372804518,0.004073264381714549,0.0019674117525199262,0.0028506991440800144,0.002240851345888037,0.0022547429966469855,0.0019674128899542175,0.0026292050152249996
747.9146876074919,0.007817832929338584,0.004085316539405212,0.0019674117525199262,0.0028515483180052855,0.0022411844392024255,0.002255264416483676,0.0019674129266308397,0.00263955344916269
747.7612498140807,0.007718215061778673,0.0040975275958045,0.0019674117525199262,0.002852398713736326,0.002241518140333701,0.0022557872528868104,0.0019674129644597907,0.002650057534467577
747.6078120206694,0.007616753068691157,0.0041098996997954405,0.0019674117525199262,0.00285325033361174,0.0022418524507586707,0.0022563115109775138,0.001967413003476275,0.0026607194110509456
747.4543742272581,0.007513988881256453,0.004122435026244147,0.0019674117525199262,0.002854103179975702,0.0022421873719586185,0.0022568371958999996,0.0019674130437165407,0.0026715412447729913
747.300936433845,0.007410495620938743,0.004135135776260023,0.0019674117525199262,0.0028549572551779968,0.002242522905419327,0.0022573643128217086,0.001967413085217909,0.0026825252277027866
747.1474986404337,0.0073068464092022065,0.004148004177456826,0.0019674117525199262,0.00285581256157399,0.002242859052631078,0.002257892866933407,0.001967413128018804,0.0026936735783792513
746.9940608470224,0.007203633861438381,0.0041610424842170365,0.0019674117525199262,0.0028566691015247114,0.002243195815088695,0.0022584228634493536,0.001967413172158787,0.002704988542075195
746.8406230536111,0.007101427200325976,0.004174252977956455,0.0019674117525199262,0.0028575268773968253,0.002243533194291539,0.002258954307607398,0.0019674132176785855,0.002716472391061812
746.687185260198,0.007000760559474468,0.0041876379673915064,0.0019674117525199262,0.0028583858915626676,0.002243871191743539,0.002259487204669124,0.0019674132646201295,0.0027281274248757512
746.5337474667867,0.006902152477351448,0.0042011997888073424,0.0019674117525199262,0.0028592461464002246,0.0022442098089531883,0.002260021559919951,0.001967413313026584,0.002739955970587099
746.3803096733755,0.00680604741550057,0.0042149408063293144,0.0019674117525199262,0.002860107644293207,0.0022445490474335868,0.0022605573786693045,0.001967413362942385,0.0027519603830705357
746.2268718799623,0.006712823556112482,0.004228863412194769,0.0019674117525199262,0.002860970387631038,0.0022448889087024453,0.0022610946662507234,0.001967413414413275,0.0027641430452769924
746.0734340865511,0.006622796700810307,0.004242970027026586,0.0019674117525199262,0.002861834378808835,0.002245229394282091,0.002261633428021975,0.0019674134674863403,0.002776506368507049
745.9199962931398,0.006536189080365868,0.004257263100109956,0.0019674117525199262,0.0028626996202274946,0.002245570505699508,0.0022621736693652244,0.0019674135222100507,0.002789052792687383
745.7665584997285,0.0064531098607723434,0.00427174510966927,0.0019674117525199262,0.00286356611429366,0.0022459122444863384,0.0022627153956871413,0.001967413578634296,0.0028017847866475386
745.6131207063154,0.0063736019286699105,0.004286418563147749,0.0019674117525199262,0.002864433863419764,0.002246254612178906,0.002263258612419047,0.001967413636810429,0.0028147048483993077
745.4596829129041,0.006297567814421804,0.004301285997487804,0.0019674117525199262,0.0028653028700240018,0.002246597610318221,0.0022638033250170237,0.001967413696791304,0.0028278155054169596
745.3062451194928,0.006224839870252786,0.00431634997941486,0.0019674117525199262,0.00286617313653041,0.002246941240450016,0.0022643495389620865,0.0019674137586313217,0.0028411193149207306
745.1528073260815,0.006155106193325208,0.004331613105721201,0.0019674117525199262,0.0028670446653688416,0.002247285504124753,0.0022648972597602967,0.001967413822386473,0.0028546188641605406
744.9993695326684,0.006087992500233889,0.004347078003552597,0.0019674117525199262,0.0028679174589750058,0.002247630402897644,0.0022654464929429104,0.0019674138881143814,0.002868316770702361
744.8459317392571,0.006023019240365942,0.004362747330695568,0.0019674117525199262,0.002868791519790439,0.002247975938328655,0.002265997244066489,0.001967413955874352,0.002882215682715339
744.6924939458459,0.005959601595900773,0.004378623775868222,0.0019674117525199262,0.002869666850262587,0.002248322111982546,0.0022665495187130795,0.0019674140257274165,0.002896318279262298
744.5390561524346,0.0058971274575194965,0.004394710059010968,0.0019674117525199262,0.0028705434528447818,0.002248668925428875,0.002267103322490328,0.0019674140977363826,0.002910627270590305
744.3856183590215,0.005834887246266456,0.004411008931580077,0.0019674117525199262,0.002871421329996275,0.002249016380242021,0.0022676586610316314,0.0019674141719658853,0.002925145398423969
744.2321805656102,0.005772144091687707,0.004427523176841784,0.0019674117525199262,0.002872300484182217,0.002249364478001186,0.002268215539996255,0.001967414248482436,0.0029398754362593956
744.0787427721989,0.005708137730616475,0.004444255610170047,0.0019674117525199262,0.002873180917873735,0.0022497132202904395,0.002268773965069512,0.0019674143273544754,0.00295482018966159
743.9253049787858,0.005642100102315048,0.0044612090793442576,0.0019674117525199262,0.0028740626335479183,0.0022500626086987205,0.0022693339419628897,0.0019674144086524303,0.0029699824965620045
743.7718671853745,0.005573263146045712,0.0044783864648486335,0.0019674117525199262,0.002874945633687806,0.002250412644819846,0.002269895476414172,0.0019674144924487656,0.002985365227557748
743.6184293919632,0.005500901687710933,0.0044957906801750755,0.0019674117525199262,0.0028758299207824662,0.002250763330252553,0.0022704585741876258,0.0019674145788180436,0.0030009712862140918
743.4649915985519,0.005424356832566175,0.004513424672125742,0.0019674117525199262,0.0028767154973269706,0.0022511146666005,0.002271023241074118,0.0019674146678369817,0.003016803609366876
743.3115538051388,0.005342985281008784,0.004531291421118467,0.0019674117525199262,0.002877602365822434,0.0022514666554722916,0.0022715894828912804,0.001967414759584512,0.0030328651674276542
743.1581160117275,0.00525628798849852,0.00454939394149262,0.0019674117525199262,0.0028784905287759887,0.0022518192984814843,0.0022721573054836253,0.001967414854141845,0.003049158964689382
743.0046782183163,0.005163824392277205,0.004567735281818707,0.0019674117525199262,0.0028793799887008665,0.0022521725972466256,0.0022727267147227394,0.0019674149515925307,0.0030656880396356485
742.851240424905,0.005065298184649069,0.004586318525207538,0.0019674117525199262,0.0028802707481163734,0.0022525265533912585,0.002273297716507405,0.0019674150520225257,0.00308245546524968
742.6978026314919,0.004960522223911522,0.004605146789622281,0.0019674117525199262,0.0028811628095479274,0.0022528811685439474,0.0022738703167637644,0.0019674151555202583,0.0030994643493260886
742.5443648380806,0.0048494653197808015,0.004624223228190841,0.0019674117525199262,0.0028820561755270356,0.002253236444338279,0.0022744445214454437,0.0019674152621766985,0.0031167178347830888
742.3909270446693,0.004732213245537259,0.004643551029522085,0.0019674117525199262,0.002882950848591375,0.0022535923824129078,0.0022750203365337483,0.0019674153720854277,0.003134219099978331
742.237489251258,0.004609019422236486,0.004663133418021433,0.0019674117525199262,0.0028838468312847674,0.002253948984411557,0.002275597768037789,0.001967415485342711,0.0031519713590243133
742.0840514578449,0.004480273728425545,0.004682973654209431,0.0019674117525199262,0.0028847441261572178,0.0022543062519830466,0.0022761768219946494,0.001967415602047573,0.003169977862106651
741.9306136644336,0.004346506398928439,0.004703075035040476,0.0019674117525199262,0.0028856427357648916,0.0022546641867812935,0.002276757504469515,0.001967415722301871,0.0031882418958026097
741.7771758710223,0.004208380227275176,0.0047234408942255016,0.0019674117525199262,0.002886542662670196,0.0022550227904653587,0.002277339821555872,0.0019674158462103758,0.0032067667834034036
741.6237380776092,0.004066682768130822,0.0047440746025541,0.0019674117525199262,0.0028874439094417645,0.0022553820646994513,0.0022779237793756437,0.001967415973880852,0.003225555885236094
741.470300284198,0.003922326337295503,0.004764979568218188,0.0019674117525199262,0.002888346478654445,0.0022557420111529356,0.002278509384079328,0.0019674161054241395,0.0032446125989870444
741.3168624907867,0.003776301226278756,0.0047861592371393645,0.0019674117525199262,0.002889250372889382,0.0022561026315003766,0.0022790966418462003,0.0019674162409542375,0.003263940360028873
741.1634246973754,0.003629667904728592,0.004807617093295429,0.0019674117525199262,0.002890155594733989,0.0022564639274215413,0.0022796855588844466,0.0019674163805883937,0.003283542641746763
741.0099869039623,0.0034835492228605506,0.004829356659049834,0.0019674117525199262,0.0028910621467819935,0.002256825900601427,0.0022802761414313375,0.001967416524447191,0.00330342295586759
740.856549110551,0.003339095322388465,0.004851381495481147,0.0019674117525199262,0.0028919700316334066,0.0022571885527302637,0.002280868395753366,0.001967416672654641,0.0033235848527891744
740.7031113171397,0.003197440749884288,0.0048736952027165535,0.0019674117525199262,0.002892879251894611,0.0022575518855035594,0.002281462328146452,0.001967416825338276,0.00334403192191336
740.5496735237284,0.00305972005191997,0.00489630142026429,0.0019674117525199262,0.002893789810178333,0.002257915900622102,0.0022820579449360796,0.001967416982629248,0.0033647677919782315
740.3962357303153,0.002927017090856345,0.004919203827349064,0.0019674117525199262,0.0028947017091036846,0.00225828059979199,0.0022826552524774783,0.0019674171446624257,0.0033857961313931897
740.242797936904,0.00280031046184654,0.004942406143247336,0.0019674117525199262,0.002895614951296138,0.0022586459847246314,0.0022832542571557604,0.0019674173115764963,0.0034071206485740144
740.0893601434927,0.0026805280758325626,0.004965912127626711,0.0019674117525199262,0.0028965295393876085,0.0022590120571367913,0.0022838549653861344,0.00196741748351407,0.003428745092281812
739.9359223500796,0.0025684379935521262,0.004989725580884366,0.0019674117525199262,0.0028974454760164426,0.0022593788187506,0.0022844573836140513,0.0019674176606217864,0.003450673251961191
739.7824845566684,0.0024646874133933544,0.005013850344486769,0.0019674117525199262,0.0028983627638274026,0.0022597462712935588,0.0022850615183153543,0.0019674178430504267,0.003472908958079732
739.6290467632571,0.0023697519871836627,0.00503829030131335,0.0019674117525199262,0.002899281405471752,0.002260114416498586,0.0022856673759964943,0.0019674180309550223,0.0034954560824712005
739.4756089698458,0.002283943617760702,0.005063049375998739,0.0019674117525199262,0.00290020140360723,0.0022604832561040214,0.002286274963194674,0.0019674182244949733,0.0035183185386775456
739.3221711764327,0.0022073987626159437,0.005088131535278017,0.0019674117525199262,0.002901122760898091,0.0022608527918536524,0.0022868842864780343,0.001967418423834167,0.003541500282293778
739.1687333830214,0.0021400433448254454,0.005113540788331569,0.0019674117525199262,0.0029020454800150843,0.0022612230254967203,0.0022874953524458044,0.0019674186291410967,0.003565005311312568
739.0152955896101,0.002081647336046441,0.005139281187134178,0.0019674117525199262,0.002902969563635534,0.002261593958787965,0.0022881081677285186,0.0019674188405889906,0.003588837666472874
738.8618577961988,0.0020317740723062206,0.005165356826802485,0.0019674117525199262,0.0029038950144433164,0.0022619655934876287,0.0022887227389881658,0.0019674190583559375,0.0036130014316071413
738.7084200027857,0.001989819241856837,0.005191771845945482,0.0019674117525199262,0.0029048218351289024,0.0022623379313614854,0.0022893390729183827,0.0019674192826250178,0.003637500733991398
738.5549822093744,0.0019550147839605776,0.005218530427014418,0.0019674117525199262,0.002905750028389331,0.002262710974180844,0.002289957176244605,0.001967419513584439,0.0036623397446949035
738.4015444159631,0.0019264405852463752,0.005245636796657047,0.0019674117525199262,0.002906679596928295,0.002263084723722595,0.0022905770557242913,0.0019674197514276746,0.0036875226789338965
738.2481066225519,0.0019030595687790437,0.005273095226069995,0.0019674117525199262,0.002907610543456118,0.0022634591817692153,0.0022911987181470778,0.0019674199963536053,0.003713053796423684
738.0946688291388,0.0018837371879866318,0.005300910031354165,0.0019674117525199262,0.002908542870689793,0.0022638343501087976,0.002291822170334974,0.0019674202485666643,0.0037389374017336406
737.9412310357275,0.0018672609205877752,0.005329085573869383,0.0019674117525199262,0.0029094765813529612,0.002264210230535052,0.0022924474191425206,0.001967420508276986,0.0037651778446415674
737.7877932423162,0.0018523753576609333,0.005357626260593463,0.0019674117525199262,0.0029104116781759957,0.0022645868248473574,0.002293074471457018,0.001967420775700562,0.0037917795204922347
737.6343554489031,0.001837805596357212,0.0053865365444794805,0.0019674117525199262,0.0029113481638959886,0.0022649641348507655,0.0022937033341986915,0.0019674210510593937,0.0038187468705543465
737.4809176554918,0.0018222962277550702,0.005415820924814034,0.0019674117525199262,0.002912286041256738,0.0022653421623560124,0.002294334014320858,0.0019674213345816567,0.003846084382378473
737.3274798620805,0.0018046503247150264,0.005445483947579692,0.0019674117525199262,0.0029132253130088335,0.002265720909179565,0.002294966518810161,0.001967421626501866,0.0038737965901589717
737.1740420686692,0.0017837489358070119,0.005475530205815116,0.0019674117525199262,0.002914165981909633,0.0022661003771436245,0.0022956008546867286,0.0019674219270610425,0.003901888075093792
737.0206042752561,0.0017585705792377228,0.0055059643399782,0.0019674117525199262,0.0029151080507233036,0.002266480568076159,0.002296237029004385,0.001967422236506891,0.003930363465747167
736.8671664818448,0.001728230230705328,0.0055367910383081476,0.0019674117525199262,0.0029160515222207977,0.002266861483810905,0.0022968750488508104,0.001967422555093974,0.003959227438411365
736.7137286884335,0.0016920144124687028,0.005568015037192068,0.0019674117525199262,0.0029169963991799407,0.002267243126187418,0.0022975149213477833,0.0019674228830838985,0.003988484717472733
736.5602908950223,0.001649357800634607,0.0055996411215289725,0.0019674117525199262,0.0029179426843854057,0.0022676254970510758,0.0022981566536513453,0.0019674232207455,0.004018140075775351
736.4068531016092,0.0015999056057252137,0.005631674125096833,0.0019674117525199262,0.0029188903806287555,0.0022680085982531096,0.0022988002529520132,0.001967423568355038,0.004048198334987622
736.2534153081979,0.0015434901799652862,0.005664118930918307,0.0019674117525199262,0.0029198394907084205,0.0022683924316506078,0.0022994457264749494,0.0019674239261963902,0.004078664365967644
736.0999775147866,0.0014801466124240601,0.005696980471631106,0.0019674117525199262,0.0029207900174297832,0.0022687769991065676,0.0023000930814802045,0.001967424294561257,0.004109543089132998
735.9465397213753,0.0014101088302297727,0.005730263729855435,0.0019674117525199262,0.0029217419636051564,0.0022691623024898963,0.002300742325262891,0.001967424673749366,0.00414083947482783
735.7931019279622,0.0013338095985696635,0.00576397373856452,0.0019674117525199262,0.0029226953320538257,0.002269548343675444,0.0023013934651534007,0.001967425064068688,0.004172558543692867
735.6396641345509,0.001251853229191679,0.00579811558145356,0.0019674117525199262,0.0029236501256020234,0.0022699351245440095,0.002302046508517577,0.001967425465835652,0.004204705367034003
735.4862263411396,0.001165050669473709,0.005832694393313381,0.0019674117525199262,0.0029246063470830196,0.0022703226469823878,0.002302701462756967,0.0019674258793753695,0.004237285067195342
735.3327885477265,0.0010742947412885264,0.005867715360401322,0.0019674117525199262,0.002925563999337106,0.0022707109128833813,0.002303358335309007,0.001967426305021864,0.004270302817929669
735.1793507543152,0.000980665408211494,0.005903183720812627,0.0019674117525199262,0.002926523085211586,0.002271099924145807,0.002304017133647204,0.0019674267431183056,0.004303763844769428
735.025912960904,0.000885312811956446,0.005939104764856335,0.0019674117525199262,0.002927483607560861,0.002271489682674551,0.002304677865281396,0.001967427194017252,0.00433767342540198
734.8724751674927,0.0007894455760192755,0.005975483835427608,0.0019674117525199262,0.0029284455692464065,0.0022718801903805663,0.0023053405377579297,0.001967427658080894,0.004372036890041516
734.7190373740796,0.0006943269068924648,0.00601232632838316,0.0019674117525199262,0.0029294089731368186,0.002272271449180913,0.0023060051586598885,0.00196742813568131,0.004406859621803935
734.5655995806683,0.0006012317074249079,0.006049637692914677,0.0019674117525199262,0.0029303738221077846,0.002272663460998758,0.0023066717356072753,0.0019674286272007247,0.00444214705707984
734.412161787257,0.0005114153865381457,0.006087423431927098,0.0019674117525199262,0.002931340119042177,0.0022730562277634273,0.0023073402762572763,0.001967429133031776,0.004477904685912147
734.2587239938457,0.0004260553774443065,0.006125689102413076,0.0019674117525199262,0.0029323078668300273,0.002273449751410412,0.0023080107883044453,0.001967429653577784,0.004514138052370113
734.1052862004326,0.00034627453035893015,0.006164440315830472,0.0019674117525199262,0.002933277068368571,0.002273844033881401,0.002308683279480938,0.001967430189253036,0.004550852754926231
733.9518484070213,0.00027310212464626125,0.006203682738477606,0.0019674117525199262,0.00293424772656222,0.0022742390771242843,0.0023093577575567007,0.001967430740483068,0.004588054446831037
733.79841061361,0.00020741928582266081,0.006243422091873427,0.0019674117525199262,0.0029352198443226584,0.002274634883093208,0.0023100342303397376,0.00196743130770496,0.004625748836492567
733.6449728201987,0.000149970681913018,0.006283664153133513,0.0019674117525199262,0.0029361934245688143,0.0022750314537485767,0.0023107127056763038,0.001967431891367637,0.004663941687851886
733.4915350267856,0.00010135282709433828,0.006324414755349095,0.0019674117525199262,0.0029371684702269056,0.0022754287910570882,0.0023113931914511454,0.001967432491932177,0.004702638820761483
733.3380972333744,6.200628412480212e-05,0.006365679787963533,0.0019674117525199262,0.0029381449842304144,0.002275826896991739,0.002312075695587692,0.0019674331098721264,0.004741846111361267
733.1846594399631,3.2188372845470715e-05,0.0064074651971538195,0.0019674117525199262,0.002939122969520179,0.002276225773531876,0.0023127602260483333,0.0019674337456738237,0.004781569492459312
733.03122164655,1.1984866536697793e-05,0.006449776986208015,0.0019674117525199262,0.0029401024290443838,0.002276625422663208,0.0023134467908346246,0.0019674343998367333,0.00482181495390877
732.8777838531387,1.3294858454827416e-06,0.006492621215902662,0.0019674117525199262,0.0029410833657585404,0.0022770258463778144,0.0023141353979874908,0.001967435072873783,0.004862588542984738
732.7243460597274,0.0,0.006536004004884944,0.0019674117525199262,0.0029420657826255848,0.0022774270466742004,0.0023148260555875106,0.001967435765311713,0.00490389636476564
732.5709082663161,7.637720736952172e-06,0.006579931530049842,0.0019674117525199262,0.0029430496826158507,0.0022778290255573,0.0023155187717551146,0.0019674364776914336,0.004945744582509848
732.417470472903,2.373970473062878e-05,0.006624410026920405,0.0019674117525199262,0.0029440350687071144,0.002278231785038513,0.002316213554650838,0.001967437210568391,0.004988139418035253
732.2640326794917,4.772113416043624e-05,0.006669445790024855,0.0019674117525199262,0.002945021943884571,0.0022786353271357076,0.002316910412475526,0.001967437964512942,0.0050310871520958126
732.1105948860804,7.8903620354486e-05,0.006715045173278905,0.0019674117525199262,0.0029460103111409288,0.002279039653873279,0.00231760935347062,0.001967438740110737,0.005074594124763045
731.9571570926691,0.00011654249528788889,0.0067612145903627775,0.0019674117525199262,0.002947000173476381,0.0022794447672821504,0.0023183103859183655,0.0019674395379631155,0.00511866673580247
731.803719299256,0.00015986190065199078,0.006807960515101209,0.0019674117525199262,0.0029479915338986545,0.002279850669399811,0.002319013518142071,0.0019674403586875068,0.005163311445052872
731.6502815058448,0.00020806648421078437,0.006855289481840024,0.0019674117525199262,0.002948984395422985,0.002280257362270321,0.0023197187585063173,0.0019674412029178456,0.0052085347728022605
731.4968437124335,0.00026036479251373304,0.006903208085827993,0.0019674117525199262,0.0029499787610722103,0.0022806648479443653,0.002320426115417254,0.001967442071304993,0.005254343300168876
731.3434059190204,0.00031601605632141825,0.006951722983593514,0.0019674117525199262,0.0029509746338767556,0.002281073128479267,0.00232113559732282,0.001967442964517172,0.005300743669477205
731.1899681256091,0.0003743067978927158,0.007000840893320803,0.0019674117525199262,0.0029519720168746243,0.0022814822059389955,0.0023218472127129685,0.0019674438832404093,0.005347742584633509
731.0365303321978,0.00043461321155232593,0.007050568595230982,0.0019674117525199262,0.0029529709131114897,0.002281892082394225,0.002322560970119966,0.0019674448281789924,0.005395346811506013
730.8830925387865,0.00049638166976342,0.007100912931956968,0.0019674117525199262,0.0029539713256406704,0.0022823027599223372,0.0023232768781186125,0.0019674458000559342,0.005443563178299119
730.7296547453734,0.000559156014625935,0.007151880808921435,0.0019674117525199262,0.002954973257523179,0.0022827142406074605,0.002323994945326511,0.00196744679961345,0.00549239857593054
730.5762169519621,0.000622593153018456,0.007203479194710585,0.0019674117525199262,0.0029559767118276952,0.0022831265265404743,0.002324715180404289,0.001967447827613448,0.005541859958404383
730.4227791585508,0.0006864396638853927,0.0072557151214535315,0.0019674117525199262,0.0029569816916306616,0.0022835396198190652,0.0023254375920559083,0.001967448884838029,0.005591954343189572
730.2693413651396,0.000750578583662626,0.007308595685194927,0.0019674117525199262,0.0029579882000162596,0.0022839535225477356,0.0023261621890288894,0.0019674499720899997,0.005642688811591748
730.1159035717264,0.0008149943172082737,0.007362128046270666,0.0019674117525199262,0.002958996240076457,0.0022843682368378373,0.0023268889801145885,0.0019674510901933973,0.005694070509128092
729.9624657783152,0.0008797687390172188,0.007416319429679071,0.0019674117525199262,0.002960005814910982,0.0022847837648075804,0.002327617974148427,0.001967452239994028,0.005746106645897759
729.8090279849039,0.00094508119322111,0.007471177125457656,0.0019674117525199262,0.00296101692762742,0.0022852001085820898,0.0023283491800102085,0.001967453422360019,0.005798804496957624
729.6555901914926,0.0010112045948028909,0.007526708489052807,0.0019674117525199262,0.002962029581341189,0.0022856172702934103,0.002329082606624349,0.0019674546381823806,0.005852171402691183
729.5021523980795,0.001078497632025859,0.007582920941692327,0.0019674117525199262,0.0029630437791755863,0.0022860352520805457,0.002329818262960164,0.001967455888375586,0.005906214769180149
729.3487146046682,0.001147346284651606,0.007639821970753227,0.0019674117525199262,0.0029640595242617653,0.0022864540560894662,0.002330556158032103,0.001967457173878163,0.0059609420685714344
729.1952768112569,0.001218206710580195,0.00769741913013509,0.0019674117525199262,0.002965076819738833,0.002286873684473163,0.0023312963009000745,0.0019674584956532967,0.006016360839449428
729.0418390178438,0.0012915584604245125,0.007755720040626545,0.0019674117525199262,0.0029660956687538324,0.002287294139391664,0.0023320387006696935,0.0019674598546894555,0.006072478687201605
728.8884012244325,0.0013678732872265042,0.007814732390270453,0.0019674117525199262,0.0029671160744617385,0.0022877154230120434,0.002332783366492531,0.0019674612520010223,0.006129303284382823
728.7349634310212,0.0014476346403845275,0.007874463934734267,0.0019674117525199262,0.002968138040025546,0.002288137537508482,0.002333530307566445,0.001967462688628946,0.0061868423710845525
728.58152563761,0.001531302576584116,0.00793492249767223,0.0019674117525199262,0.0029691615686162536,0.0022885604850622736,0.002334279533135825,0.001967464165641408,0.006245103755296176
728.4280878441969,0.001619274771943273,0.007996115971090588,0.0019674117525199262,0.002970186663412905,0.002288984267861862,0.0023350310524918915,0.001967465684134505,0.006304095313269129
728.2746500507856,0.0017119216110817082,0.008058052315707056,0.0019674117525199262,0.002971213327602571,0.002289408888102851,0.002335784874972943,0.0019674672452329443,0.006363824989875451
728.1212122573743,0.0018095238065533063,0.008120739561316308,0.0019674117525199262,0.0029722415643804417,0.002289834347988062,0.002336541009964698,0.001967468850090762,0.00642430079897205
727.967774463963,0.001912291892773481,0.008184185807146666,0.0019674117525199262,0.002973271376949806,0.0022902606497275414,0.0023372994669005444,0.0019674704998920533,0.006485530823756425
727.8143366705499,0.002020362327233704,0.008248399222219809,0.0019674117525199262,0.0029743027685221,0.0022906877955385994,0.0023380602552618484,0.0019674721958517207,0.006547523217125245
727.6608988771386,0.0021337585026467995,0.008313388045704282,0.0019674117525199262,0.0029753357423168807,0.00229111578764582,0.0023388233845782107,0.0019674739392162425,0.006610286202026834
727.5074610837273,0.0022523985445178844,0.008379160587275107,0.0019674117525199262,0.0029763703015619264,0.0022915446282811168,0.0023395888644278133,0.0019674757312644568,0.0066738280718195
727.354023290316,0.0023761304002136037,0.008445725227464092,0.0019674117525199262,0.002977406449493212,0.0022919743196837448,0.0023403567044376805,0.0019674775733083657,0.006738157190620793
727.2005854969029,0.0025046733571800726,0.008513090418012959,0.0019674117525199262,0.002978444189354958,0.0022924048641003378,0.0023411269142839955,0.001967479466693958,0.006803281993659414
727.0471477034916,0.002637653132012112,0.008581264682220025,0.0019674117525199262,0.0029794835243996077,0.002292836263784917,0.002341899503692363,0.0019674814128020504,0.006869210987620792
726.8937099100804,0.002774613566809658,0.008650256615292881,0.0019674117525199262,0.0029805244578879246,0.0022932685209989525,0.0023426744824381666,0.0019674834130491495,0.006935952750998394
726.7402721166673,0.0029150010340358826,0.008720074884692152,0.0019674117525199262,0.0029815669930889814,0.002293701638011374,0.0023434518603468466,0.001967485468888334,0.007003515934436321
726.586834323256,0.003058187829230015,0.008790728230472951,0.0019674117525199262,0.0029826111332801482,0.00229413561709859,0.0023442316472941788,0.0019674875818101573,0.00707190926106958
726.4333965298447,0.003203472171007343,0.008862225465631911,0.0019674117525199262,0.002983656881747193,0.0022945704605445423,0.0023450138532066385,0.001967489753343571,0.0071411415268696704
726.2799587364334,0.0033501015937720366,0.008934575476443708,0.0019674117525199262,0.002984704241784256,0.0022950061706407203,0.002345798488061675,0.0019674919850568716,0.00721122160097989
726.1265209430203,0.0034972924416444996,0.00900778722280052,0.0019674117525199262,0.0029857532166939027,0.0022954427496861976,0.0023465855618880417,0.0019674942785586663,0.007282158426053416
725.973083149609,0.0036441947793921367,0.009081869738543918,0.0019674117525199262,0.0029868038097870956,0.002295880199987644,0.002347375084766078,0.0019674966354988645,0.007353961018583941
725.8196453561977,0.003789982064495175,0.00915683213180327,0.0019674117525199262,0.002987856024383299,0.0022963185238593854,0.0023481670668280795,0.0019674990575696905,0.007426638469242521
725.6662075627864,0.003933819956862902,0.009232683585322959,0.0019674117525199262,0.0029889098638104517,0.0022967577236234125,0.0023489615182585824,0.00196750154650672,0.007500199943203497
725.5127697693733,0.004074866318833662,0.009309433356792487,0.0019674117525199262,0.0029899653314050213,0.0022971978016094238,0.0023497584492947047,0.001967504104089942,0.007574654680473102
725.359331975962,0.004212325798171448,0.00938709077916854,0.0019674117525199262,0.002991022430511977,0.0022976387601548343,0.0023505578702264327,0.001967506732144843,0.007650011996210157
725.2058941825508,0.004345457625636841,0.00946566526100363,0.0019674117525199262,0.002992081164484894,0.0022980806016048368,0.0023513597913970047,0.0019675094325435193,0.007726281281053081
725.0524563891395,0.004473575614987012,0.009545166286762923,0.0019674117525199262,0.0029931415366859257,0.002298523328312413,0.002352164223203203,0.0019675122072058114,0.007803472001435274
724.8990185957264,0.00459604426419025,0.009625603417143878,0.0019674117525199262,0.0029942035504858583,0.0022989669426383744,0.0023529711760957033,0.0019675150581004693,0.007881593699903176
724.7455808023151,0.0047123489335644305,0.00970698628938733,0.0019674117525199262,0.0029952672092640868,0.002299411446951374,0.002353780660579373,0.001967517987246339,0.007960655995425864
724.5921430089038,0.004822029566424022,0.009789324617595255,0.0019674117525199262,0.0029963325164087153,0.0022998568436279647,0.002354592687213663,0.0019675209967135827,0.008040668583711035
724.4387052154907,0.004924778158716843,0.00987262819303707,0.0019674117525199262,0.002997399475316547,0.002300303135052622,0.0023554072666129196,0.00196752408862492,0.008121641237509766
724.2852674220794,0.005020364682100128,0.009956906884452624,0.0019674117525199262,0.0029984680893930735,0.0023007503236177527,0.0023562244094466945,0.001967527265156905,0.008203583806917903
724.1318296286681,0.00510867607179523,0.010042170638361138,0.0019674117525199262,0.002999538362052576,0.002301198411723763,0.002357044126440149,0.001967530528541227,0.008286506219683127
723.9783918352568,0.005189747416871383,0.010128429479356951,0.0019674117525199262,0.0030006102967181023,0.0023016474017790683,0.002357866428374362,0.0019675338810660444,0.00837041848149908
723.8249540418437,0.005263715174820059,0.010215693510408106,0.0019674117525199262,0.00300168389682152,0.0023020972962001338,0.002358691326086696,0.0019675373250773462,0.008455330676302115
723.6715162484325,0.00533084056426779,0.010303972913145314,0.0019674117525199262,0.0030027591658034923,0.0023025480974114875,0.0023595188304711104,0.001967540862980349,0.008541252966558579
723.5180784550212,0.00539151736254711,0.010393277948157965,0.0019674117525199262,0.0030038361071135803,0.002302999807845785,0.002360348952478575,0.0019675444972409193,0.00862819559355881
723.3646406616099,0.005446248512983727,0.010483618955276212,0.0019674117525199262,0.0030049147242102213,0.002303452429943818,0.0023611817031173876,0.001967548230387037,0.008716168877697453
723.2112028681968,0.0054956305297546495,0.010575006353855856,0.0019674117525199262,0.0030059950205607797,0.0023039059661545606,0.002362017093453551,0.001967552065010283,0.008805183218756386
723.0577650747855,0.005540384688171941,0.010667450643052957,0.0019674117525199262,0.003007076999641526,0.0023043604189351783,0.0023628551346110967,0.001967556003767368,0.008895249096177494
722.9043272813742,0.005581290745329727,0.010760962402105747,0.0019674117525199262,0.003008160664937738,0.0023048157907510944,0.002363695837772507,0.0019675600493816894,0.008986377069342424
722.7508894879611,0.005619229826744367,0.01085555229060288,0.0019674117525199262,0.003009246019943693,0.0023052720840760076,0.002364539214179056,0.001967564204644932,0.009078577777838895
722.5974516945498,0.005655122045786931,0.010951231048747703,0.0019674117525199262,0.0030103330681626552,0.002305729301391907,0.0023653852751311447,0.0019675684724186956,0.009171861941723005
722.4440139011385,0.005689942098825073,0.01104800949762861,0.0019674117525199262,0.0030114218131069813,0.0023061874451891402,0.0023662340319887372,0.001967572855636166,0.00926624036178729
722.2905761077272,0.005724695872510214,0.011145898539474189,0.0019674117525199262,0.0030125122582980975,0.002306646517966424,0.0023670854961716933,0.0019675773573038205,0.00936172391981386
722.1371383143141,0.005760389253493776,0.011244909157911025,0.0019674117525199262,0.003013604407266552,0.0023071065222308885,0.0023679396791601677,0.0019675819805031734,0.009458323578829947
721.9837005209029,0.0057980320272126495,0.011345052418210218,0.0019674117525199262,0.0030146982635519933,0.00230756746049809,0.002368796592494951,0.00196758672839256,0.009556050383352329
721.8302627274916,0.005838598890034491,0.011446339467541481,0.0019674117525199262,0.0030157938307032754,0.0023080293352920793,0.002369656247777911,0.001967591604208961,0.009654915459638959
721.6768249340803,0.005883045044399603,0.011548781535210953,0.0019674117525199262,0.003016891112278433,0.002308492149145411,0.0023705186566723426,0.001967596611269866,0.009754930015924606
721.5233871406672,0.005932247717038876,0.011652389932901845,0.0019674117525199262,0.003017990111844739,0.0023089559045991895,0.0023713838309033742,0.0019676017529751846,0.009856105342659061
721.3699493472559,0.0059870334504720825,0.01175717605490299,0.0019674117525199262,0.003019090832978678,0.0023094206042030847,0.0023722517822583195,0.0019676070328091913,0.009958452812733422
721.2165115538446,0.0060481196212258176,0.011863151378345278,0.0019674117525199262,0.0030201932792660547,0.002309886250515395,0.0023731225225871342,0.001967612454342521,0.010061983881713876
721.0630737604333,0.006116157326473675,0.01197032746342087,0.0019674117525199262,0.0030212974543019702,0.0023103528461030642,0.002373996063802773,0.001967618021234208,0.01016671008805856
720.9096359670202,0.006191688497396071,0.012078715953605271,0.0019674117525199262,0.003022403361690878,0.002310820393541725,0.002374872417881611,0.0019676237372337653,0.010272643053336996
720.7561981736089,0.006275134202823834,0.012188328575866596,0.0019674117525199262,0.003023511005046559,0.0023112888954157124,0.002375751596863804,0.0019676296061833178,0.010379794482436908
720.6027603801977,0.006366810244380084,0.012299177140882946,0.0019674117525199262,0.003024620387992231,0.0023117583543181344,0.0023766336128537616,0.0019676356320197774,0.010488176163778746
720.4493225867845,0.006466919358909294,0.01241127354324301,0.0019674117525199262,0.0030257315141605356,0.002312228772850888,0.002377518478020521,0.001967641818777067,0.010597799969513703
720.2958847933733,0.006575551218477286,0.012524629761641464,0.0019674117525199262,0.0030268443871935328,0.002312700153624679,0.0023784062045981323,0.001967648170588397,0.010708677855716428
720.142446999962,0.00669268243037124,0.012639257859080946,0.0019674117525199262,0.0030279590107428053,0.0023131724992590933,0.0023792968048861342,0.001967654691688588,0.01082082186258403
719.9890092065507,0.006818184334670622,0.012755169983055595,0.0019674117525199262,0.0030290753884694363,0.0023136458123826083,0.0023801902912499334,0.0019676613864164465,0.010934244114616874
719.8355714131376,0.006951846396960021,0.012872378365737114,0.0019674117525199262,0.003030193524044068,0.0023141200956326405,0.0023810866761212455,0.0019676682592171947,0.011048956820801672
719.6821336197263,0.007093341119259902,0.012990895324146975,0.0019674117525199262,0.003031313421146875,0.002314595351655561,0.0023819859719984796,0.0019676753146449515,0.011164972274780815
719.528695826315,0.007242305914521499,0.013110733260337092,0.0019674117525199262,0.0030324350834676763,0.0023150715831067644,0.0023828881914472297,0.0019676825573652678,0.01128230285502986
719.3752580329037,0.007398280726059278,0.013231904661550747,0.0019674117525199262,0.003033558514705909,0.0023155487926506827,0.002383793347100663,0.001967689992157719,0.011400961025015477
719.2218202394906,0.007560782104474881,0.013354422100386284,0.0019674117525199262,0.0030346837185706898,0.0023160269829608352,0.002384701451659977,0.001967697623918556,0.01152095933335593
719.0683824460793,0.007729299308871657,0.013478298234946076,0.0019674117525199262,0.003035810698780788,0.002316506156719841,0.002385612517894795,0.0019677054576634073,0.01164231041396695
718.914944652668,0.007903263116570894,0.013603545808994328,0.0019674117525199262,0.0030369394590647365,0.0023169863166194915,0.002386526558643669,0.0019677134985300482,0.01176502698621609
718.7615068592568,0.008082135495177646,0.01373017765209398,0.0019674117525199262,0.0030380700031608105,0.0023174674653607644,0.002387443586814486,0.001967721751781226,0.011889121855056396
718.6080690658437,0.00826538620986791,0.013858206679746573,0.0019674117525199262,0.0030392023348170824,0.0023179496056538735,0.0023883636153849332,0.001967730222807549,0.01201460791116284
718.4546312724324,0.00845249282338862,0.013987645893516552,0.0019674117525199262,0.0030403364577914014,0.002318432740218283,0.002389286657402908,0.0019677389171304334,0.012141498131053231
718.3011934790211,0.008642948493628597,0.014118508381164581,0.0019674117525199262,0.0030414723758515035,0.002318916871782779,0.0023902127259870383,0.0019677478404051224,0.012269805577217845
718.147755685608,0.00883631655661513,0.014250807316760754,0.0019674117525199262,0.0030426100927749998,0.0023194020030854936,0.002391141834327106,0.0019677569984237636,0.012399543398229095
717.9943178921967,0.009032195437444743,0.014384555960791055,0.0019674117525199262,0.0030437496123493727,0.002319888136873921,0.002392073995684478,0.0019677663971185565,0.01253072482884443
717.8408800987854,0.00923021475149773,0.014519767660271327,0.0019674117525199262,0.0030448909383720816,0.0023203752759049946,0.0023930092233926366,0.001967776042564966,0.012663363190116354
717.6874423053741,0.009430085988649263,0.014656455848838977,0.0019674117525199262,0.003046034074650545,0.0023208634229451024,0.0023939475308576005,0.0019677859409850088,0.012797471889480425
717.534004511961,0.00963155182905828,0.014794634046847107,0.0019674117525199262,0.0030471790250021953,0.002321352580770134,0.0023948889315584263,0.001967796098750607,0.01293306442084545
717.3805667185497,0.009834421232236724,0.0149343158614423,0.0019674117525199262,0.0030483257932544592,0.0023218427521655006,0.002395833439047632,0.0019678065223870146,0.013070154364667397
717.2271289251385,0.010038546044336707,0.015075514986651543,0.0019674117525199262,0.003049474383244867,0.0023223339399262065,0.002396781066951748,0.0019678172185763195,0.013208755388032106
717.0736911317272,0.010243809301794114,0.015218245203445717,0.0019674117525199262,0.0030506247988210354,0.0023228261468568666,0.0023977318289717543,0.0019678281941610185,0.013348881244714745
716.9202533383141,0.010450152522826881,0.015362520379806018,0.0019674117525199262,0.003051777043840719,0.0023233193757717565,0.0023986857388835882,0.0019678394561476707,0.013490545775241988
716.7668155449028,0.010657521124438425,0.015508354470772544,0.0019674117525199262,0.0030529311221717953,0.00232381362949483,0.002399642810538591,0.0019678510117106265,0.013633762906936409
716.6133777514915,0.010865895612701388,0.015655761518502974,0.0019674117525199262,0.003054087037692372,0.0023243089108597936,0.0024006030578640697,0.0019678628681958407,0.013778546653970603
716.4599399580802,0.011075248696117479,0.015804755652306345,0.0019674117525199262,0.00305524479429077,0.002324805222710124,0.002401566494863747,0.0019678750331247603,0.013924911117396646
716.3065021646671,0.0112855530831884,0.015955351088679882,0.0019674117525199262,0.0030564043958655794,0.002325302567899118,0.0024025331356182906,0.001967887514198302,0.014072870485178298
716.1530643712558,0.011496785381201332,0.016107562131327288,0.0019674117525199262,0.0030575658463256393,0.002325800949289914,0.0024035029942857675,0.0019679003193009102,0.014222439032204763
715.9996265778445,0.011708887108374212,0.016261403171187266,0.0019674117525199262,0.0030587291495901498,0.0023263003697555624,0.0024044760851022248,0.0019679134565047003,0.014373631120314336
715.8461887844314,0.011921772491426688,0.016416888686438088,0.0019674117525199262,0.003059894309588667,0.0023268008321790544,0.0024054524223821685,0.0019679269340736934,0.014526461198294212
715.6927509910201,0.012135340161936523,0.01657403324249403,0.0019674117525199262,0.0030610613302610905,0.0023273023394533407,0.0024064320205190452,0.0019679407604681395,0.01468094380187212
715.5393131976089,0.012349441966055832,0.016732851492010148,0.0019674117525199262,0.0030622302155577834,0.0023278048944814123,0.002407414893985833,0.0019679549443489277,0.014837093553715895
715.3858754041976,0.012563871268154675,0.016893358174860842,0.0019674117525199262,0.0030634009694395455,0.002328308500176315,0.0024084010573355184,0.0019679694945820966,0.014994925163407072
715.2324376107845,0.012778421432603108,0.01705556811812091,0.0019674117525199262,0.0030645735958776776,0.0023288131594612063,0.002409390525201652,0.0019679844202434345,0.015154453427416646
715.0789998173732,0.012992807848061772,0.017219496236027105,0.0019674117525199262,0.003065748098853958,0.0023293188752693712,0.002410383312298832,0.001967999730623177,0.01531569322906147
714.9255620239619,0.013206742004405846,0.017385157529950276,0.0019674117525199262,0.0030669244823607576,0.0023298256505443,0.0024113794334233124,0.0019680154352308054,0.015478659538470805
714.7721242305506,0.013419900302441265,0.01755256708833979,0.0019674117525199262,0.0030681027504010205,0.002330333488239709,0.002412378903453498,0.0019680315437999433,0.01564336741252532
714.6186864371375,0.013631947446617556,0.017721740086671017,0.0019674117525199262,0.0030692829069883234,0.0023308423913195936,0.002413381737350513,0.0019680480662933575,0.015809831994798934
714.4652486437262,0.013842520849885952,0.01789269178737193,0.0019674117525199262,0.0030704649561468546,0.002331352362758246,0.002414387950158704,0.0019680650129080615,0.015978068515479768
714.3118108503149,0.01405129691305239,0.018065437539761146,0.0019674117525199262,0.0030716489019115313,0.002331863405540336,0.0024153975570062633,0.0019680823940805272,0.01614809229130219
714.1583730569018,0.014257932542995455,0.018239992779958823,0.0019674117525199262,0.0030728347483279916,0.0023323755226609373,0.0024164105731057546,0.0019681002204920044,0.016319918725451837
714.0049352634906,0.014462139229590321,0.018416373030788386,0.0019674117525199262,0.0030740224994525852,0.002332888717125549,0.002417427013754637,0.00196811850307395,0.016493563307461368
713.8514974700793,0.01466366745056687,0.018594593901687616,0.0019674117525199262,0.0030752121593524947,0.0023334029919501783,0.0024184468943359047,0.001968137253013571,0.016669041613115172
713.698059676668,0.014862322266651568,0.018774671088590045,0.0019674117525199262,0.003076403732105712,0.002333918350161359,0.002419470230318611,0.0019681564817594834,0.016846369304324583
713.5446218832549,0.015057990613065769,0.018956620373809265,0.0019674117525199262,0.0030775972218011,0.00233443479479621,0.0024204970372584678,0.001968176201027485,0.017025562129005706
713.3911840898436,0.015250610109241941,0.01914045762590119,0.0019674117525199262,0.003078792632538372,0.002334952328902451,0.0024215273307983767,0.0019681964228064493,0.017206635920935246
713.2377462964323,0.015440243135747616,0.019326198799538088,0.0019674117525199262,0.0030799899684282117,0.002335470955538487,0.0024225611266690873,0.0019682171593643433,0.017389606599617663
713.084308503021,0.01562704564400162,0.019513859935351773,0.0019674117525199262,0.0030811892335922495,0.0023359906777734277,0.0024235984406897376,0.0019682384232543645,0.017574490170121696
712.9308707096079,0.01581127105505954,0.019703457159779714,0.0019674117525199262,0.003082390432163128,0.002336511498687144,0.0024246392887684732,0.0019682602273212073,0.017761302722919467
712.7774329161966,0.015993274158399202,0.019895006684888264,0.0019674117525199262,0.0030835935682844793,0.0023370334213702894,0.0024256836869029955,0.001968282584707456,0.017950060433702748
712.6239951227853,0.016173518909491612,0.02008852480820814,0.0019674117525199262,0.0030847986461110454,0.0023375564489243822,0.0024267316511812393,0.0019683055088601117,0.018140779563211064
712.4705573293741,0.01635259012615737,0.020284027912537726,0.0019674117525199262,0.003086005669808656,0.002338080584461825,0.002427783197781932,0.001968329013537249,0.018333476457027768
712.317119535961,0.01653115450071194,0.020481532465749602,0.0019674117525199262,0.0030872146435542954,0.002338605831105966,0.0024288383429752303,0.001968353112814812,0.018528167545379004
712.1636817425497,0.016709956701180223,0.020681055020572936,0.0019674117525199262,0.0030884255715360755,0.002339132191991115,0.0024298971031232876,0.0019683778210935455,0.018724869342908616
712.0102439491384,0.016889831067652926,0.02088261221438911,0.0019674117525199262,0.003089638457953364,0.002339659670262634,0.002430959494680953,0.00196840315310607,0.018923598448465792
711.8568061557253,0.017071670422002822,0.02108622076899578,0.0019674117525199262,0.0030908533070167724,0.0023401882690769586,0.00243202553419636,0.0019684291239241004,0.019124371544861293
711.703368362314,0.017256394877600983,0.021291897490360236,0.0019674117525199262,0.0030920701229481514,0.002340717991601629,0.002433095238311519,0.0019684557489658082,0.019327205398612834
711.5499305689027,0.01744496743445865,0.021499659268383747,0.0019674117525199262,0.0030932889099807115,0.0023412488410153743,0.0024341686237630347,0.0019684830440033353,0.019532116859700997
711.3964927754914,0.01763833549744518,0.021709523076631355,0.0019674117525199262,0.003094509672359004,0.002341780820508135,0.002435245707382693,0.0019685110251704612,0.019739122861290766
711.2430549820783,0.01783742697750259,0.021921505972065145,0.0019674117525199262,0.0030957324143389845,0.002342313933281121,0.0024363265060981377,0.00196853970897042,0.019948240419456188
711.089617188667,0.018043126898932706,0.022135625094751962,0.0019674117525199262,0.003096957140187992,0.002342848182546836,0.002437411036933468,0.001968569112283879,0.020159486632879493
710.9361793952557,0.018256265703040772,0.022351897667584945,0.0019674117525199262,0.003098183854184873,0.0023433835715291626,0.0024384993170099753,0.001968599252377077,0.020372878682563562
710.7827416018445,0.018477584159066206,0.02257034099596922,0.0019674117525199262,0.0030994125606199595,0.0023439201034633848,0.0024395913635467553,0.0019686301469101237,0.020588433831508702
710.6293038084314,0.018707706072684308,0.022790972467511286,0.0019674117525199262,0.003100643263795136,0.0023444577815962494,0.002440687193861399,0.001968661813945471,0.020806169424392736
710.4758660150201,0.01894712658964985,0.023013809551681783,0.0019674117525199262,0.0031018759680238187,0.002344996609185989,0.002441786825370617,0.001968694271956545,0.021026102887224517
710.3224282216088,0.01919623168972442,0.023238869799492818,0.0019674117525199262,0.003103110677631077,0.0023455365895024096,0.002442890275590994,0.001968727539836561,0.02124825172701148
710.1689904281975,0.019455247502465318,0.02346617084313801,0.0019674117525199262,0.003104347396953617,0.0023460777258269127,0.002443997562139622,0.001968761636907504,0.02147263353139006
710.0155526347844,0.019724213015727247,0.023695730395636425,0.0019674117525199262,0.0031055861303398466,0.0023466200214525587,0.0024451087027348157,0.001968796582929296,0.021699265968259614
709.8621148413731,0.020003046355015326,0.02392756625044899,0.0019674117525199262,0.0031068268821498523,0.0023471634796840904,0.002446223715196755,0.001968832398109141,0.021928166785388854
709.7086770479618,0.02029147850413208,0.024161696281110114,0.0019674117525199262,0.003108069656755528,0.0023477081038380215,0.002447342617448264,0.0019688691031110564,0.02215935381003695
709.5552392545487,0.020589092293032154,0.024398138440823287,0.0019674117525199262,0.0031093144585405677,0.002348253897242667,0.002448465427515478,0.001968906719065596,0.022392844948538684
709.4018014611374,0.020895318499036836,0.024636910762044276,0.0019674117525199262,0.00311056129190046,0.0023488008632381744,0.0024495921635285154,0.001968945267579757,0.022628658185877074
709.2483636677262,0.021209451441975943,0.024878031356077548,0.0019674117525199262,0.0031118101612426135,0.002349349005176613,0.0024507228437222763,0.0019689847707470964,0.022866811585268654
709.0949258743149,0.021530641186616878,0.025121518412632864,0.0019674117525199262,0.0031130610709863378,0.002349898326421998,0.0024518574864371093,0.0019690252511580307,0.023107323287709095
708.9414880809018,0.021857975417159517,0.02536739019938619,0.0019674117525199262,0.00311431402556291,0.0023504488303503564,0.0024529961101195704,0.001969066731910352,0.02335021151152271
708.7880502874905,0.022190424854239617,0.025615665061511445,0.0019674117525199262,0.003115569029415555,0.0023510005203497496,0.002454138733323102,0.0019691092366199386,0.023595494551882805
708.6346124940792,0.02252690953428181,0.025866361421228543,0.0019674117525199262,0.0031168260869995743,0.0023515533998203675,0.0024552853747088566,0.0019691527894316885,0.023843190780347762
708.4811747006679,0.022866326100997914,0.026119497777310416,0.0019674117525199262,0.0031180852027823235,0.00235210747217455,0.002456436053046387,0.0019691974150306537,0.024093318644356206
708.3277369072548,0.023207551704172383,0.026375092704594504,0.0019674117525199262,0.003119346381243282,0.0023526627408368564,0.0024575907872144286,0.001969243138653403,0.02434589666672624
708.1742991138435,0.02354949078508798,0.026633164853464154,0.0019674117525199262,0.003120609626874033,0.002353219209244088,0.002458749596201602,0.001969289986099595,0.02460094344512454
708.0208613204322,0.023891090671667635,0.02689373294934708,0.0019674117525199262,0.0031218749441783928,0.002353776880845382,0.0024599124991072615,0.00196933798374379,0.02485847765155196
707.867423527021,0.024231368869972743,0.027156815792171263,0.0019674117525199262,0.0031231423376723894,0.002354335759102238,0.00246107951514221,0.0019693871585474785,0.025118518031786653
707.7139857336078,0.02456943255813054,0.02742243225582581,0.0019674117525199262,0.0031244118118843337,0.0023548958474885837,0.002462250663629504,0.0019694375380713528,0.02538108340483174
707.5605479401966,0.02490450587783237,0.02769060128759047,0.0019674117525199262,0.0031256833713547965,0.002355457149490802,0.0024634259640051843,0.0019694891504878054,0.025646192662331587
707.4071101467853,0.02523592993433369,0.02796134190758339,0.0019674117525199262,0.003126957020636743,0.002356019668607824,0.0024646054358191463,0.0019695420245936833,0.0259138647680057
707.2536723533722,0.025563221278236153,0.0282346732081675,0.0019674117525199262,0.0031282327642955235,0.002356583408351164,0.0024657890987358957,0.001969596189823275,0.026184118757041346
707.1002345599609,0.025886001727349107,0.028510614353343507,0.0019674117525199262,0.0031295106069088715,0.0023571483722449526,0.002466976972535311,0.001969651676261552,0.026456973735472525
706.9467967665496,0.026204095836326366,0.028789184578158464,0.0019674117525199262,0.0031307905530670336,0.0023577145638260318,0.002468169077113535,0.0019697085146576703,0.0267324488795739
706.7933589731383,0.026517452920956818,0.029070403188069055,0.0019674117525199262,0.003132072607372748,0.0023582819866439834,0.0024693654324837353,0.0019697667364387225,0.02701056343520957
706.6399211797252,0.026826189944804582,0.029354289558310556,0.0019674117525199262,0.0031333567744413204,0.0023588506442611965,0.002470566058776957,0.001969826373723758,0.027291336717187028
706.4864833863139,0.02713056812649619,0.029640863133232685,0.0019674117525199262,0.0031346430589005974,0.002359420540252896,0.002471770976242892,0.001969887459338068,0.027574788108577938
706.3330455929026,0.027431000737291523,0.029930143425655028,0.0019674117525199262,0.0031359314653911056,0.0023599916782072387,0.0024729802052508043,0.001969950026827748,0.027860937060057836
706.1796077994914,0.02772800631565818,0.030222150016175703,0.0019674117525199262,0.003137221998566027,0.0023605640617253435,0.002474193766290313,0.001970014110474535,0.02814980308919919
706.0261700060782,0.028022212566056928,0.030516902552486118,0.0019674117525199262,0.003138514663091273,0.0023611376944213587,0.0024754116799722728,0.001970079745310922,0.028441405779769998
705.872732212667,0.02831432906744342,0.03081442074865151,0.0019674117525199262,0.0031398094636454653,0.002361712579922492,0.0024766339670295725,0.001970146967135566,0.02873576478099812
705.7192944192557,0.028605139475697258,0.031114724384412144,0.0019674117525199262,0.0031411064049200674,0.00236228872186911,0.002477860648318086,0.001970215812528988,0.029032899806855597
705.5658566258426,0.028895466434552732,0.03141783330443967,0.0019674117525199262,0.003142405491619382,0.0023628661239147716,0.0024790917448174995,0.0019702863188695643,0.029332830635298155
705.4124188324313,0.02918615208167151,0.03172376741757856,0.0019674117525199262,0.0031437067284605475,0.0023634447897262667,0.002480327277632148,0.0019703585243498194,0.02963557710748949
705.25898103902,0.029478046352286177,0.03203254669610623,0.0019674117525199262,0.0031450101201736715,0.0023640247229837147,0.002481567267991984,0.0019704324679930356,0.029941159127043534
705.1055432456087,0.02977197189013104,0.03234419117494282,0.0019674117525199262,0.00314631567150181,0.0023646059273805934,0.0024828117372534177,0.001970508189670163,0.030249596659216543
704.9521054521956,0.030068716249871164,0.03265872095086869,0.0019674117525199262,0.003147623387201045,0.002365188406623814,0.0024840607069002408,0.001970585730117053,0.030560909730106247
704.7986676587843,0.03036902020074597,0.032976156181705275,0.0019674117525199262,0.003148933272040461,0.0023657721644337482,0.0024853141985444797,0.0019706651309520104,0.030875118425814283
704.645229865373,0.03067355823264187,0.033296517085518715,0.0019674117525199262,0.0031502453308022826,0.0023663572045443306,0.0024865722339273964,0.001970746434693682,0.03119224289163073
704.4917920719618,0.030982922960950406,0.033619823939772295,0.0019674117525199262,0.0031515595682818564,0.0023669435307030907,0.002487834834920353,0.001970829684779267,0.03151230333116743
704.3383542785486,0.031297648519281046,0.03394609708048633,0.0019674117525199262,0.0031528759892877232,0.0023675311466712225,0.002489102023525772,0.001970914925583078,0.031835320005498234
704.1849164851374,0.03161815597646462,0.034275356901361013,0.0019674117525199262,0.0031541945986416006,0.0023681200562236217,0.0024903738218780146,0.0019710022024354355,0.03216131323226205
704.0314786917261,0.03194481571712084,0.03460762385292274,0.0019674117525199262,0.0031555154011785195,0.002368710263148982,0.0024916502522444157,0.001971091561641925,0.03249030338478861
703.8780408983148,0.032277904555018125,0.03494291844161788,0.0019674117525199262,0.003156838401746804,0.002369301771249832,0.002492931337026178,0.0019711830505030007,0.03282231089117177
703.7246031049017,0.03261764472092829,0.03528126122891437,0.0019674117525199262,0.0031581636052081504,0.0023698945843426064,0.002494217098759365,0.0019712767173339575,0.03315735623334999
703.5711653114904,0.03296416877355734,0.03562267283036545,0.0019674117525199262,0.0031594910164376043,0.002370488706257679,0.002495507560115808,0.0019713726114852638,0.0334954599461488
703.4177275180791,0.03331760147404034,0.0359671739146979,0.0019674117525199262,0.0031608206403237,0.002371084140839469,0.002496802743904177,0.001971470783363282,0.033836642616346974
703.264289724666,0.033677989607802924,0.036314785202850246,0.0019674117525199262,0.003162152481768459,0.002371680891946478,0.0024981026730709205,0.0019715712844513567,0.034180924881692734
703.1108519312547,0.03404539555541263,0.03666552746699468,0.0019674117525199262,0.003163486545687387,0.0023722789634513333,0.0024994073707012123,0.0019716741673312917,0.034528327429903166
702.9574141378434,0.03441984660836776,0.03701942152958201,0.0019674117525199262,0.003164822837009611,0.0023728783592408898,0.002500716860020048,0.001971779485705228,0.03487887099768593
702.8039763444322,0.03480137395695208,0.037376488262329685,0.0019674117525199262,0.003166161360677864,0.002373479083216265,0.0025020311643931944,0.0019718872944179135,0.03523257636970415
702.650538551019,0.035190016589020275,0.03773674858522045,0.0019674117525199262,0.003167502121648561,0.002374081139292917,0.002503350307328239,0.001971997649479382,0.035589464377551054
702.4971007576078,0.035585848581496306,0.03810022346545937,0.0019674117525199262,0.003168845124891777,0.0023746845314006793,0.002504674312475556,0.001972110608088038,0.035949555898683025
702.3436629641965,0.03598896740401693,0.03846693391645958,0.0019674117525199262,0.003170190375391394,0.002375289263483864,0.0025060032036294372,0.0019722262286541764,0.03631287185538041
702.1902251707852,0.03639947442500439,0.038836900996769314,0.0019674117525199262,0.0031715378781450787,0.0023758953395012997,0.0025073370047290744,0.0019723445708239116,0.03667943321364965
702.0367873773721,0.03681754119101939,0.03921014580900976,0.0019674117525199262,0.003172887638164359,0.0023765027634264097,0.0025086757398596455,0.0019724656955035485,0.0370492609821355
701.8833495839608,0.03724333534983716,0.039586689498771525,0.0019674117525199262,0.003174239660474611,0.0023771115392472457,0.002510019433253314,0.0019725896648843865,0.037422376210991676
701.7299117905495,0.0376770713346586,0.03996655325353946,0.0019674117525199262,0.0031755939501151966,0.002377721670966598,0.0025113681092903957,0.0019727165424679814,0.037798799990778995
701.5764739971382,0.038118955781113635,0.04034975830155869,0.0019674117525199262,0.0031769505121394454,0.00237833316260203,0.002512721792500378,0.0019728463930918515,0.038178553451304685
701.4230362037251,0.038569191426046756,0.04073632591071118,0.0019674117525199262,0.003178309351614738,0.0023789460181859587,0.0025140805075630416,0.0019729792829556486,0.0385616577604715
701.2695984103138,0.03902799270265883,0.04112627738735027,0.0019674117525199262,0.003179670473622484,0.002379560241765691,0.0025154442793094956,0.0019731152796477924,0.03894813412308452
701.1161606169026,0.03949553895508152,0.04151963407516514,0.0019674117525199262,0.003181033883258266,0.0023801758374035345,0.0025168131327233823,0.0019732544521725926,0.03933800377968707
700.9627228234895,0.03997196274202081,0.04191641735398898,0.0019674117525199262,0.003182399585631839,0.0023807928091768393,0.002518187092941949,0.001973396870977845,0.03973128800534021
700.8092850300782,0.04045733814040066,0.04231664863859088,0.0019674117525199262,0.003183767585867129,0.002381411161178047,0.0025195661852571273,0.001973542607982915,0.04012800810838537
700.6558472366669,0.04095168074536294,0.042720349377494984,0.0019674117525199262,0.0031851378891023766,0.0023820308975147967,0.0025209504351167648,0.0019736917366073347,0.040528185429233414
700.5024094432556,0.04145491258119825,0.043127541051736586,0.0019674117525199262,0.0031865105004901216,0.002382652022309967,0.0025223398681257126,0.0019738443317998925,0.0409318413390906
700.3489716498425,0.0419668582025604,0.0435382451736318,0.0019674117525199262,0.0031878854251972816,0.0023832745397017576,0.0025237345100470104,0.001974000470068245,0.04133899723869721
700.1955338564312,0.04248724079568098,0.04395248328550174,0.0019674117525199262,0.0031892626684051333,0.0023838984538437262,0.0025251343868029903,0.001974160229509042,0.041749674557020555
700.0420960630199,0.04301568217836934,0.04437027695843065,0.0019674117525199262,0.0031906422353094634,0.002384523768904902,0.0025265395244765524,0.0019743236898386004,0.042163894749980835
699.8886582696086,0.043551691103656184,0.04479164779095928,0.0019674117525199262,0.003192024131120545,0.002385150489069827,0.0025279499493122844,0.0019744909324240978,0.04258167929911223
699.7352204761955,0.0440946710573645,0.04521661740779203,0.0019674117525199262,0.0031934083610632227,0.002385778618538637,0.002529365687717694,0.001974662040315325,0.04300304971023686
699.5817826827843,0.04464392025810958,0.04564520745845883,0.0019674117525199262,0.003194794930376898,0.002386408161527102,0.002530786766264348,0.0019748370982769826,0.0434280275120932
699.428344889373,0.04519868234151012,0.04607743961601115,0.0019674117525199262,0.0031961838443156686,0.002387039122266744,0.002532213211689192,0.0019750161928215617,0.04385663425499769
699.2749070959617,0.045758103473548056,0.04651333557565276,0.0019674117525199262,0.0031975751081483204,0.002387671505004872,0.00253364505089571,0.0019751994122427768,0.044288891509440785
699.1214693025486,0.04632129473113609,0.04695291705338451,0.0019674117525199262,0.0031989687271584046,0.002388305314004672,0.0025350823109552005,0.0019753868466495933,0.04472482086469634
698.9680315091373,0.0468873554948305,0.04739620578460309,0.0019674117525199262,0.003200364706644223,0.0023889405535452457,0.002536525019107954,0.0019755785880008325,0.045164443927384536
698.814593715726,0.047455381246402105,0.047843223522735526,0.0019674117525199262,0.003201763051918974,0.0023895772279217274,0.0025379732027646183,0.001975774730140396,0.04560778232006951
698.6611559223129,0.04802449086033454,0.048293992037812074,0.0019674117525199262,0.0032031637683107577,0.002390215341445334,0.002539426889507419,0.001975975368833084,0.04605485767979518
698.5077181289016,0.048593888984391806,0.048748533115022134,0.0019674117525199262,0.0032045668611625708,0.0023908548984434134,0.0025408861070913887,0.0019761806018010228,0.04650569165660345
698.3542803354903,0.04916284654569089,0.04920686855330328,0.0019674117525199262,0.003205972335832459,0.0023914959032595618,0.002542350883445766,0.001976390528760749,0.04696030591208445
698.200842542079,0.04973078652398214,0.049669020163860864,0.0019674117525199262,0.0032073801976935023,0.0023921383602536687,0.002543821246675228,0.0019766052514609,0.04741872211785727
698.0474047486659,0.05029725276136549,0.050135009768704615,0.0019674117525199262,0.003208790452133896,0.0023927822738020023,0.002545297225061246,0.001976824873720568,0.04788096195406661
697.8939669552547,0.05086196454528707,0.0506048591991363,0.0019674117525199262,0.003210203104556935,0.002393427648297254,0.002546778847063339,0.0019770495014682942,0.04834704710783018
697.7405291618434,0.05142483610246651,0.05107859029427747,0.0019674117525199262,0.003211618160381168,0.00239407448814866,0.002548266141320521,0.0019772792427817537,0.04881699927172507
697.5870913684321,0.05198597659889699,0.051556224899526035,0.0019674117525199262,0.0032130356250403766,0.0023947227977820403,0.002549759136652577,0.0019775142079280876,0.049290840142202655
697.433653575019,0.052545701836201636,0.052037784865031,0.0019674117525199262,0.003214455503983667,0.002395372581639895,0.002551257862061467,0.001977754509404942,0.04976859141802074
697.2802157816077,0.05310455374556086,0.0525232920441173,0.0019674117525199262,0.003215877802675447,0.002396023844181443,0.002552762346732627,0.0019780002619821774,0.05025027479862531
697.1267779881964,0.05366327699499956,0.05301276829175227,0.0019674117525199262,0.003217302526595584,0.002396676589882747,0.0025542726200364603,0.0019782515827443193,0.050735911982572865
696.9733401947833,0.054222807293030674,0.05350623546294587,0.0019674117525199262,0.003218729681239404,0.002397330823236767,0.002555788711529686,0.001978508591133696,0.05122552466588602
696.819902401372,0.054784283085011626,0.05400371541113397,0.0019674117525199262,0.0032201592721176936,0.002397986548753409,0.002557310650956695,0.0019787714089943,0.05171913454039158
696.6664646079607,0.05534896757743491,0.05450522998659996,0.0019674117525199262,0.003221591304756854,0.002398643770959654,0.0025588384682510806,0.001979040160616418,0.05221676329209565
696.5130268145494,0.05591828772578276,0.055010801034821546,0.0019674117525199262,0.0032230257846988866,0.0023993024943995997,0.0025603721935370033,0.0019793149727819737,0.052718432599483785
696.3595890211363,0.05649374846124684,0.05552045039483851,0.0019674117525199262,0.0032244627175014766,0.0023999627236345558,0.0025619118571306764,0.0019795959748106534,0.05322416413184085
696.2061512277251,0.05707692879194276,0.056034199897568075,0.0019674117525199262,0.0032259021087379823,0.0024006244632430902,0.002563457489541752,0.0019798832986067734,0.053733979547518185
696.0527134343138,0.057669419422342535,0.056552071364166456,0.0019674117525199262,0.0032273439639975876,0.002401287717821154,0.0025650091214749087,0.001980177078706968,0.054247900492245545
695.8992756409025,0.058272799360561754,0.05707408660431386,0.0019674117525199262,0.0032287882888852875,0.002401952491982129,0.0025665667838312613,0.0019804774523286325,0.054765948597366255
695.7458378474894,0.05888858133536303,0.0576002674145217,0.0019674117525199262,0.003230235089021977,0.002402618790356924,0.002568130507709903,0.0019807845594191895,0.05528814547809341
695.5924000540781,0.059518168909515785,0.058130635576386626,0.0019674117525199262,0.003231684370044435,0.0024032866175940208,0.00256970032440934,0.00198109854270615,0.05581451273171238
695.4389622606668,0.060162833087083444,0.0586652128548924,0.0019674117525199262,0.003233136137605482,0.002403955978359602,0.0025712762654291348,0.001981419547748033,0.056345071935829855
695.2855244672555,0.06082367332556872,0.059204020996634306,0.0019674117525199262,0.003234590397373966,0.002404626877337602,0.00257285836247137,0.0019817477229860914,0.05687984464654498
695.1320866738424,0.061501559054131565,0.05974708172806618,0.0019674117525199262,0.003236047155034851,0.0024052993192298006,0.0025744466474422406,0.001982083219796904,0.05741885239664209
694.9786488804311,0.06219713357237463,0.060294416753694166,0.0019674117525199262,0.003237506416289202,0.002405973308755875,0.0025760411524535475,0.001982426192545811,0.057962116693729436
694.8252110870199,0.06291077506248856,0.06084604775431984,0.0019674117525199262,0.0032389681868543437,0.002406648850653528,0.002577641909824393,0.0019827767986412568,0.05850965901842602
694.6717732936067,0.06364259658925202,0.06140199638521133,0.0019674117525199262,0.003240432472463866,0.002407325949678547,0.00257924895208272,0.001983135198589988,0.05906150082247591
694.5183355001955,0.06439242660610428,0.061962284274258206,0.0019674117525199262,0.0032418992788676233,0.0024080046106048614,0.002580862311966868,0.0019835015560531436,0.059617663526845416
694.3648977067842,0.06515979725878888,0.06252693302017207,0.0019674117525199262,0.0032433686118318976,0.0024086848382246758,0.002582482022427307,0.0019838760379032997,0.06017816851986459
694.2114599133729,0.06594395218292452,0.06309596419060587,0.0019674117525199262,0.0032448404771393833,0.00240936663734852,0.0025841081166282087,0.0019842588142823876,0.06074303715528707
694.0580221199598,0.06674390498578714,0.0636693993202994,0.0019674117525199262,0.0032463148805892774,0.0024100500128053483,0.0025857406279491337,0.001984650058660579,0.06131229075037477
693.9045843265485,0.06755838076452782,0.06424725990916877,0.0019674117525199262,0.003247791827997267,0.002410734969442594,0.0025873795899866237,0.0019850499478960898,0.0618859505839259
693.7511465331372,0.06838589408188227,0.06482956742045067,0.0019674117525199262,0.0032492713251956913,0.0024114215121262992,0.0025890250365560048,0.001985458662295992,0.06246403789435639
693.5977087397259,0.06922474896617076,0.0654163432787634,0.0019674117525199262,0.003250753378033526,0.002412109645741173,0.002590677001693008,0.0019858763856779554,0.06304657387769745
693.4442709463128,0.07007309739308021,0.06600760886819582,0.0019674117525199262,0.003252237992376476,0.002412799375190688,0.002592335519655522,0.001986303305433002,0.06363357968561983
693.2908331529015,0.07092893148809327,0.06660338553033919,0.0019674117525199262,0.0032537251741069635,0.0024134907053971364,0.0025940006249252465,0.001986739612589236,0.0642250764234003
693.1373953594903,0.0717901848949105,0.06720369456237642,0.0019674117525199262,0.00325521492912429,0.0024141836413017668,0.0025956723522095543,0.0019871855018766334,0.06482108514794388
692.983957566079,0.07265469768638116,0.06780855721508633,0.0019674117525199262,0.0032567072633446223,0.002414878187864836,0.0025973507364431764,0.0019876411717928174,0.06542162686572058
692.8305197726659,0.07352029434021266,0.06841799469087721,0.0019674117525199262,0.0032582021827010886,0.0024155743500657158,0.002599035812790018,0.0019881068246698974,0.06602672253073019
692.6770819792546,0.07438483442318163,0.06903202814176293,0.0019674117525199262,0.003259699693143762,0.0024162721329029453,0.0026007276166448716,0.0019885826667423376,0.06663639304240872
692.5236441858433,0.07524620869234845,0.06965067866739823,0.0019674117525199262,0.0032611998006398272,0.0024169715413943707,0.0026024261836353484,0.001989068908215951,0.06725065924359244
692.3702063924302,0.07610237808291198,0.07027396731303572,0.0019674117525199262,0.003262702511173586,0.00241767258057721,0.0026041315496236448,0.0019895657633379215,0.06786954191840305
692.2167685990189,0.0769514360887771,0.070901915067468,0.0019674117525199262,0.003264207830746461,0.002418375255508116,0.0026058437507083237,0.001990073450467933,0.06849306179011687
692.0633308056076,0.0777915892686273,0.07153454286102448,0.0019674117525199262,0.003265715765377164,0.0024190795712633177,0.002607562823226296,0.001990592192150455,0.06912123951908695
691.9098930121963,0.07862122352527777,0.0721718715634799,0.0019674117525199262,0.0032672263211016806,0.002419785532938676,0.002609288803754618,0.001991122215188102,0.06975409570057653
691.7564552187832,0.07943885732024965,0.07281392198199552,0.0019674117525199262,0.003268739503973368,0.0024204931456497923,0.002611021729112424,0.0019916637507161696,0.07039165086262347
691.603017425372,0.08024323134583594,0.07346071485900108,0.0019674117525199262,0.0032702553200629416,0.0024212024145320666,0.0026127616363627567,0.0019922170342782926,0.07103392546384472
691.4495796319607,0.08103324614453393,0.07411227087014088,0.0019674117525199262,0.003271773775458643,0.0024219133447408387,0.0026145085628146185,0.001992782305903331,0.07168093989130316
691.2961418385494,0.08180802059082726,0.07476861062213058,0.0019674117525199262,0.0032732948762662275,0.0024226259414514483,0.0026162625460248385,0.0019933598101833897,0.07233271445828439
691.1427040451363,0.08256684120697477,0.07542975465064801,0.0019674117525199262,0.0032748186286090625,0.0024233402098593443,0.0026180236238000734,0.00199394979635307,0.07298926940210616
690.989266251725,0.08330922844236362,0.07609572341816394,0.0019674117525199262,0.0032763450386281132,0.0024240561551801434,0.002619791834198711,0.001994552518369904,0.07365062488186677
690.8358284583137,0.08403487039415614,0.07676653731184023,0.0019674117525199262,0.0032778741124821144,0.0024247737826497773,0.0026215672155329942,0.0019951682349960897,0.07431680097625896
690.6823906649024,0.08474364230121727,0.07744221664133617,0.0019674117525199262,0.0032794058563475575,0.0024254930975245504,0.0026233498063709558,0.0019957972098814027,0.07498781768129141
690.5289528714893,0.08543561434168548,0.07812278163665155,0.0019674117525199262,0.0032809402764187885,0.002426214105081253,0.0026251396455385,0.0019964397116474207,0.0756636949080453
690.375515078078,0.08611099315119071,0.07880825244590849,0.0019674117525199262,0.0032824773789079968,0.002426936810617224,0.0026269367721213736,0.001997096013972976,0.07634445248036863
690.2220772846667,0.0867701842034219,0.07949864913320327,0.0019674117525199262,0.003284017170045387,0.002427661219450496,0.002628741225467368,0.0019977663956809878,0.07703011013263873
690.0686394912536,0.0874137411259159,0.08019399167637375,0.0019674117525199262,0.0032855596560791853,0.0024283873369198676,0.0026305530451883508,0.0019984511408265354,0.07772068750743952
689.9152016978423,0.08804236180127195,0.0808942999647547,0.0019674117525199262,0.003287104843275649,0.0024291151683849726,0.002632372271162317,0.001999150538786258,0.0784162041532252
689.7617639044311,0.08865688056958074,0.08159959379699652,0.0019674117525199262,0.003288652737919234,0.0024298447192264323,0.0026341989435356497,0.0019998648843491747,0.07911667952204574
689.6083261110198,0.08925827602599541,0.08230989287879001,0.0019674117525199262,0.003290203346312591,0.0024305759948459165,0.0026360331027251885,0.0020005944778087844,0.07982213296717723
689.4548883176067,0.08984767102073152,0.08302521682063094,0.0019674117525199262,0.0032917566747766606,0.0024313090006662617,0.0026378747894204462,0.002001339625056594,0.08053258374079068
689.3014505241954,0.09042628197485586,0.08374558513552201,0.0019674117525199262,0.0032933127296506637,0.0024320437421315334,0.0026397240445857166,0.0020021006376769917,0.08124805099155681
689.1480127307841,0.09099547736206864,0.08447101723675046,0.0019674117525199262,0.003294871517292278,0.002432780224707179,0.0026415809094624187,0.0020028778330436186,0.08196855376232468
688.9945749373728,0.09155673092327778,0.08520153243556942,0.0019674117525199262,0.003296433044077625,0.002433518453880092,0.002643445425571245,0.002003671534417082,0.08269411098770309
688.8411371439597,0.09211160997024244,0.08593714993892114,0.0019674117525199262,0.003297997316401372,0.002434258435158733,0.00264531763471446,0.0020044820710441724,0.08342474149168211
688.6876993505484,0.09266182606978424,0.08667788884709735,0.0019674117525199262,0.0032995643406767256,0.0024350001740731948,0.0026471975789780925,0.0020053097782584835,0.08416046398519056
688.5342615571371,0.0932091531692923,0.08742376815147783,0.0019674117525199262,0.0033011341233356016,0.002435743676175354,0.0026490853007343626,0.0020061549975826146,0.0849012970637296
688.380823763724,0.09375546658457799,0.08817480673218035,0.0019674117525199262,0.003302706670828639,0.0024364889470389517,0.0026509808426439375,0.0020070180768317816,0.08564725920491675
688.2273859703128,0.09430271570837664,0.08893102335570098,0.0019674117525199262,0.0033042819896252074,0.002437235992259668,0.002652884247658207,0.0020078993702189463,0.08639836876601865
688.0739481769015,0.0948529240103475,0.0896924366726246,0.0019674117525199262,0.003305860086213585,0.002437984817455277,0.00265479555902178,0.002008799238461571,0.0871546439815521
687.9205103834902,0.09540813445407717,0.09045906521523876,0.0019674117525199262,0.0033074409671009484,0.002438735428265718,0.002656714820274781,0.002009718048889827,0.0879161029607872
687.7670725900771,0.09597046018129071,0.09123092739519051,0.0019674117525199262,0.003309024638813477,0.002439487830353218,0.0026586420752553056,0.002010656175556429,0.08868276368529178
687.6136347966658,0.09654198314342947,0.09200804150108173,0.0019674117525199262,0.0033106111078963444,0.0024402420294023603,0.002660577368101759,0.002011613999348006,0.08945464400641297
687.4601970032545,0.0971247774943638,0.09279042569614655,0.0019674117525199262,0.0033122003809138963,0.0024409980311202424,0.0026625207432554488,0.002012591908098175,0.0902317616428385
687.3067592098432,0.0977208745013239,0.09357809801582896,0.0019674117525199262,0.0033137924644496427,0.00244175584123655,0.0026644722454629696,0.002013590296702145,0.09101413417805736
687.1533214164301,0.09833223525340148,0.09437107636540855,0.0019674117525199262,0.003315387365106363,0.0024425154655036804,0.0026664319197787518,0.0020146095672330254,0.09180177905786643
686.9998836230188,0.09896072337005152,0.09516937851756092,0.0019674117525199262,0.003316985089506099,0.0024432769096968134,0.0026683998115674926,0.0020156501290597255,0.0925947135878105
686.8464458296075,0.09960805041809562,0.09597302211000587,0.0019674117525199262,0.0033185856442903314,0.002444040179614075,0.0026703759665068455,0.002016712398966663,0.09339295493070766
686.6930080361963,0.10027578370929295,0.09678202464305327,0.0019674117525199262,0.0033201890361199762,0.0024448052810766095,0.0026723604305898983,0.0020177968012750507,0.09419652010407144
686.5395702427832,0.10096528781855826,0.09759640347719911,0.0019674117525199262,0.0033217952716754905,0.002445572219928707,0.00267435325012782,0.002018903767965974,0.09500542597758083
686.3861324493719,0.10167771288760535,0.09841617583065634,0.0019674117525199262,0.003323404357656862,0.0024463410020378776,0.0026763544717523873,0.002020033738805138,0.09581968927048379
686.2326946559606,0.10241396343466344,0.09924135877697639,0.0019674117525199262,0.0033250163007837947,0.002447111633295015,0.0026783641424187737,0.0020211871614694956,0.09663932654908901
686.0792568625475,0.10317467106297876,0.1000719692425765,0.0019674117525199262,0.0033266311077957186,0.002447884119614483,0.0026803823094081534,0.002022364491675549,0.0974643542241623
685.9258190691362,0.10396019446081457,0.10090802400426128,0.0019674117525199262,0.003328248785451804,0.0024486584669341977,0.002682409020330326,0.002023566193309431,0.09829478854831523
685.7723812757249,0.10477059600873846,0.10174953968682554,0.0019674117525199262,0.0033298693405311433,0.0024494346812157963,0.0026844443231265848,0.002024792738558944,0.09913064561347278
685.6189434823136,0.10560560669055291,0.10259653276055442,0.0019674117525199262,0.003331492779832745,0.002450212768444713,0.002686488266072373,0.002026044608047289,0.099971941348237
685.4655056889005,0.10646470017021942,0.10344901953877611,0.0019674117525199262,0.0033331191101756436,0.002450992734630312,0.0026885408977801047,0.002027322290968739,0.10081869151530101
685.3120678954892,0.10734701091736348,0.10430701617535003,0.0019674117525199262,0.0033347483383988916,0.002451774585805962,0.0026906022672018776,0.0020286262852261022,0.1016709117087969
685.158630102078,0.10825140828419863,0.1051705386622503,0.0019674117525199262,0.003336380471361745,0.0024525583280292115,0.0026926724236324443,0.0020299570975702325,0.10252861735173638
685.0051923086667,0.10917647311281356,0.10603960282704386,0.0019674117525199262,0.003338015515943659,0.002453343967381863,0.0026947514167119744,0.0020313152437413063,0.10339182369334476
684.8517545152536,0.11012054841938325,0.10691422433042494,0.0019674117525199262,0.0033396534790443968,0.002454131509970111,0.002696839296428991,0.0020327012486121314,0.10426054580644901
684.6983167218423,0.11108177058445273,0.1077944186636832,0.0019674117525199262,0.003341294367584023,0.002454920961924619,0.002698936113123184,0.002034115646333316,0.10513479858479775
684.544878928431,0.1120580615553662,0.10868020114627186,0.0019674117525199262,0.0033429381885030926,0.002455712329400696,0.0027010419174884983,0.0020355589804805802,0.1060145967404787
684.3914411350197,0.11304723411347459,0.10957158692326832,0.0019674117525199262,0.0033445849487626473,0.0024565056185783746,0.0027031567605760093,0.002037031804203906,0.10689995480122709
684.2380033416066,0.11404698797535026,0.11046859096289396,0.0019674117525199262,0.0033462346553443227,0.0024573008356625504,0.0027052806937969687,0.0020385346803788043,0.10779088710779103
684.0845655481953,0.11505495657821253,0.11137122805396699,0.0019674117525199262,0.003347887315250346,0.0024580979868830642,0.002707413768925734,0.0020400681817595197,0.10868740781122803
683.931127754784,0.11606878115685168,0.11227951280345912,0.0019674117525199262,0.003349542935503726,0.0024588970784948767,0.0027095560381029753,0.0020416328911344738,0.10958953087030276
683.7776899613709,0.11708614973148362,0.11319345963395396,0.0019674117525199262,0.0033512015231482667,0.002459698116778164,0.00271170755383869,0.0020432294014836364,0.1104972700487849
683.6242521679596,0.11810480880410636,0.11411308278110217,0.0019674117525199262,0.003352863085248582,0.002460501108038408,0.002713868369015244,0.0020448583161379874,0.11141063891274165
683.4708143745484,0.1191226686257076,0.11503839629117214,0.0019674117525199262,0.0033545276288902874,0.002461306058606578,0.002716038536890669,0.0020465202489412856,0.11232965082792302
683.3173765811371,0.12013779539869393,0.1159694140184908,0.0019674117525199262,0.0033561951611799992,0.0024621129748392135,0.0027182181111017447,0.0020482158244137833,0.11325431895703576
683.163938787724,0.12114849315138565,0.11690614962294814,0.0019674117525199262,0.003357865689245441,0.00246292186311857,0.002720407145667258,0.002049945677918235,0.11418465625707834
683.0105009943127,0.12215330373801671,0.1178486165674343,0.0019674117525199262,0.003359539220235446,0.0024637327298527006,0.00272260569499114,0.0020517104558279656,0.11512067547660675
682.8570632009014,0.12315104582658953,0.11879682811538664,0.0019674117525199262,0.00336121576132015,0.0024645455814756427,0.002724813813865898,0.002053510815697355,0.11606238915310729
682.7036254074901,0.12414084608915871,0.11975079732822552,0.0019674117525199262,0.0033628953196909836,0.002465360424447504,0.0027270315574758155,0.0020553474264343534,0.11700980961025657
682.550187614077,0.12512216649332927,0.12071053706285642,0.0019674117525199262,0.003364577902560792,0.0024661772652546064,0.002729258981400343,0.002057220968475373,0.117962948955245
682.3967498206657,0.12609477701075844,0.1216760599691042,0.0019674117525199262,0.003366263517163828,0.002466996110409578,0.002731496141617366,0.0020591321339623217,0.11892181907603082
682.2433120272544,0.12705879070622492,0.12264737848726157,0.0019674117525199262,0.0033679521707559515,0.0024678169664515363,0.0027337430945067655,0.0020610816269221546,0.11988643163870487
682.0898742338431,0.12801464424370135,0.1236245048455242,0.0019674117525199262,0.003369643870614624,0.0024686398399461794,0.002735999896853751,0.0020630701634485283,0.12085679808474083
681.93643644043,0.12896309398756908,0.12460745105749575,0.0019674117525199262,0.003371338624039027,0.0024694647374859336,0.002738266605852388,0.0020650984718859223,0.12183292962831219
681.7829986470188,0.12990518481233423,0.12559622891962402,0.0019674117525199262,0.0033730364383500553,0.0024702916656900464,0.0027405432791089953,0.002067167293015987,0.12281483725353864
681.6295608536075,0.1308422540014132,0.12659085000875545,0.0019674117525199262,0.0033747373208905212,0.002471120631204774,0.0027428299746458497,0.002069277380246507,0.1238025317118475
681.4761230601944,0.13177584547385238,0.12759132567958711,0.0019674117525199262,0.0033764412790251684,0.002471951640703485,0.002745126750904682,0.002071429499802571,0.1247960235192309
681.3226852667831,0.1327077331770409,0.1285976670621192,0.0019674117525199262,0.00337814832014069,0.002472784700886762,0.0027474336667502063,0.002073624430920142,0.1257953229535011
681.1692474733718,0.1336398470097867,0.12960988505921806,0.0019674117525199262,0.003379858451645928,0.002473619818482595,0.0027497507814739338,0.0020758629660423255,0.12680044005165297
681.0158096799605,0.13457424942960378,0.13062799034406228,0.0019674117525199262,0.0033815716809718734,0.002474457000246474,0.0027520781547977474,0.0020781459110178445,0.12781138460710803
680.8623718865474,0.1355130652745736,0.13165199335766453,0.0019674117525199262,0.003383288015571785,0.002475296252961546,0.0027544158468776783,0.0020804740853021687,0.12882816616703105
680.7089340931361,0.13645845837063236,0.13268190430632343,0.0019674117525199262,0.0033850074629211864,0.0024761375834387077,0.002756763918307557,0.00208284832216099,0.1298507940295747
680.5554962997248,0.13741257694857437,0.13371773315920152,0.0019674117525199262,0.0033867300305180687,0.0024769809985168032,0.002759122430122972,0.0020852694688765216,0.13087927724124684
680.4020585063136,0.13837750295984097,0.13475948964578538,0.0019674117525199262,0.003388455725882891,0.0024778265050627215,0.002761491443804997,0.0020877383869560705,0.1319136245941584
680.2486207129004,0.13935521308866572,0.13580718325342395,0.0019674117525199262,0.0033901845565586994,0.002478674109971551,0.0027638710212841196,0.002090255952343368,0.13295384462334592
680.0951829194892,0.14034754366300534,0.1368608232247969,0.0019674117525199262,0.0033919165301111278,0.0024795238201666832,0.00276626122494404,0.002092823055632323,0.13399994560402242
679.9417451260779,0.1413561360715429,0.1379204185555129,0.0019674117525199262,0.0033936516541286004,0.002480375642600006,0.0027686621176257918,0.0020954406022837056,0.1350519355489545
679.7883073326648,0.1423824172697607,0.13898597799160162,0.0019674117525199262,0.0033953899362223544,0.002481229584252019,0.0027710737626316503,0.0020981095128442028,0.1361098222057311
679.6348695392535,0.14342757638722725,0.14005751002701103,0.0019674117525199262,0.0033971313840264576,0.00248208565213194,0.00277349622372908,0.0021008307231681483,0.1371736130540351
679.4814317458422,0.1444925257397427,0.1411350229012239,0.0019674117525199262,0.0033988760051980155,0.0024829438532779097,0.0027759295651549744,0.002103605184642223,0.1382433153030305
679.3279939524309,0.14557790082933872,0.14221852459675577,0.0019674117525199262,0.003400623807417171,0.0024838041947570937,0.0027783738516196596,0.0021064338644125554,0.13931893588862898
679.1745561590178,0.14668401745763848,0.1433080228367352,0.0019674117525199262,0.0034023747983872297,0.002484666683665845,0.002780829148311107,0.0021093177456147543,0.14040048147083595
679.0211183656065,0.14781093020763855,0.14440352508241416,0.0019674117525199262,0.003404128985834659,0.0024855313271298068,0.0027832955208990135,0.002112257827606496,0.14148795843102388
678.8676805721952,0.14895837396192693,0.14550503853081576,0.0019674117525199262,0.003405886377509297,0.0024863981323041216,0.0027857730355392183,0.0021152551262032335,0.14258137286933958
678.714242778784,0.1501258028905377,0.14661257011226023,0.0019674117525199262,0.0034076469811843537,0.002487267106373532,0.002788261758877869,0.0021183106739163693,0.1436807306019878
678.5608049853709,0.15131241384366398,0.14772612648797753,0.0019674117525199262,0.0034094108046565366,0.0024881382565525518,0.0027907617580558105,0.002121425520194461,0.1447860371585979
678.4073671919596,0.15251713465530128,0.1488457140476496,0.0019674117525199262,0.0034111778557460513,0.002489011590085569,0.0027932731007128345,0.00212460073166705,0.1458972977795178
678.2539293985483,0.15373869042260074,0.1499713389070938,0.0019674117525199262,0.003412948142296813,0.002489887114247059,0.0027957958549922764,0.002127837392391736,0.14701451741324562
678.100491605137,0.15497561130343993,0.15110300690582376,0.0019674117525199262,0.003414721672176449,0.0024907648363416885,0.0027983300895453593,0.002131136604103766,0.1481377007137362
677.9470538117239,0.1562262715042776,0.1522407236046997,0.0019674117525199262,0.003416498453276424,0.0024916447637044906,0.0028008758735357576,0.0021344994864687683,0.14926685203779397
677.7936160183126,0.15748893606557932,0.15338449428350834,0.0019674117525199262,0.003418278493512044,0.002492526903700972,0.002803433276644034,0.0021379271773381697,0.15040197544239284
677.6401782249013,0.15876180374845766,0.15453432393868813,0.0019674117525199262,0.003420061800822668,0.0024934112637273256,0.0028060023690724186,0.0021414208330079844,0.15154307468213743
677.4867404314882,0.16004303042738502,0.15569021728094434,0.0019674117525199262,0.003421848383171734,0.0024942978512105555,0.002808583221549368,0.002144981628480213,0.15269015320661217
677.3333026380769,0.16133079926833208,0.1568521787328747,0.0019674117525199262,0.00342363824854678,0.0024951866736085964,0.002811175905334169,0.0021486107577272286,0.1538432141577376
677.1798648446656,0.1626233519190516,0.15802021242672973,0.0019674117525199262,0.0034254314049596605,0.0024960777384105317,0.0028137804922218654,0.0021523094339595665,0.1550022603672578
677.0264270512544,0.16391900410422028,0.15919432220204888,0.0019674117525199262,0.003427227860446547,0.0024969710531367066,0.00281639705454793,0.002156078889896339,0.15616729435410107
676.8729892578413,0.16521623529750454,0.160374511603391,0.0019674117525199262,0.003429027623068064,0.0024978666253389066,0.00281902566519317,0.002159920378038955,0.15733831832183162
676.71955146443,0.1665136809239897,0.16156078387799458,0.0019674117525199262,0.0034308307009092865,0.0024987644626004698,0.002821666397588493,0.0021638351709476677,0.15851533415602836
676.5661136710187,0.16781017134803455,0.16275314197359028,0.0019674117525199262,0.003432637102079962,0.002499664572536511,0.002824319325720042,0.002167824561521674,0.1596983434218118
676.4126758776074,0.16910478645626803,0.16395158853608846,0.0019674117525199262,0.0034344468347145118,0.0025005669627940364,0.0028269845241340632,0.00217188986328188,0.1608873473612437
676.2592380841943,0.17039682056851996,0.1651561259073639,0.0019674117525199262,0.0034362599069721637,0.002501471641052126,0.002829662067942017,0.0021760324106571017,0.16208234689082018
676.105800290783,0.17168583702081763,0.16636675612297,0.0019674117525199262,0.003438076327036959,0.002502378615022053,0.0028323520328255524,0.002180253559273126,0.16328334259889202
675.9523624973717,0.17297165646902937,0.16758348091001027,0.0019674117525199262,0.0034398961031179677,0.0025032878924475042,0.0028350544950418487,0.0021845546862454598,0.16449033474323718
675.7989247039604,0.17425436858522106,0.16880630168488261,0.0019674117525199262,0.0034417192434492974,0.0025041994811047063,0.002837769531428697,0.0021889371904747893,0.16570332324850484
675.6454869105473,0.17553430086737215,0.1700352195511251,0.0019674117525199262,0.0034435457562902267,0.002505113388802608,0.0028404972194098275,0.0021934024929459667,0.16692230770375618
675.492049117136,0.17681203423451783,0.17127023529718982,0.0019674117525199262,0.0034453756499252097,0.0025060296233830014,0.002843237637000094,0.0021979520370299307,0.16814728735993129
675.3386113237248,0.17808834454496675,0.17251134939437998,0.0019674117525199262,0.003447208932664097,0.002506948192720752,0.002845990862811042,0.002202587288789418,0.16937826112747437
675.1851735303117,0.17936420259630106,0.17375856199467185,0.0019674117525199262,0.0034490456128421685,0.002507869104723934,0.002848756976056243,0.002207309737287495,0.1706152275738417
675.0317357369004,0.18064072733995085,0.17501187292855314,0.0019674117525199262,0.0034508856988201535,0.0025087923673339663,0.0028515360565566795,0.0022121208948993744,0.17185818492102267
674.8782979434891,0.18191917418483763,0.17627128170301254,0.0019674117525199262,0.00345272919898446,0.002509717988525842,0.002854328184746488,0.002217022297628061,0.17310713104320738
674.7248601500778,0.18320082973016677,0.17753678749939847,0.0019674117525199262,0.0034545761217471796,0.002510645976308259,0.0028571334416784278,0.0022220155054227895,0.1743620634643215
674.5714223566647,0.18448705465206747,0.17880838917138603,0.0019674117525199262,0.003456426475546227,0.0025115763387238096,0.002859951909029614,0.0022271021025011568,0.17562297935566493
674.4179845632534,0.18577916284124335,0.18008608524287192,0.0019674117525199262,0.0034582802688453438,0.0025125090838491082,0.002862783669107101,0.002232283697674282,0.1768898755334758
674.2645467698421,0.1870784253017578,0.18136987390603956,0.0019674117525199262,0.003460137510134326,0.002513444219795031,0.002865628804853869,0.0022375619246759655,0.17816274845666008
674.1111089764308,0.18838600777046657,0.18265975301929274,0.0019674117525199262,0.003461998207929035,0.002514381754706844,0.0028684873998545326,0.002242938442494666,0.17944159422438738
673.9576711830177,0.1897029278303775,0.18395572010530006,0.0019674117525199262,0.0034638623707715322,0.0025153216967644014,0.002871359538341315,0.002248414935709277,0.18072640857379324
673.8042333896065,0.19103001982158127,0.18525777234896762,0.0019674117525199262,0.003465730007230091,0.0025162640541822757,0.0028742453051998815,0.0022539931148279698,0.1820171868776071
673.6507955961952,0.1923679231448951,0.18656590659558644,0.0019674117525199262,0.0034676011258994214,0.002517208835209999,0.0028771447859755753,0.0022596747166311547,0.18331392414195
673.4973578027839,0.19371701208372413,0.18788011934884682,0.0019674117525199262,0.0034694757354006844,0.0025181560481322015,0.0028800580668793814,0.002265461504517288,0.18461661500399698
673.3439200093708,0.1950774191967744,0.189200406768967,0.0019674117525199262,0.0034713538443816297,0.0025191057012688054,0.0028829852347941544,0.0022713552688525666,0.18592525372974955
673.1904822159595,0.19644901192533987,0.1905267646707498,0.0019674117525199262,0.003473235461516605,0.002520057802975166,0.002885926377280711,0.0022773578273237354,0.1872398342117333
673.0370444225482,0.19783135360544787,0.19185918852181869,0.0019674117525199262,0.0034751205955067892,0.0025210123616423168,0.0028888815825843317,0.002283471025295126,0.18856034996686982
672.8836066291351,0.19922376974721195,0.19319767344073505,0.0019674117525199262,0.0034770092550802222,0.0025219693856971172,0.002891850939641022,0.0022896967361686286,0.18988679413422777
672.7301688357238,0.20062528955304995,0.19454221419513842,0.0019674117525199262,0.0034789014489918406,0.002522928883602404,0.002894834538083837,0.002296036861747204,0.19121915947279283
672.5767310423125,0.20203473558974971,0.195892805200052,0.0019674117525199262,0.003480797186023706,0.002523890863857241,0.002897832468249593,0.002302493332602653,0.1925574383593985
672.4232932489012,0.2034506925981854,0.19724944051605475,0.0019674117525199262,0.003482696474985019,0.00252485533499706,0.002900844821185299,0.002309068108446246,0.19390162278652084
672.2698554554881,0.2048715503799577,0.19861211384757246,0.0019674117525199262,0.0034845993247122654,0.0025258223055938684,0.0029038716886548694,0.002315763178503409,0.19525170436018777
672.1164176620769,0.2062955778743176,0.19998081854109684,0.0019674117525199262,0.0034865057440692246,0.002526791784256394,0.0029069131631456937,0.0023225805618915718,0.19660767429781367
671.9629798686656,0.2077209192593811,0.20135554758359156,0.0019674117525199262,0.003488415741947206,0.0025277637796303374,0.0029099693378756416,0.0023295223080024444,0.19796952342621563
671.8095420752543,0.20914567192783853,0.20273629360076192,0.0019674117525199262,0.0034903293272650605,0.002528738300398521,0.002913040306799777,0.0023365904968871577,0.19933724217949111
671.6561042818412,0.21056790987966742,0.20412304885544819,0.0019674117525199262,0.0034922465089693307,0.0025297153552810976,0.002916126164617366,0.002343787239645557,0.20071082059701453
671.5026664884299,0.21198575000148542,0.20551580524594598,0.0019674117525199262,0.003494167296034259,0.0025306949530357,0.0029192270067787455,0.002351114678818662,0.20209024832135833
671.3492286950186,0.21339738325683422,0.20691455430451852,0.0019674117525199262,0.0034960916974620293,0.0025316771024577007,0.0029223429294926253,0.002358574988785677,0.2034755145964002
671.1957909016055,0.21480114096553235,0.20831928719578768,0.0019674117525199262,0.0034980197222828,0.0025326618123803738,0.0029254740297331465,0.002366170376163945,0.20486660826530712
671.0423531081942,0.2161955026012463,0.2097299947151516,0.0019674117525199262,0.003499951379554741,0.0025336490916750528,0.0029286204052470124,0.002373903080212584,0.20626351776854193
670.8889153147829,0.21757916986841427,0.2111466672873804,0.0019674117525199262,0.0035018866783642767,0.0025346389492513994,0.002931782154561036,0.002381775373240679,0.20766623114204272
670.7354775213716,0.21895105890467553,0.2125692949650733,0.0019674117525199262,0.003503825627826094,0.0025356313940575526,0.0029349593769893907,0.002389789561018298,0.20907473601526166
670.5820397279585,0.2203103470662957,0.21399786742724486,0.0019674117525199262,0.0035057682370832986,0.0025366264350803517,0.002938152172641176,0.0023979479831918163,0.21048901960932792
670.4286019345473,0.22165648852330896,0.21543237397783863,0.0019674117525199262,0.0035077145153074273,0.002537624081345489,0.0029413606424278293,0.0024062530137024074,0.21190906873513518
670.275164141136,0.22298921815830325,0.2168728035444398,0.0019674117525199262,0.0035096644716986905,0.002538624341917783,0.002944584888071006,0.002414707061209283,0.21333486979162275
670.1217263477247,0.22430855546520598,0.21831914467684832,0.0019674117525199262,0.003511618115485988,0.0025396272259013315,0.002947825012110164,0.0024233125695157336,0.2147664087639148
669.9682885543116,0.22561478505535643,0.2197713855457838,0.0019674117525199262,0.003513575455927063,0.002540632742439741,0.0029510811179104595,0.0024320720179995424,0.21620367122158668
669.8148507609003,0.22690845275872057,0.22122951394151813,0.0019674117525199262,0.0035155365023085156,0.002541640900716282,0.0029543533096705052,0.0024409879220465697,0.21764664231685596
669.661412967489,0.22819035392753434,0.22269351727271153,0.0019674117525199262,0.003517501263946049,0.002542651709954169,0.0029576416924305955,0.0024500628334891816,0.21909530678297123
669.5079751740777,0.22946148275209277,0.22416338256510704,0.0019674117525199262,0.003519469750184489,0.002543665179416719,0.0029609463720806375,0.0024592993410474397,0.22054964893245746
669.3545373806646,0.23072302836196443,0.22563909646036112,0.0019674117525199262,0.003521441970397934,0.0025446813184075824,0.0029642674553684066,0.0024687000707747367,0.22200965265549216
669.2010995872533,0.23197631244542383,0.2271206452148011,0.0019674117525199262,0.003523417933989777,0.002545700136270907,0.002967605049907655,0.0024782676865065835,0.22347530141820587
669.047661793842,0.23322276975552417,0.22860801469839012,0.0019674117525199262,0.003525397650392949,0.0025467216423916213,0.0029709592641867103,0.0024880048903143295,0.22494657826118422
668.894224000429,0.23446388572952975,0.23010119039356802,0.0019674117525199262,0.003527381129069967,0.00254774584619561,0.002974330207576807,0.0024979144229617272,0.22642346579784361
668.7407862070177,0.23570118479255958,0.231600157394124,0.0019674117525199262,0.003529368379512966,0.002548772757149891,0.0029777179903405226,0.0025079990643652786,0.22790594621283505
668.5873484136064,0.23693618357216176,0.23310490040426257,0.0019674117525199262,0.0035313594112439586,0.0025498023847629046,0.002981122723640656,0.002518261634059486,0.22939400126063528
668.4339106201951,0.2381703363153168,0.23461540373752643,0.0019674117525199262,0.0035333542338148467,0.00255083473858468,0.0029845445195488137,0.002528704991664763,0.23088761226399304
668.280472826782,0.23940500759693945,0.2361316513158601,0.0019674117525199262,0.003535352856807587,0.0025518698282070776,0.002987983491054335,0.0025393320373599043,0.23238676011251092
668.1270350333707,0.24064148401623497,0.23765362666860093,0.0019674117525199262,0.0035373552898342034,0.00255290766326396,0.0029914397520730673,0.0025501457123576266,0.23389142526115178
667.9735972399594,0.24188087282827708,0.23918131293168446,0.0019674117525199262,0.0035393615425370452,0.0025539482534314836,0.002994913417456658,0.0025611489993852313,0.23540158772895375
667.8201594465481,0.2431241604257898,0.2407146928467057,0.0019674117525199262,0.0035413716245888066,0.0025549916084282734,0.002998404603001538,0.0025723449231678354,0.23691722709759896
667.666721653135,0.24437216945250745,0.24225374876012468,0.0019674117525199262,0.0035433855456926872,0.0025560377380156696,0.0030019134254582564,0.00258373655091621,0.23843832251012156
667.5132838597237,0.24562553151167624,0.24379846262239804,0.0019674117525199262,0.0035454033155824117,0.002557086651997903,0.0030054400025406698,0.0025953269928176478,0.23996485266953912
667.3598460663125,0.24688473785026552,0.24534881598733033,0.0019674117525199262,0.003547424944022487,0.0025581383602223933,0.0030089844529356587,0.00260711940253203,0.24149679583769745
667.2064082729012,0.24815009647232744,0.24690479001127913,0.0019674117525199262,0.003549450440808226,0.0025591928725799303,0.003012546896312536,0.002619116977690365,0.24303412983396777
667.0529704794881,0.24942177892442272,0.24846636545250805,0.0019674117525199262,0.0035514798157659077,0.002560250199004923,0.0030161274533328144,0.00263132296039798,0.24457683203408614
666.8995326860768,0.2506998280931915,0.25003352267046486,0.0019674117525199262,0.003553513078752801,0.002561310349475581,0.0030197262456598296,0.002643740637740678,0.24612487936891567
666.7460948926655,0.25198415040778255,0.2516062416252842,0.0019674117525199262,0.0035555502396574248,0.002562373334014223,0.0030233433959689117,0.0026563733422961602,0.24767824832342722
666.5926570992524,0.25327459381556244,0.25318450187716113,0.0019674117525199262,0.003557591308399592,0.00256343916268747,0.003026979027957276,0.0026692244526479764,0.24923691493554856
666.4392193058411,0.25457093218697396,0.2547682825857625,0.0019674117525199262,0.00355963629493046,0.0025645078456064414,0.00303063326635404,0.0026822973939032335,0.25080085479504804
666.2857815124298,0.25587289650581957,0.2563575625098456,0.0019674117525199262,0.0035616852092327884,0.002565579392927066,0.0030343062369307386,0.0026955956382154864,0.25237004304261923
666.1323437190185,0.25718020995833085,0.25795232000672974,0.0019674117525199262,0.0035637380613209673,0.0025666538148502696,0.003037998066511532,0.0027091227053099042,0.2539444543688168
665.9789059256054,0.25849262302223774,0.25955253303191855,0.0019674117525199262,0.0035657948612411823,0.0025677311216222402,0.003041708882983796,0.002722882163013139,0.2555240630131379
665.8254681321941,0.2598098900740556,0.26115817913864964,0.0019674117525199262,0.003567855619071438,0.002568811323534613,0.0030454388153085712,0.0027368776277859994,0.2571088427630287
665.6720303387829,0.2611318278708672,0.2627692354776732,0.0019674117525199262,0.003569920344921826,0.002569894430924791,0.0030491879935315757,0.0027511127652615134,0.2586987669531132
665.5185925453716,0.2624583701333196,0.2643856787968828,0.0019674117525199262,0.0035719890489345494,0.0025709804541761386,0.0030529565487939082,0.0027655912907851273,0.2602938084642728
665.3651547519585,0.2637894661772017,0.26600748544109976,0.0019674117525199262,0.0035740617412840904,0.002572069403718247,0.003056744613343147,0.0027803169699596136,0.26189393972287434
665.2117169585472,0.2651252095733648,0.2676346313517834,0.0019674117525199262,0.0035761384321772375,0.002573161290027132,0.0030605523205443023,0.0027952936191926875,0.26349913269992176
665.0582791651359,0.2664657601720132,0.26926709206697697,0.0019674117525199262,0.0035782191318533578,0.002574256123625559,0.003064379804891364,0.002810525106250056,0.26510935891043635
664.9048413717246,0.2678113752929879,0.2709048427210999,0.0019674117525199262,0.0035803038505844167,0.0025753539150832373,0.0030682272020185223,0.0028260153508104483,0.26672458941268296
664.7514035783115,0.2691624175233377,0.2725478580449008,0.0019674117525199262,0.003582392598675156,0.002576454675017101,0.0030720946487118074,0.0028417683250253575,0.2683447948075511
664.5979657849002,0.27051933132460626,0.2741961123653338,0.0019674117525199262,0.003584485386463119,0.002577558414091504,0.0030759822829205838,0.002857788054081355,0.26996994523785695
664.4445279914889,0.27188261964011934,0.27584957960567374,0.0019674117525199262,0.0035865822243189216,0.002578665143018557,0.003079890243769654,0.0028740786167679036,0.2716000103878784
664.2910901980758,0.27325284779377007,0.2775082332854983,0.0019674117525199262,0.0035886831226463077,0.002579774872558339,0.003083818671571086,0.0028906441460471444,0.2732349594827551
664.1376524046645,0.2746306434900193,0.2791720465207127,0.0019674117525199262,0.003590788091882197,0.002580887613519118,0.0030877677078361898,0.0029074888296272226,0.2748747612879277
663.9842146112533,0.27601664612968424,0.280840992023795,0.0019674117525199262,0.0035928971424969646,0.0025820033767576856,0.003091737495288058,0.002924616910540982,0.276519384108791
663.830776817842,0.2774115107087239,0.2825150421038882,0.0019674117525199262,0.0035950102849944673,0.002583122173179568,0.00309572817787379,0.002942032687726267,0.2781687957901938
663.6773390244289,0.27881591171702463,0.2841941686670555,0.0019674117525199262,0.003597127529912222,0.00258424401373931,0.0030997399007771562,0.0029597405166109474,0.27982296371609555
663.5239012310176,0.2802304807578328,0.2858783432164587,0.0019674117525199262,0.003599248887821433,0.002585368909440687,0.0031037728104311236,0.002977744809700213,0.28148185480914495
663.3704634376063,0.2816558494343946,0.2875675368527823,0.0019674117525199262,0.003601374369327273,0.002586496871337051,0.003107827054531027,0.0029960500371694664,0.2831454355304972
663.217025644195,0.28309259866574515,0.2892617202745021,0.0019674117525199262,0.003603503985068912,0.002587627910531541,0.0031119027820474144,0.003014660727458574,0.28481367187947537
663.0635878507819,0.28454127428185033,0.2909608637783185,0.0019674117525199262,0.003605637745719698,0.002588762038177381,0.00311600014323935,0.0030335814678708363,0.2864865293933909
662.9101500573706,0.28600238312482135,0.29266493725951487,0.0019674117525199262,0.0036077756619871887,0.002589899265478093,0.0031201192896675887,0.0030528169051740276,0.2881639731472877
662.7567122639593,0.28747637745377275,0.29437391021256254,0.0019674117525199262,0.0036099177446134293,0.002591039603687853,0.0031242603742084084,0.003072371746207064,0.2898459677539255
662.6032744705462,0.2889636588436081,0.29608775173159063,0.0019674117525199262,0.0036120640043750154,0.00259218306411172,0.0031284235510671745,0.003092250758488011,0.2915324773636284
662.449836677135,0.2904646054765179,0.2978064305109007,0.0019674117525199262,0.003614214452083146,0.0025933296581058737,0.0031326089757920815,0.0031124587708253595,0.29322346566417395
662.2963988837237,0.2919795604456237,0.29952991484571073,0.0019674117525199262,0.003616369098583908,0.002594479397077971,0.00313681680528851,0.003133000673934706,0.29491889588090536
662.1429610903124,0.29350883565376307,0.3012581726327426,0.0019674117525199262,0.0036185279547583113,0.00259563229248737,0.003141047197833079,0.0031538814210563394,0.2966187307766872
661.9895232968993,0.29505272740863187,0.30299117137097775,0.0019674117525199262,0.0036206910315224735,0.0025967883558454374,0.0031453003130881767,0.003175106028577467,0.2983229326520239
661.836085503488,0.2966115242203548,0.3047288781623371,0.0019674117525199262,0.0036228583398276518,0.0025979475987157777,0.0031495763121163773,0.0031966795766561213,0.3000314633451009
661.6826477100767,0.29818551849784225,0.3064712597126135,0.0019674117525199262,0.0036250298906605315,0.0025991100327145958,0.0031538753573955563,0.0032186072098507384,0.3017442842320718
661.5292099166654,0.29977501824514635,0.30821828233224524,0.0019674117525199262,0.0036272056950432618,0.002600275669510932,0.0031581976128336937,0.003240894137750309,0.30346135622718673
661.3757721232523,0.3013803314663193,0.30996991193726187,0.0019674117525199262,0.0036293857640336434,0.0026014445208269715,0.0031625432437841824,0.0032635456356091283,0.30518263978308763
661.222334329841,0.303001805153268,0.3117261140501511,0.0019674117525199262,0.0036315701087251628,0.002602616598438284,0.0031669124170610307,0.0032865670449829625,0.3069080948910234
661.0688965364297,0.30463978629789934,0.31348685380098423,0.0019674117525199262,0.0036337587402472853,0.002603791914174194,0.003171305300954788,0.003309963774370884,0.3086376810813168
660.9154587430185,0.30629465698118946,0.31525209592837833,0.0019674117525199262,0.003635951669765488,0.002604970479918019,0.0031757220652481612,0.003333741299857365,0.310371357423669
660.7620209496054,0.30796680708168533,0.317021804780634,0.0019674117525199262,0.003638148908481456,0.0026061523076073923,0.003180162881232163,0.0033579051657588784,0.3121090825276338
660.6085831561941,0.309656634275505,0.31879594431679514,0.0019674117525199262,0.003640350467633115,0.0026073374092345043,0.003184627921722162,0.0033824609852716363,0.31385081454301345
660.4551453627828,0.311364532339981,0.3205744781079663,0.0019674117525199262,0.0036425563584949285,0.0026085257968464838,0.00318911736107468,0.0034074144411249964,0.3155965111605049
660.3017075693697,0.3130908716597331,0.3223573693384906,0.0019674117525199262,0.0036447665923779607,0.002609717482545657,0.0031936313752039523,0.0034327712862350594,0.31734612961220765
660.1482697759584,0.3148359992266681,0.32414458080717545,0.0019674117525199262,0.0036469811806299404,0.0026109124784898085,0.003198170141598709,0.003458537344360865,0.31909962667217584
659.9948319825471,0.31660019965212544,0.32593607492875776,0.0019674117525199262,0.0036492001346355605,0.002612110796892566,0.003202733839339682,0.0034847185107659724,0.3208569586572037
659.8413941891358,0.3183836873693059,0.32773181373520655,0.0019674117525199262,0.0036514234658165173,0.002613312450023656,0.0032073226491168205,0.0035113207528796107,0.32261808142744963
659.6879563957227,0.3201865871393446,0.3295317588772016,0.0019674117525199262,0.0036536511856317053,0.0026145174502092356,0.0032119367532470735,0.0035383501109622056,0.3243829503872311
659.5345186023114,0.322008910658598,0.3313358716255343,0.0019674117525199262,0.0036558833055772557,0.002615725809832147,0.0032165763356921027,0.0035658126987714676,0.32615152048574103
659.3810808089002,0.32385054096350185,0.33314411287277057,0.0019674117525199262,0.003658119837186843,0.0026169375413323155,0.0032212415820768027,0.0035937147042340925,0.32792374621802023
659.2276430154889,0.3257112246330007,0.3349564431347499,0.0019674117525199262,0.003660360792031721,0.002618152657207006,0.0032259326797075367,0.003622062390116658,0.32969958162576674
659.0742052220758,0.3275905328006927,0.33677282255226304,0.0019674117525199262,0.003662606181720927,0.0026193711700111685,0.003230649817590979,0.0036508620947007355,0.33147898029831896
658.9207674286645,0.32948788454754274,0.3385932108926493,0.0019674117525199262,0.003664856017901317,0.002620593092357696,0.0032353931864528927,0.0036801202324582183,0.3332618953735589
658.7673296352532,0.33140251181281316,0.3404175675516596,0.0019674117525199262,0.003667110312257876,0.0026218184369178354,0.0032401629787577623,0.003709843294732248,0.33504827953907357
658.6138918418419,0.3333334671916345,0.3422458515551544,0.0019674117525199262,0.0036693690765137637,0.0026230472164214466,0.0032449593887281473,0.0037400378504168393,0.33683808503315393
658.4604540484288,0.33527965512528957,0.3440780215609805,0.0019674117525199262,0.003671632322430508,0.002624279443657361,0.003249782612364681,0.003770710546640618,0.338631263645967
658.3070162550175,0.3372397773182167,0.34591403586076713,0.0019674117525199262,0.003673900061808055,0.0026255151314736455,0.0032546328474660274,0.0038018681094503627,0.34042776672064873
658.1535784616062,0.33921241461250445,0.3477538523819909,0.0019674117525199262,0.0036761723064850796,0.00262675429277802,0.00325951029364972,0.003833517344500116,0.3422275451546577
658.0001406681931,0.3411959996963938,0.34959742868989413,0.0019674117525199262,0.003678449068339052,0.0026279969405381444,0.0032644151523728224,0.0038656651377388723,0.34403054940098493
657.8467028747818,0.34318885219334677,0.35144472198945353,0.0019674117525199262,0.0036807303592863126,0.0026292430877819066,0.0032693476269528947,0.0038983184560999105,0.34583672946941224
657.6932650813706,0.3451892254474726,0.3532956891275957,0.0019674117525199262,0.003683016191282384,0.0026304927475978464,0.003274307922589835,0.003931484348195317,0.34764603492801
657.5398272879593,0.34719528313081455,0.35515028659524384,0.0019674117525199262,0.003685306576322018,0.0026317459331354313,0.0032792962463874843,0.00396516994500827,0.3494584149044703
657.3863894945462,0.34920518501663056,0.3570084705295474,0.0019674117525199262,0.003687601526439403,0.002633002657605428,0.0032843128073759276,0.003999382460589201,0.3512738180876171
657.2329517011349,0.3512171025745349,0.35887019671602843,0.0019674117525199262,0.0036899010537082082,0.002634262934280182,0.003289357816533822,0.004034129192750982,0.35309219272883496
657.0795139077236,0.35322924236321107,0.3607354205910003,0.0019674117525199262,0.0036922051702419057,0.0026355267764940514,0.0032944314868116756,0.0040694175237695526,0.3549134866437628
656.9260761143123,0.355239888917052,0.36260409724381415,0.0019674117525199262,0.0036945138881938136,0.002636794197643693,0.0032995340331549313,0.004105254921081816,0.3567376472138196
656.7726383208992,0.3572474320376583,0.36447618141929095,0.0019674117525199262,0.00369682721975731,0.002638065211188441,0.0033046656725277974,0.004141648937987167,0.35856462138790995
656.6192005274879,0.3592504018829075,0.36635162752006833,0.0019674117525199262,0.00369914517716588,0.0026393398306505953,0.0033098266239371243,0.004178607214347612,0.3603943556840468
656.4657627340766,0.36124751185359444,0.3682303896092211,0.0019674117525199262,0.0037014677726934387,0.002640618069615865,0.0033150171084573034,0.004216137477293217,0.362226796191241
656.3123249406653,0.363237635200718,0.3701124214127098,0.0019674117525199262,0.0037037950186543794,0.0026418999417336633,0.0033202373492549966,0.004254247541924228,0.36406188857122224
656.1588871472522,0.3652198868999763,0.37199767632201286,0.0019674117525199262,0.003706126927403789,0.0026431854607174956,0.0033254875716146656,0.004292945312016643,0.36589957806033996
656.005449353841,0.3671935729675557,0.37388610739667477,0.0019674117525199262,0.003708463511337497,0.002644474640345256,0.00333076800296419,0.0043322387807258386,0.3677398094713817
655.8520115604297,0.3691582840309817,0.37577766736712825,0.0019674117525199262,0.0037108047828924053,0.0026457674944596814,0.0033360788729015767,0.004372136031295444,0.36958252719565887
655.6985737670166,0.37111379006191164,0.3776723086373658,0.0019674117525199262,0.003713150754546562,0.0026470640369686714,0.003341420413221591,0.004412645237762724,0.37142767520494596
655.5451359736053,0.3730601417445565,0.3795699832876599,0.0019674117525199262,0.003715501438819246,0.002648364281845607,0.003346792857942881,0.00445377466566429,0.37327519705346757
655.391698180194,0.3749976002975428,0.3814706430775365,0.0019674117525199262,0.003717856848271292,0.002649668243129812,0.0033521964433361868,0.0044955326727465755,0.3751250358801323
655.2382603867827,0.3769266491702691,0.38337423944857324,0.0019674117525199262,0.0037202169955051476,0.0026509759349268623,0.0033576314079524425,0.004537927709671777,0.3769771344105967
655.0848225933696,0.37884798234654893,0.3852807235273828,0.0019674117525199262,0.0037225818931650918,0.0026522873714089914,0.0033630979926518078,0.004580968320726901,0.3788314349595097
654.9313847999583,0.38076248485068426,0.38719004612850977,0.0019674117525199262,0.003724951553937287,0.002653602566815405,0.0033685964406328685,0.004624663144529829,0.38068787943267407
654.777947006547,0.38267117426568287,0.38910215775760476,0.0019674117525199262,0.003727325990550117,0.0026549215354527513,0.003374126997463072,0.004669020914740487,0.38254640932947803
654.6245092131358,0.3845752436198988,0.3910170086144201,0.0019674117525199262,0.003729705215774239,0.0026562442916954407,0.0033796899111091044,0.004714050460766752,0.3844069657451543
654.4710714197226,0.3864759873101083,0.3929345485959929,0.0019674117525199262,0.003732089242422809,0.0026575708499860617,0.003385285431968284,0.004759760708473244,0.3862694893732222
654.3176336263114,0.3883747543160842,0.3948547272997389,0.0019674117525199262,0.0037344780833515378,0.0026589012248357012,0.003390913812900189,0.004806160680886478,0.38813392050784473
654.1641958329001,0.39027298328966514,0.3967774940268252,0.0019674117525199262,0.003736871751459028,0.002660235430824431,0.0033965753092596077,0.004853259498905016,0.39000019904645683
654.010758039487,0.3921721245790462,0.3987027977853859,0.0019674117525199262,0.003739270259686863,0.002661573482601651,0.0034022701789295762,0.004901066382004185,0.3918682644922433
653.8573202460757,0.39407364412756435,0.4006305872937863,0.0019674117525199262,0.003741673621019687,0.0026629153948864335,0.003407998682355107,0.0049495906489399385,0.39373805595666483
653.7038824526644,0.3959789571943454,0.4025608109841433,0.0019674117525199262,0.0037440818484855533,0.002664261182468017,0.003413761082578259,0.004998841718457022,0.39560951216223417
653.5504446592531,0.39788947124094426,0.40449341700566355,0.0019674117525199262,0.00374649495515598,0.00266561086020614,0.0034195576452732725,0.0050488291099905795,0.3974825714451173
653.39700686584,0.39980648846170813,0.406428353228169,0.0019674117525199262,0.0037489129541461792,0.002666964443031477,0.0034253886387829013,0.005099562444370071,0.3993571717579181
653.2435690724287,0.40173126426555855,0.40836556724553263,0.0019674117525199262,0.0037513358586151206,0.0026683219459459756,0.0034312543341551167,0.0051510514445184995,0.40123325067237764
653.0901312790174,0.40366495269299485,0.4103050063793916,0.0019674117525199262,0.003753763681765873,0.0026696833840233634,0.003437155005181346,0.005203305936156248,0.4031107453823445
652.9366934856062,0.4056085830233812,0.4122466176826795,0.0019674117525199262,0.0037561964368456715,0.0026710487724094893,0.003443090928434874,0.005256335848497565,0.4049895927065716
652.783255692193,0.4075630909652306,0.41419034794334336,0.0019674117525199262,0.0037586341371461463,0.002672418126322772,0.003449062383310545,0.0053101512149490646,0.40686972909169455
652.6298178987818,0.40952928746592093,0.41613614368797064,0.0019674117525199262,0.003761076796003386,0.002673791461054548,0.003455069652064966,0.0053647621738027364,0.4087510906151247
652.4763801053705,0.41150786650926596,0.41808395118569386,0.0019674117525199262,0.003763524426798291,0.0026751687919695875,0.003461113019858372,0.005420178968933529,0.41063361298821377
652.3229423119592,0.4134993934191589,0.420033716451912,0.0019674117525199262,0.0037659770429566363,0.0026765501345064513,0.0034671927747967598,0.0054764119504885755,0.4125172315592433
652.1695045185461,0.41550432825228534,0.4219853852521969,0.0019674117525199262,0.003768434657949307,0.0026779355041779453,0.003473309207975478,0.005533471575578191,0.4144018813165957
652.0160667251348,0.4175230102029812,0.4239389031061077,0.0019674117525199262,0.0037708972852923666,0.0026793249165714805,0.003479462613523436,0.005591368408960556,0.4162874968918396
651.8626289317235,0.4195556576032329,0.42589421529128374,0.0019674117525199262,0.0037733649385474077,0.002680718387349605,0.003485653288649135,0.005650113123730864,0.41817401256308645
651.7091911383104,0.42160239131538985,0.42785126684737473,0.0019674117525199262,0.0037758376313216527,0.0026821159322503807,0.0034918815336871813,0.005709716502001826,0.4200613622581934
651.5557533448991,0.4236632386309505,0.42981000258001656,0.0019674117525199262,0.0037783153772680466,0.0026835175670877737,0.003498147652145969,0.005770189435581354,0.4219494795580131
651.4023155514878,0.42573812157420543,0.4317703670650624,0.0019674117525199262,0.003780798190085616,0.0026849233077521893,0.003504451950757247,0.005831542926653858,0.4238382976998932
651.2488777580766,0.42782688809252123,0.43373230465262635,0.0019674117525199262,0.003783286083519537,0.002686333170210846,0.0035107947395262118,0.005893788088451472,0.425727749580998
651.0954399646635,0.42992927306848594,0.43569575947131306,0.0019674117525199262,0.0037857790713613825,0.002687747170508253,0.0035171763317833537,0.005956936145926478,0.4276177677618133
650.9420021712522,0.4320449684980473,0.43766067543235015,0.0019674117525199262,0.003788277167449189,0.0026891653247665907,0.0035235970442372066,0.006020998436415997,0.42950828446956085
650.7885643778409,0.434173565008731,0.43962699623400026,0.0019674117525199262,0.0037907803856678185,0.0026905876491862607,0.003530057197029263,0.006085986410310738,0.43139923160188587
650.6351265844296,0.43631460254385146,0.44159466536578396,0.0019674117525199262,0.003793288739949033,0.0026920141600462696,0.003536557113789595,0.0061519116317127025,0.43329054073036605
650.4816887910165,0.43846752747587187,0.4435636261128861,0.0019674117525199262,0.0037958022442717418,0.002693444873704721,0.0035430971216944395,0.006218785779093708,0.43518214310420117
650.3282509976052,0.44063175888575706,0.44553382156046606,0.0019674117525199262,0.0037983209126620718,0.002694879806599206,0.0035496775515248945,0.006286620645945274,0.43707396965381434
650.1748132041939,0.44280660668847877,0.44750519459824484,0.0019674117525199262,0.0038008447591937385,0.0026963189752473656,0.0035562987377280152,0.006355428141432384,0.438965950994723
650.0213754107826,0.4449913769002232,0.4494776879249021,0.0019674117525199262,0.0038033737979881153,0.0026977623962472874,0.0035629610184788286,0.0064252202910351445,0.44085801743123243
649.8679376173695,0.44718528976389627,0.4514512440526557,0.0019674117525199262,0.003805908043214493,0.0026992100862780117,0.0035696647357445635,0.006496009237190832,0.4427500989603075
649.7144998239582,0.44938751873697813,0.45342580531174315,0.0019674117525199262,0.003808447509090146,0.0027006620620999293,0.0035764102353502275,0.006567807239926394,0.4446421252753562
649.561062030547,0.4515971982890944,0.45540131385517996,0.0019674117525199262,0.003810992209880712,0.0027021183405553624,0.0035831978670468603,0.006640626677494669,0.44653402577028206
649.4076242371339,0.4538134161044449,0.45737771166334845,0.0019674117525199262,0.0038135421599002966,0.0027035789385689898,0.0035900279845810356,0.006714480046998175,0.44842572954337967
649.2541864437226,0.4560352403733022,0.45935494054862785,0.0019674117525199262,0.0038160973735115768,0.0027050438731482758,0.0035969009457663815,0.006789379965007662,0.45031716540127364
649.1007486503113,0.4582617080956549,0.46133294216027687,0.0019674117525199262,0.003818657865126182,0.0027065131613840583,0.0036038171125579443,0.006865339168183341,0.45220826186310503
648.9473108569,0.4604918367775646,0.46331165798912227,0.0019674117525199262,0.003821223649204774,0.0027079868204509666,0.003610776851127921,0.006942370513881979,0.45409894716453636
648.7938730634869,0.46272462443116524,0.46529102937242856,0.0019674117525199262,0.003823794740257299,0.002709464867607948,0.00361778053194416,0.007020486980763705,0.4559891492619351
648.6404352700756,0.46495910025887466,0.46727099749866613,0.0019674117525199262,0.003826371152843076,0.0027109473201986914,0.0036248285298505043,0.007099701669387477,0.45787879583646607
648.4869974766643,0.46719428956432524,0.4692515034125551,0.0019674117525199262,0.003828952901571172,0.00271243419565223,0.003631921224150428,0.007180027802809987,0.459767814298451
648.333559683253,0.46942924494264754,0.4712324880199129,0.0019674117525199262,0.0038315400011004856,0.002713925511483373,0.003639058998692359,0.007261478727169069,0.46165613179154735
648.1801218898399,0.47166304628047057,0.4732138920926805,0.0019674117525199262,0.003834132466140016,0.002715421285293242,0.003646242241958148,0.0073440679122664726,0.4635436751971023
648.0266840964287,0.4738948241486343,0.47519565627384824,0.0019674117525199262,0.003836730311448935,0.0027169215347697126,0.0036534713471537477,0.007427808952138266,0.4654303711384173
647.8732463030174,0.47612377539733186,0.47717772108265283,0.0019674117525199262,0.0038393335518369836,0.0027184262776880274,0.0036607467123035845,0.0075127155656283355,0.4673161459852756
647.7198085096061,0.4783491436621819,0.4791600269195779,0.0019674117525199262,0.0038419422021645534,0.0027199355319112435,0.0036680687403470146,0.007598801596945292,0.4692009258582895
647.566370716193,0.48057027004843994,0.4811425140715327,0.0019674117525199262,0.0038445562773429514,0.002721449315390784,0.0036754378392383448,0.007686081016218162,0.47108463663342215
647.4129329227817,0.48278653464921606,0.48312512271692587,0.0019674117525199262,0.00384717579233449,0.00272296764616689,0.003682854422049494,0.007774567920038681,0.472967203946416
647.2594951293704,0.48499744621754104,0.4851077929310121,0.0019674117525199262,0.0038498007621528786,0.0027244905423692506,0.0036903189070768136,0.007864276532006453,0.47484855319748637
647.1060573359573,0.4872025719882276,0.4870904646910613,0.0019674117525199262,0.0038524312018633385,0.0027260180222174824,0.003697831717950533,0.007955221203257246,0.47672860955585245
646.952619542546,0.4894015610705834,0.48907307788156573,0.0019674117525199262,0.0038550671265827254,0.0027275501040216034,0.0037053932837477245,0.00804741641298315,0.47860729796431023
646.7991817491347,0.49159417563869473,0.4910555722996905,0.0019674117525199262,0.003857708551479925,0.0027290868061826817,0.003713004039109742,0.008140876768954442,0.48048454314404343
646.6457439557234,0.49378023634843,0.493037887660528,0.0019674117525199262,0.003860355491775941,0.002730628147193299,0.0037206644243625723,0.00823561700802245,0.48236026959925343
646.4923061623103,0.49595962623622497,0.4950199636025234,0.0019674117525199262,0.0038630079627441733,0.002732174145638135,0.003728374885641667,0.008331651996620427,0.48423440162195874
646.338868368899,0.49813232190936685,0.49700173969279576,0.0019674117525199262,0.0038656659797105045,0.0027337248201944387,0.003736135875020318,0.008428996731249003,0.4861068632967012
646.1854305754878,0.500298350659354,0.4989831554327264,0.0019674117525199262,0.0038683295580537085,0.0027352801896326903,0.0037439478506431927,0.008527666338964167,0.4879775785055124
646.0319927820765,0.502457767069183,0.5009641502633458,0.0019674117525199262,0.0038709987132055385,0.0027368402728170827,0.003751811276863354,0.00862767607784476,0.4898464709326948
645.8785549886634,0.504610680304847,0.5029446635708932,0.0019674117525199262,0.0038736734606510106,0.0027384050887061177,0.003759726624384395,0.008729041337457607,0.49171346406977373
645.7251171952521,0.5067571917347682,0.504924634692268,0.0019674117525199262,0.0038763538159284922,0.002739974656353095,0.0037676943704067394,0.008831777639305892,0.49357848122035347
645.5716794018408,0.5088974456140091,0.5069040029207477,0.0019674117525199262,0.003879039794630117,0.002741548994906789,0.0037757149987797905,0.008935900637279958,0.49544144550523067
645.4182416084277,0.5110315550073482,0.5088827075115249,0.0019674117525199262,0.0038817314124019063,0.0027431281236119627,0.003783789000158316,0.009041426118087352,0.49730227986734504
645.2648038150164,0.5131596173844224,0.5108606876872762,0.0019674117525199262,0.0038844286849439025,0.0027447120618098895,0.0037919168721640955,0.009148370001672443,0.4991609070767656
645.1113660216051,0.5152817146197266,0.5128378826439712,0.0019674117525199262,0.0038871316280105752,0.0027463008289390425,0.0038000991195538923,0.009256748341636974,0.5010172497359104
644.9579282281939,0.5173978895999009,0.5148142315564779,0.0019674117525199262,0.003889840257410924,0.0027478944445355987,0.003808336254392127,0.00936657732563763,0.5028712302845812
644.8044904347807,0.5195081228310179,0.5167896735843373,0.0019674117525199262,0.003892554589008766,0.0027494929282340687,0.0038166287962299907,0.00947787327578024,0.5047227710051639
644.6510526413695,0.5216123597300811,0.5187641478774271,0.0019674117525199262,0.003895274638722834,0.002751096299767808,0.0038249772722900484,0.009590652648995132,0.506571794027731
644.4976148479582,0.5237104950298829,0.5207375935818873,0.0019674117525199262,0.0038980004225271946,0.002752704578969727,0.0038333822176581157,0.009704932037414462,0.5084182213353975
644.3441770545469,0.5258023454875059,0.5227099498458398,0.0019674117525199262,0.003900731956451354,0.002754317785772813,0.0038418441754806774,0.00982072816872485,0.5102619747694899
644.1907392611338,0.5278877161636768,0.5246811558252772,0.0019674117525199262,0.003903469256580547,0.0027559359402107722,0.0038503636971696405,0.009938057906516262,0.5121029760348796
644.0373014677225,0.5299663302446271,0.5266511506898353,0.0019674117525199262,0.003906212339055839,0.002757559062418561,0.003858941342613483,0.01005693825061076,0.5139411467052163
643.8838636743112,0.5320378719287336,0.5286198736288298,0.0019674117525199262,0.003908961220074555,0.0027591871726331107,0.003867577680396644,0.010177386337392912,0.5157764082284123
643.7304258808999,0.5341020176168025,0.5305872638570829,0.0019674117525199262,0.003911715915890381,0.0027608202911938674,0.003876273288025401,0.010299419440113953,0.517608681931939
643.5769880874868,0.5361583852278574,0.5325532606209161,0.0019674117525199262,0.003914476442813666,0.002762458438543453,0.00388502875216211,0.010423054969191724,0.5194378890282849
643.4235502940755,0.5382066082760643,0.5345178032040294,0.0019674117525199262,0.003917242817211519,0.0027641016352282083,0.0038938446688668517,0.010548310472489008,0.5212639506203135
643.2701125006643,0.5402463007816612,0.5364808309336366,0.0019674117525199262,0.003920015055508254,0.0027657499018989415,0.0039027216438484178,0.010675203635593482,0.5230867877068672
643.1166747072511,0.5422771040563853,0.5384422831864173,0.0019674117525199262,0.0039227931741855175,0.0027674032593115014,0.0039116602927229665,0.010803752282071179,0.5249063211882058
642.9632369138399,0.5442986789059003,0.5404020993944912,0.0019674117525199262,0.003925577189782438,0.002769061728327358,0.003920661241281541,0.010933974373706041,0.5267224718714736
642.8097991204286,0.5463107212249397,0.5423602190516262,0.0019674117525199262,0.003928367118896053,0.00277072532991436,0.003929725125767755,0.011065888010739548,0.5285351604763883
642.6563613270173,0.5483129814912333,0.5443165817192366,0.0019674117525199262,0.003931162978181434,0.002772394085147307,0.003938852593163905,0.011199511432081002,0.5303443076407426
642.5029235336042,0.5503052530691512,0.5462711270325419,0.0019674117525199262,0.003933964784351976,0.002774068015208635,0.003948044301487564,0.011334863015512758,0.5321498339260606
642.3494857401929,0.5522874228939146,0.5482237947066122,0.0019674117525199262,0.003936772554179522,0.002775747141388999,0.003957300920097681,0.011471961277871378,0.5339516598231543
642.1960479467816,0.5542594324837418,0.5501745245426636,0.0019674117525199262,0.0039395863044948045,0.0027774314850880478,0.003966623130012267,0.011610824875230071,0.5357497057579181
642.0426101533703,0.5562212935349887,0.5521232564341437,0.0019674117525199262,0.003942406052187554,0.002779121067815012,0.003976011624235845,0.011751472603050157,0.5375438920969349
641.8891723599572,0.5581731230112198,0.5540699303729787,0.0019674117525199262,0.003945231814206812,0.0027808159111894154,0.0039854671080987725,0.011893923396326857,0.5393341391532366
641.735734566546,0.5601150846614247,0.5560144864557003,0.0019674117525199262,0.003948063607561052,0.0027825160369416655,0.003994990299607469,0.012038196329709677,0.5411203671919601
641.5822967731347,0.5620474475018009,0.557956864889824,0.0019674117525199262,0.003950901449318627,0.0027842214669138573,0.004004581929807733,0.012184310617623807,0.5429024964362397
641.4288589797234,0.5639705273339717,0.5598970060000169,0.0019674117525199262,0.003953745356607885,0.0027859322230603754,0.004014242743159277,0.012332285614358729,0.5446804470729103
641.2754211863103,0.5658847140364839,0.5618348502344223,0.0019674117525199262,0.003956595346617485,0.0027876483274486244,0.00402397349792371,0.012482140814150878,0.5464541392583613
641.121983392899,0.5677904481720958,0.563770338170865,0.0019674117525199262,0.00395945143659652,0.0027893698022596414,0.004033774966564974,0.0126338958512391,0.5482234931242844
640.9685455994877,0.5696882131902057,0.5657034105233043,0.0019674117525199262,0.003962313643854975,0.0027910966697889178,0.004043647936164526,0.012787570499921224,0.5499884287836544
640.8151078060746,0.5715785198317104,0.5676340081481005,0.0019674117525199262,0.003965181985763873,0.0027928289524470407,0.004053593208849503,0.012943184674577796,0.551748866336542
640.6616700126633,0.5734618983314337,0.5695620720502953,0.0019674117525199262,0.003968056479755441,0.0027945666727603427,0.004063611602235324,0.01310075842967812,0.5535047258759458
640.508232219252,0.5753388906205561,0.5714875433901192,0.0019674117525199262,0.003970937143323563,0.0027963098533717373,0.004073703949884273,0.013260311959785588,0.5552559274938338
640.3547944258407,0.5772100035411889,0.5734103634892846,0.0019674117525199262,0.003973823994023907,0.002798058517041357,0.004083871101778278,0.013421865599526843,0.5570023912869939
640.2013566324276,0.5790757517330141,0.5753304738374324,0.0019674117525199262,0.003976717049474252,0.0027998126866473206,0.004094113924808248,0.013585439823554063,0.5587440373630282
640.0479188390163,0.5809366069490736,0.5772478160984597,0.0019674117525199262,0.003979616327354617,0.0028015723851863754,0.004104433303279035,0.01375105524647752,0.5604807858462418
639.8944810456051,0.5827929785618419,0.5791623321170886,0.0019674117525199262,0.003982521845407724,0.0028033376357747605,0.004114830139432429,0.01391873262279902,0.5622125568837544
639.7410432521938,0.5846452447535097,0.5810739639252251,0.0019674117525199262,0.0039854336214391285,0.002805108461648864,0.004125305353986304,0.014088492846807278,0.5639392706514232
639.5876054587807,0.5864937174269145,0.5829826537484669,0.0019674117525199262,0.003988351673317555,0.002806884886166007,0.004135859886692345,0.014260356952466014,0.5656608473599047
639.4341676653694,0.5883386383067556,0.5848883440124916,0.0019674117525199262,0.003991276018975021,0.002808666932805113,0.004146494696911441,0.014434346113270602,0.5673772072606091
639.2807298719581,0.5901801633444518,0.5867909773496853,0.0019674117525199262,0.003994206676407319,0.0028104546251675904,0.004157210764209261,0.014610481642105742,0.5690882706518752
639.1272920785468,0.5920184017059963,0.5886904966055586,0.0019674117525199262,0.003997143663674143,0.0028122479869780084,0.004168009088970086,0.01478878499106295,0.5707939578849531
638.9738542851337,0.5938533806828873,0.5905868448453118,0.0019674117525199262,0.004000086998899434,0.0028140470420849086,0.004178890693031455,0.014969277751250353,0.5724941893701253
638.8204164917224,0.5956850456921282,0.5924799653602785,0.0019674117525199262,0.0040030367002715,0.00281585181446149,0.004189856620338681,0.015151981652569594,0.5741888855827169
638.6669786983111,0.5975133031628679,0.5943698016746078,0.0019674117525199262,0.00400599278604352,0.002817662328206517,0.004200907937621897,0.015336918563493406,0.5758779670693223
638.513540904898,0.599337985447331,0.596256297551756,0.0019674117525199262,0.004008955274533694,0.002819478607545039,0.004212045735093771,0.015524110490803607,0.5775613544538596
638.3601031114868,0.6011588742135311,0.5981393970009908,0.0019674117525199262,0.004011924184125427,0.0028213006768291167,0.004223271127169661,0.015713579579307385,0.579238968443639
638.2066653180755,0.6029757160404128,0.6000190442841111,0.0019674117525199262,0.004014899533267811,0.0028231285605387433,0.0042345852532120224,0.01590534811155248,0.5809107298356198
638.0532275246642,0.6047882146202802,0.6018951839219526,0.0019674117525199262,0.004017881340475763,0.0028249622832825626,0.00424598927829721,0.01609943850749871,0.5825765595224781
637.8997897312511,0.6065960619490811,0.6037677607010408,0.0019674117525199262,0.0040208696243303815,0.002826801869798719,0.0042574843940074245,0.016295873324181108,0.5842363784988028
637.7463519378398,0.6083989344276216,0.6056367196801208,0.0019674117525199262,0.004023864403479084,0.0028286473449555807,0.004269071819246862,0.016494675255337123,0.5858901078671819
637.5929141444285,0.6101965006591364,0.6075020061969225,0.0019674117525199262,0.004026865696636097,0.0028304987337526917,0.004280752801084895,0.01669586713103495,0.5875376688444935
637.4394763510172,0.6119884331456463,0.609363565874711,0.0019674117525199262,0.004029873522582609,0.002832356061321509,0.004292528615624266,0.016899471917256,0.5891789827680063
637.2860385576041,0.6137744394782408,0.611221344628985,0.0019674117525199262,0.0040328879001671186,0.002834219352926275,0.004304400568897141,0.017105512715468667,0.5908139711016055
637.1326007641928,0.6155542272480097,0.6130752886740505,0.0019674117525199262,0.004035908848305587,0.0028360886339647696,0.004316369997788075,0.017314012762164526,0.5924425554419073
636.9791629707815,0.6173275352363263,0.6149253445298263,0.0019674117525199262,0.004038936385981932,0.0028379639299692823,0.0043284382709868514,0.01752499542839573,0.5940646575245722
636.8257251773684,0.6190941490099899,0.6167714590284602,0.0019674117525199262,0.004041970532248219,0.002839845266607397,0.004340606789969236,0.017738484219267006,0.595680199230448
636.6722873839572,0.6208538814272979,0.6186135793209578,0.0019674117525199262,0.004045011306224842,0.00284173266968278,0.0043528769900076265,0.017954502773403297,0.597289102591719
636.5188495905459,0.6226065960307589,0.6204516528840156,0.0019674117525199262,0.004048058727101031,0.0028436261651361744,0.00436525034121366,0.01817307486241647,0.5988912897982279
636.3654117971346,0.6243521836543794,0.6222856275266458,0.0019674117525199262,0.004051112814135007,0.00284552577904618,0.0043777283496107735,0.018394224390322265,0.6004866832036113
636.2119740037215,0.6260905858163776,0.6241154513969426,0.0019674117525199262,0.004054173586654341,0.002847431537630171,0.004390312558239802,0.018617975392948183,0.6020752053315498
636.0585362103102,0.6278218025167533,0.6259410729887253,0.0019674117525199262,0.004057241064056119,0.002849343467245089,0.00440300454829661,0.018844352037300748,0.6036567788819064
635.9050984168989,0.6295458376542923,0.6277624411484083,0.0019674117525199262,0.004060315265807452,0.0028512615943884615,0.004415805940304909,0.0190733786209342,0.6052313267370529
635.7516606234876,0.6312627419132054,0.6295795050816648,0.0019674117525199262,0.004063396211445626,0.0028531859456992098,0.004428718395322075,0.019305079571267703,0.6067987719680099
635.5982228300745,0.6329726283582715,0.6313922143602261,0.0019674117525199262,0.004066483920578488,0.002855116547958591,0.004441743616181135,0.01953947944489285,0.6083590378406947
635.4447850366632,0.6346756061554836,0.6332005189285628,0.0019674117525199262,0.004069578412884595,0.002857053428091016,0.004454883348767888,0.01977660292683903,0.60991204782206
635.291347243252,0.6363718195599042,0.6350043691107881,0.0019674117525199262,0.004072679708113745,0.002858996613165098,0.004468139383336446,0.02001647482984052,0.611457725586412
635.1379094498407,0.6380614323205229,0.6368037156173558,0.0019674117525199262,0.0040757878260871275,0.002860946130394484,0.004481513555860916,0.020259120093549743,0.6129959950215432
634.9844716564276,0.6397446276802571,0.6385985095518935,0.0019674117525199262,0.004078902786697715,0.0028629020071388274,0.004495007749426473,0.02050456378374069,0.6145267802349694
634.8310338630163,0.6414216083759511,0.6403887024179176,0.0019674117525199262,0.00408202460991042,0.002864864270904626,0.004508623895658806,0.02075283109146864,0.6160500055600547
634.677596069605,0.6430925771444493,0.6421742461257692,0.0019674117525199262,0.004085153315762627,0.002866832949346308,0.004522363976195263,0.02100394733223168,0.617565595562313
634.5241582761919,0.6447577757104511,0.6439550929993652,0.0019674117525199262,0.0040882889243644,0.0028688080702671042,0.00453623002419553,0.02125793794507941,0.6190734750455384
634.3707204827806,0.6464174107095862,0.6457311957829577,0.0019674117525199262,0.004091431455898676,0.0028707896616199393,0.004550224125894023,0.021514828491693432,0.6205735690579313
634.2172826893693,0.6480717355629104,0.6475025076480929,0.0019674117525199262,0.004094580930621812,0.002872777751508528,0.004564348422196383,0.021774644655467666,0.6220658028983782
634.063844895958,0.6497209919951228,0.649268982200365,0.0019674117525199262,0.00409773736886375,0.0028747723681882558,0.0045786051103177345,0.022037412240530695,0.6235501021225442
633.9104071025449,0.6513654490224209,0.6510305734863043,0.0019674117525199262,0.004100900791028412,0.002876773540067199,0.004592996445466176,0.022303157170758217,0.625026392549064
633.7569693091336,0.653005375661002,0.6527872360001471,0.0019674117525199262,0.00410407121759387,0.0028787812957070157,0.004607524742570333,0.022571905488738452,0.6264946002656171
633.6035315157224,0.6546410565222057,0.6545389246908218,0.0019674117525199262,0.004107248669112893,0.002880795663824079,0.004622192378054492,0.022843683354740633,0.6279546516351694
633.4500937223111,0.6562728113064404,0.656285594968734,0.0019674117525199262,0.004110433166213118,0.0028828166732903795,0.004637001791658747,0.02311851704562329,0.6294064733020281
633.296655928898,0.6579009558153294,0.6580272027126824,0.0019674117525199262,0.00411362472959746,0.002884844353134581,0.004651955488307698,0.02339643295373262,0.6308499921979898
633.1432181354867,0.6595258526359213,0.6597637042766588,0.0019674117525199262,0.0041168233800442785,0.002886878732542937,0.00466705604002641,0.023677457585752022,0.6322851355483728
632.9897803420754,0.6611478799504068,0.661495056496861,0.0019674117525199262,0.004120029138407933,0.002888919840860455,0.00468230608790729,0.023961617561555407,0.6337118308782096
632.8363425486641,0.6627674549288314,0.6632212166985052,0.0019674117525199262,0.004123242025618971,0.0028909677075918305,0.0046977083441251104,0.024248939612997858,0.6351300060182511
632.682904755251,0.6643850415266658,0.66494214270277,0.0019674117525199262,0.004126462062684527,0.002893022362402532,0.0047132655940038196,0.024539450582696513,0.6365395891110622
632.5294669618397,0.6660010998005959,0.6666577928336234,0.0019674117525199262,0.004129689270688509,0.0028950838351197478,0.004728980698133727,0.024833177422760942,0.6379405086170001
632.3760291684284,0.6676161755805873,0.6683681259248598,0.0019674117525199262,0.00413292367079216,0.0028971521557335836,0.004744856594542787,0.02513014719352776,0.6393326933203433
632.2225913750153,0.6692308107978204,0.6700731013269609,0.0019674117525199262,0.004136165284234283,0.0028992273543980503,0.004760896300919231,0.02543038706223398,0.640716072335255
632.069153581604,0.670845605865258,0.6717726789139606,0.0019674117525199262,0.004139414132331458,0.0029013094614320587,0.004777102916887899,0.02573392430165943,0.6420905751117295
631.9157157881928,0.6724611923861461,0.6734668190905015,0.0019674117525199262,0.004142670236478629,0.0029033985073206436,0.00479347962634273,0.02604078628877017,0.6434561314416691
631.7622779947815,0.6740782058625164,0.675155482798691,0.0019674117525199262,0.004145933618149272,0.002905494522715947,0.004810029699832529,0.026351000503295755,0.6448126714647772
631.6088402013684,0.6756973480757537,0.6768386315250862,0.0019674117525199262,0.00414920429889583,0.002907597538438364,0.0048267564970037,0.026664594526296652,0.6461601256745313
631.4554024079571,0.6773192896169589,0.6785162273075636,0.0019674117525199262,0.0041524823003499,0.002909707585477541,0.0048436634690983025,0.026981596038678154,0.6474984249240394
631.3019646145458,0.678944743963873,0.6801882327423923,0.0019674117525199262,0.0041557676442228126,0.0029118246949936368,0.004860754161511231,0.027302032819710165,0.6488275004320341
631.1485268211345,0.6805744089990955,0.6818546109911138,0.0019674117525199262,0.004159060352305826,0.0029139488983183385,0.004878032216403163,0.02762593274547795,0.6501472837886882
630.9950890277214,0.6822089631112982,0.6835153257875447,0.0019674117525199262,0.004162360446470555,0.0029160802269560387,0.004895501375373056,0.027953323787323594,0.6514577069615012
630.8416512343101,0.6838490768915819,0.685170341444665,0.0019674117525199262,0.004165667948669171,0.0029182187125848694,0.004913165482188309,0.028284234010232178,0.6527587023010702
630.6882134408988,0.6854953624492657,0.6868196228617081,0.0019674117525199262,0.004168982880934983,0.0029203643870579954,0.004931028485576437,0.02861869157122475,0.6540502025469936
630.5347756474875,0.687148396804599,0.6884631355310555,0.0019674117525199262,0.0041723052653826476,0.002922517282404668,0.004949094442074612,0.02895672471767999,0.6553321408335934
630.3813378540744,0.6888086945972642,0.690100845545255,0.0019674117525199262,0.004175635124208595,0.0029246774308314344,0.004967367518940873,0.02929836178564688,0.6566044506957069
630.2279000606632,0.690476676896092,0.6917327196039217,0.0019674117525199262,0.004178972479691246,0.0029268448647232054,0.004985851997124865,0.02964363119810044,0.6578670660743616
630.0744622672519,0.6921526867942038,0.6933587250208381,0.0019674117525199262,0.004182317354191594,0.0029290196166445875,0.005004552274301994,0.029992561463205315,0.6591199213225742
629.9210244738388,0.6938369465223715,0.6949788297308779,0.0019674117525199262,0.004185669770153461,0.0029312017193409957,0.0050234728679672234,0.030345181172509925,0.660362951210986
629.7675866804275,0.6955295886393009,0.6965930022969364,0.0019674117525199262,0.004189029750103743,0.00293339120573977,0.005042618418590731,0.030701518999106895,0.661596090933475
629.6141488870162,0.6972305741571375,0.698201211917029,0.0019674117525199262,0.004192397316653013,0.0029355881089515373,0.005061993692837755,0.03106160369579786,0.6628192761128685
629.4607110936049,0.6989397627196043,0.6998034284312011,0.0019674117525199262,0.0041957724924957295,0.0029377924622713244,0.005081603586848603,0.031425464093183135,0.6640324428064821
629.3072733001918,0.7006568502214346,0.7013996223285516,0.0019674117525199262,0.004199155300410696,0.0029400042991798324,0.0051014531295825736,0.031793129097743296,0.6652355275117149
629.1538355067805,0.7023813805047283,0.7029897647541401,0.0019674117525199262,0.004202545763261265,0.0029422236533445676,0.005121547486223156,0.03216462768986071,0.6664284671715301
629.0003977133692,0.7041127414601666,0.7045738275160829,0.0019674117525199262,0.004205943903995958,0.002944450558621242,0.005141891961648356,0.03253998892185112,0.6676111991800459
628.846959919958,0.7058501494318697,0.706151783092456,0.0019674117525199262,0.004209349745648681,0.00294668504905492,0.005162492003961432,0.03291924191591772,0.668783661387953
628.6935221265448,0.7075926804076813,0.7077236046383076,0.0019674117525199262,0.004212763311339186,0.002948927158881335,0.005183353208085773,0.03330241586209746,0.6699457921079836
628.5400843331336,0.7093392388288841,0.709289265992554,0.0019674117525199262,0.004216184624273284,0.0029511769225280555,0.005204481319420939,0.0336895400161461,0.6710975301202654
628.3866465397223,0.7110886121731966,0.7108487416850573,0.0019674117525199262,0.00421961370774348,0.0029534343746159264,0.005225882237563602,0.034080643697434576,0.6722388146777795
628.2332087463092,0.7128394202705624,0.7124020069435274,0.0019674117525199262,0.004223050585129229,0.002955699549960283,0.005247562020088515,0.03447575628677016,0.6733695855116589
628.0797709528979,0.714590154291004,0.7139490377004175,0.0019674117525199262,0.004226495279897201,0.00295797248357217,0.005269526886391327,0.03487490722418243,0.6744897828364541
627.9263331594866,0.7163392313276208,0.7154898105999784,0.0019674117525199262,0.004229947815601921,0.002960253210659817,0.005291783221595254,0.03527812600671707,0.675599347355484
627.7728953660753,0.7180849515099473,0.717024303005116,0.0019674117525199262,0.004233408215885986,0.0029625417666298533,0.005314337580516288,0.03568544218614824,0.6766982202660153
627.6194575726622,0.7198255447893801,0.71855249300435,0.0019674117525199262,0.004236876504480552,0.0029648381870886935,0.005337196691690518,0.03609688536668442,0.6777863432644855
627.4660197792509,0.721559198230675,0.7200743594186504,0.0019674117525199262,0.004240352705205551,0.0029671425078437725,0.0053603674614597936,0.03651248520261032,0.6788636585516107
627.3125819858396,0.7232840911010174,0.7215898818084413,0.0019674117525199262,0.0042438368419703484,0.002969454764905063,0.00538385697811938,0.03693227139594298,0.6799301088375832
627.1591441924284,0.7249983909712363,0.7230990404804077,0.0019674117525199262,0.004247328938773965,0.00297177499448633,0.005407672516121425,0.03735627369400389,0.6809856373471018
627.0057063990153,0.7267002849060875,0.7246018164943957,0.0019674117525199262,0.00425082901970557,0.0029741032330065607,0.005431821540337689,0.03778452188698569,0.6820301878244399
626.852268605604,0.7283880340472514,0.7260981916701843,0.0019674117525199262,0.004254337108944711,0.0029764395170912396,0.005456311710377298,0.03821704580545362,0.6830637045383972
626.6988308121927,0.7300599814109028,0.7275881485944177,0.0019674117525199262,0.0042578532307619744,0.002978783883573909,0.005481150884963,0.038653875317862324,0.6840861322873362
626.5453930187814,0.731714571381639,0.7290716706273354,0.0019674117525199262,0.0042613774095192234,0.0029811363694974696,0.005506347126359111,0.03909504032798728,0.685097416404052
626.3919552253683,0.7333503887003341,0.7305487419095863,0.0019674117525199262,0.0042649096696700875,0.002983497012115651,0.005531908704854463,0.03954057077235122,0.6860975027606746
626.238517431957,0.7349661818568521,0.7320193473689114,0.0019674117525199262,0.004268450035760213,0.002985865848894329,0.0055578441032955285,0.03999049661758411,0.687086337773457
626.0850796385457,0.7365608630900466,0.733483472726973,0.0019674117525199262,0.0042719985324279255,0.002988242917513138,0.0055841620216730715,0.04044484785780048,0.6880638684076381
625.9316418451326,0.7381335356792595,0.7349411045059964,0.0019674117525199262,0.004275555184404517,0.0029906282558668355,0.00561087138175509,0.04090365451189445,0.6890300421821551
625.7782040517213,0.7396835290333899,0.7363922300353795,0.0019674117525199262,0.004279120016514542,0.0029930219020666807,0.0056379813317669865,0.041366946620798206,0.6899848071743128
625.62476625831,0.7412103869945375,0.7378368374584254,0.0019674117525199262,0.0042826930536764875,0.002995423894442081,0.005665501251120161,0.04183475424475473,0.6909281120245117
625.4713284648988,0.7427138678380032,0.7392749157388621,0.0019674117525199262,0.004286274320903025,0.0029978342715419656,0.005693440755181122,0.04230710746050066,0.691859905940815
625.3178906714857,0.7441939559686452,0.7407064546674262,0.0019674117525199262,0.004289863843301529,0.0030002530721363373,0.005721809700084185,0.042784036358446624,0.6927801387035373
625.1644528780744,0.7456508541233079,0.7421314448683043,0.0019674117525199262,0.004293461646074319,0.003002680335217673,0.005750618187581734,0.04326557103978862,0.6936887606697216
625.0110150846631,0.7470850028647495,0.7435498778056955,0.0019674117525199262,0.004297067754519356,0.0030051161000026125,0.005779876569935168,0.04375174161364067,0.6945857227776774
624.8575772912518,0.7484970104035036,0.7449617457901591,0.0019674117525199262,0.004300682194030497,0.003007560405933382,0.0058095954548374375,0.044242578194075816,0.6954709765513616
624.7041394978387,0.7498877032820896,0.7463670419850095,0.0019674117525199262,0.004304304990098017,0.003010013292679398,0.0058397857103701005,0.04473811089716582,0.6963444741047758
624.5507017044274,0.7512580483993045,0.747765760412559,0.0019674117525199262,0.004307936168308871,0.0030124748001387047,0.005870458469988076,0.04523836983795055,0.6972061681462526
624.3972639110161,0.7526091608077928,0.7491578959604684,0.0019674117525199262,0.004311575754347391,0.0030149449684397267,0.005901625137535081,0.0457433851274314,0.6980560119827945
624.2438261176048,0.7539422881189051,0.7505434443878697,0.0019674117525199262,0.004315223773995553,0.0030174238379427312,0.005933297392279711,0.04625318686947041,0.698893959524261
624.0903883241917,0.7552587403245595,0.7519224023315242,0.0019674117525199262,0.004318880253133509,0.0030199114492414827,0.005965487193974849,0.046767805157690065,0.699719965287564
623.9369505307805,0.7565599131899546,0.7532947673118147,0.0019674117525199262,0.004322545217739853,0.003022407843164737,0.005998206787932854,0.04728727007230147,0.7005339844007554
623.7835127373692,0.7578472024802888,0.7546605377388277,0.0019674117525199262,0.004326218693892334,0.003024913060778035,0.006031468710119272,0.04781161167695892,0.7013359726071589
623.6300749439561,0.7591220234546879,0.7560197129182138,0.0019674117525199262,0.004329900707768173,0.003027427143385255,0.006065285792254447,0.0483408600155247,0.7021258862693609
623.4766371505448,0.7603857601819941,0.7573722930569686,0.0019674117525199262,0.004333591285644384,0.0030299501325301657,0.006099671166922687,0.04887504510879821,0.7029036823731529
623.3231993571335,0.761639710957769,0.7587182792692749,0.0019674117525199262,0.004337290453898492,0.0030324820699982654,0.006134638272689048,0.049414196951267156,0.7036693185315017
623.1697615637222,0.7628851116970067,0.7600576735820951,0.0019674117525199262,0.00434099823900881,0.0030350229978183428,0.006170200859212196,0.04995834550776135,0.7044227529883741
623.0163237703091,0.7641231086426358,0.7613904789407658,0.0019674117525199262,0.004344714667554992,0.0030375729582642185,0.006206372992355747,0.050507520710109846,0.7051639446225607
622.8628859768978,0.7653546881873803,0.7627166992144043,0.0019674117525199262,0.0043484397662183144,0.0030401319938563277,0.006243169059288935,0.051061752453725205,0.7058928529513953
622.7094481834865,0.7665807158616145,0.7640363392013657,0.0019674117525199262,0.004352173561782407,0.003042700147363616,0.006280603773579135,0.051621070594217985,0.7066094381345023
622.5560103900752,0.7678019129406507,0.7653494046344387,0.0019674117525199262,0.004355916081133542,0.003045277461805146,0.006318692180263161,0.052185504943912685,0.7073136609774039
622.4025725966621,0.7690188564447384,0.7666559021860232,0.0019674117525199262,0.004359667351261188,0.003047863980451904,0.006357449660899602,0.052755085268368515,0.7080054829351217
622.2491348032509,0.7702319596451376,0.7679558394730971,0.0019674117525199262,0.004363427399258312,0.003050459746828429,0.006396891938592078,0.05332984128282619,0.7086848661156718
622.0956970098396,0.771441495456831,0.7692492250622164,0.0019674117525199262,0.004367196252322109,0.003053064804714771,0.006437035082985793,0.053909802648688505,0.7093517732835849
621.9422592164283,0.7726476120336668,0.7705360684742332,0.0019674117525199262,0.004370973937754311,0.0030556791981481515,0.006477895515223124,0.05449499896989998,0.7100061678632873
621.7888214230152,0.7738503210720014,0.7718163801889721,0.0019674117525199262,0.004374760482961749,0.0030583029714248257,0.006519490012860334,0.05508545978933367,0.7106480139424712
621.6353836296039,0.7750495445961251,0.7730901716496772,0.0019674117525199262,0.004378555915456654,0.003060936169101772,0.006561835714734324,0.05568121458510304,0.7112772762753611
621.4819458361926,0.7762451305534047,0.7743574552674665,0.0019674117525199262,0.0043823602628574165,0.0030635788359987056,0.006604950125781699,0.05628229276691081,0.7118939202859975
621.3285080427795,0.7774368528142829,0.7756182444254979,0.0019674117525199262,0.004386173552888932,0.003066231017199832,0.006648851121795116,0.0568887236723023,0.7124979120713913
621.1750702493682,0.7786244657552751,0.7768725534829807,0.0019674117525199262,0.00438999581338296,0.003068892758055608,0.006693556954115271,0.05750053656288471,0.7130892184046218
621.0216324559569,0.7798077120565402,0.7781203977791584,0.0019674117525199262,0.00439382707227888,0.003071564104184806,0.006739086254257391,0.05811776062057946,0.7136678067379376
620.8681946625456,0.7809863616897355,0.7793617936369721,0.0019674117525199262,0.0043976673576240155,0.0030742451014762755,0.006785458038456139,0.058740424943769715,0.7142336452057256
620.7147568691325,0.7821602353107292,0.7805967583666376,0.0019674117525199262,0.004401516697574207,0.0030769357960909118,0.006832691712130938,0.05936855854345984,0.7147867026274614
620.5613190757213,0.783329188664459,0.7818253102689527,0.0019674117525199262,0.004405375120394145,0.003079636234463448,0.006880807074258785,0.060002190339358254,0.7153269485105578
620.40788128231,0.7844931827630702,0.7830474686385619,0.0019674117525199262,0.004409242654458136,0.003082346463304581,0.006929824321656827,0.06064134915600327,0.7158543530532188
620.2544434888987,0.7856522877847012,0.7842632537668768,0.0019674117525199262,0.004413119328250425,0.003085066529602797,0.00697976405315676,0.061286063718782945,0.7163688871471635
620.1010056954856,0.7868066713771273,0.7854726869448827,0.0019674117525199262,0.004417005170365801,0.0030877964806264005,0.007030647273673111,0.06193636264996947,0.7168705223803277
619.9475679020743,0.7879566064553314,0.7866757904656486,0.0019674117525199262,0.00442090020950992,0.003090536363925371,0.00708249539815137,0.06259227446467582,0.7173592310394659
619.794130108663,0.7891025023917879,0.7878725876267618,0.0019674117525199262,0.0044248044745000895,0.0030932862273335532,0.007135330255398366,0.06325382756685942,0.7178349861127501
619.6406923152499,0.79024488162375,0.7890631027324092,0.0019674117525199262,0.0044287179942656555,0.003096046118970581,0.007189174091776212,0.06392105024522647,0.71829776129225
619.4872545218386,0.7913843445641799,0.790247361095227,0.0019674117525199262,0.004432640797848376,0.003098816087243808,0.007244049574757431,0.0645939706691048,0.7187475309763522
619.3338167284273,0.79252161248839,0.7914253890380376,0.0019674117525199262,0.00443657291440322,0.003101596180850553,0.007299979796339745,0.06527261688435881,0.719184270272165
619.180378935016,0.7936574612546887,0.7925972138951973,0.0019674117525199262,0.004440514373198711,0.003104386448780039,0.007356988276300594,0.06595701680919581,0.7196079549978018
619.026941141603,0.794792717405596,0.7937628640137714,0.0019674117525199262,0.004444465203617541,0.0031071869403155377,0.007415098965293791,0.0666471982299909,0.7200185616846333
618.8735033481917,0.7959282347751296,0.7949223687543653,0.0019674117525199262,0.004448425435156921,0.0031099977050363407,0.007474336247772403,0.06734318879703408,0.7204160675794452
618.7200655547804,0.7970648438045952,0.7960757584918193,0.0019674117525199262,0.004452395097429384,0.003112818792820075,0.007534724944740753,0.0680450160203311,0.7208004506465777
618.5666277613691,0.7982033749352977,0.7972230646154875,0.0019674117525199262,0.004456374220163142,0.0031156502538447063,0.00759629031631359,0.06875270726529417,0.7211716895699516
618.413189967956,0.7993445533413348,0.7983643195293098,0.0019674117525199262,0.004460362833202717,0.003118492138590757,0.007659058064085219,0.06946628974845426,0.7215297637550565
618.2597521745447,0.8004890340186654,0.7994995566515072,0.0019674117525199262,0.004464360966509289,0.0031213444978433445,0.007723054333291551,0.07018579053309527,0.7218746533308474
618.1063143811334,0.8016373588984702,0.8006288104141079,0.0019674117525199262,0.004468368650161529,0.003124207382694572,0.0077883057147685305,0.0709112365249461,0.7222063391516169
617.9528765877221,0.8027899061629397,0.8017521162620234,0.0019674117525199262,0.004472385914355953,0.0031270808445456,0.007854839246683454,0.07164265446776125,0.7225248027987569
617.799438794309,0.8039468941440601,0.8028695106518857,0.0019674117525199262,0.004476412789407571,0.0031299649351089393,0.007922682416042503,0.07238007093892605,0.7228300265824804
617.6460010008977,0.8051083618296863,0.8039810310504738,0.0019674117525199262,0.004480449305750243,0.0031328597064105594,0.007991863159956456,0.07312351234498403,0.7231219935434522
617.4925632074865,0.8062741688635413,0.8050867159329336,0.0019674117525199262,0.004484495493937531,0.003135765210792356,0.008062409866668657,0.07387300491722541,0.7234006874543893
617.3391254140734,0.8074439526585764,0.8061866047805316,0.0019674117525199262,0.004488551384643106,0.003138681500914329,0.00813435137632117,0.07462857470717325,0.7236660928215595
617.1856876206621,0.8086171595872547,0.8072807380780528,0.0019674117525199262,0.00449261700866117,0.003141608629756782,0.008207716981457086,0.0753902475820428,0.7239181948862147
617.0322498272508,0.8097930644754785,0.8083691573109519,0.0019674117525199262,0.004496692396907307,0.003144546650622847,0.008282536427258114,0.07615804922025733,0.724156979625986
616.8788120338395,0.8109707355135206,0.8094519049619993,0.0019674117525199262,0.004500777580418867,0.003147495617140686,0.008358839911492189,0.0769320051068513,0.724382433756176
616.7253742404264,0.8121491161305184,0.8105290245076238,0.0019674117525199262,0.00450487259035562,0.00315045558326592,0.008436658084175808,0.0777121405289034,0.7245945447310027
616.5719364470151,0.8133269704114776,0.8116005604137867,0.0019674117525199262,0.004508977458000148,0.0031534266032838673,0.008516022046931412,0.07849848057089145,0.7247933007447596
616.4184986536038,0.8145029883644802,0.8126665581315851,0.0019674117525199262,0.004513092214758709,0.0031564087318121537,0.008596963352045503,0.07929105011011767,0.7249786907329308
616.2650608601925,0.8156757781231131,0.8137270640923164,0.0019674117525199262,0.004517216892161625,0.0031594020238029895,0.008679514001200043,0.08008987381201896,0.7251507043732125
616.1116230667794,0.8168438776428248,0.8147821257022054,0.0019674117525199262,0.00452135152186396,0.003162406534545679,0.008763706443882895,0.08089497612551166,0.725309332086481
615.9581852733681,0.8180058482717768,0.8158317913366279,0.0019674117525199262,0.004525496135645913,0.0031654223196689413,0.008849573575456793,0.08170638127825774,0.7254545650376781
615.8047474799569,0.8191602669532722,0.8168761103340247,0.0019674117525199262,0.004529650765413709,0.0031684494351435994,0.008937148734893808,0.08252411327200634,0.725586395136647
615.6513096865456,0.8203057730111816,0.8179151329892509,0.0019674117525199262,0.004533815443199982,0.0031714879372849456,0.009026465702146418,0.08334819587781946,0.7257048150388798
615.4978718931325,0.8214411071377982,0.8189489105465438,0.0019674117525199262,0.004537990201164481,0.003174537882755329,0.009117558695162311,0.0841786526313356,0.7258098181462058
615.3444340997212,0.82256513478655,0.8199774951919607,0.0019674117525199262,0.004542175071594472,0.003177599328566562,0.009210462366521647,0.08501550682795542,0.7259013986074023
615.1909963063099,0.8236768773622839,0.8210009400454709,0.0019674117525199262,0.00454637008690563,0.003180672332082698,0.009305211799705278,0.0858587815181074,0.7259795513187496
615.0375585128968,0.824775516120051,0.8220192991524582,0.0019674117525199262,0.0045505752796425065,0.003183756951022512,0.009401842504964801,0.08670849950240705,0.726044271924501
614.8841207194855,0.8258604428493179,0.8230326274747441,0.0019674117525199262,0.004554790682478983,0.0031868532434620005,0.00950039041479514,0.08756468332679765,0.7260955568172901
614.7306829260742,0.8269312403800393,0.8240409808812231,0.0019674117525199262,0.0045590163282191835,0.0031899612678372336,0.009600891879012002,0.08842735527776388,0.7261334031384705
614.5772451326629,0.8279876903802288,0.8250444161378795,0.0019674117525199262,0.0045632522497979,0.0031930810829468607,0.00970338365940399,0.08929653737742999,0.7261578087783804
614.4238073392498,0.8290297850523154,0.8260429908973688,0.0019674117525199262,0.0045674984802813,0.0031962127479548616,0.009807902923969613,0.0901722513787018,0.7261687723765409
614.2703695458385,0.8300576959428599,0.8270367636880099,0.0019674117525199262,0.004571755052867357,0.0031993563223930988,0.00991448724071678,0.09105451876033119,0.7261662933217812
614.1169317524273,0.8310717778413401,0.8280257939023768,0.0019674117525199262,0.004576022000886776,0.003202511866164261,0.010023174571036648,0.09194336072207053,0.7261503717522984
613.963493959016,0.8320725297922963,0.8290101417852385,0.0019674117525199262,0.0045802993578034235,0.003205679439544462,0.01013400326261937,0.09283879817970885,0.7261210085556421
613.8100561656029,0.833060595095331,0.8299898684210348,0.0019674117525199262,0.00458458715721506,0.003208859103186085,0.010247012041923981,0.09374085176015708,0.7260782053686323
613.6566183721916,0.8340366989245419,0.8309650357207392,0.0019674117525199262,0.004588885432853778,0.0032120509181204253,0.0103622400061797,0.09464954179645646,0.7260219645772086
613.5031805787803,0.8350016366321649,0.8319357064082866,0.0019674117525199262,0.004593194218586942,0.0032152549457607304,0.010479726614932783,0.095564888322882,0.7259522893162039
613.349742785369,0.8359562347607198,0.8329019440063287,0.0019674117525199262,0.0045975135484176335,0.003218471247904897,0.010599511681105275,0.09648691106992684,0.7258691834690537
613.1963049919559,0.8369013198527263,0.8338638128214974,0.0019674117525199262,0.004601843456485399,0.0032216998867384064,0.010721635361580467,0.09741562945934078,0.725772651667432
613.0428671985446,0.8378376872604206,0.8348213779290312,0.0019674117525199262,0.004606183977066697,0.0032249409248370675,0.010846138147291837,0.0983510625990919,0.7256626992908234
612.8894294051333,0.8387660465627582,0.8357747051569421,0.0019674117525199262,0.004610535144575859,0.003228194425170158,0.010973060852832447,0.09929322927842926,0.7255393324660141
612.7359916117202,0.8396870254641999,0.8367238610695005,0.0019674117525199262,0.004614896993565596,0.003231460451103254,0.01110244460555148,0.10024214796283738,0.7254025580665224
612.582553818309,0.8406011386044279,0.8376689129501382,0.0019674117525199262,0.004619269558727506,0.003234739066401076,0.011234330834144667,0.10119783678898114,0.7252523837119635
612.4291160248977,0.841508725177778,0.8386099287838639,0.0019674117525199262,0.004623652874893043,0.003238030335230717,0.01136876125674775,0.10216031355974432,0.7250888177673277
612.2756782314864,0.8424099996174512,0.8395469772389734,0.0019674117525199262,0.00462804697703399,0.003241334322164504,0.011505777868498702,0.10312959573914934,0.7249118693422065
612.1222404380733,0.843305016506444,0.840480127648232,0.0019674117525199262,0.004632451900263231,0.00324465109218312,0.011645422928588708,0.10410570044733745,0.7247215482899392
611.968802644662,0.8441936315896941,0.8414094499893896,0.0019674117525199262,0.004636867679835217,0.0032479807106785166,0.011787738946778318,0.10508864445547503,0.7245178652067022
611.8153648512507,0.8450755797497893,0.8423350148652042,0.0019674117525199262,0.004641294351146959,0.0032513232434572483,0.011932768669401295,0.10607844418077006,0.7243008314305084
611.6619270578394,0.8459504204239717,0.8432568934827483,0.0019674117525199262,0.004645731949738514,0.00325467875674344,0.01208055506481943,0.10707511568136924,0.7240704590401574
611.5084892644263,0.8468175843895624,0.8441751576321737,0.0019674117525199262,0.004650180511293762,0.0032580473171820164,0.012231141308351557,0.10807867465132082,0.7238267608541052
611.355051471015,0.8476764244481733,0.8450898796648019,0.0019674117525199262,0.004654640071640901,0.0032614289918417227,0.012384570766653363,0.10908913641546412,0.7235697504292814
611.2016136776037,0.8485261569439249,0.8460011324707097,0.0019674117525199262,0.004659110666753454,0.003264823848218572,0.012540886981573966,0.1101065159244356,0.7232994420598079
611.0481758841906,0.849365986524581,0.8469089894556066,0.0019674117525199262,0.004663592332750807,0.003268231954238956,0.012700133653453433,0.11113082774956705,0.723015850775676
610.8947380907794,0.8501951022427638,0.8478135245170954,0.0019674117525199262,0.004668085105898759,0.0032716533782627946,0.012862354623874982,0.11216208607778193,0.7227189923413566
610.7413002973681,0.8510126892523101,0.8487148120204213,0.0019674117525199262,0.004672589022610547,0.0032750881890870644,0.013027593857888358,0.11320030470660153,0.7224088832543135
610.5878625039568,0.8518180067839803,0.8496129267734948,0.0019674117525199262,0.00467710411944734,0.00327853645594896,0.013195895425667653,0.11424549703903054,0.72208554074348
610.4344247105437,0.852610388145459,0.8505079440013696,0.0019674117525199262,0.004681630433119068,0.003281998248529327,0.01336730348363372,0.11529767607851804,0.7217489827676492
610.2809869171324,0.8533892953043511,0.8513999393200438,0.0019674117525199262,0.004686168000484924,0.0032854736369558758,0.01354186225501761,0.11635685442384583,0.7213992280138192
610.1275491237211,0.8541543227869679,0.8522889887097574,0.0019674117525199262,0.004690716858554408,0.0032889626918068387,0.013719616009898312,0.11742304426414545,0.7210362958954322
609.9741113303098,0.8549052795528211,0.8531751684875771,0.0019674117525199262,0.004695277044487843,0.0032924654841142457,0.013900609044675275,0.11849625737379421,0.7206602065505853
609.8206735368967,0.8556421188164853,0.8540585552794371,0.0019674117525199262,0.004699848595597211,0.003295982085367478,0.01408488566100977,0.1195765051073917,0.7202709808401506
609.6672357434854,0.8563650433148048,0.8549392259915181,0.0019674117525199262,0.004704431549346675,0.0032995125675166,0.014272490144212197,0.12066379839466491,0.7198686403458574
609.5137979500741,0.8570744624202541,0.8558172577811305,0.0019674117525199262,0.004709025943353644,0.0033030570029761435,0.014463466741112603,0.12175814773550876,0.719453207368259
609.3603601566629,0.8577710077360793,0.8566927280269007,0.0019674117525199262,0.004713631815389295,0.0033066154646285064,0.014657859637374017,0.12285956319490536,0.7190247049246832
609.2069223632498,0.8584555330962986,0.857565714298429,0.0019674117525199262,0.004718249203379439,0.0033101880258276295,0.014855712934287241,0.1239680543979289,0.7185831567470855
609.0534845698385,0.8591290716790617,0.8584362943253049,0.0019674117525199262,0.0047228781454050454,0.003313774760402454,0.015057070625024174,0.12508363052468097,0.7181285872798719
608.9000467764272,0.8597928983872175,0.8593045459656425,0.0019674117525199262,0.0047275186797033335,0.0033173757426608374,0.015261976570391713,0.12620630030536711,0.7176610216775993
608.7466089830141,0.8604484011883935,0.8601705471739577,0.0019674117525199262,0.004732170844668367,0.003320991047393119,0.015470474474047213,0.1273360720152662,0.7171804858026625
608.5931711896028,0.8610971434955634,0.861034375968475,0.0019674117525199262,0.004736834678851653,0.0033246207498757174,0.015682607857201415,0.1284729534697101,0.7166870062229158
608.4397333961915,0.8617407978876942,0.8618961103979745,0.0019674117525199262,0.004741510220963245,0.003328264925875144,0.015898420032838204,0.12961695201919649,0.7161806102091811
608.2862956027802,0.8623810915267492,0.8627558285079833,0.0019674117525199262,0.004746197509872291,0.003331923651651626,0.016117954079411266,0.13076807454438105,0.7156613257327468
608.1328578093671,0.8630198100564742,0.8636136083064911,0.0019674117525199262,0.004750896584607927,0.003335597003963022,0.016341252814064292,0.13192632745116453,0.715129181462771
607.9794200159558,0.8636587430194,0.8644695277290703,0.0019674117525199262,0.004755607484359837,0.0033392850600685044,0.016568358765352335,0.13309171666571276,0.7145842067636565
607.8259822225446,0.8642996214762757,0.8653236646035795,0.0019674117525199262,0.004760330248479371,0.003342987897732722,0.016799314145514724,0.1342642476296297,0.7140264316923026
607.6725444291333,0.8649441297024246,0.8661760966142508,0.0019674117525199262,0.004765064916480115,0.0033467055952295533,0.017034160822255832,0.13544392529501056,0.7134558869953544
607.5191066357202,0.8655938428071767,0.8670269012653395,0.0019674117525199262,0.004769811528038802,0.003350438231346166,0.017272940290085532,0.13663075411959452,0.7128726041063542
607.3656688423089,0.8662501877460144,0.8678761558442241,0.0019674117525199262,0.004774570122995881,0.0033541858853868363,0.017515693641196692,0.13782473806185255,0.7122766151428719
607.2122310488976,0.8669144472193574,0.8687239373841269,0.0019674117525199262,0.004779340741356666,0.003357948637177262,0.017762461535935217,0.13902588057623494,0.7116679529035026
607.0587932554863,0.8675876933932102,0.8695703226262732,0.0019674117525199262,0.0047841234232919175,0.0033617265670684545,0.01801328417281743,0.14023418460829903,0.7110466508648761
606.9053554620732,0.8682708112918746,0.8704153879816541,0.0019674117525199262,0.00478891820913877,0.003365519755940946,0.018268201258151564,0.14144965258994233,0.7104127431785602
606.7519176686619,0.8689644715064515,0.8712592094922951,0.0019674117525199262,0.004793725139401324,0.0033693282852087607,0.018527251975240338,0.1426722864345723,0.7097662646679521
606.5984798752506,0.8696691068021284,0.8721018627921957,0.0019674117525199262,0.004798544254751808,0.003373152236823868,0.01879047495322559,0.14390208753244288,0.7091072508250312
606.4450420818375,0.8703849394096768,0.8729434230677716,0.0019674117525199262,0.004803375596031242,0.0033769916932802823,0.019057908235530607,0.1451390567458859,0.7084357378071233
606.2916042884262,0.8711119615315259,0.8737839650178998,0.0019674117525199262,0.004808219204250093,0.0033808467376181886,0.019329589247939826,0.14638319440456596,0.7077517624336054
606.138166495015,0.8718499548356894,0.8746235628136735,0.0019674117525199262,0.004813075120589458,0.00338471745342852,0.019605554766359494,0.14763450030089353,0.7070553621824822
605.9847287016037,0.8725985060509073,0.8754622900576934,0.0019674117525199262,0.004817943386401678,0.0033886039248571228,0.01988584088421325,0.14889297368531804,0.706346575186983
605.8312909081906,0.8733570186630026,0.8763002197430689,0.0019674117525199262,0.004822824043211301,0.0033925062366092313,0.020170482979538214,0.1501586132617374,0.7056254402320525
605.6778531147793,0.8741247402063795,0.8771374242120309,0.0019674117525199262,0.0048277171327157,0.0033964244739537095,0.02045951568175764,0.151431417182846,0.7048919967508376
605.524415321368,0.8749007700615944,0.877973975114325,0.0019674117525199262,0.004832622696786277,0.003400358722727795,0.020752972838199404,0.15271138304566279,0.7041462848210285
605.3709775279567,0.8756841101395667,0.8788099433652117,0.0019674117525199262,0.004837540777469099,0.003404309069341422,0.02105088748030892,0.1539985078869394,0.7033883451612325
605.2175397345436,0.8764736726791501,0.8796453991032438,0.0019674117525199262,0.004842471416985875,0.003408275600781863,0.021353291789626774,0.1552927881786908,0.7026182191272382
605.0641019411323,0.8772683192349872,0.8804804116477251,0.0019674117525199262,0.0048474146577345955,0.0034122584046181355,0.021660217063505984,0.1565942198236658,0.7018359487082803
604.910664147721,0.8780668840702223,0.8813150494560215,0.0019674117525199262,0.004852370542290762,0.003416257569005917,0.02197169368064281,0.1579027981510052,0.7010415765231565
604.7572263543098,0.8788681936504287,0.8821493800805514,0.0019674117525199262,0.004857339113408031,0.003420273182692035,0.022287751066366837,0.15921851791178038,0.7002351458163839
604.6037885608966,0.879671093935107,0.8829834701256278,0.0019674117525199262,0.004862320414019225,0.0034243053350192882,0.022608417657764893,0.16054137327465975,0.6994167004542444
604.4503507674854,0.8804744971631111,0.8838173852040542,0.0019674117525199262,0.004867314487236981,0.0034283541159310163,0.022933720868612267,0.16187135782151757,0.6985862849208361
604.2969129740741,0.8812773584599348,0.8846511898936515,0.0019674117525199262,0.004872321376355005,0.0034324196159762023,0.023263687054189585,0.16320846454323695,0.6977439443139736
604.143475180661,0.8820787304207087,0.885484947693549,0.0019674117525199262,0.004877341124848802,0.003436501926314185,0.02359834147593123,0.16455268583540988,0.6968897243411246
603.9900373872497,0.8828777553126294,0.8863187209803441,0.0019674117525199262,0.004882373776376393,0.0034406011387194168,0.023937708265956387,0.1659040134940757,0.696023671315296
603.8365995938384,0.8836736884676717,0.8871525709642439,0.0019674117525199262,0.0048874193747795985,0.0034447173455867015,0.024281810391537675,0.16726243871164262,0.6951458321507771
603.6831618004271,0.8844659099789461,0.8879865576450179,0.0019674117525199262,0.004892477964084707,0.0034488506399359994,0.024630669619449982,0.1686279520726914,0.6942562543589356
603.529724007014,0.8852539169031267,0.8888207397679388,0.0019674117525199262,0.004897549588503528,0.0034530011154175677,0.024984306480281326,0.170000543549917,0.6933549860438991
603.3762862136027,0.8860373271592374,0.8896551747796161,0.0019674117525199262,0.004902634292434071,0.003457168866316857,0.02534274023267489,0.17138020250001565,0.6924420758982544
603.2228484201914,0.8868158990225792,0.8904899187838954,0.0019674117525199262,0.004907732120461846,0.0034613539875599413,0.0257059888275873,0.17276691765977856,0.6915175731985874
603.0694106267802,0.8875894921368749,0.8913250264976499,0.0019674117525199262,0.004912843117360559,0.00346555657471852,0.026074068872497348,0.17416067714206848,0.6905815278010847
602.915972833367,0.8883581065021247,0.8921605512066386,0.0019674117525199262,0.004917967328093179,0.0034697767240152526,0.0264469955956502,0.17556146843193923,0.6896339901370204
602.7625350399558,0.8891218395879651,0.8929965447213335,0.0019674117525199262,0.00492310479781265,0.003474014532328846,0.026824782810303083,0.17696927838270357,0.688675011208265
602.6090972465445,0.8898809019288119,0.8938330573328905,0.0019674117525199262,0.004928255571863204,0.003478270097199701,0.027207442879060656,0.17838409321221402,0.6877046425826326
602.4556594531314,0.8906355859335751,0.8946701377690994,0.0019674117525199262,0.0049334196957811416,0.0034825435168351544,0.02759498667823342,0.1798058984990443,0.6867229363892852
602.3022216597201,0.8913862853795872,0.895507833150416,0.0019674117525199262,0.004938597215295621,0.003486834890114772,0.02798742356227456,0.18123467917871847,0.6857299453140924
602.1487838663088,0.8921334642223194,0.896346188946185,0.0019674117525199262,0.004943788176329992,0.003491144316596152,0.028384761328354675,0.18267041954014304,0.6847257225948409
601.9953460728975,0.8928776410002394,0.8971852489308858,0.0019674117525199262,0.00494899262500253,0.0034954718965202703,0.028787006181002883,0.18411310322192226,0.6837103220165176
601.8419082794844,0.8936194200250948,0.8980250551405734,0.0019674117525199262,0.0049542106076275495,0.003499817730817198,0.029194162696903884,0.1855627132088273,0.6826837979064772
601.6884704860731,0.8943594134062046,0.8988656478294133,0.0019674117525199262,0.0049594421707161345,0.00350418192111155,0.029606233789809738,0.18701923182821636,0.6816462051296392
601.5350326926618,0.8950983112285973,0.8997070654264885,0.0019674117525199262,0.004964687360977518,0.0035085645697285166,0.030023220675658397,0.18848264074668097,0.6805975990835228
601.3815948992506,0.895836803577301,0.9005493444926913,0.0019674117525199262,0.004969946225319825,0.0035129657796994273,0.030445122837816637,0.18995292096657637,0.6795380356933588
601.2281571058375,0.8965756078288423,0.9013925196778785,0.0019674117525199262,0.004975218810851214,0.0035173856547676893,0.03087193799253849,0.1914300528227111,0.6784675714070897
601.0747193124262,0.8973154647524607,0.9022366236781808,0.0019674117525199262,0.004980505164880631,0.00352182429939447,0.03130366205459306,0.19291401597899027,0.6773862631904021
600.9212815190149,0.8980571112186102,0.903081687193645,0.0019674117525199262,0.00498580533491921,0.0035262818187649526,0.031740289103154774,0.1944047894252909,0.6762941685215949
600.7678437256036,0.89880128799653,0.9039277388860176,0.0019674117525199262,0.004991119368681043,0.0035307583187941436,0.032181811347866705,0.1959023514742227,0.6751913453865328
600.6144059321905,0.8995487319566743,0.9047748053368463,0.0019674117525199262,0.004996447314084343,0.0035352539061330396,0.03262821909516914,0.19740667975805387,0.6740778522734856
600.4609681387792,0.9003001682731404,0.905622911005789,0.0019674117525199262,0.0050017892192522236,0.003539768688174548,0.03307950071484127,0.19891775122559135,0.6729537481680093
600.3075303453679,0.9010562870309569,0.9064720781893012,0.0019674117525199262,0.00500714513251412,0.003544302773059998,0.03353564260685002,0.20043554213930168,0.671819092547655
600.1540925519548,0.9018177822139372,0.9073223269795233,0.0019674117525199262,0.005012515102406653,0.0035488562696852338,0.03399662916841442,0.2019600280723348,0.670673945376762
600.0006547585435,0.9025853166156116,0.9081736752234661,0.0019674117525199262,0.005017899177674493,0.0035534292877067745,0.03446244276133934,0.2034911839056101,0.6695183671012152
599.8472169651322,0.9033595023452988,0.9090261384825927,0.0019674117525199262,0.005023297407271802,0.003558021937548519,0.03493306367967585,0.2050289838251308,0.6683524186430455
599.693779171721,0.9041409203220341,0.9098797299926161,0.0019674117525199262,0.005028709840363044,0.0035626343304079773,0.035408470117610405,0.2065734013191831,0.6671761613951314
599.5403413783079,0.9049301241733542,0.9107344606236749,0.0019674117525199262,0.005034136526324193,0.0035672665782628993,0.0358886381376749,0.2081244091757108,0.6659896572157818
599.3869035848966,0.9057276090450138,0.9115903388407783,0.0019674117525199262,0.005039577514743556,0.0035719187938776337,0.03637354163921512,0.20968197947964784,0.6647929684233739
599.2334657914853,0.9065338232973423,0.9124473706646806,0.0019674117525199262,0.005045032855423239,0.0035765910908101125,0.03686315232721127,0.21124608361050273,0.663586157790813
599.080027998074,0.907349160707672,0.9133055596329912,0.0019674117525199262,0.005050502598379991,0.0035812835834183503,0.037357439681339116,0.2128166922398291,0.6623692885401044
598.9265902046609,0.9081739604703388,0.9141649067616812,0.0019674117525199262,0.005055986793846429,0.0035859963868673456,0.03785637092536395,0.2143937753288769,0.6611424243368063
598.7731524112496,0.9090085071966824,0.9150254105068695,0.0019674117525199262,0.005061485492271886,0.0035907296171357244,0.03835991099679789,0.215977302126203,0.6599056292845407
598.6197146178383,0.9098530036235468,0.91588706672705,0.0019674117525199262,0.005066998744323914,0.0035954833910230083,0.03886802251691446,0.21756724116554058,0.6586589679193278
598.466276824427,0.910707621297493,0.9167498686455576,0.0019674117525199262,0.005072526600889141,0.003600257826156401,0.03938066576100035,0.21916356026355535,0.6574025052040361
598.3128390310139,0.9115724381942304,0.9176138068134334,0.0019674117525199262,0.005078069113074533,0.003605053040997986,0.03989779862893657,0.2207662265177873,0.6561363065227168
598.1594012376027,0.9124474933016137,0.9184788690725673,0.0019674117525199262,0.00508362633220826,0.003609869154851659,0.04041937661603338,0.22237520630455368,0.654860437675
598.0059634441914,0.9133327476317881,0.9193450405192742,0.0019674117525199262,0.005089198309841227,0.0036147062878707096,0.04094535278421265,0.2239904652771178,0.6535749648703115
597.8525256507783,0.9142280959175458,0.9202123034681127,0.0019674117525199262,0.005094785097748037,0.003619564561064964,0.04147567773341636,0.2256119683637631,0.6522799547221999
597.699087857367,0.9151334094989666,0.9210806374160279,0.0019674117525199262,0.005100386747927928,0.003624444096308012,0.042010299573289465,0.22723967976594367,0.6509754742426386
597.5456500639557,0.9160484583477075,0.9219500190069094,0.0019674117525199262,0.005106003312606345,0.003629345016345026,0.04254916389518876,0.22887356295668607,0.6496615908361629
597.3922122705444,0.9169730046378548,0.9228204219963632,0.0019674117525199262,0.005111634844235829,0.0036342674448000918,0.04309221374439076,0.23051358067887764,0.6483383722941385
597.2387744771313,0.9179067442641419,0.9236918172168546,0.0019674117525199262,0.005117281395497336,0.0036392115061839713,0.04363938959259231,0.23215969494375063,0.64700588678891
597.08533668372,0.9188493302346619,0.924564172543096,0.0019674117525199262,0.005122943019301146,0.0036441773259015906,0.044190629310619296,0.2338118670293293,0.6456642028680244
596.9318988903087,0.9198004272538641,0.9254374528578337,0.0019674117525199262,0.005128619768788451,0.0036491650302602104,0.04474586814143927,0.23547005747915462,0.6443133894482709
596.7784610968974,0.9207596259492743,0.926311620017823,0.0019674117525199262,0.005134311697332285,0.003654174746477096,0.045305038673340056,0.23713422610089474,0.6429535158098585
596.6250233034843,0.9217265208472036,0.9271866328201511,0.0019674117525199262,0.005140018858538856,0.003659206602687626,0.045868070813370174,0.23880433196515724,0.641584651590477
596.471585510073,0.9227007064739629,0.9280624469687756,0.0019674117525199262,0.005145741306248496,0.0036642607279531365,0.04643489176095429,0.24048033340426522,0.6402068667794342
596.3181477166618,0.9236817539631506,0.928939015041438,0.0019674117525199262,0.005151479094537273,0.0036693372522694596,0.04700542598178285,0.24216218801131664,0.6388202317116115
596.1647099232505,0.9246692578410775,0.9298162864567412,0.0019674117525199262,0.00515723227771795,0.0036744363065749526,0.04757959518183526,0.2438498526391309,0.6374248170615618
596.0112721298374,0.9256628126340548,0.9306942074415516,0.0019674117525199262,0.005163000910341351,0.003679558022758985,0.04815731828163761,0.2455432833994003,0.6360206938374932
595.8578343364261,0.9266620362611065,0.9315727209985953,0.0019674117525199262,0.00516878504719733,0.0036847025336701634,0.04873851139066829,0.24724243566180773,0.6346079333753316
595.7043965430148,0.9276665544388273,0.9324517668744166,0.0019674117525199262,0.005174584743316422,0.0036898699731252567,0.04932308778201717,0.24894726405343387,0.6331866073326036
595.5509587496017,0.9286760279728812,0.9333312815274938,0.0019674117525199262,0.005180400053970897,0.003695060475917682,0.04991095786716568,0.25065772245807033,0.6317567876824489
595.3975209561904,0.9296901449604307,0.9342111980966146,0.0019674117525199262,0.005186231034675814,0.0037002741778260884,0.050502029170947996,0.25237376401562234,0.630318546707622
595.2440831627791,0.9307086168913508,0.935091446369599,0.0019674117525199262,0.0051920777411907015,0.0037055112156236,0.051096206306757964,0.25409534112178245,0.628871956994324
595.0906453693678,0.9317311864458006,0.9359719527521839,0.0019674117525199262,0.005197940229520562,0.0037107717270865514,0.05169339095187308,0.25582240542759266,0.6274170914261907
594.9372075759547,0.9327576274942226,0.9368526402372392,0.0019674117525199262,0.005203818555917292,0.0037160558510037044,0.05229348182301345,0.2575549078392189,0.6259540231781655
594.7837697825435,0.9337877528949144,0.9377334283742034,0.0019674117525199262,0.0052097127768807,0.003721363727185196,0.05289637465206055,0.25929279851769454,0.6244828257104621
594.6303319891322,0.9348213833037444,0.9386142332389198,0.0019674117525199262,0.005215622949160223,0.0037266954964722317,0.05350196216206236,0.2610360268789612,0.6230035727623435
594.4768941957209,0.9358583783644355,0.9394949674036814,0.0019674117525199262,0.0052215491297559515,0.003732051300746269,0.054110134043399455,0.26278454159379777,0.6215163383460617
594.3234564023078,0.9368986172146381,0.9403755399076743,0.0019674117525199262,0.0052274913759200944,0.003737431282938691,0.05472077693024657,0.26453829058796535,0.6200211967406832
594.1700186088965,0.9379419906883592,0.9412558562277211,0.0019674117525199262,0.005233449745158016,0.0037428355870402236,0.05533377437726907,0.2662972210423234,0.6185182224860101
594.0165808154852,0.93898842860746,0.942135818249524,0.0019674117525199262,0.005239424295229993,0.0037482643581111105,0.05594900683670085,0.26806127939324664,0.6170074903763151
593.8631430220721,0.9400378374010896,0.9430153242392461,0.0019674117525199262,0.005245415084152345,0.003753717742290842,0.05656635163570217,0.2698304113329528,0.6154890754542275
593.7097052286608,0.9410901546886802,0.9438942688155669,0.0019674117525199262,0.005251422170198564,0.0037591958868080106,0.05718568295410424,0.27160456180992315,0.6139630530046126
593.5562674352495,0.9421453141908789,0.9447725429223592,0.0019674117525199262,0.0052574456119011065,0.0037646989399908737,0.05780687180265559,0.27338367502960986,0.6124294985482814
593.4028296418383,0.9432032613246891,0.9456500338018419,0.0019674117525199262,0.005263485468052468,0.003770227051277408,0.05842978600168691,0.27516769445503036,0.6108884878358745
593.2493918484251,0.9442639259119723,0.9465266249684445,0.0019674117525199262,0.005269541797706704,0.0037757803712258915,0.059054290160374376,0.27695656280758535,0.6093400968416319
593.0959540550139,0.9453272338758046,0.9474021961833257,0.0019674117525199262,0.0052756146601805175,0.0037813590515252257,0.0596802456565845,0.2787502220678477,0.6077844017572673
592.9425162616026,0.9463931150380476,0.9482766234297986,0.0019674117525199262,0.00528170411505509,0.003786963245006064,0.06030751061749869,0.2805486134766628,0.6062214789856556
592.7890784681913,0.9474614875242062,0.9491497788895406,0.0019674117525199262,0.005287810222177188,0.0037925931056514216,0.06093593990095793,0.2823516775361352,0.6046514051346985
592.6356406747782,0.9485322616622147,0.9500215309198554,0.0019674117525199262,0.005293933041660714,0.0037982487886078385,0.06156538507774456,0.2841593540108431,0.603074257011079
592.4822028813669,0.9496053399824365,0.9508917440319726,0.0019674117525199262,0.0053000726338878375,0.0038039304501962887,0.062195694414820465,0.28597158192902367,0.601490111614124
592.3287650879556,0.9506806133188781,0.9517602788706683,0.0019674117525199262,0.005306229059510848,0.0038096382479239138,0.0628267128597597,0.2877882995840746,0.599899046129479
592.1753272945443,0.951757976404332,0.9526269921951358,0.0019674117525199262,0.005312402379453308,0.0038153723404952527,0.06345828202635663,0.28960944453594056,0.5983011379229697
592.0218895011312,0.9528372966800922,0.9534917368614073,0.0019674117525199262,0.005318592654911636,0.0038211328878240327,0.06409024018167027,0.29143495361273203,0.5966964645343491
591.8684517077199,0.9539184727777363,0.9543543618063661,0.0019674117525199262,0.005324799947356264,0.0038269200510447163,0.06472242223456896,0.29326476291231457,0.5950851036711613
591.7150139143087,0.9550013565434167,0.9552147120336718,0.0019674117525199262,0.005331024318533542,0.0038327339925249134,0.06535465972606068,0.29509880780421754,0.5934671332024148
591.5615761208956,0.9560858193172126,0.9560726286015905,0.0019674117525199262,0.005337265830466985,0.003838574875877341,0.06598678082144556,0.29693702293145074,0.5918426311524295
591.4081383274843,0.9571717246416326,0.956927948613011,0.0019674117525199262,0.005343524545458535,0.003844442865971965,0.06661861030454962,0.2987793422124236,0.590211675694687
591.254700534073,0.9582589282616144,0.9577805052079456,0.0019674117525199262,0.005349800526090484,0.0038503381289489505,0.06724996957431188,0.300625698843163,0.588574345145511
591.1012627406617,0.95934728202331,0.9586301275585429,0.0019674117525199262,0.0053560938352266805,0.003856260832231103,0.06788067664380155,0.30247602529941825,0.586930717957945
590.9478249472486,0.9604366260765151,0.959476640867005,0.0019674117525199262,0.0053624045360141925,0.0038622111445369223,0.06851054614201656,0.30433025333900016,0.5852808727155169
590.7943871538373,0.9615267966722401,0.960319866366539,0.0019674117525199262,0.005368732691884511,0.003868189235893434,0.06913938931862032,0.3061883140040924,0.583624888126128
590.640949360426,0.9626175988712111,0.9611596213257613,0.0019674117525199262,0.0053750783665555265,0.0038741952776499195,0.0697670140519953,0.30805013762388855,0.5819628430157516
590.4875115670147,0.963708837734155,0.961995719056628,0.0019674117525199262,0.0053814416240327775,0.0038802294424911607,0.07039322486073742,0.3099156538171125,0.5802948163223337
590.3340737736016,0.9648002754351579,0.9628279689263414,0.0019674117525199262,0.005387822528611131,0.003886291904451311,0.07101782291899726,0.31178479149477756,0.5786208870895838
590.1806359801903,0.9658916468568077,0.963656176373412,0.0019674117525199262,0.005394221144876045,0.0038923828389275644,0.07164060607587835,0.3136574788629172,0.5769411344608926
590.0271981867791,0.9669826439950524,0.9644801429283459,0.0019674117525199262,0.005400637537705576,0.003898502422694757,0.07226136887932297,0.31553364342564333,0.575255637673059
589.8737603933678,0.9680729042628431,0.9652996662390887,0.0019674117525199262,0.005407071772271661,0.0039046508339194864,0.07287990260466168,0.3174132119880886,0.573564476050227
589.7203225999547,0.96916201438892,0.966114540101715,0.0019674117525199262,0.005413523914041847,0.003910828252174898,0.07349599528828,0.3192961106595878,0.5718677289977102
589.5668848065434,0.9702494987214557,0.9669245544965979,0.0019674117525199262,0.005419994028780583,0.003917034858455274,0.07410943176665948,0.3211822648568318,0.5701654759959504
589.4134470131321,0.971334776341415,0.9677294956305619,0.0019674117525199262,0.005426482182551276,0.003923270835191601,0.07471999372126477,0.32307159930735047,0.5684577965942834
589.260009219719,0.9724172156455516,0.9685291459852088,0.0019674117525199262,0.0054329884417176864,0.0039295363662667435,0.07532745972950088,0.32496403805290175,0.5667447704049015
589.1065714263077,0.9734960758646263,0.969323284371863,0.0019674117525199262,0.005439512872945312,0.003935831637030854,0.07593160532217592,0.3268595044529664,0.5650264770968242
588.9531336328964,0.9745705187597626,0.9701116859936061,0.0019674117525199262,0.005446055543203487,0.003942156834317751,0.0765322030479082,0.3287579211885516,0.5633029963897047
588.7996958394851,0.975639600824877,0.9708941225145916,0.0019674117525199262,0.005452616519766724,0.003948512146460797,0.07712902254471807,0.3306592102658762,0.5615744080478495
588.646258046072,0.9767022810842485,0.9716703621371752,0.0019674117525199262,0.005459195870216517,0.003954897763309536,0.07772183061929908,0.3325632930202985,0.5598407918741312
588.4928202526607,0.977757389902236,0.9724401696871244,0.0019674117525199262,0.005465793662442696,0.003961313876246152,0.07831039133426035,0.3344700901202142,0.5581022277040407
588.3393824592495,0.9788036757687036,0.9732033067074337,0.0019674117525199262,0.005472409964645581,0.003967760678202989,0.07889446610382773,0.3363795215712886,0.5563587953995485
588.1859446658382,0.9798397663111655,0.9739595315609246,0.0019674117525199262,0.005479044845337346,0.003974238363679619,0.07947381379823183,0.3382915067205679,0.5546105748431877
588.0325068724251,0.9808641955862848,0.9747085995421458,0.0019674117525199262,0.005485698373343875,0.0039807471287606954,0.08004819085725545,0.34020596426083455,0.5528576459320309
587.8790690790138,0.9818754079786586,0.9754502629988075,0.0019674117525199262,0.005492370617806164,0.003987287171133642,0.08061735141320613,0.34212281223493196,0.5511000885718094
587.7256312856025,0.9828717698971748,0.9761842714632329,0.0019674117525199262,0.005499061648182506,0.003993858690107483,0.0811810474237568,0.34404196804042403,0.5493379826708418
587.5721934921912,0.9838516009652957,0.9769103717939587,0.0019674117525199262,0.005505771534249908,0.0040004618866312115,0.08173902881483448,0.34596334843413284,0.5475714081341899
587.4187556987781,0.9848131350332028,0.9776283083279298,0.0019674117525199262,0.005512500346105995,0.004007096963313006,0.08229104363396049,0.34788686953692133,0.5458004448577086
587.2653179053668,0.9857546332425764,0.9783378230434475,0.0019674117525199262,0.005519248154170438,0.004013764124439314,0.08283683821423192,0.34981244683844315,0.5440251727222424
587.1118801119555,0.9866743021521,0.9790386557342523,0.0019674117525199262,0.005526015029187201,0.004020463575995116,0.0833761573492902,0.35173999520222893,0.5422456715876305
586.9584423185424,0.9875703912070972,0.9797305441947876,0.0019674117525199262,0.005532801042226081,0.004027195525683855,0.08390874447936077,0.3536694288706722,0.5404620212869243
586.8050045251312,0.9884411810431756,0.980413224416897,0.0019674117525199262,0.005539606264684244,0.004033960182947765,0.08443434188859714,0.3556006614701217,0.5386743016206259
586.6515667317199,0.9892850107777246,0.9810864307981573,0.0019674117525199262,0.005546430768288518,0.0040407577589893166,0.0849526909139164,0.3575336060162847,0.536882592350758
586.4981289383086,0.9901003247953415,0.981749896361781,0.0019674117525199262,0.0055532746250968705,0.004047588466792297,0.08546353216529458,0.3594681749195076,0.5350869731951694
586.3446911448955,0.9908856532539038,0.9824033529882634,0.0019674117525199262,0.0055601379075004035,0.004054452521143789,0.08596660575766328,0.3614042799902996,0.533287523821736
586.1912533514842,0.9916396705663515,0.9830465316586591,0.0019674117525199262,0.005567020688224853,0.004061350138656113,0.08646165155432195,0.3633418324448226,0.5314843238427133
586.0378155580729,0.9923612109958289,0.9836791627095558,0.0019674117525199262,0.005573923040332926,0.004068281537790049,0.08694840942189488,0.3652807429107165,0.5296774528089011
585.8843777646616,0.9930492842508265,0.9843009760994563,0.0019674117525199262,0.005580845037225836,0.004075246938877694,0.08742661949658752,0.36722092143279933,0.5278669902040456
585.7309399712485,0.9937030559912535,0.9849117016865094,0.0019674117525199262,0.005587786752645335,0.004082246564146318,0.08789602246164953,0.3691622774790087,0.5260530154391393
585.5775021778372,0.9943219180065765,0.985511069517246,0.0019674117525199262,0.005594748260675266,0.004089280637742209,0.0883563598357219,0.3711047199463101,0.5242356078468762
585.424064384426,0.9949054687218922,0.9860988101261126,0.0019674117525199262,0.00560172963574395,0.004096349385755864,0.08880737427183623,0.37304815716693834,0.5224148466759179
585.2706265910128,0.995453497602785,0.9866746548452763,0.0019674117525199262,0.005608730952625851,0.0041034530362469655,0.08924880986656795,0.3749924969145346,0.5205908110853806
585.1171887976016,0.9959660085480404,0.9872383361243049,0.0019674117525199262,0.005615752286443242,0.004110591819269897,0.08968041247893228,0.3769376464103876,0.5187635801393515
584.9637510041903,0.9964432198896447,0.9877895878592382,0.0019674117525199262,0.005622793712668641,0.004117765966900582,0.09010193005852897,0.3788835123299827,0.516933232801237
584.810313210779,0.9968855487976435,0.9883281457303139,0.0019674117525199262,0.005629855307126418,0.0041249757132630505,0.09051311298222384,0.3808300008094238,0.5150998479283565
584.6568754173659,0.9972935722922861,0.9888537475477659,0.0019674117525199262,0.005636937145994921,0.00413222129455712,0.09091371439876213,0.3827770174520951,0.5132635042664363
584.5034376239546,0.9976680506367395,0.9893661336048506,0.0019674117525199262,0.005644039305808114,0.00413950294908617,0.09130349058048937,0.38472446733528426,0.5114242804442624
584.3499998305433,0.9980098922480183,0.9898650470373683,0.0019674117525199262,0.0056511618634580655,0.0041468209172864055,0.09168220128141764,0.3866722550171383,0.5095822549681476
584.196562037132,0.9983201264054868,0.9903502341886359,0.0019674117525199262,0.005658304896196604,0.004154175441755921,0.09204961010063024,0.38862028454348774,0.507737506216645
584.0431242437189,0.9985998603642187,0.9908214449790339,0.0019674117525199262,0.005665468481637504,0.004161566767284951,0.09240548485011753,0.39056845945490914,0.5058901124351645
583.8896864503076,0.9988502988489242,0.991278433279,0.0019674117525199262,0.0056726526977581675,0.004168995140886277,0.09274959792593819,0.3925166827937486,0.5040401517307485
583.7362486568964,0.9990726582806703,0.9917209572844462,0.0019674117525199262,0.005679857622902167,0.0041764608118272425,0.09308172668165823,0.39446485711147294,0.5021877020666653
583.5828108634851,0.9992681940683784,0.9921487798933095,0.0019674117525199262,0.005687083335780966,0.004183964031661611,0.09340165380280568,0.3964128844758898,0.5003328412572512
583.429373070072,0.999438142127043,0.9925616690820915,0.0019674117525199262,0.005694329915476144,0.004191505054262714,0.09370916768117592,0.398360666478602,0.49847564696265445
583.2759352766607,0.9995836720923049,0.9929593982810426,0.0019674117525199262,0.005701597441441143,0.004199084135856851,0.09400406278765819,0.40030810424242064,0.49661619668374546
583.1224974832494,0.9997059146119508,0.9933417467467445,0.0019674117525199262,0.005708885993503866,0.004206701535058364,0.09428614004231568,0.4022550984291047,0.4947545677568415
582.9690596898363,0.999805898965345,0.99370849993063,0.0019674117525199262,0.005716195651868533,0.004214357512904773,0.09455520718028722,0.404201549246988,0.4928908373486613
582.815621896425,0.9998845491646439,0.9940594498421056,0.0019674117525199262,0.005723526497117538,0.0042220523328927225,0.09481107911215518,0.4061473564587012,0.4910250824513186
582.6621841030137,0.9999426839547964,0.9943943954048875,0.0019674117525199262,0.005730878610214105,0.004229786261015653,0.09505357827739362,0.4080924193891949,0.48915737987714886
582.5087463096024,0.9999809739269033,0.9947131428050583,0.0019674117525199262,0.005738252072504093,0.004237559565801448,0.09528253498941248,0.4100366369336254,0.48728780625379453
582.3553085161893,0.9999999493157888,0.995015505829477,0.0019674117525199262,0.005745646965718337,0.004245372518351585,0.09549778777082292,0.4119799075654708,0.48541643801919304
582.201870722778,1.0,0.9953013061930811,0.0019674117525199262,0.00575306337197447,0.0042532253923806725,0.09569918367746973,0.4139221293446009,0.48354335141673505
582.0484329293668,0.9999814105908761,0.9955703738537324,0.0019674117525199262,0.005760501373779651,0.004261118464257923,0.0958865786098696,0.41586319992566806,0.4816686224902368
581.8949951359555,0.9999442980519812,0.9958225473131609,0.0019674117525199262,0.005767961054032416,0.0042690520130487155,0.09605983761062889,0.4178030165663576,0.47979232707917296
581.7415573425424,0.9998886779784573,0.9960576739027241,0.0019674117525199262,0.005775442496025088,0.004277026320557759,0.0962188351465421,0.41974147613586577,0.4779145408138131
581.5881195491311,0.9998144606982384,0.9962756100526498,0.0019674117525199262,0.005782945783445655,0.004285041671372796,0.09636345537405276,0.42167847512332807,0.47603533911053014
581.4346817557198,0.9997214863611205,0.9964762215435725,0.0019674117525199262,0.005790471000380559,0.004293098352910357,0.0964935923868722,0.4236139096465643,0.4741547971669247
581.2812439623085,0.9996094859509059,0.9966593837391406,0.0019674117525199262,0.0057980182313166154,0.00430119665546172,0.09660915044454947,0.42554767546068134,0.47227298995721123
581.1278061688954,0.9994782021477536,0.9968249817986421,0.0019674117525199262,0.005805587561143475,0.004309336872240636,0.09671004418092971,0.42747966796689846,0.4703899922275096
580.9743683754841,0.9993273035548985,0.9969729108686117,0.0019674117525199262,0.005813179075155568,0.004317519299431695,0.09679619879147401,0.4294097822213204,0.46850587849130976
580.8209305820728,0.9991564860670741,0.9971030762525381,0.0019674117525199262,0.005820792859054964,0.004325744236240922,0.09686755019854465,0.43133791294402307,0.46662072302475427
580.6674927886597,0.9989654533765845,0.9972153935578154,0.0019674117525199262,0.005828428998953435,0.004334011984946803,0.09692404519381771,0.43326395452801597,0.4647345998621611
580.5140549952484,0.9987539637587305,0.9973097888192517,0.0019674117525199262,0.0058360875813745355,0.004342322850952639,0.09696564155712993,0.43518780104828686,0.4628475827915875
580.3606172018372,0.9985218144766677,0.9973861985985515,0.0019674117525199262,0.005843768693256514,0.004350677142841171,0.09699230815116737,0.43710934627113235,0.46095974535023376
580.2071794084259,0.9982689002631883,0.9974445700592656,0.0019674117525199262,0.005851472421954336,0.004359075172429639,0.09700402499150838,0.4390284836633404,0.4590711608201124
580.0537416150128,0.9979951704340813,0.9974848610168783,0.0019674117525199262,0.005859198855242264,0.004367517254826896,0.09700078329167679,0.44094510640158846,0.4571819022236235
579.9003038216015,0.9977006990662705,0.9975070399637923,0.0019674117525199262,0.005866948081315914,0.004376003708491437,0.09698258548297453,0.44285910738178236,0.45529204231930775
579.7468660281902,0.9973856499087458,0.9975110860691171,0.0019674117525199262,0.005874720188795237,0.004384534855291973,0.09694944520899214,0.4447703792286996,0.4534016535974178
579.5934282347789,0.9970502841801336,0.9974969891532774,0.0019674117525199262,0.005882515266726607,0.004393111020568613,0.09690138729482613,0.44667881430548145,0.45151080827575424
579.4399904413658,0.9966949683662684,0.9974647496376068,0.0019674117525199262,0.005890333404585478,0.004401732533196288,0.096838447691158,0.44858430472333377,0.4496195782954128
579.2865526479545,0.99632015862505,0.9974143784692067,0.0019674117525199262,0.005898174692278495,0.004410399725649271,0.09676067339348264,0.45048674235116815,0.4477280353167078
579.1331148545432,0.995926431976728,0.9973458970214695,0.0019674117525199262,0.00590603922014656,0.004419112934068464,0.09666812233688112,0.45238601882553886,0.4458362507149141
578.979677061132,0.9955144005306216,0.9972593369708029,0.0019674117525199262,0.005913927078966987,0.0044278724983294535,0.09656086326688092,0.4542820255604263,0.44394429557627896
578.8262392677188,0.9950847738656862,0.9971547401501915,0.0019674117525199262,0.005921838359956225,0.004436678762113052,0.09643897558703547,0.45617465375722466,0.44205224069394183
578.6728014743076,0.9946382927511613,0.9970321583803582,0.0019674117525199262,0.0059297731547720495,0.004445532072977109,0.09630254918399088,0.4580637944146643,0.4401601565640335
578.5193636808963,0.9941757603368538,0.9968916532793662,0.0019674117525199262,0.0059377315555167,0.004454432782431341,0.09615168423087682,0.4599493383390257,0.43826811338159544
578.3659258874832,0.9936979914689271,0.9967332960516397,0.0019674117525199262,0.005945713654739199,0.004463381246013249,0.09598649097000463,0.4618311761542164,0.43637618103674586
578.2124880940719,0.9932058165886866,0.9965571672574407,0.0019674117525199262,0.005953719545437683,0.004472377823366093,0.09580708947591009,0.46370919831191576,0.43448442911089075
578.0590503006606,0.9927000583398663,0.9963633565639083,0.0019674117525199262,0.005961749321062608,0.004481422878319994,0.09561360939984563,0.46558329510198154,0.4325929268727781
577.9056125072493,0.9921815354674152,0.9961519624788924,0.0019674117525199262,0.005969803075519025,0.004490516778974161,0.09540618969695895,0.4674533566626977,0.43070174327482225
577.7521747138362,0.9916510433235692,0.9959230920688134,0.0019674117525199262,0.005977880903169446,0.00449965989778204,0.09518497833738691,0.46931927299121584,0.4288109469493388
577.5987369204249,0.9911093577666372,0.9956768606618851,0.0019674117525199262,0.005985982898836154,0.004508852611638149,0.09495013200260606,0.47118093395392363,0.4269206062049608
577.4452991270136,0.9905572156670729,0.9954133915380169,0.0019674117525199262,0.005994109157804497,0.004518095301968401,0.09470181576835385,0.47303822929709366,0.42503078902287617
577.2918613336024,0.9899953188062611,0.9951328156068311,0.0019674117525199262,0.006002259775825235,0.004527388354821828,0.09444020277556148,0.4748910486573668,0.4231415630533354
577.1384235401893,0.9894243572692302,0.994835271075168,0.0019674117525199262,0.006010434849117488,0.004536732160965496,0.09416547389066747,0.4767392815724249,0.4212529956120723
576.984985746778,0.9888449782543681,0.994520903105534,0.0019674117525199262,0.006018634474371131,0.004546127115981381,0.09387781735677012,0.47858281749158615,0.4193651536769049
576.8315479533667,0.9882577977697793,0.9941898634668621,0.0019674117525199262,0.006026858748750164,0.004555573620367057,0.0935774284369934,0.4804215457866714,0.41747810388415973
576.6781101599536,0.9876634396211391,0.9938423101790712,0.0019674117525199262,0.006035107769895243,0.004565072079638145,0.0932645090515475,0.48225535576272577,0.4155919125253443
576.5246723665423,0.9870625315129082,0.9934784071528,0.0019674117525199262,0.006043381635926228,0.004574622904433629,0.09293926740986157,0.4840841366687911,0.41370664554386716
576.371234573131,0.9864556621616928,0.9930983238256482,0.0019674117525199262,0.006051680445445628,0.004584226510625103,0.09260191763913188,0.4859077777089217,0.4118223685316036
576.2177967797197,0.98584347096831,0.9927022347963579,0.0019674117525199262,0.006060004297541095,0.004593883319427913,0.09225267941070396,0.48772616805303126,0.40993914672573334
576.0643589863066,0.9852266012323624,0.9922903194581659,0.0019674117525199262,0.00606835329178852,0.004603593757516088,0.09189177756553683,0.4895391968479142,0.40805704500549
575.9109211928953,0.9846057274437365,0.9918627616326519,0.0019674117525199262,0.0060767275282545725,0.004613358257139762,0.09151944174005906,0.4913467532281839,0.40617612788909435
575.757483399484,0.9839815552826024,0.9914197492052024,0.0019674117525199262,0.006085127107500236,0.004623177256247031,0.09113590599355724,0.49314872632746637,0.40429645953051124
575.6040456060728,0.9833548255181996,0.9909614737633461,0.0019674117525199262,0.006093552130583392,0.004633051198608036,0.09074140843833392,0.494945005289423,0.4024181037164775
575.4506078126597,0.9827262945149094,0.990488130238965,0.0019674117525199262,0.006102002699062007,0.00464298053394319,0.09033619087365487,0.4967354792789394,0.40054112386344515
575.2971700192484,0.9820967810176806,0.9899999165554652,0.0019674117525199262,0.006110478914996756,0.004652965718054272,0.08992049842456235,0.498520037493226,0.3986655830147055
575.1437322258371,0.9814671076702475,0.9894970332807731,0.0019674117525199262,0.006118980880954669,0.004663007212960359,0.08949457918643036,0.5002985691731678,0.3967915438373396
574.9902944324258,0.9808381166102718,0.9889796832871425,0.0019674117525199262,0.006127508700011789,0.0046731054870363335,0.08905868387623823,0.5020709636144963,0.3949190686194395
574.8368566390127,0.9802106343802731,0.9884480714184927,0.0019674117525199262,0.006136062475756469,0.0046832610151559696,0.08861306549129211,0.5038371101791226,0.3930482192672452
574.6834188456014,0.9795855070166988,0.9879024041660751,0.0019674117525199262,0.006144642312292081,0.004693474278838258,0.08815797897618596,0.5055968983063762,0.3911790573024622
574.5299810521901,0.9789635337705702,0.9873428893530259,0.0019674117525199262,0.006153248314240764,0.004703745766399023,0.08769368089857393,0.5073502175244844,0.38931164385940753
574.376543258777,0.9783454632086976,0.9867697358285,0.0019674117525199262,0.006161880586746288,0.004714075973105638,0.08722042913443452,0.5090969574618907,0.38744603968240265
574.2231054653657,0.977731981517324,0.9861831531718395,0.0019674117525199262,0.006170539235476931,0.004724465401336026,0.08673848256328737,0.5108370078586024,0.3855823051232164
574.0696676719544,0.97712367351427,0.9855833514071415,0.0019674117525199262,0.006179224366629315,0.0047349145607431834,0.08624810077374238,0.5125702585777498,0.38372050013835646
573.9162298785432,0.9765210460416466,0.9849705407287186,0.0019674117525199262,0.006187936086931237,0.004745423968423008,0.08574954377984921,0.5142965996169622,0.3818606842866326
573.7627920851301,0.9759244538889317,0.9843449312376253,0.0019674117525199262,0.006196674503645142,0.004755994149087524,0.08524307174844843,0.5160159211198894,0.3800029167266346
573.6093542917188,0.975334134882039,0.9837067326895685,0.0019674117525199262,0.006205439724571002,0.0047666256352421185,0.08472894473781917,0.5177281133876233,0.37814725621439277
573.4559164983075,0.9747501708954636,0.9830561542542329,0.0019674117525199262,0.006214231858050268,0.004777318967368943,0.08420742244768749,0.5194330668903397,0.3762937611008661
573.3024787048962,0.9741724644595684,0.982393404286277,0.0019674117525199262,0.00622305101296879,0.004788074694114091,0.08367876398081599,0.5211306722787563,0.3744424893297015
573.1490409114831,0.9736007933435817,0.9817186901079157,0.0019674117525199262,0.006231897298760419,0.00479889337248068,0.08314322761612054,0.5228208203957252,0.3725934984349085
572.9956031180718,0.9730347325798874,0.9810322178031711,0.0019674117525199262,0.006240770825409984,0.00480977556802647,0.08260107059337689,0.5245034022877222,0.3707468455387152
572.8421653246605,0.9724737324397338,0.9803341920236012,0.0019674117525199262,0.006249671703457354,0.004820721855068186,0.08205254890935447,0.5261783092165464,0.3689025873492544
572.6887275312492,0.9719170677490235,0.9796248158055565,0.0019674117525199262,0.00625860004400048,0.004831732816890134,0.0814979171253964,0.5278454326708308,0.3670607801585183
572.5352897378361,0.9713639002688805,0.9789042903986845,0.0019674117525199262,0.006267555958699105,0.004842809045959299,0.08093742818619419,0.5295046643776816,0.36522147984023
572.3818519444249,0.9708132514041515,0.9781728151055922,0.0019674117525199262,0.006276539559777852,0.004853951144145498,0.08037133324964614,0.5311558963142065,0.363384741847896
572.2284141510136,0.9702640684827594,0.9774305871323037,0.0019674117525199262,0.006285550960030411,0.00486515972294888,0.07979988152747028,0.5327990207192447,0.36155062121268905
572.0749763576005,0.9697152325532742,0.9766778014494202,0.0019674117525199262,0.006294590272822813,0.00487643540373237,0.07922332013644398,0.5344339301049237,0.359719172541577
571.9215385641892,0.9691655622836983,0.9759146506636269,0.0019674117525199262,0.006303657612096705,0.004887778817960418,0.07864189395993051,0.536060517268219,0.3578904500155
571.7681007707779,0.9686138724432486,0.9751413248991556,0.0019674117525199262,0.006312753092373646,0.004899190607445423,0.07805584551932562,0.5376786753026893,0.3560645073874012
571.6146629773666,0.9680590128902113,0.974358011689046,0.0019674117525199262,0.006321876828758348,0.0049106714245994365,0.07746541485522966,0.5392882976100148,0.3542413979805235
571.4612251839535,0.9674998685719418,0.9735648958757268,0.0019674117525199262,0.006331028936942597,0.004922221932693453,0.07687083941789509,0.5408892779116495,0.3524211746866258
571.3077873905422,0.9669353907151484,0.9727621595206604,0.0019674117525199262,0.00634020953320856,0.004933842806122834,0.07627235396667875,0.5424815102603536,0.35060388996437636
571.1543495971309,0.9663646475101039,0.9719499818225461,0.0019674117525199262,0.006349418734433206,0.004945534730681222,0.07567019047802186,0.5440648890519088,0.34878959583758073
571.0009118037196,0.9657868085155027,0.9711285390438875,0.0019674117525199262,0.006358656658091677,0.004957298403840365,0.07506457806172695,0.5456393090366358,0.3469783438936724
570.8474740103065,0.9652011992414585,0.9702980044454024,0.0019674117525199262,0.006367923422261343,0.0049691345350382395,0.07445574288504297,0.5472046653310146,0.3451701852821248
570.6940362168953,0.964607293351933,0.969458548228004,0.0019674117525199262,0.0063772191456252375,0.004981043845973959,0.07384390810426482,0.5487608534291808,0.3433651707130389
570.540598423484,0.9640047126647352,0.9686103374818229,0.0019674117525199262,0.006386543947476619,0.004993027070911923,0.07322929380335415,0.5503077692145942,0.3415633504555657
570.3871606300727,0.9633932661393773,0.9677535361420815,0.0019674117525199262,0.006395897947722478,0.005005084956992546,0.07261211693934891,0.5518453089715059,0.3397647743365913
570.2337228366596,0.9627728758001497,0.9668883049512941,0.0019674117525199262,0.006405281266887734,0.005017218264552039,0.07199259129407394,0.5533733693965179,0.3379694917393421
570.0802850432483,0.9621436586106167,0.9660148014275443,0.0019674117525199262,0.006414694026118807,0.00502942776744969,0.0713709274318731,0.5548918476100172,0.33617755160216506
569.926847249837,0.9615058329027645,0.9651331798383114,0.0019674117525199262,0.006424136347188331,0.005041714253405168,0.07074733266288631,0.5564006411677666,0.3343890024171447
569.7734094564239,0.9608597300733581,0.9642435911796925,0.0019674117525199262,0.0064336083524989115,0.005054078524343285,0.07012201101165996,0.5578996480723117,0.3326038922289583
569.6199716630126,0.9602057867863704,0.9633461831605827,0.0019674117525199262,0.006443110165086912,0.00506652139674772,0.06949516319068395,0.5593887667843647,0.3308222686337791
569.4665338696013,0.9595444747948432,0.962441100191388,0.0019674117525199262,0.0064526419086272935,0.005079043702025214,0.06886698657845768,0.5608678962343209,0.3290441787780366
569.31309607619,0.958876320434815,0.9615284833771482,0.0019674117525199262,0.006462203707437366,0.005091646286877676,0.06823767520190706,0.5623369358335696,0.3272696693574363
569.159658282777,0.958201846143539,0.9606084705145947,0.0019674117525199262,0.006471795686481257,0.005104330013684743,0.06760741972272709,0.5637957854858816,0.32549878661589965
569.0062204893657,0.957521523674057,0.9596811960929731,0.0019674117525199262,0.006481417971373739,0.005117095760895214,0.06697640742744555,0.5652443455986605,0.32373157634467775
568.8527826959544,0.9568357779939853,0.9587467912981787,0.0019674117525199262,0.006491070688385232,0.005129944423430005,0.06634482222080729,0.5666825170943336,0.32196808388130227
568.6993449025431,0.956144956095231,0.9578053840201488,0.0019674117525199262,0.006500753964445716,0.005142876913093785,0.06571284462236139,0.5681102014215347,0.3202083541087929
568.54590710913,0.9554492802085657,0.9568570988630842,0.0019674117525199262,0.006510467927149358,0.005155894158997969,0.06508065176587795,0.5695273005663525,0.3184524314547862
568.3924693157187,0.9547488244109134,0.9559020571583929,0.0019674117525199262,0.006520212704758511,0.0051689971079934265,0.06444841740144436,0.5709337170634401,0.31670035989083617
568.2390315223074,0.9540435419168485,0.954940376979944,0.0019674117525199262,0.006529988426208885,0.005182186725115606,0.06381631189989485,0.5723293540072512,0.3149521829315533
568.0855937288943,0.9533332026980281,0.953972173161635,0.0019674117525199262,0.006539795221113743,0.005195463994039381,0.06318450225950323,0.5737141150630817,0.31320794363397664
567.932155935483,0.9526174129771199,0.9529975573169687,0.0019674117525199262,0.0065496332197681265,0.005208829917545206,0.06255315211467198,0.5750879044780708,0.31146768459699226
567.7787181420717,0.9518956308229433,0.952016637860351,0.0019674117525199262,0.0065595025531541805,0.005222285517998246,0.061922421746364656,0.5764506270923023,0.3097314479606112
567.6252803486605,0.9511671544541137,0.9510295200301483,0.0019674117525199262,0.006569403352945356,0.00523583183783774,0.06129246809425052,0.5778021883496941,0.3079992754055002
567.4718425552473,0.9504311300366128,0.9500363059131629,0.0019674117525199262,0.0065793357515113605,0.005249469940079328,0.06066344477028138,0.5791424943089367,0.30627120815243375
567.3184047618361,0.9496865828740733,0.9490370944705131,0.0019674117525199262,0.0065892998819224525,0.005263200908828702,0.06003550207364189,0.5804714516542847,0.3045472869619151
567.1649669684248,0.9489324408004906,0.9480319815645932,0.0019674117525199262,0.006599295877954958,0.005277025849809363,0.0594087870068176,0.581788967706454,0.30282755213363705
567.0115291750135,0.948167580965649,0.9470210599872211,0.0019674117525199262,0.0066093238740956555,0.0052909458909015305,0.058783443292804716,0.5830949504333057,0.30111204350619314
566.8580913816004,0.9473907986448383,0.9460044194886684,0.0019674117525199262,0.006619384005546929,0.005304962182695034,0.05815961139322774,0.5843893084605678,0.2994008004567106
566.7046535881891,0.9466009164048463,0.9449821468076127,0.0019674117525199262,0.00662947640823125,0.005319075899054438,0.057537428527350554,0.5856719510824068,0.29769386190064945
566.5512157947778,0.9457967685088173,0.9439543257017209,0.0019674117525199262,0.0066396012187968974,0.00533328823769935,0.056917028691768054,0.586942788272093,0.2959912662914433
566.3977780013665,0.944977267195605,0.9429210369790189,0.0019674117525199262,0.006649758574622551,0.005347600420796805,0.05629854268084184,0.58820173069245,0.2942930516203874
566.2443402079534,0.944141398780987,0.9418823585297784,0.0019674117525199262,0.006659948613822645,0.005362013695568666,0.0556820981076854,0.5894486897063328,0.29259925541644854
566.0909024145421,0.9432882938358034,0.940838365358996,0.0019674117525199262,0.006670171475252046,0.005376529334912249,0.05506781942571967,0.5906835773869521,0.2909099147462397
565.9374646211309,0.9424172349835276,0.939789129619206,0.0019674117525199262,0.006680427298512012,0.00539114863803719,0.054455827950622065,0.5919063065282785,0.289225066213836
565.7840268277178,0.94152768809055,0.9387347206438095,0.0019674117525199262,0.006690716223955107,0.005405872931115547,0.053846241882755136,0.5931167906552464,0.287544745960817
565.6305890343065,0.9406193100637493,0.9376752049807583,0.0019674117525199262,0.0067010383926901585,0.005420703567946911,0.053239176329963105,0.5943149440338886,0.2858689896663492
565.4771512408952,0.939691972243205,0.9366106464264421,0.0019674117525199262,0.006711393946588399,0.005435641930640404,0.05263474333063211,0.5955006816815287,0.2841978325471322
565.3237134474839,0.9387457876936958,0.9355411060599803,0.0019674117525199262,0.006721783028288413,0.005450689430310479,0.0520330518771176,0.5966739193767563,0.28253130935758713
565.1702756540708,0.9377810644192737,0.9344666422776873,0.0019674117525199262,0.006732205781201897,0.0054658475077896,0.05143420793939525,0.5978345736694123,0.28086945438996785
565.0168378606595,0.936798367743832,0.9333873108278393,0.0019674117525199262,0.0067426623495187386,0.005481117634355924,0.05083831448899772,0.5989825618904149,0.2792123014746317
564.8634000672482,0.9357984657281084,0.9323031648455173,0.0019674117525199262,0.006753152878213377,0.005496501312479153,0.0502454715231046,0.6001178021616447,0.27755988398015524
564.7099622738369,0.9347823135745433,0.9312142548877649,0.0019674117525199262,0.006763677513050014,0.005512000076581185,0.0496557760889127,0.601240213405612,0.2759122348136887
564.5565244804238,0.9337510731212069,0.9301206289688424,0.0019674117525199262,0.006774236400588607,0.005527615493814736,0.04906932230816181,0.602349715355124,0.2742693864212329
564.4030866870125,0.9327060660563736,0.9290223325957254,0.0019674117525199262,0.0067848296881901915,0.005543349164858012,0.048486201401892165,0.6034462285627907,0.272631370788074
564.2496488936013,0.9316487310318824,0.9279194088036302,0.0019674117525199262,0.006795457524023521,0.005559202724728629,0.0479065017153171,0.6045296744105764,0.2709982194390643
564.09621110019,0.9305806392582776,0.9268118981918229,0.0019674117525199262,0.006806120057070505,0.005575177843613381,0.04733030874294756,0.6055999751191329,0.2693699634391382
563.9427733067769,0.9295034204278861,0.9256998389595013,0.0019674117525199262,0.006816817437132499,0.005591276227717054,0.046757705153856674,0.6066570537571243,0.2677466333937504
563.7893355133656,0.9284187549172457,0.9245832669419094,0.0019674117525199262,0.006827549814835857,0.005607499620128305,0.04618877081716859,0.6077008342503857,0.26612825944947066
563.6358977199543,0.9273283231028943,0.923462215646472,0.0019674117525199262,0.006838317341638878,0.005623849801705943,0.04562358282766601,0.6087312413911166,0.2645148712944243
563.4824599265412,0.926233832652868,0.9223367162892036,0.0019674117525199262,0.00684912016983763,0.0056403285919822055,0.045062215531650046,0.6097482008468678,0.26290649815894557
563.3290221331299,0.9251368781704241,0.9212067978312801,0.0019674117525199262,0.006859958452571882,0.0056569378500850274,0.044504740552996136,0.610751639169437,0.2613031688162698
563.1755843397186,0.9240390386636785,0.9200724870156554,0.0019674117525199262,0.006870832343832234,0.005673679475681319,0.0439512268193535,0.6117414838037776,0.25970491158309034
563.0221465463073,0.9229417371893278,0.9189338084039802,0.0019674117525199262,0.0068817419984660575,0.005690555409937809,0.043401740588621854,0.6127176630966882,0.258111754320346
562.8687087528942,0.921846314929574,0.9177907844136219,0.0019674117525199262,0.006892687572184277,0.005707567636502835,0.042856345475606565,0.6136801063054763,0.2565237244339317
562.715270959483,0.9207539415200582,0.9166434353549466,0.0019674117525199262,0.006903669221567454,0.005724718182506958,0.04231510247893899,0.6146287436064534,0.2549408488755595
562.5618331660717,0.9196656345437882,0.9154917794686559,0.0019674117525199262,0.0069146871040732414,0.0057420091195858535,0.04177807000816657,0.6155635061034415,0.2533631541434685
562.4083953726604,0.9185822361384258,0.9143358329634582,0.0019674117525199262,0.006925741378042627,0.005759442564921746,0.04124530391115006,0.6164843258360635,0.25179066628336
562.2549575792473,0.9175044129962864,0.9131756100538598,0.0019674117525199262,0.006936832202707037,0.005777020682306787,0.04071685750167252,0.6173911357879964,0.25022341088925676
562.101519785836,0.9164326056801281,0.9120111229982493,0.0019674117525199262,0.006947959738194734,0.005794745683226238,0.04019278158734384,0.6182838698950549,0.24866141310450926
561.9480819924247,0.9153671182952177,0.9108423821370584,0.0019674117525199262,0.006959124145538611,0.0058126198279649655,0.03967312449770798,0.6191624630532739,0.2471046976226526
561.7946441990134,0.9143080015257663,0.9096693959312825,0.0019674117525199262,0.006970325586682773,0.005830645426733356,0.03915793211268464,0.6200268511267764,0.24555328868848508
561.6412064056003,0.9132551618009226,0.9084921710011413,0.0019674117525199262,0.006981564224489965,0.005848824840816188,0.038647247891251395,0.6208769709555938,0.2440072100990697
561.487768612189,0.912208279420278,0.9073107121650547,0.0019674117525199262,0.006992840222748329,0.0058671604837421815,0.03814111290044575,0.6217127603633167,0.2424664852048814
561.3343308187777,0.9111668787320052,0.9061250224787091,0.0019674117525199262,0.007004153746179548,0.0058856548224778425,0.0376395658445947,0.6225341581647312,0.24093113691080548
561.1808930253646,0.9101303125377159,0.9049351032744859,0.0019674117525199262,0.007015504960445919,0.005904310378641773,0.03714264309489094,0.6233411041732517,0.23940118767733526
561.0274552319534,0.9090977503961049,0.903740954201126,0.0019674117525199262,0.007026894032157485,0.005923129729741536,0.03665037871926305,0.6241335392082416,0.23787665952180206
560.8740174385421,0.9080682254083755,0.9025425732635048,0.0019674117525199262,0.007038321128880485,0.005942115510435311,0.036162804512490154,0.6249114051023019,0.23635757401947668
560.7205796451308,0.907040645914596,0.9013399568627861,0.0019674117525199262,0.0070497864191445625,0.0059612704138143225,0.03567995002667389,0.6256746447083489,0.2348439523048842
560.5671418517177,0.9060137682022013,0.9001330998367263,0.0019674117525199262,0.007061290072450878,0.005980597192709806,0.03520184260197392,0.6264232019066275,0.233335815073044
560.4137040583064,0.9049862588865603,0.8989219955002985,0.0019674117525199262,0.007072832259279493,0.0060000986610219565,0.03472850739767586,0.6271570216115522,0.23183318258084873
560.2602662648951,0.9039566715182633,0.8977066356864059,0.0019674117525199262,0.0070844131510982445,0.006019777695074714,0.034259967423499134,0.6278760497785161,0.23033607464829742
560.1068284714838,0.9029235089636899,0.8964870107869635,0.0019674117525199262,0.007096032920370336,0.006039637234991989,0.033796243571255484,0.6285802334104869,0.2288445106599385
559.9533906780707,0.9018851883159388,0.8952631097941185,0.0019674117525199262,0.007107691740562879,0.00605968028609912,0.033337354646764364,0.6292695205645346,0.22735850956623732
559.7999528846594,0.9008400798826833,0.8940349203417731,0.0019674117525199262,0.007119389786154689,0.006079909920346964,0.032883317402087144,0.6299438603581832,0.2258780898850809
559.6465150912481,0.8997865461740259,0.8928024287471723,0.0019674117525199262,0.007131127232645601,0.006100329277762511,0.03243414656798781,0.6306032029757197,0.22440326970313637
559.493077297835,0.8987229302061415,0.8915656200528242,0.0019674117525199262,0.0071429042565646274,0.006120941567921687,0.03198985488671719,0.6312474996743009,0.22293406667739948
559.3396395044238,0.8976475671976339,0.8903244780686168,0.0019674117525199262,0.007154721035478253,0.006141750071446528,0.03155045314506355,0.6318767027899371,0.22147049803677096
559.1862017110125,0.896558862545246,0.8890789854139847,0.0019674117525199262,0.007166577748000076,0.006162758141529124,0.031115950207615064,0.6324907657434137,0.22001258058350653
559.0327639176012,0.8954552216457201,0.8878291235603998,0.0019674117525199262,0.007178474573799192,0.006183969205477735,0.03068635305032531,0.6330896430460073,0.21856033069486994
558.8793261241881,0.8943351629605774,0.8865748728739334,0.0019674117525199262,0.007190411693609528,0.006205386766289133,0.03026166679428783,0.6336732903051158,0.2171137643247109
558.7258883307768,0.8931972634331211,0.8853162126580629,0.0019674117525199262,0.0072023892892384605,0.006227014404244226,0.029841894739770957,0.6342416642297152,0.21567289700517384
558.5724505373655,0.8920402130714331,0.884053121196466,0.0019674117525199262,0.007214407543576955,0.006248855778531104,0.029427038400420973,0.6347947226357523,0.21423774384826436
558.4190127439542,0.8908628383410867,0.8827855757960902,0.0019674117525199262,0.007226466640608451,0.0062709146288904795,0.029017097537722313,0.6353324244513352,0.2128083195476135
558.2655749505411,0.8896640943675759,0.8815135528302448,0.0019674117525199262,0.007238566765418692,0.006293194777287628,0.028612070195621522,0.6358547297218288,0.21138463838016788
558.1121371571298,0.8884430922278133,0.8802370277818803,0.0019674117525199262,0.007250708104204859,0.0063157001296077495,0.028211952735360805,0.6363615996147788,0.20996671420800778
557.9586993637186,0.8871991379379851,0.8789559752867989,0.0019674117525199262,0.0072628908442862496,0.006338434677378983,0.027816739870430075,0.6368529964247603,0.20855456048002297
557.8052615703073,0.885931673971769,0.877670369177082,0.0019674117525199262,0.007275115174113679,0.006361402499517797,0.027426424701719136,0.6373288835780276,0.20714819023378342
557.6518237768942,0.8846403767299711,0.8763801825244765,0.0019674117525199262,0.00728738128327987,0.0063846077641009505,0.02704099875277812,0.6377892256370621,0.20574761609733516
557.4983859834829,0.8833250980587433,0.8750853876839073,0.0019674117525199262,0.0072996893625291255,0.0064080547301607815,0.026660452005226935,0.6382339883049493,0.20435285029112096
557.3449481900716,0.8819858886422968,0.8737859563368517,0.0019674117525199262,0.00731203960376859,0.006431747749508146,0.02628477293422442,0.6386631384296696,0.20296390462976074
557.1915103966585,0.8806230019016872,0.8724818595348496,0.0019674117525199262,0.00732443220007836,0.006455691268577748,0.025913948544067925,0.6390766440081999,0.2015807905240054
557.0380726032472,0.8792368822984582,0.8711730677429959,0.0019674117525199262,0.007336867345721734,0.006479889830298153,0.02554796440386403,0.639474474190477,0.20020351898271468
556.8846348098359,0.8778281497394995,0.8698595508832554,0.0019674117525199262,0.00734934523615694,0.0065043480759890415,0.025186804683215176,0.639856599283263,0.1988321006147109
556.7311970164246,0.8763976151721892,0.8685412783778761,0.0019674117525199262,0.00736186606804755,0.006529070747280154,0.024830452187988055,0.6402229907538194,0.19746654563082075
556.5777592230115,0.874946222102611,0.8672182191926348,0.0019674117525199262,0.007374430039273942,0.006554062688056336,0.02447888839607609,0.6405736212334663,0.19610686384584178
556.4243214296002,0.8734750777858385,0.8658903418800814,0.0019674117525199262,0.00738703734894402,0.006579328846425066,0.024132093493189437,0.6409084645209738,0.19475306468062875
556.270883636189,0.8719854025417243,0.8645576146225161,0.0019674117525199262,0.007399688197405602,0.006604874276710976,0.023790046408587947,0.6412274955858502,0.19340515716404105
556.1174458427777,0.8704785024634009,0.8632200052749879,0.0019674117525199262,0.007412382786257481,0.006630704141471302,0.023452724850822258,0.641530690571443,0.1920631499350736
555.9640080493646,0.8689557616197102,0.8618774814080494,0.0019674117525199262,0.007425121318361557,0.0066568237135367185,0.023120105343398357,0.6418180267979201,0.1907270512449124
555.8105702559533,0.8674186303588475,0.8605300103504355,0.0019674117525199262,0.007437903997854232,0.006683238378073738,0.022792163260396122,0.6420894827650839,0.18939686895910723
555.657132462542,0.8658685551302223,0.859177559231393,0.0019674117525199262,0.007450731030159494,0.0067099536346733315,0.022468872861960455,0.642345038155073,0.18807261055960642
555.5036946691307,0.8643069784844588,0.8578200950229591,0.0019674117525199262,0.007463602622000688,0.006736975099459269,0.022150207329725682,0.6425846738348825,0.18675428314697065
555.3502568757176,0.8627353390733956,0.8564575845819166,0.0019674117525199262,0.007476518981413357,0.006764308507220876,0.02183613880209222,0.6428083718587582,0.18544189344251166
555.1968190823063,0.8611549936743765,0.8550899946915975,0.0019674117525199262,0.007489480317757371,0.006791959713566012,0.0215266384093835,0.6430161154704251,0.18413544779054516
555.043381288895,0.8595672483805342,0.8537172921032585,0.0019674117525199262,0.007502486841730764,0.0068199346970991455,0.02122167630880561,0.6432078891051963,0.18283495216050644
554.8899434954819,0.8579733001190081,0.8523394435773162,0.0019674117525199262,0.007515538765382413,0.0068482395616179265,0.020921221719262903,0.6433836783919067,0.1815404121492259
554.7365057020706,0.8563742561448718,0.8509564159242784,0.0019674117525199262,0.00752863630212488,0.006876880538330737,0.02062524295597741,0.6435434701547033,0.18025183298322184
554.5830679086594,0.8547710989520642,0.849568176045207,0.0019674117525199262,0.007541779666748871,0.006905863988097857,0.020333707464863845,0.6436872524147028,0.17896921952087327
554.4296301152481,0.8531646628806756,0.848174690972002,0.0019674117525199262,0.0075549690754363455,0.006935196403689372,0.020046581856710734,0.6438150143914808,0.1776925762547644
554.276192321835,0.851555657509662,0.8467759279072297,0.0019674117525199262,0.007568204745774768,0.006964884412064745,0.019763831941094042,0.6439267465044215,0.1764219073139544
554.1227545284237,0.8499446559604874,0.8453718542636739,0.0019674117525199262,0.007581486896770636,0.006994934776669379,0.019485422760048308,0.6440224403739102,0.17515721646635515
553.9693167350124,0.8483320832007681,0.8439624377033269,0.0019674117525199262,0.0075948157488647935,0.007025354399753242,0.01921131862142539,0.6441020888223886,0.1738985071209746
553.8158789416011,0.8467182511333419,0.842547646176137,0.0019674117525199262,0.007608191523946395,0.007056150324703941,0.018941483131992187,0.6441656858752469,0.17264578233032726
553.662441148188,0.8451033118108419,0.8411274479582294,0.0019674117525199262,0.00762161444536805,0.007087329738399275,0.018675879230198335,0.6442132267615724,0.1713990447927709
553.5090033547767,0.8434873198162649,0.8397018116897828,0.0019674117525199262,0.007635084737960231,0.0071188999735742955,0.018414469218637746,0.6442447079147435,0.17015829685494674
553.3555655613654,0.8418702127690433,0.8382707064122829,0.0019674117525199262,0.007648602628047516,0.007150868511208092,0.01815721479613919,0.64426012697288,0.16892354051408778
553.2021277679542,0.8402518269201873,0.836834101605465,0.0019674117525199262,0.00766216834346348,0.007183242982922241,0.017904077089534332,0.644259482779135,0.16769477742048972
553.048689974541,0.8386319127474269,0.8353919672236703,0.0019674117525199262,0.007675782113566787,0.007216031173396062,0.01765501668503945,0.6442427753818406,0.1664720088799071
552.8952521811298,0.8370101544491388,0.8339442737317986,0.0019674117525199262,0.0076894441692565525,0.007249241022793396,0.017409993659274033,0.6442100060345026,0.16525523585605162
552.7418143877185,0.8353861777419179,0.8324909921405732,0.0019674117525199262,0.0077031547429895954,0.007282880629206307,0.017168967609856086,0.6441611771956425,0.16404445897295844
552.5883765943054,0.8337595459617916,0.8310320940414287,0.0019674117525199262,0.007716914068796475,0.007316958251107482,0.01693189768561801,0.6440962925284898,0.16283967851749673
552.4349388008941,0.8321298068496452,0.8295675516408554,0.0019674117525199262,0.007730722382297788,0.007351482309813878,0.016698742616403656,0.6440153569005275,0.1616408944418923
552.2815010074828,0.8304964808548658,0.8280973377940297,0.0019674117525199262,0.007744579920722214,0.007386461391964437,0.016469460742410822,0.6439183763828783,0.16044810636613363
552.1280632140715,0.8288590611353422,0.8266214260380512,0.0019674117525199262,0.007758486922923189,0.0074219042520032455,0.0162440100431216,0.6438053582495491,0.1592613135805338
551.9746254206584,0.8272170447477488,0.8251397906244936,0.0019674117525199262,0.007772443629396832,0.007457819814673645,0.016022348165765428,0.6436763109765192,0.15808051504821824
551.8211876272471,0.8255699404451162,0.823652406551469,0.0019674117525199262,0.007786450282299187,0.007494217177517281,0.015804432453337503,0.6435312442406868,0.15690570940770798
551.6677498338358,0.8239172413853333,0.8221592495949162,0.0019674117525199262,0.007800507125465383,0.0075311056133838886,0.015590219972121209,0.6433701689186506,0.15573689497537482
551.5143120404246,0.8222584602202162,0.8206602963394516,0.0019674117525199262,0.00781461440442744,0.007568494572942158,0.01537966753875835,0.6431930970853572,0.15457406974804613
551.3608742470115,0.8205931407918649,0.819155524208493,0.0019674117525199262,0.007828772366433378,0.007606393687197447,0.015172731746816902,0.6430000420125879,0.15341723140553712
551.2074364536002,0.8189208191448083,0.8176449114938602,0.0019674117525199262,0.007842981260465611,0.007644812770009868,0.014969368992879185,0.6427910181673102,0.15226637731327505
551.0539986601889,0.8172410625138592,0.8161284373845582,0.0019674117525199262,0.007857241337261338,0.007683761820618794,0.01476953550210388,0.6425660412098578,0.15112150452479603
550.9005608667758,0.8155534615265433,0.8146060819950738,0.0019674117525199262,0.00787155284933173,0.007723251026163976,0.014573187353301952,0.6423251279919806,0.14998260978437514
550.7471230733645,0.8138576302030988,0.8130778263930194,0.0019674117525199262,0.007885916050981446,0.0077632907642059485,0.01438028050349759,0.6420682965547504,0.14884968952966376
550.5936852799532,0.8121531981589062,0.8115436526259543,0.0019674117525199262,0.007900331198329986,0.0078038916052487325,0.014190770811948344,0.6417955661262926,0.1477227398942143
550.4402474865419,0.8104398495923422,0.8100035437477162,0.0019674117525199262,0.007914798549331692,0.007845064315254602,0.014004614063663656,0.6415069571193974,0.14660175671014858
550.2868096931288,0.8087172648029983,0.808457483843975,0.0019674117525199262,0.007929318363797098,0.007886819858156993,0.013821765992380136,0.6412024911289679,0.14548673551075253
550.1333718997175,0.8069851981673899,0.8069054580572139,0.0019674117525199262,0.007943890903413613,0.00792916939836437,0.013642182303016549,0.6408821909293406,0.1443776715331585
549.9799341063062,0.8052434157583888,0.8053474526108486,0.0019674117525199262,0.007958516431768252,0.007972124303261479,0.013465818693570254,0.6405460804714259,0.1432745597209024
549.826496312895,0.8034917499282195,0.8037834548328376,0.0019674117525199262,0.007973195214369014,0.008015696145696583,0.013292630876495688,0.6401941848797363,0.14217739472661975
549.6730585194819,0.8017300720169617,0.8022134531784948,0.0019674117525199262,0.007987927518667674,0.008059896706461074,0.013122574599527682,0.6398265304492491,0.1410861709146691
549.5196207260706,0.7999583235428332,0.8006374372527167,0.0019674117525199262,0.008002713614081874,0.008104737976753727,0.012955605665972886,0.6394431446421486,0.1400008823638394
549.3661829326593,0.7981765123034051,0.7990553978313275,0.0019674117525199262,0.008017553772019358,0.008150232160636364,0.01279167995443558,0.639044056084382,0.1389215228699339
549.212745139248,0.7963847045780303,0.7974673268819096,0.0019674117525199262,0.00803244826590083,0.00819639167746879,0.012630753438017204,0.6386292945621137,0.1378480859484888
549.0593073458349,0.7945830524193422,0.7958732175838215,0.0019674117525199262,0.008047397371184269,0.008243229164329645,0.012472782202956958,0.6381988910180109,0.13678056483741938
548.9058695524236,0.7927717936532545,0.7942730643476255,0.0019674117525199262,0.008062401365388563,0.008290757478414991,0.01231772246673693,0.6377528775474173,0.1357189524997475
548.7524317590123,0.7909512401826048,0.7926668628336226,0.0019674117525199262,0.008077460528119348,0.008338989699421701,0.012165530595622049,0.6372912873943329,0.13466324162620633
548.5989939655992,0.7891217857847256,0.7910546099698526,0.0019674117525199262,0.008092575141093628,0.00838793913190326,0.01201616312167161,0.6368141549472998,0.13361342463796408
548.4455561721879,0.7872839100102299,0.7894363039693907,0.0019674117525199262,0.008107745488164831,0.008437619307600992,0.011869576759206087,0.636321515735149,0.13256949368934956
548.2921183787766,0.7854381820817964,0.7878119443467684,0.0019674117525199262,0.008122971855349922,0.008488043987754138,0.011725728420715835,0.6358134064225583,0.13153144067046985
548.1386805853654,0.7835852297038859,0.7861815319338807,0.0019674117525199262,0.008138254530855111,0.008539227165375824,0.011584575232247478,0.6352898648055265,0.13049925720995553
547.9852427919523,0.7817257429615265,0.7845450688950778,0.0019674117525199262,0.008153593805103129,0.008591183067502207,0.01144607454824233,0.6347509298066758,0.129472934677634
547.831804998541,0.7798604899154561,0.7829025587416695,0.0019674117525199262,0.008168989970759837,0.008643926157405637,0.01131018396585029,0.6341966414704546,0.12845246418727874
547.6783672051297,0.7779902503227688,0.7812540063455393,0.0019674117525199262,0.008184443322763125,0.008697471136779504,0.011176861338696421,0.6336270409581412,0.12743783659923877
547.5249294117184,0.7761158507259842,0.7795994179522536,0.0019674117525199262,0.008199954158350464,0.008751832947880489,0.011046064790136662,0.6330421705427738,0.12642904252319193
547.3714916183053,0.7742381215664078,0.7779388011933616,0.0019674117525199262,0.008215522777088004,0.008807026775635784,0.010917752725980761,0.6324420736039101,0.12542607232082664
547.218053824894,0.7723578737914174,0.7762721650981197,0.0019674117525199262,0.00823114948089908,0.008863068049705642,0.01079188384670578,0.6318267946222923,0.12442891610859662
547.0646160314827,0.7704759066520345,0.774599520104333,0.0019674117525199262,0.00824683457409503,0.00891997244650932,0.010668417159140655,0.6311963791743105,0.12343756376035724
546.9111782380714,0.7685929843102112,0.7729208780687081,0.0019674117525199262,0.008262578363404688,0.008977755891199217,0.010547311987657352,0.6305508739264046,0.12245200491012197
546.7577404446583,0.7667097695594777,0.7712362522764068,0.0019674117525199262,0.00827838115800548,0.009036434559591284,0.01042852798484982,0.6298903266292925,0.12147222895474741
546.604302651247,0.7648268862055091,0.7695456574500424,0.0019674117525199262,0.008294243269553931,0.00909602488004137,0.010312025141723993,0.6292147861121143,0.1204982250566885
546.4508648578358,0.7629448410904167,0.7678491097578053,0.0019674117525199262,0.008310165012218557,0.009156543535276167,0.010197763797382357,0.6285243022763709,0.11952998214663707
546.2974270644227,0.7610640396878894,0.766146626821099,0.0019674117525199262,0.008326146702711625,0.009218007464163226,0.010085704648236177,0.6278189260898028,0.11856748892626492
546.1439892710114,0.759184778305623,0.7644382277215155,0.0019674117525199262,0.00834218866032144,0.00928043386342361,0.009975808756738709,0.6270987095801471,0.11761073387096438
545.9905514776001,0.7573072128950364,0.7627239330069708,0.0019674117525199262,0.008358291206946885,0.009343840189291493,0.009868037559634734,0.6263637058286923,0.1166597052324852
545.8371136841888,0.7554313902415551,0.7610037646973903,0.0019674117525199262,0.008374454667130656,0.009408244159104382,0.009762352875758731,0.6256139689637915,0.1157143910416847
545.6836758907757,0.7535572245718989,0.7592777462896251,0.0019674117525199262,0.008390679368094185,0.009473663752833022,0.009658716913367584,0.6248495541542028,0.11477477911120713
545.5302380973644,0.7516845170480086,0.7575459027618521,0.0019674117525199262,0.008406965639772005,0.009540117214539498,0.009557092277030676,0.6240705176023612,0.1138408570382283
545.3768003039531,0.7498129479694758,0.7558082605771315,0.0019674117525199262,0.008423313814848642,0.009607623053773233,0.009457441974065289,0.6232769165374376,0.1129126122070865
545.2233625105418,0.7479421040650406,0.7540648476865431,0.0019674117525199262,0.008439724228794174,0.009676200046886813,0.00935972942054966,0.6224688092083699,0.11199003179202226
545.0699247171287,0.7460714823913771,0.7523156935315737,0.0019674117525199262,0.008456197219901561,0.009745867238281383,0.009263918446902088,0.62164625487672,0.11107310275984837
544.9164869237175,0.7442005059282358,0.7505608290460153,0.0019674117525199262,0.008472733129323444,0.009816643941569378,0.009169973303048362,0.6208093138094715,0.11016181187268234
544.7630491303062,0.7423285742626543,0.7488002866570439,0.0019674117525199262,0.00848933230111153,0.009888549740665002,0.009077858663167578,0.619958047271613,0.1092561456905665
544.6096113368949,0.7404550401962443,0.7470341002859041,0.0019674117525199262,0.008505995082254648,0.009961604490783274,0.00898753963004746,0.6190925175187051,0.10835609057419339
544.4561735434818,0.7385792526318322,0.7452623053478722,0.0019674117525199262,0.008522721822718663,0.010035828319358123,0.008898981739039512,0.6182127877892738,0.10746163268756181
544.3027357500705,0.7367005916625283,0.743484938751755,0.0019674117525199262,0.008539512875485862,0.01011124162686651,0.00881215096163576,0.6173189222971539,0.10657275800069273
544.1492979566592,0.7348184646729411,0.7417020388985978,0.0019674117525199262,0.008556368596597,0.010187865087569813,0.008727013708658936,0.6164109862236172,0.10568945229223449
543.9958601632461,0.7329323531246028,0.7399136456800033,0.0019674117525199262,0.008573289345192251,0.010265719650153087,0.008643536833094864,0.6154890457094839,0.10481170115215893
543.8424223698348,0.7310418008596136,0.7381198004758863,0.0019674117525199262,0.008590275483552859,0.010344826538266853,0.008561687632566033,0.6145531678471288,0.10393948998445145
543.6889845764235,0.7291464530884955,0.7363205461514727,0.0019674117525199262,0.008607327377145299,0.01042520725097728,0.008481433851446774,0.6136034206722809,0.10307280400970215
543.5355467830123,0.7272460602889783,0.7345159270539605,0.0019674117525199262,0.008624445394664164,0.010506883563104308,0.008402743682647738,0.6126398731558282,0.10221162826779574
543.3821089895991,0.7253404899023561,0.7327059890085033,0.0019674117525199262,0.008641629908076993,0.01058987752545958,0.008325585769062817,0.6116625951954501,0.10135594762053352
543.2286711961879,0.7234297107383453,0.7308907793137851,0.0019674117525199262,0.00865888129266863,0.010674211464969968,0.008249929204699014,0.6106716576072172,0.10050574675431002
543.0752334027766,0.7215138358617244,0.7290703467368479,0.0019674117525199262,0.008676199927088384,0.010759907984699377,0.008175743535483553,0.6096671321169741,0.09966101018268217
542.9217956093653,0.7195930797056941,0.727244741507609,0.0019674117525199262,0.008693586193395914,0.010846989963746386,0.008102998759775562,0.6086490913517371,0.09882172224903378
542.7683578159522,0.7176677619706633,0.7254140153127326,0.0019674117525199262,0.008711040477109137,0.010935480557030482,0.008031665328576784,0.6076176088309242,0.09798786712917176
542.6149200225409,0.7157383310169609,0.7235782212891211,0.0019674117525199262,0.008728563167251704,0.01102540319495188,0.007961714145460819,0.6065727589575604,0.09715942883397595
542.4614822291296,0.7138052858891273,0.7217374140166863,0.0019674117525199262,0.00874615465640332,0.011116781582938669,0.00789311656621641,0.6055146170092658,0.0963363912119418
542.3080444357165,0.7118692153037685,0.7198916495108221,0.0019674117525199262,0.00876381534074909,0.0112096397008586,0.007825844398229795,0.6044432591292582,0.09551873795180608
542.1546066423052,0.7099307703580581,0.7180409852143886,0.0019674117525199262,0.008781545620129623,0.01130400180230157,0.007759869899607069,0.6033587623172676,0.09470645258516253
542.0011688488939,0.7079906294406679,0.7161854799890186,0.0019674117525199262,0.008799345898093922,0.011399892413740287,0.007695165778038647,0.6022612044202421,0.09389951848898338
541.8477310554827,0.7060494982317682,0.7143251941061712,0.0019674117525199262,0.008817216581951032,0.011497336333545136,0.007631705189429718,0.6011506641230949,0.09309791888823023
541.6942932620696,0.7041080707151728,0.7124601892375854,0.0019674117525199262,0.008835158082823813,0.011596358630868102,0.007569461736292718,0.6000272209392832,0.09230163685839718
541.5408554686583,0.7021670369759099,0.710590528445408,0.0019674117525199262,0.008853170815702343,0.011696984644379141,0.007508409465919707,0.5988909552013827,0.09151065532810387
541.387417675247,0.7002270520099385,0.7087162761716506,0.0019674117525199262,0.008871255199500366,0.011799239980870964,0.0074485228683314735,0.5977419480514433,0.09072495708158418
541.2339798818357,0.6982887201290068,0.7068374982274195,0.0019674117525199262,0.008889411657110501,0.011903150513705777,0.0073897768740265645,0.596580281431395,0.08994452476126139
541.0805420884226,0.6963525988594368,0.7049542617815772,0.0019674117525199262,0.008907640615461697,0.012008742381120131,0.007332146851526996,0.5954060380732911,0.08916934087025695
540.9271042950113,0.6944191521566997,0.7030666353491063,0.0019674117525199262,0.008925942505576333,0.012116041984370319,0.007275608604737443,0.5942193014895558,0.0883993877749461
540.7736665016,0.6924888088871972,0.7011746887788259,0.0019674117525199262,0.008944317762630428,0.012225075985735707,0.007220138370115213,0.5930201559630134,0.08763464770741093
540.6202287081887,0.6905619004476944,0.6992784932409156,0.0019674117525199262,0.00896276682601269,0.012335871306352036,0.007165712813672848,0.5918086865369807,0.0868751027679771
540.4667909147756,0.6886386880568177,0.6973781212138921,0.0019674117525199262,0.008981290139385851,0.012448455123892133,0.007112309027810379,0.5905849790051992,0.0861207349276842
540.3133531213643,0.6867193627550552,0.6954736464713206,0.0019674117525199262,0.008999888150747686,0.012562854870075711,0.007059904527993157,0.5893491199017826,0.08537152603080116
540.1599153279531,0.6848040454047566,0.6935651440679014,0.0019674117525199262,0.009018561312495267,0.012679098228026976,0.0070084772492728055,0.588101196490945,0.084627457797241
540.00647753454,0.6828928061840601,0.6916526903253696,0.0019674117525199262,0.009037310081488278,0.012797213129452048,0.006958005542671086,0.5868412967567914,0.08388851182504646
539.8530397411287,0.6809856645868934,0.6897363628180111,0.0019674117525199262,0.009056134919113359,0.01291722775164511,0.006908468171428232,0.5855695093930408,0.0831546695928634
539.6996019477174,0.6790826089168998,0.6878162403575978,0.0019674117525199262,0.009075036291351538,0.01303917051433389,0.006859844307118049,0.5842859237925488,0.08242591246232518
539.5461641543061,0.6771835689959409,0.685892402978176,0.0019674117525199262,0.00909401466884453,0.013163070076335107,0.006812113525648373,0.5829906300369139,0.08170222168051383
539.392726360893,0.6752884980385913,0.6839649319203555,0.0019674117525199262,0.00911307052696346,0.013288955332040064,0.0067652558031444775,0.5816837188859304,0.0809835783823567
539.2392885674817,0.673397333664283,0.6820339096153755,0.0019674117525199262,0.009132204345877361,0.013416855407710367,0.0067192515117293575,0.5803652817670736,0.08026996359306447
539.0858507740704,0.6715100251888053,0.6800994196685892,0.0019674117525199262,0.009151416610625072,0.013546799657605434,0.006674081415198808,0.5790354107647684,0.07956135823047118
538.9324129806591,0.6696265180291614,0.6781615468428303,0.0019674117525199262,0.009170707811186018,0.013678817659909432,0.006629726664609146,0.5776941986097565,0.07885774310744889
538.778975187246,0.667746800488995,0.6762203770412994,0.0019674117525199262,0.009190078442553528,0.01381293921247944,0.00658616879377525,0.5763417386683124,0.07815909893425857
538.6255373938347,0.6658708959610189,0.674275997290256,0.0019674117525199262,0.009209529004807954,0.013949194328394036,0.006543389714691756,0.5749781249315019,0.07746540632094007
538.4720996004235,0.6639988590282296,0.6723284957211473,0.0019674117525199262,0.009229060003193297,0.01408761323132559,0.006501371712875416,0.5736034520042268,0.07677664577960584
538.3186618070122,0.6621307754639075,0.6703779615526454,0.0019674117525199262,0.009248671948192755,0.014228226350702328,0.006460097442645026,0.5722178150943784,0.07609279772680656
538.1652240135991,0.6602668012194715,0.6684244850722271,0.0019674117525199262,0.009268365355606892,0.014371064316683741,0.006419549922336647,0.570821310001846,0.07541384248583355
538.0117862201878,0.6584070766511985,0.6664681576175802,0.0019674117525199262,0.00928814074663165,0.014516157954927542,0.006379712529465923,0.5694140331075764,0.07473976028905827
537.8583484267765,0.6565518434837875,0.6645090715574683,0.0019674117525199262,0.009307998647939991,0.014663538281173453,0.006340568995835402,0.5679960813624216,0.07407053128017752
537.7049106333634,0.6547013161504397,0.6625473202725054,0.0019674117525199262,0.009327939591762716,0.014813236495609866,0.0063021034026015475,0.5665675522760915,0.07340613551651959
537.5514728399521,0.6528557792624942,0.6605829981356313,0.0019674117525199262,0.009347964115970574,0.014965283977036368,0.006264300175302245,0.5651285439060664,0.07274655297133535
537.3980350465408,0.6510155174312905,0.6586162004920864,0.0019674117525199262,0.00936807276415985,0.015119712276836929,0.006227144078846089,0.5636791548463167,0.07209176353600649
537.2445972531295,0.6491808386608807,0.656647023639333,0.0019674117525199262,0.009388266085736903,0.01527655311272855,0.006190620212477098,0.5622194842161516,0.07144174702231858
537.0911594597164,0.6473520548541025,0.6546755648065558,0.0019674117525199262,0.009408544636005519,0.015435838362312215,0.0061547140047124626,0.5607496316489312,0.07079648316467402
536.9377216663052,0.6455294818125791,0.6527019221340237,0.0019674117525199262,0.009428908976254181,0.015597600056402844,0.006119411208263323,0.5592696972808451,0.07015595162233788
536.7842838728939,0.6437134392367189,0.6507261946519498,0.0019674117525199262,0.00944935967384717,0.015761870372167128,0.006084697894936348,0.5577797817394862,0.06952013198159271
536.6308460794826,0.6419042234342177,0.6487484822593159,0.0019674117525199262,0.009469897302314654,0.015928681626030207,0.0060505604505289995,0.5562799861325644,0.0688890037579574
536.4774082860695,0.6401021229152005,0.6467688857022951,0.0019674117525199262,0.009490522441445689,0.016098066266380485,0.006016985569715986,0.5547704120364875,0.0682625463983452
536.3239704926582,0.638307418392221,0.6447875065525595,0.0019674117525199262,0.00951123567738119,0.01627005686604807,0.005983960250935941,0.5532511614850203,0.06764073928325365
536.1705326992469,0.6365203788814768,0.6428044471850992,0.0019674117525199262,0.009532037602710847,0.016444686114588148,0.005951471791275915,0.5517223369577386,0.06702356172886534
536.0170949058356,0.6347412149173832,0.6408198107560308,0.0019674117525199262,0.009552928816569072,0.016621986810328178,0.005919507781365444,0.5501840413686384,0.0664109929892094
535.8636571124225,0.6329701565282831,0.6388337011800189,0.0019674117525199262,0.009573909924733948,0.016801991852210606,0.005888056100277526,0.5486363780546128,0.06580301225826368
535.7102193190112,0.63120739865345,0.6368462231076043,0.0019674117525199262,0.009594981539726221,0.016984734231405493,0.00585710491044464,0.5470794507640208,0.06519959867208697
535.5567815256,0.6294530972443025,0.6348574819020603,0.0019674117525199262,0.009616144280912325,0.01717024702272683,0.005826642652587216,0.5455133636450503,0.06460073131086332
535.4033437321868,0.6277074043534743,0.6328675836162331,0.0019674117525199262,0.00963739877460677,0.017358563375811573,0.005796658040664897,0.5439382212342312,0.06400638920099838
535.2499059387756,0.6259704564384566,0.6308766349691585,0.0019674117525199262,0.009658745654176085,0.017549716506079914,0.005767140056850214,0.5423541284449331,0.06341655131719878
535.0964681453643,0.624242347070101,0.6288847433222454,0.0019674117525199262,0.009680185560146664,0.017743739685497188,0.005738077946524555,0.5407611905556821,0.06283119658447467
534.943030351953,0.622523150325331,0.626892016655481,0.0019674117525199262,0.009701719140311729,0.017940666233095155,0.005709461213305999,0.5391595131986507,0.06225030388019704
534.7895925585399,0.6208129207871436,0.6248985635432822,0.0019674117525199262,0.009723347049841444,0.018140529505288418,0.005681279614106038,0.5375492023480275,0.06167385203609857
534.6361547651286,0.6191116818482514,0.6229044931302847,0.0019674117525199262,0.009745069951393208,0.018343362885958742,0.005653523154221872,0.5359303643084901,0.06110181984030057
534.4827169717173,0.6174194179135125,0.6209099151066917,0.0019674117525199262,0.009766888515226177,0.018549199776345348,0.0056261820824613645,0.5343031057034824,0.060534186039256074
534.329279178306,0.6157360821975014,0.6189149396836634,0.0019674117525199262,0.009788803419314963,0.01875807358469452,0.0055992468863096615,0.5326675334636769,0.05997092933974699
534.1758413848929,0.6140615694330104,0.6169196775683717,0.0019674117525199262,0.009810815349466605,0.01897001771570691,0.005572708287134299,0.5310237548153195,0.05941202841082416
534.0224035914816,0.6123957548589043,0.6149242399390094,0.0019674117525199262,0.00983292499943774,0.019185065559754296,0.005546557235434777,0.5293718772686892,0.05885746188577308
533.8689657980703,0.610738404548055,0.6129287384193766,0.0019674117525199262,0.00985513307105617,0.01940325048190652,0.005520784906133495,0.5277120086063631,0.058307208363996985
533.7155280046572,0.6090892728769776,0.6109332850535051,0.0019674117525199262,0.009877440274341873,0.01962460581072239,0.005495382693915875,0.5260442568716592,0.05776124641294541
533.562090211246,0.607448001157409,0.608937992280105,0.0019674117525199262,0.00989984732762986,0.019849164826827158,0.0054703422086184485,0.5243687303570839,0.05721955457002535
533.4086524178347,0.6058141722193039,0.606942972906631,0.0019674117525199262,0.0099223549576972,0.02007696075130267,0.0054456552706639155,0.5226855375926073,0.05668211134443972
533.2552146244234,0.6041872753217656,0.6049483400834186,0.0019674117525199262,0.00994496389988931,0.0203080267338414,0.0054213139065503735,0.5209947873341432,0.05614889521907401
533.1017768310103,0.6025667100518316,0.6029542072775187,0.0019674117525199262,0.009967674898249734,0.020542395840708143,0.005397310344391308,0.5192965885519195,0.055619884652329754
532.948339037599,0.6009517863244734,0.6009606882465186,0.0019674117525199262,0.009990488705650172,0.02078010104247877,0.005373637009511122,0.5175910504189793,0.05509505807997882
532.7949012441877,0.5993417165850263,0.5989678970119742,0.0019674117525199262,0.010013406083925185,0.021021175201602082,0.005350286520092885,0.5158782822994934,0.05457439391694034
532.6414634507764,0.5977356119104028,0.5969759478329347,0.0019674117525199262,0.010036427804006126,0.021265651059731463,0.005327251682885021,0.5141583937372881,0.05405787055910374
532.4880256573633,0.5961325131993772,0.5949849551791826,0.0019674117525199262,0.010059554646058694,0.02151356122487279,0.005304525488963462,0.5124314944442683,0.05354546638509907
532.334587863952,0.5945313560835159,0.5929950337044779,0.0019674117525199262,0.010082787399620808,0.021764938158316875,0.005282101109553424,0.5106976942889789,0.05303715975808751
532.1811500705408,0.5929310216113889,0.591006298219437,0.0019674117525199262,0.010106126863745284,0.02201981416140546,0.005259971891907371,0.508957103284983,0.05253292902747555
532.0277122771295,0.5913303167546422,0.5890188636645202,0.0019674117525199262,0.010129573847141773,0.022278221362075034,0.005238131355245248,0.5072098315794638,0.05203275253067404
531.8742744837164,0.5897279978007107,0.5870328450827547,0.0019674117525199262,0.010153129168322443,0.022540191701227803,0.005216573186753336,0.5054559894417262,0.05153660859480454
531.7208366903051,0.5881228054418873,0.5850483575924834,0.0019674117525199262,0.01017679365574804,0.0228057569188969,0.005195291237645474,0.5036956872518473,0.05104447553842543
531.5673988968938,0.5865134374838249,0.583065516359768,0.0019674117525199262,0.01020056814797889,0.023074948540258034,0.005174279519282994,0.5019290354891449,0.05055633167318292
531.4139611034807,0.5848986190236746,0.5810844365708953,0.0019674117525199262,0.010224453493825475,0.023347797861432224,0.005153532199358701,0.5001561447208591,0.050072155305499445
531.2605233100694,0.5832770868549438,0.579105233404784,0.0019674117525199262,0.010248450552501169,0.02362433593510958,0.005133043598142843,0.49837712559086567,0.04959192473824446
531.1070855166581,0.5816476284553512,0.5771280220050842,0.0019674117525199262,0.0102725601937797,0.023904593556027913,0.005112808184789198,0.49659208880822864,0.04911561827233849
530.9536477232468,0.5800090897843976,0.5751529174524209,0.0019674117525199262,0.010296783298151948,0.02418860124624791,0.005092820573706167,0.4948011451359971,0.04864321420839751
530.8002099298337,0.5783604064736494,0.5731800347364122,0.0019674117525199262,0.010321120756986681,0.024476389240280606,0.005073075520989071,0.49300440537990786,0.04817469084832773
530.6467721364224,0.5767005999279535,0.5712094887277482,0.0019674117525199262,0.01034557347269181,0.024767987470030887,0.0050535679209166035,0.4912019803772519,0.04771002649693678
530.4933343430112,0.5750288241108629,0.5692413941499627,0.0019674117525199262,0.010370142358880771,0.025063425549615773,0.005034292802507728,0.489393980985564,0.047249199463474056
530.3398965495999,0.5733443460507088,0.567275865551369,0.0019674117525199262,0.010394828340538315,0.025362732759992995,0.005015245326143647,0.4875805180715643,0.046792188063209526
530.1864587561868,0.5716465848284564,0.5653130172767954,0.0019674117525199262,0.010419632354190324,0.025665938033459165,0.0049964207802510145,0.48576170250001066,0.04633897061896396
530.0330209627755,0.5699350842862057,0.5633529634394007,0.0019674117525199262,0.010444555348074223,0.025973069937979428,0.004977814578048995,0.4839376451227232,0.04588952546265448
529.8795831693642,0.5682095715089733,0.5613958178922079,0.0019674117525199262,0.010469598282314634,0.026284156661410884,0.004959422254356391,0.4821084567674348,0.045443830936770936
529.7261453759529,0.5664698788489844,0.5594416941998248,0.0019674117525199262,0.010494762129098487,0.026599225995552152,0.004941239462463064,0.4802742482269017,0.04500186539588914
529.5727075825398,0.5647160180025951,0.5574907056099854,0.0019674117525199262,0.010520047872854304,0.0269183053200816,0.004923261971061793,0.47843513024793133,0.04456360720813608
529.4192697891285,0.562948133224868,0.5555429650251974,0.0019674117525199262,0.01054545651043206,0.027241421586344697,0.00490548566124286,0.4765912135205871,0.04412903475667037
529.2658319957172,0.5611664974307862,0.5535985849741305,0.0019674117525199262,0.010570989051288494,0.02756860130105589,0.0048879065235475725,0.4747426086672244,0.0436981264410939
529.1123942023041,0.5593715121952528,0.5516576775831927,0.0019674117525199262,0.010596646517672205,0.027899870509848282,0.00487052065508437,0.47288942623177266,0.04327086067889499
528.9589564088928,0.5575636882591647,0.5497203545480899,0.0019674117525199262,0.010622429944811152,0.028235254780709294,0.004853324256705102,0.47103177666907026,0.042847215906873765
528.8055186154816,0.5557436143391279,0.5477867271051694,0.0019674117525199262,0.010648340381105417,0.028574779187343875,0.004836313630239173,0.46916977033405405,0.04242717058250659
528.6520808220703,0.5539119805201707,0.545856906002993,0.0019674117525199262,0.010674378888319461,0.02891846829239585,0.004819485175788991,0.46730351747122395,0.0420107031853444
528.4986430286572,0.5520695314703179,0.5439310014737726,0.0019674117525199262,0.01070054654177871,0.029266346130595842,0.004802835389082816,0.4654331282040299,0.04159779221836507
528.3452052352459,0.5502170508454493,0.5420091232049558,0.0019674117525199262,0.010726844430566873,0.02961843619179271,0.004786360858886916,0.4635587125244503,0.041188416209338656
528.1917674418346,0.5483553768844409,0.5400913803105971,0.0019674117525199262,0.010753273657728907,0.02997476140394033,0.004770058264473242,0.46168038028240643,0.040782553712127904
528.0383296484233,0.5464853322310271,0.5381778813029823,0.0019674117525199262,0.01077983534047354,0.030335344115962528,0.004753924373145922,0.4597982411754587,0.04038018330802128
527.8848918550102,0.5446077746180115,0.5362687340641433,0.0019674117525199262,0.010806530610380193,0.030700206080568223,0.0047379560378228176,0.4579124047384307,0.0399812836070211
527.7314540615989,0.5427235461830555,0.5343640458175459,0.0019674117525199262,0.010833360613606725,0.03106936843697181,0.004722150194673749,0.45602298033323,0.03958583324914339
527.5780162681876,0.5408334695698936,0.5324639230995923,0.0019674117525199262,0.010860326511102959,0.03144285169359359,0.004706503860811687,0.45413007713850867,0.03919381090565516
527.4245784747764,0.5389383518271182,0.5305684717313989,0.0019674117525199262,0.010887429478823728,0.03182067571065994,0.004691014132039978,0.4522338041396127,0.03880519528034222
527.2711406813632,0.5370389610154671,0.5286777967904939,0.0019674117525199262,0.010914670707946529,0.032202859682778064,0.0046756781806518675,0.45033427011846383,0.038419965110733326
527.117702887952,0.5351360496005358,0.5267920025827106,0.0019674117525199262,0.010942051405089952,0.03258942212143854,0.004660493253283778,0.44843158364364244,0.03803809916933562
526.9642650945407,0.5332303115661385,0.5249111926139247,0.0019674117525199262,0.01096957279253808,0.032980380837523825,0.004645456668818696,0.44652585306031556,0.03765957626480829
526.8108273011276,0.5313224214021613,0.5230354695620689,0.0019674117525199262,0.010997236108464741,0.03337575292374293,0.00463056581634236,0.44461718648043663,0.03728437524316198
526.6573895077163,0.5294130068130652,0.5211649352492264,0.0019674117525199262,0.011025042607160494,0.03377555473703798,0.00461581815314978,0.4427056917730166,0.036912474988941166
526.503951714305,0.5275026760093835,0.5192996906136126,0.0019674117525199262,0.011052993559265364,0.03417980188101185,0.004601211202799766,0.44079147655426404,0.03654385442635131
526.3505139208937,0.5255919787198675,0.5174398356818746,0.0019674117525199262,0.011081090252001113,0.03458850918829408,0.004586742553219994,0.4388746481780249,0.03617849252041414
526.1970761274806,0.5236814607744831,0.5155854695413552,0.0019674117525199262,0.011109333989408315,0.03500169070292579,0.00457240985485902,0.43695531372616053,0.03581636827808125
526.0436383340693,0.5217716095214142,0.5137366903125987,0.0019674117525199262,0.011137726092584222,0.03541935966271255,0.004558210818886469,0.4350335799991381,0.03545746074935709
525.890200540658,0.5198628811185609,0.5118935951217487,0.0019674117525199262,0.011166267899926908,0.03584152848162912,0.0045441432154378885,0.4331095535064703,0.035101749028364215
525.7367627472468,0.5179557239262522,0.5100562800732852,0.0019674117525199262,0.011194960767378866,0.036268208732184413,0.004530204871906839,0.43118334045745976,0.03474921225443503
525.5833249538337,0.5160505200254644,0.5082248402227569,0.0019674117525199262,0.011223806068675565,0.036699411127830865,0.004516393671280668,0.4292550467518866,0.03439982961316296
525.4298871604224,0.5141476514971733,0.5063993695497753,0.0019674117525199262,0.011252805195594837,0.0371351455053643,0.004502707550521172,0.4273247779709121,0.03405358033746257
525.2764493670111,0.5122474185478606,0.5045799609309296,0.0019674117525199262,0.011281959558212595,0.03757542080740164,0.004489144498986676,0.42539263936783517,0.03371044370857326
525.123011573598,0.5103501174852216,0.502766706113043,0.0019674117525199262,0.011311270585158469,0.038020245064845394,0.004475702556897826,0.4234587358591366,0.033370399057084395
524.9695737801867,0.5084559822363848,0.5009596956865758,0.0019674117525199262,0.011340739723874272,0.03846962537938557,0.0044623798138447674,0.42152317201560596,0.03303342576394496
524.8161359867754,0.5065651960442673,0.49915901905899296,0.0019674117525199262,0.011370368440878638,0.03892356790609318,0.004449174407333485,0.41958605205334604,0.03269950326142132
524.6626981933641,0.5046778836700041,0.49736476442850797,0.0019674117525199262,0.01140015822203114,0.039382077836010505,0.004436084521373496,0.41764747982509226,0.03236861103408024
524.509260399951,0.502794134785661,0.4955770187578652,0.0019674117525199262,0.011430110572801473,0.03984515937882829,0.00442310838510355,0.4157075588114788,0.03204072861973274
524.3558226065397,0.5009139610875946,0.4937958677484228,0.0019674117525199262,0.01146022701853951,0.04031281574559045,0.00441024427145637,0.4137663921125304,0.031715835610385795
524.2023848131284,0.4990373196891645,0.4920213958142025,0.0019674117525199262,0.011490509104751963,0.040785049131519285,0.00439749049585921,0.41182408243901114,0.03139391165314062
524.0489470197172,0.4971641014243776,0.49025368605633396,0.0019674117525199262,0.011520958397378472,0.041261860698856706,0.004384845414972437,0.40988073210409176,0.031074936451114293
523.8955092263041,0.49529416593695696,0.4884928202375622,0.0019674117525199262,0.011551576483072892,0.041743250559814184,0.004372307425462943,0.4079364430149682,0.030758889764323696
523.7420714328928,0.49342728709734535,0.48673887875707306,0.0019674117525199262,0.011582364969485445,0.04222921775956934,0.004359874962813367,0.405991316664708,0.03044575141057662
523.5886336394815,0.49156322707962896,0.48499194062531,0.0019674117525199262,0.011613325485551575,0.04271976025940484,0.0043475465001639735,0.40404545412395826,0.03013550126631105
523.4351958460702,0.48970169737368296,0.4832520834392012,0.0019674117525199262,0.011644459681780208,0.04321487491988035,0.004335320547189392,0.4020989560329742,0.029828119267456717
523.2817580526571,0.4878424016718117,0.48151938335747035,0.0019674117525199262,0.011675769230547292,0.043714557484132915,0.004323195649007048,0.40015192259360277,0.029523585410260015
523.1283202592458,0.48598502027360646,0.479793915076283,0.0019674117525199262,0.011707255826390203,0.04421880256124065,0.004311170385118301,0.39820445356149803,0.02922187975211552
522.9748824658345,0.4841292568713716,0.4780757518049029,0.0019674117525199262,0.011738921186308923,0.0447276036097482,0.00429924336837922,0.39625664823819884,0.028922982412347423
522.8214446724214,0.48227483075255306,0.47636496524175376,0.0019674117525199262,0.011770767050067011,0.04524095292124548,0.004287413244002986,0.39430860546350943,0.028626873573008523
522.6680068790101,0.4804215118888083,0.47466162555070357,0.0019674117525199262,0.01180279518049564,0.04575884160405554,0.004275678688591869,0.3923604236079755,0.028333533479664687
522.5145690855989,0.4785691287335764,0.47296580133739285,0.0019674117525199262,0.01183500736380411,0.04628125956709092,0.0042640384091968235,0.3904122005652476,0.028042942442133064
522.3611312921876,0.47671758771600614,0.4712775596259973,0.0019674117525199262,0.011867405409889741,0.046808195503766026,0.004252491142406627,0.38846403374477306,0.02775508083524157
522.2076934987745,0.4748668849373121,0.4695969658361016,0.0019674117525199262,0.011899991152653128,0.04733963687606586,0.0042410356534636345,0.3865160200644459,0.027469929099552752
522.0542557053632,0.47301714125984384,0.4679240837599292,0.0019674117525199262,0.011932766450314217,0.047875569898699816,0.004229670735407105,0.3845682559434936,0.027187467742094202
521.9008179119519,0.4711685516228749,0.4662589755396127,0.0019674117525199262,0.011965733185735364,0.048415979523443786,0.0042183952082412175,0.3826208372952309,0.02690767733704114
521.7473801185406,0.4693214942085959,0.46460170164490244,0.0019674117525199262,0.011998893266743624,0.04896084942354664,0.004207207918129854,0.3806738595201435,0.026630538526418515
521.5939423251275,0.46747643687126333,0.4629523208510026,0.0019674117525199262,0.012032248626458564,0.04951016197830472,0.004196107736615285,0.37872741749893424,0.026356032020769516
521.4405045317162,0.4656339839226251,0.46131089021676597,0.0019674117525199262,0.012065801223620748,0.05006389825772857,0.004185093559861719,0.37678160558580537,0.02608413859982929
521.2870667383049,0.46379486443556434,0.4596774650629423,0.0019674117525199262,0.012099553042927355,0.05062203800740846,0.004174164307920967,0.37483651760161224,0.025814839113153045
521.1336289448936,0.461959924446528,0.45805209895087035,0.0019674117525199262,0.012133506095366946,0.05118455963344919,0.004163318924022233,0.3728922468273493,0.025548114480762392
520.9801911514805,0.46013010356281464,0.4564348436613001,0.0019674117525199262,0.012167662418559742,0.051751440187580086,0.004152556373883283,0.3709488859975974,0.025283945693759333
520.8267533580693,0.45830642716500297,0.45482574917358204,0.0019674117525199262,0.012202024077098576,0.052322655352361386,0.004141875645043964,0.36900652729421285,0.025022313814945
520.673315564658,0.4564899752166684,0.45322486364491466,0.0019674117525199262,0.012236593162897037,0.052898179426595394,0.00413127574621942,0.36706526233988823,0.024763199979394242
520.5198777712449,0.45468185887166995,0.4516322333900146,0.0019674117525199262,0.012271371795537053,0.053477985310815046,0.004120755706674856,0.3651251821920226,0.02450658539504475
520.3664399778336,0.45288320487900874,0.45004790286103835,0.0019674117525199262,0.012306362122619544,0.05406204449290972,0.004110314575620096,0.3631863773366959,0.024252451343272807
520.2130021844223,0.451095108797402,0.4484719146275829,0.0019674117525199262,0.012341566320121913,0.05465032703395082,0.0040999514216222815,0.3612489376825394,0.02400077917942818
520.059564391011,0.4493186194001413,0.44690430935712655,0.0019674117525199262,0.012376986592754456,0.05524280155408667,0.004089665332038528,0.35931295255493967,0.023751550333386946
519.9061265975979,0.4475547074848088,0.44534512579560614,0.0019674117525199262,0.012412625174322373,0.0558394352186156,0.004079455412465993,0.3573785106902093,0.02350474631007256
519.7526888041866,0.44580422688542265,0.44379440074835463,0.0019674117525199262,0.012448484328088275,0.056440193724153404,0.004069320786210321,0.35544570023000016,0.02326034868998216
519.5992510107753,0.44406790277608027,0.4422521690611014,0.0019674117525199262,0.012484566347142036,0.05704504128500697,0.004059260593770002,0.3535146087155915,0.02301833912967064
519.445813217364,0.44234632387338785,0.4407184636014037,0.0019674117525199262,0.012520873554769378,0.05765394061961156,0.004049273992338556,0.3515853230825128,0.022778699362251166
519.292375423951,0.44063987615710687,0.4391933152402128,0.0019674117525199262,0.012557408304826108,0.05826685293714369,0.004039360155322117,0.34965792965513465,0.022541411197865964
519.1389376305397,0.43894879355436567,0.4376767528337916,0.0019674117525199262,0.01259417298211275,0.05888373792422211,0.004029518271873386,0.347732514141502,0.02230645652416102
518.9854998371284,0.43727310725544793,0.43616880320569307,0.0019674117525199262,0.012631170002756476,0.05950455373181126,0.004019747546439559,0.3458091616280447,0.022073817306720794
518.8320620437171,0.4356126691065058,0.4346694911291596,0.0019674117525199262,0.012668401814591775,0.060129256962180196,0.004010047198326164,0.3438879565746229,0.02184347558951823
518.678624250304,0.43396714381198886,0.4331788393096505,0.0019674117525199262,0.01270587089754659,0.060757802656031354,0.004000416461274451,0.3419689828095417,0.02161541349533615
518.5251864568927,0.4323360362261422,0.4316968683677111,0.0019674117525199262,0.012743579764028835,0.06139014427970872,0.003990854583053295,0.3400523235248076,0.021389613226192414
518.3717486634814,0.4307187069481488,0.4302235968218981,0.0019674117525199262,0.01278153095932023,0.062026233712602546,0.003981360825063366,0.3381380612712654,0.0211660570637263
518.2183108700683,0.42911438791727086,0.428759041072094,0.0019674117525199262,0.012819727061969079,0.06266602123460706,0.0039719344619553055,0.3362262779540452,0.020944727369597113
518.064873076657,0.4275222019067775,0.4273032153830481,0.0019674117525199262,0.012858170684185863,0.06330945551369459,0.003962574781260465,0.33431705482811624,0.020725606585870675
517.9114352832457,0.42594124439843944,0.4258561318679867,0.0019674117525199262,0.012896864472245806,0.0639564835936739,0.0039532810830328335,0.3324104724937436,0.020508677235370264
517.7579974898345,0.4243705445946747,0.42441780047261946,0.0019674117525199262,0.0129358111068897,0.06460705088198544,0.003944052679503863,0.33050661089227773,0.02029392192204242
517.6045596964213,0.42280917458454115,0.4229882289592629,0.0019674117525199262,0.01297501330373034,0.06526110113765358,0.003934888894748061,0.32860554930191543,0.020081323331295194
517.4511219030101,0.4212562220522386,0.4215674228912842,0.0019674117525199262,0.013014473813658858,0.0659185764593012,0.003925789064360282,0.3267073663337032,0.019870864230340363
517.2976841095988,0.4197108760503893,0.42015538561758997,0.0019674117525199262,0.013054195423258565,0.06657941727334911,0.00391675253514263,0.32481213992742053,0.01966252746849885
517.1442463161875,0.4181724503927504,0.41875211825750097,0.0019674117525199262,0.01309418095521677,0.06724356232224328,0.003907778664802815,0.3229199473477976,0.019456295977520195
516.9908085227744,0.416640383654214,0.41735761968573576,0.0019674117525199262,0.013134433268742172,0.06791094865283274,0.0038988668216618522,0.32103086518070284,0.0192521527718758
516.8373707293631,0.4151143015513751,0.4159718865177048,0.0019674117525199262,0.013174955259981965,0.06858151160480279,0.003890016384372106,0.3191449693295722,0.01905008094905546
516.6839329359518,0.4135940130437455,0.41459491309484964,0.0019674117525199262,0.013215749862446419,0.06925518479928912,0.0038812267416436343,0.3172623350117212,0.01885006368982898
516.5304951425387,0.412079549321609,0.41322669147033914,0.0019674117525199262,0.01325682004743171,0.06993190012752254,0.003872497291980553,0.31538303675496554,0.018652084258518525
516.3770573491274,0.4105711404133084,0.41186721139497173,0.0019674117525199262,0.013298168824445254,0.07061158773957393,0.0038638274434261415,0.31350714839434624,0.0184561260032599
516.2236195557161,0.4090692424767437,0.410516460303141,0.0019674117525199262,0.013339799241637956,0.07129417603327341,0.0038552166133154924,0.3116347430687619,0.01826217235623194
516.0701817623049,0.4075745261030159,0.4091744232991721,0.0019674117525199262,0.013381714386234027,0.07197959164315211,0.003846664228037376,0.30976589321792936,0.018070206833898966
515.9167439688918,0.4060878373285722,0.4078410831437714,0.0019674117525199262,0.013423917384966202,0.07266775942953627,0.003838169722803394,0.30790067057931675,0.017880213037228476
515.7633061754805,0.4046102015339912,0.40651642024078244,0.0019674117525199262,0.013466411404510298,0.07335860246769897,0.0038297325414253834,0.3060391461853152,0.017692174651912244
515.6098683820692,0.40314281564641247,0.40520041262399925,0.0019674117525199262,0.013509199651927158,0.07405204203720324,0.0038213521360991915,0.30418139036029496,0.017506075448554394
515.4564305886579,0.4016869623662559,0.4038930359443554,0.0019674117525199267,0.013552285375101832,0.0747479976112768,0.003813027967196589,0.30232747271798793,0.017321899282871957
515.3029927952448,0.4002440452562908,0.4025942634572408,0.0019674117525199267,0.01359567186318807,0.07544638684635438,0.00380475950306347,0.30047746215884286,0.01713963009587173
515.1495550018335,0.3988154678792867,0.40130406601013907,0.0019674117525199267,0.013639362447051873,0.0761471255716941,0.003796546219825286,0.2986314268676172,0.01695925191403033
514.9961172084222,0.39740267278586766,0.40002241203034455,0.0019674117525199267,0.013683360499722363,0.07685012777920765,0.003788387601197928,0.29678943431085386,0.01678074884944245
514.8426794150109,0.3960070557412322,0.3987492675130757,0.0019674117525199267,0.013727669436839573,0.07755530561334663,0.0037802831383057798,0.29495155123468214,0.0166041050999813
514.6892416215978,0.3946299423324403,0.39748459600974656,0.0019674117525199267,0.013772292717107396,0.07826256936118653,0.0037722323295051705,0.2931178436625911,0.0164293049494361
514.5358038281865,0.3932725411829879,0.3962283586165879,0.0019674117525199267,0.013817233842745299,0.0789718274426192,0.003764234680214181,0.2912883768934363,0.016256332767652606
514.3823660347753,0.39193591666130845,0.39498051396339234,0.0019674117525199267,0.013862496359947282,0.07968298640080006,0.003756289702747059,0.2894632154993341,0.016085173010643498
514.2289282413622,0.3906209654880602,0.3937410182026782,0.0019674117525199267,0.013908083859337915,0.08039595089270386,0.0037483969161548874,0.2876424233238534,0.015915810220707826
514.0754904479509,0.38932837384948593,0.39250982499915243,0.0019674117525199267,0.013953999976430126,0.08111062367987978,0.003740555846071412,0.2858260634803097,0.015748229026541116
513.9220526545396,0.3880586290937696,0.3912868855193569,0.0019674117525199267,0.014000248392089576,0.0818269056194988,0.0037327660245630523,0.2840141983499673,0.01558241414331793
513.7686148611283,0.38681197294561026,0.39007214842179694,0.0019674117525199267,0.0140468328329953,0.08254469565555166,0.003725026989984663,0.28220688958055934,0.015418350372785692
513.6151770677152,0.38558840540500794,0.3888655598473352,0.0019674117525199267,0.014093757072105192,0.08326389081035343,0.0037173382868394044,0.28040419808477957,0.015256022603337294
513.4617392743039,0.3843877159375473,0.38766706341004903,0.0019674117525199267,0.014141024929119707,0.08398438617627514,0.0037096994656436403,0.27860618403900367,0.015095415810086575
513.3083014808926,0.38320946008168455,0.38647660018834556,0.0019674117525199267,0.014188640270952554,0.08470607490786415,0.0037021100827952704,0.27681290688189764,0.014936515054915608
513.1548636874813,0.38205296334753336,0.38529410871664643,0.0019674117525199267,0.014236607012197231,0.08542884821420936,0.003694569700447138,0.2750244253133397,0.014779305486532703
513.0014258940682,0.3809173641035048,0.3841195249774439,0.001967411752519927,0.01428492911559821,0.08615259535171753,0.003687077886383933,0.27324079729331385,0.014623772340510058
512.847988100657,0.379801629171449,0.38295278239392766,0.001967411752519927,0.014333610592519922,0.08687720361722949,0.0036796342139034975,0.2714620800410301,0.014469900939324345
512.6945503072457,0.3787045811181539,0.3817938118229931,0.001967411752519927,0.014382655503422628,0.0876025583416482,0.0036722382617010007,0.26968833003393083,0.014317676692370145
512.5411125138344,0.3776249177492723,0.38064254154894744,0.001967411752519927,0.014432067958333638,0.08832854288394412,0.003664889613757604,0.26791960300700796,0.014167085095983793
512.3876747204213,0.3765612510971767,0.37949889727772784,0.001967411752519927,0.014481852117322943,0.0890550386257146,0.003657587859232072,0.2661559539520902,0.014018111733447743
512.23423692701,0.37551213861124294,0.37836280213184087,0.001967411752519927,0.014532012190976249,0.08978192496623706,0.003650332592356265,0.2643974371173533,0.013870742274997697
512.0807991335987,0.3744761065505631,0.3772341766458492,0.001967411752519927,0.014582552440874742,0.0905090793181994,0.0036431234123329866,0.2626441060067178,0.01372496247780398
511.9273613401856,0.3734516889718003,0.37611293876271235,0.001967411752519927,0.014633477180070222,0.09123637710399203,0.00363595992323774,0.2608960133795311,0.013580758185960929
511.7739235467743,0.3724374433243303,0.37499900383090734,0.0019674117525199275,0.014684790773560875,0.09196369175269094,0.003628841733923466,0.2591532112503436,0.01343811533046822
511.620485753363,0.3714319777417402,0.3738922846022671,0.0019674117525199275,0.014736497638772997,0.09269089469786422,0.00362176845792742,0.25741575088859303,0.013297019929189077
511.46704795995174,0.37043399782725367,0.37279269123084496,0.0019674117525199275,0.014788602246037126,0.09341785537609615,0.0036147397133816793,0.2556836828185916,0.01315745808681808
511.31361016653864,0.36944225596952013,0.37170013127265394,0.0019674117525199275,0.014841109119068184,0.09414444122642765,0.003607755122925836,0.2539570568194809,0.013019415994831127
511.16017237312735,0.36845562931832404,0.37061450968650134,0.0019674117525199275,0.014894022835442156,0.09487051769067496,0.0036008143136227752,0.2522359219254032,0.012882879931437954
511.00673457971607,0.36747310808822853,0.36953572883577923,0.001967411752519928,0.014947348027079133,0.09559594821483168,0.0035939169168761158,0.25052032642556116,0.01274783626151087
510.8532967863048,0.366493768267077,0.36846368849154004,0.001967411752519928,0.015001089380720176,0.09632059425145313,0.0035870625683508952,0.24881031786457275,0.012614271436522776
510.6998589928917,0.36551680670506265,0.3673982858367232,0.001967411752519928,0.01505525163840793,0.097044315263236,0.003580250907896063,0.2471059430427948,0.012482171994468133
510.5464211994804,0.36454151772201515,0.36633941547176607,0.001967411752519928,0.015109839597963155,0.09776696872776754,0.0035734815794697047,0.24540724801685893,0.012351524559786515
510.3929834060691,0.3635672814110447,0.36528696942147415,0.0019674117525199284,0.015164858113467485,0.09848841014366345,0.0035667542310656043,0.24371427810009397,0.012222315843263339
510.2395456126578,0.3625935831324692,0.3642408371434891,0.0019674117525199284,0.01522031209573935,0.09920849303800686,0.0035600685146426874,0.2420270778632402,0.012094532641939753
510.0861078192447,0.36161995893081766,0.36320090553824047,0.0019674117525199284,0.015276206512813282,0.09992706897531457,0.003553424086055987,0.24034569113513027,0.011968161839006109
509.93267002583343,0.3606459877372592,0.36216705896061857,0.001967411752519929,0.01533254639041464,0.10064398756801825,0.0035468206049900012,0.23867016100357738,0.01184319040369803
509.77923223242215,0.35967132255988704,0.3611391792332668,0.001967411752519929,0.015389336812440264,0.10135909648869128,0.003540257734893126,0.237000529816151,0.011719605391170874
509.62579443900904,0.3586956086092232,0.3601171456618241,0.0019674117525199293,0.015446582921432313,0.10207224148395735,0.0035337351429145843,0.23533683918121828,0.011597393942381306
509.47235664559776,0.35771853398243014,0.35910083505210233,0.0019674117525199293,0.015504289919051027,0.10278326639025649,0.0035272524998430765,0.2336791299690692,0.011476543283962273
509.31891885218647,0.35673977118152833,0.3580901217291955,0.0019674117525199297,0.015562463066552595,0.10349201315164853,0.003520809480046392,0.2320274423129492,0.011357040728078558
509.1654810587752,0.3557589927085382,0.35708487755885365,0.0019674117525199297,0.015621107685258928,0.10419832183959739,0.003514405761413407,0.23038181561037274,0.01123887367229092
509.0120432653621,0.3547758632679093,0.35608497197103406,0.00196741175251993,0.015680229157030243,0.10490203067497976,0.003508041025297156,0.2287422885244014,0.011122029599405246
508.8586054719508,0.35379002807016374,0.3550902719858837,0.00196741175251993,0.01573983292473195,0.10560297605232635,0.003501714956459851,0.22710889898512102,0.011006496077324297
508.7051676785395,0.3528011245282528,0.35410064224207266,0.0019674117525199306,0.015799924492706948,0.10630099256654117,0.0034954272430185885,0.22548168419100617,0.010892260758879498
508.5517298851282,0.351808758864844,0.35311594502782706,0.001967411752519931,0.015860509427239166,0.10699591304204435,0.003489177576393187,0.2238606806105591,0.010779311381671007
508.3982920917151,0.35081255289774654,0.35213604031458645,0.001967411752519931,0.01592159335701947,0.10768756856458599,0.0034829656512549165,0.2222459239839122,0.010667635767893618
508.24485429830384,0.34981211284962804,0.35116078579353893,0.0019674117525199314,0.015983181973605178,0.1083757885157468,0.0034767911654769597,0.22063744932462456,0.010557221824165169
508.09141650489255,0.34880705663951234,0.35019003691496275,0.001967411752519932,0.016045281031884684,0.10906040061037166,0.003470653820085378,0.2190352909213647,0.01044805754133606
507.93797871147945,0.34779703727549255,0.3492236469307101,0.0019674117525199323,0.01610789635053329,0.10974123093689543,0.003464553319211941,0.21743948233984367,0.010340130994305481
507.78454091806816,0.3467817311583745,0.3482614669398402,0.0019674117525199327,0.01617103381246649,0.11041810400075054,0.0034584893700481166,0.21585005642482294,0.010233430341831825
507.6311031246569,0.3457608848671028,0.347303345937413,0.001967411752519933,0.016234699365297308,0.11109084277104152,0.00345246168279951,0.2142670453020278,0.010127943826326584
507.4776653312456,0.34473428396847644,0.34634913086677227,0.0019674117525199336,0.016298899021783518,0.11175926873044603,0.0034464699706421246,0.21269048038032468,0.010023659773655692
507.3242275378325,0.34370181929650223,0.3453986666752447,0.001967411752519934,0.016363638860276437,0.112423201928581,0.003440513949679218,0.21112039235385943,0.009920566592928347
507.1707897444212,0.34266345966089645,0.34445179637349566,0.0019674117525199345,0.01642892502516205,0.11308246103884652,0.0034345933388995947,0.20955681120437922,0.009818652776288003
507.0173519510099,0.34161929863251034,0.34350836109846905,0.001967411752519935,0.016494763727306613,0.11373686341897761,0.003428707860136162,0.207999766203442,0.009717906898686436
506.86391415759863,0.3405695233530466,0.342568200180232,0.0019674117525199358,0.016561161244491238,0.11438622517524717,0.0034228572380261293,0.206449285914882,0.009618317617665137
506.7104763641855,0.33951446132048463,0.34163115121264154,0.001967411752519936,0.016628123921847544,0.11503036123054243,0.003417041199971692,0.20490539819723502,0.009519873673124606
506.55703857077424,0.33845456479393915,0.34069705012805745,0.001967411752519937,0.01669565817228489,0.11566908539631197,0.003411259476102006,0.2033681302063421,0.009422563887096242
506.40360077736295,0.3373904068948742,0.339765731276007,0.0019674117525199375,0.01676377047692169,0.11630221044859192,0.0034055117992353168,0.20183750839784004,0.009326377163497771
506.25016298395167,0.3363227205949584,0.3388370275061008,0.0019674117525199384,0.01683246738550478,0.11692954820803596,0.003399797904842599,0.20031355852990104,0.009231302487896106
506.09672519053856,0.3352523246391405,0.3379107702550937,0.0019674117525199392,0.016901755516829355,0.11755090962414295,0.0033941175310115705,0.19879630566593087,0.009137328927258678
505.9432873971273,0.3341801976225736,0.3369867896382842,0.00196741175251994,0.016971641559149663,0.1181661048636553,0.0033884704184118813,0.19728577417743978,0.009044445629707291
505.789849603716,0.33310740001490585,0.3360649145451294,0.001967411752519941,0.017042132270593372,0.11877494340329957,0.0033828563102603643,0.19578198774679925,0.008952641824256567
505.6364118103029,0.3320350975529928,0.3351449727393288,0.001967411752519942,0.01711323447956385,0.11937723412677428,0.0033772749522876103,0.19428496937022438,0.008861906820558384
505.4829740168916,0.3309645339493997,0.33422679096330954,0.001967411752519943,0.01718495508513744,0.11997278542608651,0.00337172609270523,0.19279474136081812,0.008772230008641954
505.3295362234803,0.3298970347911864,0.3333101950470379,0.0019674117525199444,0.01725730105746333,0.12056140530732302,0.003366209482173192,0.19131132535151768,0.008683600858640393
505.17609843006903,0.3288339373617695,0.33239501002137395,0.0019674117525199453,0.017330279438149646,0.12114290150073108,0.0033607248737684706,0.1898347422982804,0.008596008920524069
505.0226606366559,0.3277766218312056,0.33148106023579127,0.0019674117525199466,0.017403897340649312,0.12171708157522146,0.0033552720229539272,0.18836501248322246,0.008509443823823813
504.86922284324464,0.3267264644707657,0.3305681694805771,0.001967411752519948,0.017478161950635014,0.12228375305719442,0.00334985068754819,0.1869021555179227,0.008423895277356486
504.71578504983336,0.3256848181590082,0.329656161113308,0.0019674117525199496,0.017553080526377097,0.12284272355376845,0.003344460627695474,0.1854461903466099,0.00833935306893674
504.5623472564221,0.3246529811914947,0.3287448581897717,0.001967411752519951,0.0176286603991068,0.12339380088023089,0.003339101605836628,0.18399713524958164,0.008255807065095445
504.40890946300897,0.3236321894832196,0.327834083599103,0.0019674117525199527,0.017704908973378508,0.12393679319175976,0.003333773386680337,0.18255500784657566,0.008173247210788437
504.2554716695977,0.3226235814795401,0.32692366020318364,0.0019674117525199544,0.01778183372742027,0.12447150911926089,0.0033284757371752523,0.1811198251002991,0.008091663529107881
504.1020338761864,0.32162818256103515,0.3260134109800418,0.001967411752519956,0.0178594422134868,0.124997757909331,0.003323208426482011,0.17969160331984127,0.008011046120980369
503.9485960827751,0.32064687775200645,0.32510315917135485,0.0019674117525199583,0.01793774205819666,0.12551534956810814,0.0033179712259463843,0.17827035816431167,0.007931385164871692
503.795158289362,0.3196804078216935,0.32419272843375513,0.0019674117525199605,0.018016740962867935,0.12602409500898476,0.003312763909072553,0.17685610464642712,0.007852670916482472
503.6417204959507,0.31872934979034595,0.32328194299392066,0.0019674117525199626,0.01809644670384119,0.12652380620396303,0.0033075862514972175,0.17544885713625247,0.00777489370844642
503.48828270253944,0.3177940818401544,0.32237062780711295,0.0019674117525199653,0.018176867132804385,0.1270142963385855,0.0033024380309635663,0.17404862936482307,0.007698043950016123
503.33484490912633,0.3168747989103924,0.32145860871918586,0.0019674117525199674,0.01825801017710186,0.1274953799701434,0.0032973190272962416,0.17265543442796966,0.007622112126754427
503.18140711571505,0.31597150100106,0.32054571263176346,0.0019674117525199705,0.018339883840035445,0.12796687318901914,0.0032922290223767426,0.17126928479018924,0.007547088800222629
503.02796932230376,0.3150839814765271,0.31963176767027063,0.001967411752519973,0.01842249620116619,0.12842859378299148,0.003287167800118707,0.169890192288416,0.007472964607657926
502.8745315288925,0.31421182316674856,0.3187166033547813,0.0019674117525199765,0.018505855416598403,0.12888036140415757,0.0032821351464442095,0.16851816813600384,0.007399730261656975
502.72109373547937,0.3133544256587618,0.3178000507732561,0.0019674117525199796,0.018589969719261048,0.12932199773830624,0.003277130849260107,0.16715322292665685,0.007327376549851582
502.5676559420681,0.31251097410640344,0.31688194275701914,0.001967411752519983,0.018674847419174592,0.1297533266764019,0.003272154698435126,0.1657953666385004,0.007255894334586811
502.4142181486568,0.31168048211694943,0.31596211405801033,0.001967411752519987,0.018760496903719014,0.13017417448797042,0.003267206485776738,0.16444460863803576,0.007185274552588148
502.2607803552455,0.3108618073462569,0.315040401527718,0.001967411752519991,0.01884692663788284,0.13058436999597237,0.003262286005009001,0.16310095768429878,0.007115508214634652
502.1073425618324,0.31005364370119315,0.31411664429728875,0.001967411752519995,0.01893414516450895,0.13098374475292043,0.0032573930517504077,0.161764421932964,0.0070465864052246955
501.9539047684211,0.3092545603274905,0.31319068395860544,0.0019674117525199995,0.019022161104524732,0.1313721332178388,0.003252527423492433,0.16043500894058485,0.006978500282244322
501.80046697500984,0.30846301330610254,0.3122623647457941,0.0019674117525200043,0.01911098315717292,0.13174937293378222,0.0032476889195778434,0.15911272566871576,0.006911241076625089
501.64702918159855,0.3076773885398445,0.31133153371701094,0.0019674117525200095,0.019200620100222204,0.13211530470544885,0.003242877341179924,0.15779757848823156,0.006844800092008055
501.49359138818545,0.30689603294367673,0.31039804093594375,0.0019674117525200147,0.019291080790174,0.13246977277657687,0.0032380924912816817,0.15648957318359022,0.0067791687044006215
501.34015359477416,0.306117270039847,0.30946173965276585,0.0019674117525200203,0.019382374162452403,0.13281262500667476,0.0032333341746557066,0.1551887149572265,0.006714338361836173
501.1867158013629,0.3053394233506028,0.3085224864839531,0.0019674117525200264,0.019474509231594394,0.13314371304674494,0.003228602197843781,0.15389500843382584,0.006650300584023815
501.0332780079498,0.30456088657633035,0.30758014159075936,0.001967411752520033,0.019567495091419602,0.13346289251350427,0.0032238963691372984,0.15260845766477446,0.006587046962003375
500.8798402145385,0.3037800924052704,0.30663456885582496,0.00196741175252004,0.019661340915188924,0.13377002316171785,0.003219216498557973,0.15132906613264158,0.006524569157798248
500.7264024211272,0.30299563337586805,0.30568563605738486,0.0019674117525200472,0.019756055955761864,0.1340649690542465,0.00321456239783834,0.1500568367555579,0.006462858904059865
500.5729646277159,0.30220621509134704,0.3047332150408553,0.001967411752520055,0.019851649545731404,0.1343475987293028,0.003209933880403093,0.1487917718917798,0.0064019080037178355
500.4195268343028,0.30141069130877907,0.30377718188717884,0.0019674117525200637,0.019948131097553844,0.13461778536453733,0.0032053307613503636,0.14753387334419288,0.00634170832962404
500.26608904089153,0.30060813021843663,0.30281741707762583,0.0019674117525200724,0.0200455101036599,0.1348754069374762,0.0032007528574335966,0.14628314236493636,0.006282251824199342
500.11265124748024,0.2997977988486512,0.30185380565443237,0.001967411752520082,0.020143796136565084,0.1351203463819246,0.0031961999870431497,0.14503957965990738,0.006223530499071722
499.95921345406896,0.2989791903573117,0.30088623737706693,0.001967411752520092,0.02024299884895635,0.13535249173983768,0.003191671970188688,0.14380318539344383,0.00616553643471999
499.80577566065585,0.2981520279306496,0.29991460687351346,0.0019674117525201027,0.02034312797377298,0.13557173630828204,0.003187168628481511,0.1425739591929446,0.006108261780111885
499.65233786724457,0.2973162803783812,0.2989388137862867,0.001967411752520114,0.020444193324267577,0.135777978781031,0.0031826897851174396,0.14135190015360535,0.006051698752344853
499.4989000738333,0.29647214263978,0.2979587629125811,0.0019674117525201257,0.020546204794065884,0.13597112338442294,0.0031782352648594197,0.1401370068430336,0.005995839636278795
499.3454622804202,0.2956200474800333,0.2969743643383699,0.0019674117525201387,0.020649172357202653,0.13615108000703158,0.003173804894020836,0.13892927730602064,0.005940676784173693
499.1920244870089,0.29476066549024194,0.29598553356596186,0.001967411752520152,0.02075310606814383,0.136317764322787,0.0031693985004490567,0.13772870906933565,0.005886202615325872
499.0385866935976,0.29389483880806766,0.2949921916345367,0.001967411752520167,0.02085801606180602,0.13647109790718945,0.0031650159135087294,0.1365352991464147,0.005832409615697343
498.8851489001863,0.2930236045104456,0.2939942652335211,0.001967411752520182,0.02096391255354968,0.13661100834622,0.003160656964065828,0.1353490440422145,0.0057792903375505494
498.7317111067732,0.2921481673220863,0.2929916868082827,0.0019674117525201986,0.021070805839165603,0.13673742933764435,0.003156321484471602,0.13416993975800234,0.0057268373990782585
498.57827331336193,0.2912698021458385,0.2919843946579642,0.001967411752520216,0.02117870629483926,0.13685030078437116,0.0031520093085470454,0.13299798179625005,0.00567504348403617
498.42483551995065,0.29038990474690074,0.2909723330249714,0.0019674117525202346,0.021287624377113186,0.13694956887959417,0.0031477202715670667,0.1318331651654079,0.0056239013413684966
498.27139772653936,0.2895099176758972,0.2899554521760816,0.001967411752520254,0.021397570622821795,0.1370351861834184,0.0031434542102453692,0.13067548438483662,0.0055734037848388165
498.11795993312626,0.28863126788831,0.28893370847473626,0.001967411752520275,0.021508555649018653,0.1371071116907476,0.0031392109627192376,0.12952493348967367,0.005523543692656488
497.964522139715,0.2877553472505523,0.28790706444444036,0.001967411752520297,0.021620590152880554,0.1371653108902005,0.003134990368534811,0.12838150603579807,0.005474314007105828
497.8110843463037,0.28688348134968406,0.2868754888228846,0.001967411752520321,0.021733684911609104,0.1372097558138793,0.003130792268632056,0.12724519510467477,0.005425707734168748
497.6576465528924,0.2860168788092011,0.28583895660686864,0.0019674117525203456,0.021847850782303346,0.13724042507781084,0.0031266165053304316,0.12611599330835077,0.005377717943152579
497.5042087594793,0.2851565845036097,0.28479744908769855,0.0019674117525203725,0.021963098701824224,0.1372573039129419,0.003122462922314438,0.12499389279438335,0.00533033776631386
497.350770966068,0.2843034678620696,0.2837509538771024,0.0019674117525204007,0.022079439686634575,0.13726038418658093,0.003118331364619642,0.12387888525086166,0.0052835603984849
497.1973331726567,0.2834581721841837,0.2826994649233968,0.0019674117525204306,0.022196884832636248,0.1372496644142189,0.003114221678618401,0.12277096191130824,0.005237379096694264
497.0438953792436,0.282621130235139,0.2816429825180949,0.0019674117525204627,0.022315445314978245,0.13722514976168665,0.0031101337120061964,0.12167011355971104,0.005191787179791909
496.89045758583234,0.28179247847242717,0.28058151329284253,0.0019674117525204965,0.022435132387847587,0.13718685203764647,0.003106067313788142,0.12057633053556573,0.005146778028073737
496.73701979242105,0.28097212722398224,0.27951507020658956,0.0019674117525205325,0.022555957384255653,0.13713478967643664,0.003102022334265227,0.1194896027388101,0.005102345082901038
496.58358199900977,0.28015969830761367,0.2784436725232899,0.0019674117525205707,0.022677931715793093,0.13706898771133172,0.0030979986250212147,0.11840991963489805,0.005058481846324944
496.43014420559666,0.2793545328285768,0.2773673457800177,0.0019674117525206114,0.022801066872375434,0.1369894777383004,0.0030939960389094116,0.11733727025980402,0.005015181880707495
496.2767064121854,0.278555730167428,0.2762861217457672,0.0019674117525206544,0.022925374421962078,0.13689629787038793,0.0030900144300398855,0.11627164322511085,0.004972438808345487
496.1232686187741,0.2777621245873116,0.27520003837088197,0.0019674117525207003,0.02305086601027188,0.13678949268285628,0.0030860536537663736,0.11521302672297722,0.004930246311089126
495.9698308253628,0.2769723398169564,0.27410913972754347,0.001967411752520749,0.023177553360465605,0.13666911314927935,0.003082113566673814,0.11416140853123807,0.004888598129965591
495.8163930319497,0.2761847929494613,0.2730134759413232,0.0019674117525208005,0.023305448272818743,0.13653521656878423,0.0030781940265657585,0.11311677601843381,0.004847488064799552
495.6629552385384,0.2753977217337936,0.2719131031141819,0.001967411752520855,0.023434562624366394,0.13638786648468745,0.003074294892452204,0.1120791161489181,0.004806909973836485
495.50951744512713,0.2746092235626437,0.27080808323896954,0.0019674117525209133,0.02356490836854435,0.13622713259476038,0.0030704160245371252,0.11104841548784516,0.004766857773361237
495.35607965171585,0.2738173061566361,0.26969848410596875,0.001967411752520975,0.023696497534795743,0.1360530906534401,0.0030665572842066002,0.11002466020628363,0.004727325437321392
495.20264185830274,0.2730198836655439,0.2685843792015783,0.0019674117525210408,0.023829342228167412,0.13586582236626701,0.00306271853401682,0.10900783608625779,0.004688306996947929
495.04920406489146,0.2722148624415695,0.26746584759962266,0.00196741175252111,0.02396345462887715,0.13566541527690032,0.003058899637682508,0.10799792852586258,0.004649796540378711
494.89576627148017,0.2714001488369151,0.26634297384542377,0.001967411752521184,0.024098846991876876,0.1354519626470246,0.003055100460065018,0.10699492254425821,0.004611788212277576
494.74232847806707,0.2705736842928522,0.26521584783324964,0.0019674117525212624,0.024235531646381536,0.13522556332955468,0.0030513208671609964,0.105998802786773,0.0045742762134577866
494.5888906846558,0.2697334999227183,0.2640845646774037,0.0019674117525213457,0.02437352099537751,0.1349863216355043,0.0030475607260911624,0.10500955353000345,0.004537254800505628
494.4354528912445,0.26887771651191633,0.262949224577229,0.0019674117525214337,0.02451282751512504,0.13473434719488656,0.0030438199050888274,0.10402715868680648,0.004500718285400342
494.2820150978332,0.26800459520212655,0.261809932676686,0.0019674117525215274,0.024653463754623878,0.1344697548121058,0.0030400982734889942,0.1030516018114067,0.004464661035138765
494.1285773044201,0.2671125374913059,0.2606667989187093,0.001967411752521627,0.02479544233506763,0.134192664316215,0.0030363957017173144,0.10208286610442964,0.004429077471357745
493.9751395110088,0.26620013981668506,0.2595199378949283,0.0019674117525217325,0.024938775949267064,0.1339032004065002,0.003032712061279446,0.1011209344180001,0.004393962069959433
493.82170171759753,0.26526615066812786,0.25836946869096666,0.0019674117525218444,0.02508347736106882,0.13360149249377223,0.0030290472247500883,0.10016578926072048,0.0043593093607328555
493.66826392418625,0.2643095407662701,0.25721551472802506,0.001967411752521963,0.025229559404735882,0.1332876745378659,0.0030254010657625903,0.09921741280275828,0.004325113926980113
493.51482613077314,0.2633294601758792,0.2560582036009694,0.001967411752522089,0.025377034984316375,0.13296188488173252,0.0030217734589984137,0.09827578688085907,0.0042913704051406164
493.36138833736186,0.2623252539009961,0.25489766691352284,0.0019674117525222226,0.02552591707298012,0.1326242660826061,0.003018164280176976,0.09734089300341885,0.004258073484418225
493.2079505439506,0.26129646968250614,0.2537340401107786,0.001967411752522364,0.025676218712350495,0.13227496474061753,0.003014573406045186,0.09641271235543766,0.004225217906405001
493.05451275053747,0.2602428151114991,0.2525674623097257,0.0019674117525225144,0.02582795301179845,0.13191413132536237,0.0030110007143674825,0.09549122580356544,0.004192798464709144
492.9010749571262,0.25916421221226554,0.25139807612809123,0.0019674117525226736,0.025981133147713647,0.13154192000081785,0.003007446083915983,0.09457641390113723,0.004160810004583508
492.7476371637149,0.2580606999726602,0.2502260275117921,0.0019674117525228427,0.02613577236276934,0.13115848844898723,0.003003909394460375,0.09366825689310072,0.004129247422551305
492.5941993703036,0.25693248892709836,0.249051465561673,0.001967411752523022,0.026291883965146354,0.13076399769276556,0.0030003905267583317,0.09276673472104299,0.004098105666036395
492.4407615768905,0.25577991826991614,0.24787454235970602,0.001967411752523212,0.026449481327744963,0.13035861191835937,0.002996889362545797,0.09187182702814033,0.004067379732991963
492.2873237834792,0.2546034441590135,0.24669541279521226,0.0019674117525234134,0.026608577887362463,0.12994249829770552,0.0029934057845276228,0.09098351316416067,0.004037064671532204
492.13388599006794,0.25340362801949823,0.24551423439125705,0.0019674117525236273,0.026769187143866082,0.12951582681119025,0.002989939676367899,0.09010177219034768,0.00400715557956112
491.98044819665665,0.2521811092521875,0.2443311671318617,0.0019674117525238536,0.02693132265932374,0.12907877007112917,0.0029864909226808125,0.08922658288439796,0.0039776476044057945
491.82701040324355,0.2509366130311789,0.24314637329015737,0.001967411752524094,0.027094998057122392,0.1286315031462796,0.0029830594090213564,0.08835792374536121,0.0039485359424483515
491.67357260983226,0.249670923012352,0.2419600172579828,0.0019674117525243485,0.027260227021051048,0.12817420338778104,0.00297964502187639,0.08749577299858875,0.003919815838760847
491.520134816421,0.24838487353579747,0.2407722653770164,0.001967411752524618,0.02742702329437916,0.12770705025675552,0.002976247648655394,0.08664010860056368,0.0038914825867376384
491.3666970230097,0.24707934962581718,0.23958328577202495,0.001967411752524904,0.027595400678891546,0.12723022515397497,0.0029728671776817366,0.0857909082438193,0.0038635315277321205
491.2132592295966,0.24575526359821126,0.23839324818628602,0.001967411752525207,0.027765373033910773,0.1267439112517934,0.0029695034981837916,0.08494814936178006,0.003835958050692383
491.0598214361853,0.24441356285784904,0.237202323819616,0.0019674117525255285,0.027936954275283078,0.12624829332867477,0.0029661565002863976,0.08411180913364606,0.0038087575917997813
490.906383642774,0.24305521040474182,0.23601068516902532,0.001967411752525869,0.028110158374359945,0.1257435576064712,0.002962826075002016,0.08328186448916061,0.0037819256341053045
490.7529458493609,0.24168120432797002,0.23481850587249553,0.0019674117525262298,0.028284999356936954,0.12522989159078884,0.0029595121142223426,0.08245829211345093,0.0037554577071698832
490.5995080559496,0.24029255441297057,0.23362596055595972,0.0019674117525266123,0.02846149130216747,0.12470748391460078,0.002956214510710012,0.08164106845184875,0.0037293493867057185
490.44607026253834,0.23889028214153674,0.2324332246835495,0.0019674117525270173,0.028639648341470186,0.12417652418524074,0.0029529331580900415,0.08083016971460527,0.003703596294215848
490.29263246912706,0.2374754167930328,0.23124047441154866,0.0019674117525274462,0.028819484657390867,0.12363720283506553,0.0029496679508417625,0.08002557188168469,0.0036781940966379967
490.13919467571395,0.23604901103953582,0.2300478864459792,0.001967411752527901,0.029001014482451532,0.12308971097584213,0.002946418784290604,0.079227250707479,0.003653138505987647
489.98575688230267,0.23461210585676645,0.22885563790412541,0.001967411752528383,0.029184252097961362,0.12253424025707059,0.0029431855546001996,0.07843518172556042,0.003628425279004084
489.8323190888914,0.23316575391680175,0.22766390617988705,0.001967411752528893,0.029369211832823944,0.12197098272825674,0.0029399681587642,0.07764934025331824,0.0036040502167946223
489.6788812954801,0.23171100399293335,0.22647286881334253,0.001967411752529434,0.02955590806229738,0.12140013070536461,0.002936766494598556,0.07686970139666914,0.0035800091644830135
489.525443502067,0.2302489048584528,0.22528270336438105,0.0019674117525300063,0.029744355206741954,0.12082187664142828,0.002933580460733656,0.07609624005468947,0.0035562980108573053
489.3720057086557,0.22878048579272436,0.22409358729063752,0.0019674117525306126,0.029934567730328647,0.12023641300147005,0.002930409956606781,0.07532893092428047,0.0035329126880206067
489.2185679152444,0.22730675658118496,0.22290569782955663,0.001967411752531255,0.030126560139744372,0.11964393214166653,0.0029272548824542605,0.07456774850471949,0.003509849171040335
489.06513012183314,0.22582871531291504,0.2217192118849028,0.001967411752531935,0.030320346982848998,0.11904462619293622,0.002924115139304093,0.07381266710227964,0.003487103477601521
488.91169232842003,0.22434732498792584,0.2205343059175125,0.0019674117525326548,0.03051594284731996,0.1184386869488598,0.002920990628968423,0.07306366083477148,0.0034646716676597663
488.75825453500875,0.22286352131473033,0.2193511558404639,0.0019674117525334176,0.030713362359256993,0.11782630575802557,0.0029178812540363174,0.07232070363611413,0.0034425498430970883
488.60481674159746,0.22137820101398678,0.21816993691843456,0.001967411752534225,0.03091262018178415,0.11720767342067985,0.0029147869178662586,0.07158376926079324,0.0034207341473764695
488.45137894818436,0.2198922140209277,0.21699082367149458,0.00196741175253508,0.031113731013604755,0.11658298008980067,0.0029117075245790438,0.07085283128837447,0.0033992207652001373
488.29794115477307,0.2184063946756439,0.21581398978318017,0.001967411752535985,0.03131670958752994,0.11595241517650322,0.0029086429790507635,0.07012786312799071,0.003378005922169182
488.1445033613618,0.21692150714008757,0.21463960801268142,0.001967411752536943,0.031521570669002526,0.11531616725966813,0.00290559318690553,0.06940883802272568,0.0033570858844422426
487.9910655679505,0.2154382843859272,0.21346785011135871,0.0019674117525379574,0.031728329054570695,0.11467442399988426,0.002902558054508642,0.0686957290540586,0.0033364569583981753
487.8376277745374,0.21395742429576198,0.21229888674330566,0.0019674117525390307,0.03193699957034992,0.11402737205752764,0.002899537488959613,0.06798850914623046,0.0033161154902985983
487.6841899811261,0.2124795779667656,0.21113288741005712,0.001967411752540167,0.0321475970704436,0.11337519701499993,0.002896531398085483,0.06728715107063418,0.0032960578659533496
487.5307521877148,0.21100538479975517,0.20997002037914497,0.00196741175254137,0.032360136435362265,0.11271808330292789,0.0028935396904338486,0.06659162745009427,0.0032762805103849595
487.37731439430354,0.20953545300526416,0.20881045261669576,0.001967411752542643,0.032574632570391504,0.11205621413039588,0.002890562275266326,0.065901910763202,0.0032567798874970247
487.22387660089043,0.20807036740111312,0.2076543497237602,0.0019674117525439894,0.03279110040394861,0.11138977141899907,0.0028875990625518667,0.0652179733485737,0.0032375524997426052
487.07043880747915,0.20661072450147908,0.20650187587644567,0.001967411752545415,0.033009554885897324,0.11071893574071774,0.0028846499629603564,0.06453978740912894,0.003218594887795494
486.91700101406786,0.2051570974278262,0.205353193769533,0.0019674117525469233,0.0332300109858619,0.11004388625938731,0.002881714887855936,0.06386732501625984,0.0031999036302207367
486.7635632206566,0.20371010608704432,0.204208464563749,0.001967411752548519,0.033452483691489156,0.10936480067581897,0.00287879374929074,0.06320055811405231,0.0031814753431489116
486.6101254272435,0.20227036258845232,0.2030678478363677,0.0019674117525502076,0.03367698800669948,0.10868185517633865,0.0028758864599984883,0.06253945852342987,0.003163306679950628
486.4566876338322,0.2008385102316529,0.20193150153519615,0.0019674117525519935,0.03390353894989572,0.10799522438473076,0.0028729929333883675,0.061883997946315085,0.0031453943309138325
486.3032498404209,0.19941524689924522,0.20079958193561484,0.001967411752553883,0.03413215155217213,0.10730508131734602,0.0028701130835386136,0.06123414796968326,0.003127735022920554
486.1498120470078,0.19800126657504313,0.19967224360081737,0.001967411752555882,0.03436284085547324,0.10661159734141357,0.0028672468251904892,0.06058988006965668,0.0031103255191271325
485.9963742535965,0.19659732952221334,0.19854963934501196,0.0019674117525579965,0.034595621910726015,0.10591494213637169,0.0028643940737423127,0.05995116561556756,0.003093162618646016
485.84293646018523,0.19520422329542098,0.19743192019934963,0.0019674117525602325,0.03483050977597027,0.10521528365802654,0.0028615547452432483,0.059317975873921694,0.003076243156227257
485.68949866677394,0.19382277053840027,0.1963192353807185,0.001967411752562598,0.03506751951443572,0.10451278810558064,0.0028587287563875026,0.0586902820124079,0.0030595640019437224
485.53606087336084,0.19245380949002747,0.19521173226307426,0.0019674117525650993,0.035306666192609144,0.10380761989128394,0.002855916024508377,0.0580680551038307,0.003043122060876645
485.38262307994955,0.19109819008553514,0.1941095563513527,0.0019674117525677443,0.03554796487825865,0.10309994161269323,0.0028531164675725824,0.05745126613005612,0.003026914272804003
485.22918528653827,0.18975677785529776,0.19301285125763798,0.0019674117525705415,0.035791430638460076,0.10238991402729214,0.0028503300041742854,0.056839885985852004,0.003010937611888564
485.075747493127,0.188430414936977,0.19192175867973996,0.0019674117525734993,0.03603707853756917,0.1016776960295273,0.002847556553529543,0.056233885482770515,0.0029951890863695414
484.9223096997139,0.1871199278730926,0.1908364183818581,0.0019674117525766265,0.03628492363518486,0.10096344463001641,0.002844796035470602,0.05563323535295452,0.0029796657382547055
484.7688719063026,0.18582608862316777,0.18975696817738047,0.001967411752579933,0.036534980984069126,0.10024731493692074,0.0028420483704404524,0.05503790625295453,0.0029643646430153065
484.6154341128913,0.18454960286737268,0.18868354391350428,0.001967411752583428,0.03678726562807056,0.09952946013924006,0.0028393134794871115,0.05444786876744193,0.0029492829092807853
484.4619963194782,0.1832911178040955,0.18761627945782003,0.0019674117525871233,0.03704179259999582,0.09881003149208739,0.0028365912842582604,0.053863093412954186,0.0029344176785368456
484.3085585260669,0.18205116366816015,0.18655530668663936,0.001967411752591029,0.037298576919455144,0.09808917830376604,0.0028338817069959383,0.05328355064160564,0.002919766124825161
484.15512073265563,0.18083018102232487,0.18550075547485656,0.0019674117525951577,0.03755763359070954,0.0973670479244738,0.0028311846705309967,0.0527092108447035,0.00290532545444318
484.00168293924435,0.17962847397185636,0.18445275368748795,0.0019674117525995214,0.03781897760046256,0.09664378573670031,0.002828500098277938,0.05214004435639981,0.0028910929056474096
483.84824514583124,0.17844623745602814,0.1834114271725939,0.0019674117526041336,0.038082623915645,0.09591953514708881,0.0028258279142296134,0.05157602145726867,0.002877065748357325
483.69480735241996,0.17728351046269492,0.18237689975564478,0.0019674117526090073,0.03834858748115569,0.09519443757977561,0.0028231680429521644,0.05101711237788992,0.0028632412838620214
483.5413695590087,0.1761402150161473,0.18134929323504625,0.001967411752614158,0.03861688321760874,0.09446863247098367,0.0028205204095797043,0.05046328730233272,0.002849616844526883
483.3879317655974,0.17501614058196985,0.18032872737898886,0.001967411752619601,0.03888752601902452,0.09374225726495944,0.0028178849398093667,0.049914516371671894,0.0028361897935036684
483.2344939721843,0.17391094796582662,0.17931531992334404,0.001967411752625352,0.03916053075051487,0.09301544741103551,0.002815261559896218,0.04937076968743042,0.0028229575244413004
483.081056178773,0.17282418490860305,0.17830918657067754,0.001967411752631428,0.03943591224592438,0.09228833636184693,0.0028126501966484075,0.04883201731502663,0.0028099174611993546
482.9276183853617,0.17175528998519132,0.17731044099011392,0.0019674117526378475,0.03971368530547953,0.09156105557248971,0.0028100507774220613,0.048298229287122664,0.0027970670575616944
482.7741805919504,0.17070366668141448,0.17631919481822475,0.00196741175264463,0.03999386469338135,0.09083373450072524,0.002807463230116534,0.04776937560700319,0.0027844037969534316
482.6207427985373,0.16966861321588778,0.17533555766068082,0.0019674117526517943,0.04027646513539342,0.09010650060802605,0.002804887483169525,0.04724542625188097,0.0027719251921586776
482.46730500512604,0.16864943560479745,0.17435963709474897,0.001967411752659362,0.04056150131638593,0.08937947936150432,0.0028023234655524293,0.04672635117620556,0.0027596287850409442
482.31386721171475,0.16764540867404598,0.17339153867238635,0.0019674117526673556,0.040848987877889445,0.08865279423652506,0.00279977110676543,0.04621212031487487,0.0027475121462638094
482.16042941830165,0.16665584623739052,0.17243136592409958,0.0019674117526757985,0.04113893941559521,0.08792656672011216,0.002797230336832918,0.04570270358646842,0.0027355728750146757
482.00699162489036,0.16568010499522842,0.17147922036340663,0.0019674117526847154,0.04143137047683136,0.08720091631501643,0.00279470108629895,0.04519807089644455,0.0027238085987302493
481.8535538314791,0.16471762352245192,0.17053520149175355,0.0019674117526941324,0.04172629555804709,0.08647596054431829,0.002792183286222492,0.044698192140248665,0.0027122169728225017
481.7001160380678,0.16376791836966265,0.16959940680405347,0.0019674117527040762,0.0420237291022395,0.0857518149566818,0.0027896768681730045,0.04420303720644691,0.0027007956804078184
481.5466782446547,0.16283062694981185,0.1686719317946235,0.001967411752714577,0.042323685496378244,0.08502859313207865,0.002787181764225893,0.0437125759797887,0.0026895424320370525
481.3932404512434,0.16190552703212768,0.16775286996361194,0.0019674117527256644,0.04262617906878636,0.08430640668804397,0.00278469790695819,0.04322677834426919,0.002678454965428164
481.2398026578321,0.16099254064090077,0.16684231282370235,0.0019674117527373708,0.04293122408653439,0.08358536528628838,0.0027822252294439722,0.042745614186098575,0.0026675310451992713
481.08636486442083,0.16009172625791313,0.16594034990727874,0.00196741175274973,0.04323883475277669,0.08286557663980261,0.002779763665250134,0.04226905339669435,0.002656768462604827
480.9329270710077,0.15920329831636565,0.16504706877384281,0.001967411752762777,0.04354902520408723,0.08214714652028414,0.002777313148432016,0.0417970658756035,0.0026461650352727394
480.77948927759644,0.15832761160573616,0.16416255501778346,0.0019674117527765504,0.043861809507751696,0.08143017876595827,0.0027748736135292575,0.041329621533423254,0.0026357186069440484
480.62605148418515,0.1574651690693504,0.1632868922763007,0.001967411752791089,0.04417720165907496,0.08071477528962896,0.0027724449955613996,0.040866690294630796,0.0026254270472130894
480.47261369077387,0.15661659061409816,0.16242016223766917,0.001967411752806435,0.044495215578630426,0.08000103608710395,0.0027700272300238216,0.04040824210043346,0.0026152882512707077
480.31917589736076,0.15578260531286248,0.16156244464965067,0.0019674117528226316,0.04481586510951066,0.07928905924583472,0.0027676202528835463,0.03995424691155027,0.002605300139648467
480.1657381039495,0.15496401241666483,0.16071381732815695,0.001967411752839725,0.04513916401453434,0.07857894095385098,0.0027652240005752583,0.03950467471099088,0.0025954606579653683
480.0123003105382,0.15416167745587966,0.15987435616598136,0.0019674117528577645,0.045465125973470875,0.07787077550883516,0.0027628384099970768,0.03905949550674498,0.0025857677766751323
479.8588625171251,0.1533765049487362,0.15904413514177604,0.0019674117528768005,0.04579376458021057,0.07716465532747982,0.0027604634185066272,0.03861867933448549,0.0025762194908163383
479.7054247237138,0.1526093877171072,0.15822322632916383,0.0019674117528968873,0.04612509333991423,0.07646067095503549,0.0027580989639171515,0.038182196260235404,0.002566813819764285
479.5519869303025,0.15186119908893805,0.15741169990588602,0.0019674117529180817,0.04645912566617823,0.07575891107495976,0.0027557449844934053,0.03775001638295254,0.0025575488069836177
479.39854913689123,0.15113276560674857,0.15660962416315885,0.0019674117529404436,0.04679587487814105,0.07505946251881383,0.002753401418947873,0.03732210983713144,0.002548422519783847
479.24511134347813,0.15042483973613457,0.155817065515072,0.0019674117529640354,0.04713535419759411,0.07436241027626181,0.0027510682064368565,0.03689844679533885,0.0025394330490759536
479.09167355006684,0.14973804528277135,0.1550340885081338,0.001967411752988923,0.04747757674604958,0.07366783750526226,0.0027487452865567687,0.03647899747074449,0.0025305785091314092
478.93823575665556,0.14907293587419573,0.15426075583080495,0.001967411753015177,0.04782255554182967,0.07297582554231145,0.002746432599340185,0.03606373211956621,0.002521857037341876
478.7847979632443,0.14842988969259838,0.1534971283232016,0.0019674117530428703,0.04817030349709737,0.07228645391289622,0.002744130085252213,0.035652621043530786,0.002513266793981747
478.63136016983117,0.1478091601590349,0.15274326498681154,0.0019674117530720805,0.04852083341489322,0.07159980034201793,0.0027418376851867303,0.0352456345922694,0.0025048059619717966
478.4779223764199,0.1472108486419275,0.15199922299432903,0.001967411753102888,0.04887415798612934,0.07091594076488088,0.002739555340462825,0.034842743165707506,0.002496472746645196
478.3244845830086,0.14663490055827957,0.15126505769946041,0.0019674117531353784,0.04923028978660748,0.0702349493376104,0.002737282992820999,0.03444391721637151,0.0024882653755142693
478.1710467895973,0.14608111707003216,0.1505408226468774,0.001967411753169642,0.04958924127397812,0.06955689844816045,0.0027350205844196823,0.034049127251709124,0.0024801820980400137
478.0176089961842,0.14554915898284929,0.14982656958217155,0.001967411753205774,0.049951024784707795,0.06888185872727726,0.002732768057831613,0.033658343836345965,0.0024722211854027497
477.8641712027729,0.14503855454368902,0.14912234846191375,0.0019674117532438727,0.050315652531003674,0.06820989905961472,0.002730525356040422,0.03327153759433555,0.0024643809302751026
477.71073340936164,0.1445487306310872,0.14842820746368243,0.0019674117532840433,0.05068313659776487,0.0675410865948717,0.0027282924224369775,0.03288867921132869,0.0024566596465957612
477.55729561594853,0.14407898936244457,0.1477441929962205,0.0019674117533263966,0.05105348893947896,0.06687548675910282,0.00272606920081601,0.03250973943675005,0.002449055669345842
477.40385782253725,0.14362857827216527,0.14707034970964297,0.0019674117533710475,0.051426721377102025,0.06621316326613014,0.0027238556353727664,0.032134689085939666,0.0024415673543269427
477.25042002912596,0.14319668251408596,0.14640672050562595,0.0019674117534181188,0.05180284559496269,0.06555417812898516,0.0027216516706994624,0.031763499042219985,0.002434193077940135
477.0969822357147,0.14278241706390482,0.14575334654773078,0.001967411753467738,0.052181873137607096,0.06489859167153232,0.00271945725178203,0.03139614025897366,0.0024269312369675678
476.9435444423016,0.14238492029003283,0.14511026727173673,0.0019674117535200407,0.052563815406655036,0.06424646254014864,0.0027172723239967406,0.031032583761660633,0.0024197802483552594
476.7901066488903,0.1420032759778844,0.14447752039607667,0.001967411753575168,0.05294868365761439,0.06359784771555436,0.002715096833107019,0.030672800649827227,0.002412738548998121
476.636668855479,0.14163661469829958,0.1438551419322572,0.001967411753633269,0.05333648899672638,0.06295280252467296,0.0027129307252600253,0.030316762099038358,0.00240580459552583
476.4832310620677,0.1412840709209039,0.1432431661954168,0.0019674117536945014,0.05372724237775147,0.06231138065267633,0.002710773946983533,0.029964439362819312,0.0023989768640912757
476.3297932686546,0.14094478691289378,0.14264162581490275,0.0019674117537590297,0.054120954598768325,0.061673634155093957,0.002708626445182679,0.029615803774538176,0.0023922538501601814
476.1763554752433,0.14061797511960422,0.14205055174495854,0.0019674117538270265,0.054517636298931485,0.061039613470079836,0.0027064881671369006,0.029270826749279975,0.002385634068302925
476.02291768183204,0.14030286358151198,0.14146997327540922,0.0019674117538986753,0.05491729795526237,0.06040936743071796,0.002704359060496648,0.028929479785645966,0.0023791160519872337
475.86947988841894,0.13999871542816314,0.1408999180424837,0.0019674117539741666,0.05531994987938518,0.059782943277512796,0.0027022390732803557,0.028591734467557525,0.002372698353373305
475.71604209500765,0.1397048405745294,0.14034041203970915,0.0019674117540537024,0.05572560221424949,0.05916038667099756,0.002700128153871442,0.028257562466025992,0.002366379543110572
475.56260430159637,0.13942056063193886,0.1397914796288229,0.0019674117541374943,0.056134264930883346,0.05854174170439695,0.0026980262510151167,0.027926935540854122,0.0023601582101354782
475.4091665081851,0.13914522450321792,0.1392531435508317,0.001967411754225765,0.05654594782508642,0.05792705091648721,0.002695933313815461,0.027599825542344802,0.002354032961471668
475.255728714772,0.13887819278754943,0.1387254249371131,0.0019674117543187477,0.05696066051413981,0.057316355304537006,0.002693849291732396,0.02727620441295334,0.002348002422031404
475.1022909213607,0.13861883778047257,0.1382083433206394,0.001967411754416689,0.05737841243347484,0.056709694337419056,0.0026917741345788182,0.02695604418893055,0.0023420652344190588
474.9488531279494,0.13836651618238474,0.13770191664722664,0.0019674117545198464,0.0577992128333794,0.056107105968778465,0.0026897077925175272,0.026639317001895466,0.0023362200587355624
474.7954153345381,0.13812058469368327,0.13720616128693505,0.001967411754628492,0.058223070775643995,0.05550862665040429,0.002687650216058421,0.026325995080414288,0.0023304655723851942
474.641977541125,0.13788038831840907,0.1367210920455236,0.001967411754742911,0.05864999513022631,0.05491429134569013,0.0026856013560555706,0.026016050751524664,0.0023248004698836005
474.48853974771373,0.13764523697153386,0.1362467221760324,0.0019674117548634023,0.05907999457187483,0.054324133543270994,0.002683561163704476,0.025709456442250474,0.002319223462667852
474.33510195430244,0.13741444056802934,0.13578306339040272,0.0019674117549902813,0.05951307757679255,0.053738185270724645,0.0026815295905390974,0.025406184681048324,0.0023137332789074485
474.18166416089116,0.13718727783258344,0.13533012587125004,0.001967411755123879,0.059949252419239776,0.05315647710847955,0.002679506588429163,0.02510620809925966,0.0023083286633176314
474.02822636747806,0.13696303528745504,0.1348879182837008,0.0019674117552645415,0.06038852716815732,0.05257903820381759,0.0026774921095773533,0.024809499432509725,0.0023030083769738957
473.87478857406677,0.13674097606219018,0.1344564477873591,0.001967411755412635,0.06083090968374873,0.05200589628505532,0.0026754861065166604,0.024516031522096866,0.002297771197128504
473.7213507806555,0.1365203827802623,0.13403572004831996,0.001967411755568542,0.06127640761410488,0.05143707767579478,0.002673488532107528,0.02422577731631587,0.002292615917027965
473.5679129872424,0.1363005575590721,0.1336257392513303,0.0019674117557326653,0.061725028391772574,0.050872607309374096,0.0026714993395352393,0.02393870987178267,0.0022875413457326774
473.4144751938311,0.13608082980751868,0.13322650811204742,0.001967411755905428,0.06217677923031298,0.05031250874345513,0.0026695184823073226,0.02365480235472802,0.00228254630793815
473.2610374004198,0.13586058351749766,0.13283802788935398,0.0019674117560872736,0.06263166712089924,0.04975680417468859,0.002667545914250776,0.023374028042230436,0.0022776296437972588
473.1075996070085,0.13563926116268676,0.13246029839782186,0.0019674117562786682,0.06308969882885188,0.04920551445358333,0.002665581589509549,0.023096360323453375,0.002272790208744681
472.9541618135954,0.13541639488882948,0.1320933180202465,0.001967411756480102,0.06355088089019757,0.04865865909947168,0.0026636254625419086,0.022821772700832296,0.0022680268733225417
472.80072402018413,0.1351915909185933,0.13173708372030607,0.0019674117566920884,0.06401521960818661,0.048116256315649246,0.002661677488117968,0.022550238791251804,0.002263338523007952
472.64728622677285,0.13496459193213717,0.13139159105527545,0.001967411756915167,0.06448272104985671,0.047578323004583534,0.002659737621317012,0.022281732327161113,0.0022587240580415465
472.49384843336156,0.13473522638290036,0.13105683418888003,0.0019674117571499045,0.0649533910425338,0.04704487478332006,0.002657805817525073,0.02201622715769267,0.0022541823932581166
472.34041063994846,0.13450345138424272,0.13073280590421862,0.0019674117573968953,0.06542723517035764,0.04651592599898012,0.002655882032432395,0.02175369724973274,0.0022497124579184593
472.1869728465372,0.134269364405801,0.1304194976168039,0.0019674117576567642,0.06590425877076588,0.045991489744424865,0.0026539662220310565,0.021494116688981907,0.002245313195543061
472.0335350531259,0.13403314869049232,0.1301168993876551,0.0019674117579301658,0.0663844669310261,0.04547157787398317,0.00265205834261239,0.02123745968095609,0.0022409835637467843
471.8800972597146,0.13379515512900902,0.1298249999365192,0.001967411758217788,0.06686786448470435,0.04495620101936593,0.0026501583507646514,0.020983700551990482,0.002236722534075595
471.7266594663015,0.1335558086889674,0.12954378665515587,0.001967411758520353,0.06735445600815927,0.044445368605663935,0.0026482662033705763,0.02073281375019688,0.0022325290918444804
471.5732216728902,0.13331564740276247,0.12927324562072726,0.001967411758838617,0.06784424581699443,0.043939088867500545,0.0026463818576050926,0.020484773846411015,0.0022284022359771636
471.4197838794789,0.13307528337971303,0.1290133616092355,0.001967411759173376,0.06833723796256054,0.04343736886523866,0.002644505270932832,0.02023955553508288,0.0022243409788468183
471.2663460860658,0.1328354222999893,0.1287641181090694,0.0019674117595254634,0.06883343622839833,0.04294021450135424,0.0026426364011058645,0.019997133635166416,0.0022203443461187113
471.11290829265454,0.1325967815401179,0.12852549733462357,0.0019674117598957545,0.06933284412667344,0.04244763053691671,0.002640775206161455,0.01975748309098153,0.0022164113765943045
470.95947049924325,0.13236012526205101,0.12829748023996282,0.001967411760285167,0.06983546489465665,0.04195962060812101,0.0026389216444196407,0.01952057897302355,0.002212541122056408
470.80603270583197,0.13212623322288283,0.128080046532584,0.0019674117606946645,0.07034130149113803,0.04147618724297887,0.0026370756744810517,0.019286396478774746,0.002208732647116258
470.65259491241886,0.13189585009063817,0.12787317468722412,0.0019674117611252566,0.07085035659286866,0.04099733187807108,0.0026352372552246204,0.019054910933472353,0.0022049850290617626
470.4991571190076,0.13166971663455654,0.1276768419597433,0.001967411761578004,0.07136263259095925,0.04052305487542583,0.002633406345805442,0.018826097790866917,0.002201297357707469
470.3457193255963,0.13144851904088067,0.12749102440103835,0.0019674117620540176,0.07187813158733093,0.04005335553942774,0.0026315829056524397,0.01859993263392732,0.002197668735245507
470.192281532185,0.1312328889128569,0.1273156968710322,0.001967411762554464,0.07239685539109868,0.03958823213386642,0.0026297668944662645,0.01837639117554756,0.002194098276098412
470.0388437387719,0.1310233876755929,0.12715083305269487,0.001967411763080566,0.07291880551498296,0.03912768189902907,0.002627958272217088,0.0181554492592117,0.0021905851067730983
469.8854059453606,0.13082050657605807,0.12699640546611835,0.001967411763633605,0.07344398317167689,0.03867170106889896,0.0026261569991425445,0.01793708285964947,0.0021871283657164888
469.73196815194933,0.13062467058186863,0.12685238548260805,0.001967411764214927,0.07397238927026718,0.038220284888367345,0.0026243630357454745,0.017721268083440586,0.0021837272031721405
469.57853035853805,0.13043625397642977,0.1267187433388257,0.001967411764825942,0.07450402441258547,0.03777342763056268,0.0026225763427919066,0.017507981169620674,0.0021803807810386634
469.42509256512494,0.13025553747229543,0.1265954481509471,0.0019674117654681278,0.07503888888958861,0.037331122614204654,0.002620796881308929,0.017297198490247093,0.002177088272729291
469.27165477171366,0.13008277059173567,0.12648246792884937,0.001967411766143035,0.0755769826776929,0.036893362221041844,0.0026190246125827035,0.01708889655095546,0.0021738488630330508
469.11821697830237,0.12991818336309327,0.12637976959029992,0.0019674117668522883,0.07611830543516322,0.03646013791328343,0.0026172594981562942,0.016883051991467387,0.0021706617479769147
468.96477918488927,0.12976195123171444,0.1262873189751683,0.0019674117675975923,0.07666285649843677,0.03603144025111914,0.002615501499827699,0.01667964158609706,0.002167526134689664
468.811341391478,0.1296142808332291,0.12620508085964016,0.001967411768380732,0.07721063487843716,0.03560725891027332,0.002613750579647902,0.016478642244233576,0.0021644412412670892
468.6579035980667,0.12947537100569623,0.12613301897042067,0.0019674117692035794,0.07776163925693792,0.035187582699543016,0.002612006699918755,0.016280031010778812,0.002161406296638203
468.5044658046554,0.12934545567624411,0.12607109599894123,0.001967411770068097,0.0783158679828521,0.034772399578410246,0.0026102698231910866,0.016083785066586153,0.0021584205404331517
468.3510280112423,0.12922481945621206,0.12601927361554688,0.001967411770976341,0.07887331906855129,0.03436169667464173,0.0026085399122627055,0.0158898817288622,0.0021554832228522338
468.197590217831,0.12911379764115058,0.12597751248366854,0.001967411771930466,0.07943399018613531,0.03395546030192953,0.0026068169301765396,0.015698298451559876,0.0021525936045364434
468.04415242441974,0.1290127801096067,0.1259457722739636,0.00196741177293273,0.07999787866375783,0.03355367597748888,0.0026051008402185978,0.015509012825726226,0.00214975095643897
467.89071463100845,0.12892223081705148,0.12592401167843192,0.0019674117739855,0.08056498148187592,0.033156328439704306,0.002603391605916142,0.015322002579851331,0.002146954559698347
467.73727683759535,0.12884268779587982,0.12591218842449045,0.0019674117750912547,0.0811352952695282,0.03276340166574046,0.0026016891910357657,0.015137245580181702,0.002144203705512681
467.58383904418406,0.1287747241675559,0.12591025928900576,0.0019674117762525922,0.08170881630056183,0.03237487888916853,0.0025999935595816,0.014954719831025483,0.0021414976950153574
467.4304012507728,0.12871897543411143,0.1259181801122756,0.0019674117774722342,0.0822855404899158,0.03199074261752775,0.002598304675793344,0.014774403475014394,0.002138835839151692
467.27696345735967,0.12867609659150553,0.12593590581195566,0.0019674117787530318,0.08286546338983153,0.0316109746499044,0.0025966225041444877,0.014596274793364682,0.002136217458557143
467.1235256639484,0.1286467543320536,0.12596339039692261,0.0019674117800979707,0.08344858018605072,0.031235556094479457,0.002594947009340551,0.014420312206116784,0.002133641883436765
466.9700878705371,0.12863160365171475,0.1260005869810709,0.00196741178151018,0.08403488569406287,0.03086446738599911,0.0025932781563171655,0.014246494272335562,0.0021311084534456327
466.8166500771258,0.12863123326709505,0.12604744779703267,0.001967411782992936,0.08462437435527075,0.030497688303247842,0.0025916159102383624,0.014074799690311588,0.00212861651757081
466.6632122837127,0.12864616171666207,0.12610392420981903,0.001967411784549671,0.0852170402331841,0.030135197986445986,0.002589960236494765,0.01390520729772977,0.0021261654340143654
466.5097744903014,0.12867679837289023,0.12616996673037023,0.001967411786183978,0.08581287700955724,0.029776974954618573,0.0025883111007019128,0.013737696071830372,0.002123754570077776
466.35633669689014,0.12872341615076247,0.12624552502901945,0.00196741178789962,0.08641187798058249,0.02942299712286075,0.0025866684686984033,0.013572245129530564,0.0021213833020472584
466.20289890347885,0.12878610472234464,0.1263305479488512,0.00196741178970054,0.08701403605299872,0.02907324181957985,0.0025850323065442484,0.013408833727546886,0.002119051015080587
466.04946111006575,0.1288647705167854,0.12642498351895815,0.001967411791590862,0.08761934374022655,0.028727685803639682,0.0025834025805191244,0.013247441262486621,0.002116757103094931
465.89602331665446,0.1289590938336762,0.12652877896758055,0.0019674117935749077,0.0882277931584448,0.02838630528145151,0.0025817792571207598,0.01308804727093216,0.002114500968656047
465.7425855232432,0.12906853274183663,0.1266418807351397,0.0019674117956572,0.08883937602272234,0.02804907592394055,0.0025801623030631414,0.012930631429487756,0.0021122820228683635
465.5891477298319,0.12919229578781613,0.1267642344871367,0.0019674117978424736,0.08945408364306094,0.027715972883464276,0.0025785516852749255,0.012775173554827199,0.0021100996852665152
465.4357099364188,0.12932934979346497,0.12689578512692917,0.0019674118001356856,0.09007190692046395,0.02738697081061141,0.002576947370897755,0.012621653603712122,0.002107953383707865
465.2822721430075,0.12947843155229066,0.12703647680836422,0.0019674118025420242,0.09069283634294277,0.027062043870924337,0.0025753493272847,0.012470051673003673,0.0021058425542663317
465.1288343495962,0.1296380517282435,0.1271862529482862,0.0019674118050669203,0.09131686198157797,0.026741165761476882,0.0025737575219985263,0.012320347999638416,0.002103766641127104
464.9753965561831,0.12980652994478556,0.1273450562388847,0.001967411807716057,0.09194397348649515,0.02642430972737662,0.002572171922810147,0.01217252296060363,0.0021017250964827138
464.8219587627718,0.12998201427881834,0.12751282865988856,0.001967411810495383,0.09257416008282011,0.026111448578150138,0.0025705924976970884,0.012026557072895204,0.002099717380430228
464.66852096936054,0.13016252024853728,0.12768951149061997,0.001967411813411123,0.09320741056668048,0.02580255470397374,0.002569019214841802,0.011882430993443112,0.0020977429608693347
464.51508317594926,0.1303459892952139,0.12787504532186744,0.0019674118164697903,0.09384371330111181,0.025497600091815457,0.002567452042630175,0.011740125519038063,0.0020958013134017794
464.36164538253615,0.13053030437833765,0.12806937006760177,0.0019674118196782,0.09448305621198617,0.0251965563414239,0.0025658909496499476,0.011599621586231405,0.002093891921231751
464.20820758912487,0.13071337574889627,0.1282724249765056,0.0019674118230434837,0.09512542678387313,0.024899394681202693,0.00256433590468925,0.011460900271229185,0.0020920142750674945
464.0547697957136,0.1308931643420886,0.12848414864334803,0.001967411826573101,0.09577081205595284,0.024606085983909124,0.0025627868767349703,0.011323942789753811,0.0020901678730237756
463.9013320023023,0.13106776365181955,0.1287044790201524,0.0019674118302748568,0.09641919861782981,0.024316600782243434,0.00256124383497132,0.011188730496906954,0.0020883522205256424
463.7478942088892,0.13123541532584185,0.12893335342719103,0.0019674118341569155,0.0970705726053674,0.024030909284267682,0.002559706748778304,0.011055244887007227,0.0020865668302131133
463.5944564154779,0.1313945793438946,0.1291707085637701,0.0019674118382278167,0.09772491969645065,0.02374898138869137,0.0025581755877303095,0.010923467593422519,0.0020848112218470483
463.4410186220666,0.1315439691067725,0.12941648051884538,0.0019674118424964928,0.09838222510680071,0.023470786699965634,0.002556650321594531,0.010793380388371764,0.0020830849222158512
463.28758082865534,0.1316825826266096,0.12967060478140804,0.0019674118469722866,0.09904247358568494,0.023196294543249455,0.0025551309203295843,0.010664965182727963,0.0020813874650434205
463.13414303524223,0.13180972981837757,0.1299330162506816,0.0019674118516649674,0.09970564941164643,0.022925473979190206,0.002553617354084029,0.010538204025797596,0.002079718390898002
462.98070524183095,0.1319250597913841,0.1302036492460896,0.001967411856584753,0.10037173638815818,0.022658293818554012,0.002552109593195008,0.01041307910509508,0.002078077247102178
462.82726744841966,0.13202854525413088,0.13048243751703992,0.0019674118617423273,0.10104071783932718,0.0223947226366512,0.002550607608186725,0.010289572746088445,0.0020764635876436752
462.67382965500656,0.1321205176033829,0.13076931425246335,0.001967411867148861,0.10171257660549855,0.022134728787614133,0.0025491113697690884,0.010167667411944994,0.0020748769730873457
462.5203918615953,0.13220161623995733,0.1310642120901279,0.0019674118728160357,0.10238729503882896,0.021878280418494604,0.002547620848836375,0.010047345703263409,0.0020733169704881408
462.366954068184,0.13227280806265093,0.13136706312575824,0.0019674118787560615,0.10306485499890099,0.021625345483150395,0.0025461360164657386,0.009928590357779796,0.0020717831533049007
462.2135162747727,0.1323353211888869,0.13167779892189224,0.0019674118849817056,0.10374523784822676,0.021375891755976765,0.002544656843915915,0.009811384250075411,0.002070275101315311
462.0600784813596,0.13239064495471506,0.13199635051652464,0.001967411891506313,0.10442842444776705,0.021129886845430264,0.002543183302625826,0.009695710391263088,0.0020687924005317114
461.9066406879483,0.13244045193910228,0.13232264843149333,0.001967411898343833,0.10511439515236969,0.02088729820737848,0.0025417153642133053,0.009581551928669671,0.002067334643117974
461.753202894537,0.13248659796393258,0.13265662268066392,0.0019674119055088464,0.10580312980625539,0.020648093158225977,0.0025402530004736586,0.009468892145492513,0.0020659014273071564
461.59976510112574,0.13253102852315582,0.13299820277783506,0.001967411913016592,0.10649460773838901,0.02041223888787254,0.0025387961833784126,0.009357714460457845,0.002064492357320276
461.44632730771264,0.13257575928886028,0.13334731774442218,0.0019674119208829962,0.10718880775786514,0.020179702472454524,0.0025373448850739668,0.00924800242745925,0.002063107043285909
461.29288951430135,0.13262279033799243,0.13370389611686948,0.0019674119291247013,0.10788570814920932,0.019950450886901283,0.002535899077880364,0.0091397397351926,0.0020617451011608248
461.13945172089007,0.1326741178487132,0.13406786595385425,0.001967411937759099,0.10858528666772645,0.019724451017260423,0.002534458734289897,0.00903291020676664,0.002060406152651366
460.9860139274788,0.13273164442833224,0.13443915484319796,0.001967411946804362,0.10928752053473088,0.019501669672844824,0.002533023826965901,0.00892749779931569,0.0020590898251359084
460.8325761340657,0.13279713232788232,0.13481768990854906,0.0019674119562794763,0.10999238643278983,0.019282073598156032,0.0025315943287414523,0.008823486603593758,0.002057795751588126
460.6791383406544,0.13287221903726104,0.1352033978157837,0.001967411966204278,0.11069986050087997,0.019065629484614054,0.00253017021261818,0.008720860843565565,0.0020565235705012376
460.5257005472431,0.13295834710709262,0.13559620477919393,0.001967411976599491,0.11140991832959064,0.018852303982050678,0.0025287514517649194,0.008619604875974834,0.0020552729258129948
460.37226275383,0.1330567836426549,0.13599603656737785,0.001967411987486763,0.11212253495621453,0.018642063710014267,0.0025273380195165287,0.0085197031899137,0.0020540434668316785
460.2188249604187,0.13316856182209771,0.13640281850886765,0.0019674119988887066,0.11283768485980035,0.01843487526886071,0.0025259298893727153,0.00842114040638181,0.0020528348481629677
460.06538716700743,0.13329455497336637,0.13681647549754036,0.0019674120108289406,0.1135553419562438,0.018230705250607725,0.002524527034996721,0.008323901277825285,0.0020516467296375364
459.91194937359614,0.13343540249727814,0.1372369319977191,0.001967412023332133,0.11427547959325612,0.018029520249598755,0.0025231294302141874,0.008227970687677872,0.0020504787762396525
459.75851158018304,0.13359157614687492,0.13766411204903994,0.001967412036424046,0.11499807054534524,0.01783128687293587,0.0025217370490119287,0.008133333649885926,0.0020493306580365365
459.60507378677175,0.13376338782499436,0.138097939271026,0.001967412050131584,0.11572308700870762,0.017635971750710046,0.0025203498655368153,0.008039975308430944,0.002048202050108639
459.45163599336047,0.13395100128062626,0.1385383368674488,0.001967412064482841,0.11645050059616789,0.017443541545990406,0.002518967854094502,0.007947880936832182,0.002047092632480615
459.2981981999492,0.13415449059069454,0.13898522763037457,0.00196741207950715,0.11718028233199441,0.017253962964619292,0.0025175909891483324,0.007857035937651764,0.0020460020900532573
459.1447604065361,0.134373812868559,0.1394385339439786,0.00196741209523514,0.11791240264672913,0.017067202764774945,0.0025162192453181504,0.0077674258419846865,0.002044930112536163
458.9913226131248,0.13460890183486668,0.1398981777880634,0.0019674121116987882,0.11864683137192737,0.016883227766329324,0.0025148525973792265,0.0076790363089470045,0.0020438763943812855
458.8378848197135,0.1348596756151227,0.14036408074136825,0.0019674121289314757,0.11938353773494763,0.01670200485996527,0.0025134910202610234,0.007591853125145339,0.002042840634717156
458.6844470263004,0.13512604453726118,0.14083616398456875,0.001967412146968052,0.12012249035362657,0.016523501016095395,0.0025121344890461222,0.007505862204148207,0.0020418225372840202
458.5310092328891,0.1354079540182856,0.1413143483030128,0.001967412165844892,0.12086365723091701,0.016347683293562128,0.0025107829789691566,0.007421049585949455,0.002040821810369747
458.37757143947783,0.13570540795698136,0.1417985540892482,0.001967412185599963,0.12160700574956987,0.016174518848100953,0.002509436465415611,0.007337401436415061,0.0020398381667464105
458.22413364606655,0.13601848043027245,0.14228870134523522,0.0019674122062728924,0.12235250266669305,0.016003974940607325,0.0025080949239207877,0.007254904046733022,0.002038871323607765
458.07069585265344,0.1363473000980794,0.1427847096843347,0.001967412227905036,0.12310011410832929,0.01583601894517395,0.0025067583301686936,0.007173543832849984,0.0020379210025074047
457.91725805924216,0.13669209698874496,0.14328649833300733,0.0019674122505395513,0.12384980556394784,0.015670618356923825,0.0025054266599910196,0.007093307334906942,0.0020369869292977505
457.7638202658309,0.13705315961239398,0.1437939861323163,0.0019674122742214736,0.12460154188099258,0.015507740799607712,0.002504099889365981,0.0070141812166585335,0.0020360688340696704
457.6103824724196,0.1374308505560752,0.1443070915391218,0.0019674122989977944,0.12535528725931092,0.015347354033006817,0.0025027779944173227,0.00693615226489561,0.0020351664510929505
457.4569446790065,0.13782556749590663,0.14482573262706047,0.0019674123249175425,0.12611100524560642,0.015189425960109807,0.0025014609514132334,0.006859207388855672,0.0020342795187574367
457.3035068855952,0.1382377587922174,0.14534982708724348,0.001967412352031871,0.12686865872780975,0.0150339246340884,0.0025001487367653707,0.006783333619632753,0.00203340777951496
457.1500690921839,0.1386678494126238,0.14587929222877177,0.0019674123803941432,0.1276282099295128,0.01488081826504263,0.0024988413270277303,0.006708518109572235,0.0020325509798218783
456.9966312987726,0.13911628381866947,0.14641404497895064,0.001967412410060027,0.12838962040428845,0.014730075226554562,0.0024975386988956875,0.006634748131669098,0.0020317088700824337
456.8431935053595,0.13958342459740322,0.14695400188330454,0.0019674124410875896,0.12915285103004198,0.014581664062021795,0.0024962408292049493,0.006562011078955092,0.0020308812045927503
456.68975571194824,0.14006958755044813,0.14749907910532067,0.0019674124735373976,0.1299178620032869,0.014435553490794083,0.002494947694930608,0.0064902944638857655,0.00203006774148559
456.53631791853695,0.1405749754146487,0.14804919242602782,0.0019674125074726195,0.1306846128334931,0.014291712414086288,0.0024936592731860494,0.006419585917713664,0.002029268242675697
456.38288012512385,0.14109968565964168,0.1486042572432928,0.0019674125429591342,0.13145306233733814,0.014150109920702893,0.002492375541222011,0.006349873189864313,0.00202848247380592
456.22944233171256,0.14164366370243048,0.14916418857089583,0.0019674125800656426,0.13222316863294387,0.014010715292559216,0.002491096476425643,0.006281144147307087,0.0020277102041940005
456.0760045383013,0.14220669900859967,0.14972890103744957,0.0019674126188637853,0.1329948891341853,0.013873498009986732,0.0024898220563194413,0.006213386773913991,0.00202695120677995
455.92256674489,0.1427884445862424,0.1502983088850416,0.00196741265942826,0.13376818054490028,0.01373842775685595,0.002488552258560347,0.006146589169822211,0.002026205258074184
455.7691289514769,0.14338835850417825,0.15087232596771125,0.001967412701836951,0.13454299885314938,0.013605474425492179,0.0024872870609387522,0.006080739550787359,0.0020254721381062542
455.6156911580656,0.14400575847494984,0.151450865749686,0.0019674127461710576,0.1353192993254199,0.013474608121405527,0.0024860264413776143,0.006015826247537233,0.0020247516303742805
455.4622533646543,0.14463979456332457,0.15203384130349168,0.0019674127925152314,0.13609703650092395,0.013345799167812044,0.00248477037793142,0.0059518377051137345,0.002024043521794942
455.30881557124303,0.14528948427536387,0.1526211653078068,0.001967412840957715,0.13687616418581097,0.013219018109979531,0.0024835188487853125,0.005888762482218744,0.002023347602654185
455.1553777778299,0.145953728153565,0.15321275004517618,0.001967412891590491,0.1376566354474459,0.01309423571937518,0.002482271832254135,0.005826589250551614,0.0020226636665585124
455.00193998441864,0.14663132537200302,0.15380850739950752,0.0019674129445094333,0.13843840260864612,0.01297142299763553,0.002481029306781569,0.005765306794147556,0.0020219915103869422
454.84850219100736,0.14732100492661448,0.15440834885347035,0.001967412999814465,0.13922141724203033,0.012850551180337302,0.002479791250939134,0.005704904008705262,0.0020213309342434994
454.69506439759607,0.1480214685218377,0.1550121854856642,0.0019674130576097237,0.14000563016429854,0.012731591740601188,0.0024785576434253435,0.005645369900918651,0.0020206817414103987
454.54162660418297,0.14873141786211097,0.1556199279676753,0.0019674131180037312,0.14079099143059634,0.01261451639250721,0.0024773284630647784,0.005586693587801119,0.002020043738301782
454.3881888107717,0.14944955075308705,0.1562314865609454,0.0019674131811095717,0.14157745032885757,0.012499297094341489,0.0024761036888072533,0.005528864296011053,0.0020194167344180993
454.2347510173604,0.15017465467248464,0.15684677111357487,0.0019674132470450757,0.14236495537427948,0.012385906051654513,0.00247488329972685,0.005471871361167603,0.002018800542300996
454.0813132239473,0.1509055989725172,0.15746569105693317,0.001967413315933012,0.14315345430375973,0.012274315720160064,0.0024736672750210837,0.0054157042271700566,0.002018194977488865
453.927875430536,0.1516413426774641,0.15808815540214777,0.0019674133879012843,0.14394289407038424,0.012164498808464257,0.00247245559401008,0.005360352445514567,0.002017599858472961
453.7744376371247,0.15238098516788162,0.15871407273654908,0.001967413463083141,0.14473322083805734,0.012056428280616035,0.002471248236135626,0.005305805674602536,0.0020170150066540285
453.62099984371343,0.15312379737088677,0.1593433512199404,0.0019674135416173867,0.14552437997610249,0.011950077358506752,0.002470045180960375,0.005252053679053462,0.0020164402462995654
453.46756205030033,0.15386917887351706,0.15997589858082037,0.0019674136236486053,0.14631631605399067,0.011845419524100509,0.00246884640816697,0.005199086329011679,0.002015875404501602
453.31412425688904,0.15461671250572712,0.16061162211247912,0.0019674137093273923,0.1471089728360908,0.011742428521513235,0.002467651897557262,0.005146893599454989,0.00201532031113507
453.16068646347776,0.1553661565428178,0.1612504286690979,0.001967413798810593,0.14790229327660023,0.011641078358923494,0.0024664616290513888,0.00509546556949515,0.002014774798816658
453.0072486700665,0.15611741741393778,0.16189222466171382,0.0019674138922615523,0.14869621951447504,0.011541343310342553,0.0024652755826870083,0.005044792421683023,0.0020142387028642674
452.85381087665337,0.15687055360086913,0.16253691605418005,0.0019674139898503726,0.14949069286851877,0.01144319791722673,0.0024640937386184486,0.004994864441308355,0.0020137118612569647
452.7003730832421,0.15762578343559822,0.16318440835904244,0.001967414091754183,0.15028565383252543,0.011346616989949238,0.0024629160771159507,0.004945672015701776,0.002013194114595505
452.5469352898308,0.1583834305173191,0.16383460663346644,0.001967414198157416,0.15108104207063525,0.011251575609115761,0.002461742578564779,0.004897205633529533,0.002012685306063308
452.3934974964195,0.15914391981364803,0.16448741547507317,0.0019674143092520986,0.15187679641272536,0.011158049126749878,0.0024605732234644763,0.0048494558840929975,0.002012185281388021
452.2400597030064,0.15990776986305266,0.1651427390178206,0.0019674144252381496,0.15267285484999424,0.011066013167332626,0.0024594079924280428,0.004802413456623614,0.0020116938888035496
452.0866219095951,0.16067552649549885,0.16580048092784794,0.001967414546323693,0.1534691545306372,0.01097544362871259,0.002458246866181204,0.00475606913958025,0.0020112109790126334
451.93318411618384,0.16144779792152003,0.1664605443994234,0.0019674146727253795,0.15426563175577404,0.010886316682871992,0.002457089825561545,0.004710413819940196,0.0020107364051498602
451.77974632277073,0.16222518845286416,0.16712283215085869,0.0019674148046687208,0.15506222197545969,0.010798608776572394,0.002455936851517781,0.004665438482494528,0.002010270022745231
451.62630852935945,0.16300827510978083,0.16778724642047485,0.0019674149423884383,0.15585885978487332,0.010712296631872776,0.002454787925109027,0.004621134209142724,0.002009811689688206
451.47287073594816,0.16379764660887616,0.16845368896270455,0.0019674150861288234,0.15665547892078321,0.0106273572465139,0.002453643027503954,0.004577492178182109,0.002009361266192192
451.3194329425369,0.1645938019946904,0.16912206104419505,0.0019674152361441096,0.15745201225811714,0.01054376789419154,0.0024525021399800884,0.004534503663602224,0.0020089186147595538
451.1659951491238,0.16539720132390903,0.16979226344005413,0.0019674153926988623,0.15824839180680397,0.010461506124704995,0.002451365243923033,0.004492160034375837,0.0020084836001470737
451.0125573557125,0.16620823447507915,0.17046419643015756,0.0019674155560683794,0.15904454870878265,0.010380549763995682,0.0024502323208257775,0.004450452753752832,0.0020080560893318998
450.8591195623012,0.1670272250473948,0.17113775979566145,0.0019674157265391094,0.15984041323534373,0.010300876914063315,0.002449103352287881,0.004409373378549086,0.0020076359514779136
450.7056817688899,0.16785440306919877,0.17181285281557593,0.001967415904409083,0.16063591478462674,0.01022246595278187,0.0024479783200147907,0.004368913558440437,0.002007223057902596
450.5522439754768,0.16868994788462272,0.17248937426354444,0.0019674160899883606,0.16143098187943763,0.010145295533602765,0.002446857205817091,0.004329065035253881,0.0020068172820443225
450.3988061820655,0.1695339257730196,0.1731672224047474,0.0019674162835995003,0.1622255421652863,0.010069344585159401,0.0024457399916098343,0.004289819642261876,0.002006418499430123
450.24536838865424,0.17038638741860057,0.17384629499307708,0.001967416485578036,0.16301952240880938,0.009994592310761358,0.0024446266594117475,0.004251169303472361,0.0020060265876438443
450.09193059524114,0.17124728993472543,0.17452648926844658,0.00196741669627298,0.16381284849641195,0.009921018187798378,0.0024435171913445614,0.004213106032923532,0.002005641426294783
449.93849280182985,0.17211654754811387,0.1752077019543237,0.0019674169160473387,0.16460544543322922,0.009848601967048579,0.002442411569632348,0.0041756219339790825,0.002005262896986753
449.78505500841857,0.17299402380127435,0.1758898292555792,0.001967417145278651,0.16539723734250578,0.009777323671886062,0.0024413097766007416,0.004138709198620081,0.0020048908832875326
449.6316172150073,0.1738795627427881,0.17657276685651355,0.001967417384359544,0.16618814746522906,0.009707163597407309,0.0024402117946763,0.004102360106742185,0.0020045252706987807
449.4781794215942,0.1747729655345961,0.17725640991921054,0.00196741763369831,0.16697809816018358,0.009638102309465175,0.002439117606385791,0.004066567025450983,0.002004165946626341
449.3247416281829,0.1756740099459265,0.1779406530821381,0.0019674178937195033,0.16776701090432736,0.00957012064362342,0.002438027194355562,0.0040313224083609114,0.00200381280035098
449.1713038347716,0.17658245035329467,0.17862539045914458,0.0019674181648645607,0.16855480629365707,0.009503199704021359,0.0024369405413107873,0.0039966187948909495,0.002003465722999489
449.0178660413603,0.17749803333564507,0.1793105156387078,0.0019674184475924417,0.16934140404439044,0.009437320862167742,0.0024358576300748465,0.003962448809565706,0.002003124607516231
448.8644282479472,0.17842047038285277,0.17999592168358441,0.0019674187423802942,0.1701267229946314,0.009372465755653443,0.0024347784435686357,0.003928805161315212,0.002002789348635054
448.71099045453593,0.17934946518722208,0.18068150113078266,0.001967419049724143,0.17091068110642296,0.00930861628679518,0.0024337029648099566,0.0038956806427784085,0.0020024598428516247
448.55755266112465,0.180284686351988,0.18136714599200654,0.0019674193701396028,0.17169319546835307,0.009245754621200572,0.0024326311769127845,0.003863068129604049,0.002002135988396103
448.40411486771336,0.18122578298645814,0.18205274775442937,0.0019674197041626177,0.17247418229854394,0.009183863186272494,0.00243156306308667,0.003830960579757064,0.0020018176852062445
448.25067707430026,0.18217236131329995,0.1827381973819456,0.0019674200523502267,0.173253556948191,0.00912292466964302,0.002430498606636068,0.0037993510328240827,0.0020015048349008497
448.09723928088897,0.1831239690733989,0.1834233853168233,0.001967420415281356,0.1740312339055569,0.00906292201754851,0.002429437790959748,0.003768232609322848,0.002001197340753615
447.9438014874777,0.1840801306149275,0.18410820148190774,0.0019674207935576403,0.17480712680058605,0.0090038384331367,0.0024283805995500836,0.0037375985100095975,0.0020008951076673086
447.7903636940646,0.18504029620913448,0.18479253528323988,0.001967421187804273,0.17558114840998076,0.008945657374722079,0.0024273270159924612,0.0037074420151916015,0.0020005980421483474
447.6369259006533,0.18600386544305728,0.185476275613185,0.0019674215986708876,0.17635321066284063,0.008888362553985273,0.00242627702396469,0.003677756484041432,0.002000306052281731
447.483488107242,0.18697017552316594,0.1861593108541624,0.0019674220268324667,0.17712322464696414,0.00883193793411284,0.00242523060723631,0.0036485353539099734,0.002000019047706299
447.3300503138307,0.18793848178143555,0.18684152888284325,0.0019674224729902883,0.1778911006156562,0.008776367727892987,0.002424187749668023,0.0036197721396449894,0.001999736939590374
447.1766125204176,0.188908004460772,0.18752281707496488,0.0019674229378729017,0.17865674799520473,0.008721636395758476,0.00242314843521106,0.0035914604329096047,0.0019994596406077286
447.02317472700634,0.1898778780308008,0.18820306231068598,0.0019674234222371383,0.1794200753929359,0.00866772864378712,0.0024221126479066226,0.003563593901504944,0.0019991870649139166
446.86973693359505,0.19084720577086373,0.1888821509806296,0.0019674239268691607,0.18018099060600867,0.008614629421651712,0.00242108037188521,0.0035361662886915918,0.0019989191281229064
446.71629914018376,0.19181503637730593,0.18955996899247313,0.0019674244525855434,0.1809394006307858,0.008562323920534602,0.002420051591366069,0.003509171412516668,0.0019986557472840825
446.56286134677066,0.1927803912549743,0.19023640177823356,0.0019674250002343968,0.1816952116729427,0.008510797570998761,0.0024190262906565794,0.0034826031651412083,0.0019983968408595573
446.4094235533594,0.19374228011235925,0.1909113343021705,0.0019674255706965253,0.18244832915822318,0.008460036040825092,0.002418004454151715,0.003456455512171817,0.001998142328701822
446.2559857599481,0.19469970486038035,0.1915846510694541,0.0019674261648866304,0.18319865774400218,0.008410025232808227,0.0024169860663333883,0.0034307224919915957,0.001997892132031696
446.1025479665368,0.195651683005099,0.19225623613545598,0.0019674267837545517,0.18394610133149256,0.008360751282525239,0.0024159711117699195,0.003405398215096722,0.001997646173416616
445.9491101731237,0.19659726714164583,0.19292597311581047,0.0019674274282865545,0.18469056307875573,0.008312200556069453,0.0024149595751154387,0.0033804768634336825,0.001997404376749226
445.7956723797124,0.19753555275179163,0.1935937451971669,0.0019674280995066575,0.18543194541442481,0.00826435964775853,0.002413951441109367,0.00335595268974089,0.0019971666672262897
445.64223458630113,0.19846570159666024,0.19425943514877922,0.0019674287984780105,0.18617015005229762,0.008217215377809572,0.0024129466945757745,0.003331820016890001,0.001996932971327883
445.488796792888,0.1993869417167285,0.1949229253347974,0.0019674295263043175,0.1869050780066462,0.008170754789994124,0.002411945320422862,0.0033080732372326085,0.0019967032167969097
445.33535899947674,0.20029861031846635,0.1955840977273508,0.0019674302841313075,0.18763662960833857,0.008124965149269593,0.002410947303642433,0.0032847068119495957,0.00199647733261892
445.18192120606545,0.20120012258405326,0.19624283392050834,0.00196743107314826,0.18836470452186324,0.008079833939384192,0.002409952629309278,0.0032617152704007947,0.0019962552490021914
445.02848341265417,0.20209100676044722,0.19689901514498265,0.0019674318945895773,0.18908920176310604,0.008035348860467596,0.0024089612825806666,0.0032390932094802927,0.0019960368973581336
444.87504561924106,0.20297088466545762,0.1975525222837184,0.001967432749736414,0.18981001971803055,0.00799149782660035,0.002407973248695786,0.0032168352929729587,0.001995822210281958
444.7216078258298,0.20383947558653057,0.19820323588828492,0.00196743363991836,0.1905270561621717,0.00794826896337014,0.0024069885129752457,0.003194936250915507,0.0019956111215336495
444.5681700324185,0.20469661967346175,0.19885103619621175,0.0019674345665151834,0.19124020828109037,0.007905650605408258,0.002406007060820471,0.00317339087895791,0.0019954035660191896
444.4147322390072,0.2055422233553999,0.1994958031491232,0.001967435530958628,0.19194937269163007,0.007863631293918386,0.0024050288777132207,0.0031521940377304825,0.00199519947977208
444.2612944455941,0.20637627883477405,0.2001374164118095,0.001967436534734278,0.19265444546412128,0.007822199774190911,0.0024040539492150357,0.003131340652212443,0.0019949987999351277
444.1078566521828,0.2071988406945808,0.20077575539215137,0.001967437579383477,0.19335532214544268,0.007781344993110465,0.0024030822609667607,0.0031108257111051017,0.001994801464742504
443.95441885877153,0.20801002589838427,0.20141069926203248,0.001967438666505319,0.19405189778308077,0.00774105609665032,0.002402113798687957,0.0030906442662057016,0.0019946074135020544
443.80098106536025,0.20880995530853405,0.20204212697909402,0.0019674397977587042,0.19474406695002874,0.007701322427364952,0.002401148548176433,0.003070791431786933,0.0019944165865778867
443.64754327194714,0.2095987809776635,0.20266991730946296,0.001967440974864462,0.19543172377066467,0.0076621335218743656,0.00240018649530771,0.0030512623839781886,0.0019942289253732075
443.49410547853586,0.21037667445233332,0.20329394885137037,0.0019674421996075456,0.19611476194751562,0.007623479108347355,0.0023992276260345596,0.003032052360151478,0.001994044372313423
443.3406676851246,0.2111437565948931,0.20391410005978441,0.0019674434738393013,0.19679307478904298,0.007585349103977565,0.0023982719263864315,0.00301315665830831,0.0019938628708294735
443.18722989171147,0.21190014047012148,0.20453024927192218,0.0019674447994798114,0.19746655523829695,0.007547733612462591,0.00239731938246899,0.0029945706364720047,0.00199368436534143
443.0337920983002,0.21264588455980052,0.20514227473371033,0.001967446178520315,0.19813509590251732,0.007510622921483044,0.002396369980463648,0.002976289712083283,0.001993508801242343
442.8803543048889,0.21338100835785762,0.20575005462726378,0.001967447613025713,0.19879858908375214,0.007474007500178975,0.00239542370662701,0.0029583093613972803,0.001993336124882306
442.7269165114776,0.21410547677522346,0.20635346709924293,0.001967449105137146,0.19945692681034272,0.0074378779966333235,0.0023944805472904274,0.0029406251188861705,0.001993166283552782
442.5734787180645,0.21481918844347586,0.2069523902902065,0.001967450657074671,0.20011000086940048,0.007402225235356433,0.002393540488859491,0.002923232576643924,0.001992999225471157
442.4200409246532,0.21552200690512335,0.20754670236487255,0.001967452271140014,0.20075770284017927,0.007367040214777988,0.002392603517813594,0.0029061273837957756,0.0019928348997655275
442.26660313124194,0.21621373332210692,0.20813628154339667,0.0019674539497194178,0.20139992412846194,0.007332314104740705,0.002391669620705388,0.002889305245909142,0.0019926732564597067
442.11316533783065,0.21689411427337096,0.2087210061335226,0.001967455695286585,0.20203655600180143,0.007298038244005278,0.002390738784160354,0.0028727619244100985,0.001992514246458472
441.95972754441755,0.217562880742718,0.20930075456371056,0.001967457510405713,0.20266748962573208,0.007264204137760865,0.002389810994876308,0.002856493236002192,0.0019923578215330236
441.80628975100626,0.21821973642245232,0.20987540541715377,0.0019674593977346316,0.20329261610085206,0.0072308034551470425,0.002388886239622979,0.0028404950520899723,0.001992203934306677
441.652851957595,0.2188643811060926,0.210444837466782,0.001967461360028037,0.2039118265008854,0.007197828026781767,0.002387964505241479,0.0028247632982042,0.001992052538240749
441.49941416418187,0.21949650678958674,0.21100892971111204,0.0019674634001408398,0.20452501191157002,0.007165269842303874,0.0023870457786438776,0.002809293953432394,0.0019919035876206806
441.3459763707706,0.22011582886159534,0.21156756141099453,0.00196746552103161,0.20513206347042715,0.007133121047927313,0.0023861300468127765,0.0027940830498529635,0.0019917570375423653
441.1925385773593,0.2207220822047064,0.2121206121273024,0.001967467725766143,0.20573287240746052,0.0071013739440045735,0.0023852172968007895,0.002779126671971347,0.0019916128438986743
441.039100783948,0.22131504458814813,0.21266796175941763,0.0019674700175211345,0.20632733008663065,0.007070020982607454,0.0023843075157301396,0.0027644209561616456,0.0019914709633661997
440.8856629905349,0.2218945288702179,0.21320949058460537,0.0019674723995879743,0.20691532804820198,0.007039054765119798,0.0023834006907921886,0.002749962090110857,0.001991331353392197
440.7322251971236,0.22246038689706785,0.2137450792981785,0.0019674748753766643,0.20749675805185738,0.007008468039847442,0.002382496809247037,0.0027357463122678408,0.0019911939721817297
440.57878740371234,0.22301252119906118,0.21427460905453138,0.001967477448419858,0.20807151212066863,0.006978253699640224,0.002381595858423021,0.002721769911294275,0.001991058778685
440.42534961030105,0.22355087719320132,0.21479796150889507,0.0019674801223770323,0.20863948258576132,0.006948404779534095,0.0023806978257163167,0.0027080292255210734,0.0019909257325848905
440.27191181688795,0.22407540809406265,0.2153150188598882,0.001967482901038787,0.20920056213175828,0.006918914454408097,0.002379802698590488,0.002694520642407507,0.0019907947942846825
440.11847402347667,0.22458611390164515,0.21582566389276386,0.0019674857883312863,0.2097546438428939,0.00688977603666115,0.002378910464576096,0.002681240598005059,0.00199066592489598
439.9650362300654,0.2250829829195924,0.2163297800234211,0.0019674887883208373,0.2103016212498758,0.006860982973903624,0.002378021111270212,0.002668185576423435,0.0019905390862268004
439.8115984366541,0.22556600345154798,0.21682725134302866,0.0019674919052186128,0.21084138837733055,0.006832528846671295,0.0023771346263360316,0.002655352109301956,0.001990414240769865
439.658160643241,0.22603512091451533,0.21731796266332637,0.0019674951433855253,0.21137383979190666,0.006804407366156559,0.002376250997502437,0.0026427367752837826,0.0019902913516910642
439.5047228498297,0.2264902456364286,0.21780179956249882,0.001967498507337251,0.21189887065092303,0.006776612371961596,0.002375370212563619,0.002630336199494839,0.001990170382818108
439.3512850564184,0.226931221665869,0.21827864843167882,0.0019675020017494126,0.21241637675162753,0.006749137829868548,0.002374492259378601,0.002618147053025038,0.0019900512986293388
439.1978472630053,0.22735781507570826,0.21874839652193273,0.001967505631462924,0.21292625458090758,0.006721977829633564,0.0023736171258708573,0.00260616605241468,0.0019899340642427327
439.04440946959403,0.22776968667161043,0.21921093199174196,0.001967509401489502,0.21342840136547245,0.006695126582802013,0.0023727448000279384,0.0025943899591446135,0.0019898186454050714
438.89097167618274,0.22816639199203187,0.21966614395498912,0.0019675133170173474,0.21392271512251768,0.0066685784205424755,0.002371875269901,0.002582815579128958,0.0019897050084812687
438.73753388277146,0.22854739300457766,0.2201139225292995,0.0019675173834170037,0.21440909471071476,0.006642327791505978,0.0023710085236044445,0.0025714397622130666,0.0019895931204438827
438.58409608935835,0.22891201132057587,0.2205541588847842,0.0019675216062473963,0.21488743988157802,0.006616369259705682,0.0023701445493155013,0.00256025940167448,0.0019894829488627795
438.43065829594707,0.22925947498050334,0.2209867452930729,0.0019675259912620598,0.215357651331092,0.006590697502421131,0.0023692833352738684,0.002549271433728508,0.001989374461894968
438.2772205025358,0.2295889067576292,0.22141157517667376,0.0019675305444155516,0.21581963075164326,0.006565307308122402,0.002368424869781261,0.0025384728370363317,0.0019892676282745833
438.1237827091245,0.22989935924708402,0.22182854315850703,0.0019675352718700697,0.21627328088409362,0.006540193574420632,0.002367569141201058,0.002527860632218267,0.00198916241730304
437.9703449157114,0.23018978757436173,0.22223754511164573,0.0019675401800022664,0.21671850557003555,0.0065153513060402235,0.002366716137957897,0.0025174318813700786,0.0019890587988393308
437.8169071223001,0.2304591468649562,0.22263847820915048,0.001967545275410273,0.21715520980411154,0.006490775612816579,0.0023658658485373263,0.002507183687583884,0.001988956743290491
437.6634693288888,0.23070635715529203,0.2230312409740256,0.0019675505649209384,0.21758329978643018,0.006466461707714873,0.002365018261485366,0.00249711319447166,0.0019888562216021943
437.51003153547754,0.23093037357086316,0.22341573332914297,0.001967556055597286,0.2180026829749179,0.006442404904875923,0.0023641733654081653,0.002487217585693831,0.001988757205249518
437.35659374206443,0.23113022531408733,0.22379185664715806,0.001967561754746198,0.21841326813763645,0.006418600617684629,0.002363331148971608,0.0024774940844909544,0.00198865966622784
437.20315594865315,0.2313050351582337,0.22415951380030444,0.0019675676699263296,0.21881496540494835,0.006395044356864584,0.002362491600900977,0.0024679399532199437,0.001988563577043893
437.04971815524186,0.23145407013163377,0.2245186092100827,0.0019675738089562633,0.2192076863215512,0.006371731728594477,0.002361654709980524,0.002458552492892969,0.001988468910706947
436.89628036182876,0.23157676491039428,0.2248690488966997,0.0019675801799229073,0.21959134389823018,0.006348658432651748,0.0023608204650531314,0.0024493290427212394,0.001988375640720143
436.7428425684175,0.23167276470503748,0.22521074052824172,0.0019675867911901467,0.21996585266331567,0.006325820260581017,0.0023599888550199745,0.0024402669796625715,0.001988283741071966
436.5894047750062,0.23174196424835555,0.2255435934695581,0.001967593651407749,0.22033112871382532,0.006303213093884923,0.0023591598688400997,0.002431363717971805,0.001988193186227843
436.4359669815949,0.23178449999784007,0.2258675188307163,0.0019676007695205405,0.22068708976614462,0.006280832902242644,0.002358333495530104,0.0024226167087561283,0.001988103951121888
436.2825291881818,0.23180079302232182,0.22618242951503365,0.0019676081547778516,0.22103365520625753,0.00625867574175177,0.002357509724163757,0.0024140234395335683,0.0019880160111487724
436.1290913947705,0.2317915451031855,0.22648824026657866,0.0019676158167432427,0.22137074613941496,0.0062367377531967515,0.0023566885438716834,0.002405581433795897,0.001987929342155732
435.9756536013592,0.23175774653194064,0.22678486771714046,0.0019676237653045167,0.22169828543924588,0.006215015160339735,0.0023558699438409533,0.0023972882505743226,0.0019878439204346924
435.82221580794794,0.23170065271750884,0.22707223043253008,0.0019676320106840296,0.22201619779616735,0.006193504268239045,0.0023550539133147703,0.0023891414840099905,0.0019877597227145336
435.66877801453484,0.23162177638865264,0.22735024895821282,0.001967640563449299,0.22232440976509885,0.006172201461591068,0.0023542404415921032,0.002381138762927659,0.0019876767261534692
435.51534022112355,0.23152288369519028,0.22761884586416792,0.0019676494345239274,0.22262284981237238,0.006151103203098612,0.0023534295180273807,0.002373277750413727,0.0019875949083315602
435.36190242771227,0.23140588114321683,0.22787794578896825,0.0019676586351988438,0.22291144836183688,0.006130206031861661,0.0023526211320300905,0.0023655561433970794,0.0019875142472433344
435.208464634301,0.2312729013683848,0.22812747548295298,0.00196766817714387,0.2231901378400236,0.006109506561795468,0.002351815273064477,0.002357971672234639,0.0019874347212905405
435.0550268408879,0.23112613938691412,0.228367363850487,0.0019676780724196285,0.22345885272037078,0.006089001480071941,0.002351011930649184,0.002350522100300101,0.0019873563092750114
434.9015890474766,0.23096787598830507,0.22859754199121066,0.0019676883334897887,0.2237175295664078,0.006068687545587151,0.0023502110943569594,0.0023432052235769422,0.00198727899039165
434.7481512540653,0.23080036077177427,0.228817943240266,0.001967698973233672,0.22396610707389086,0.006048561587451017,0.002349412753814261,0.0023360188702542663,0.001987202744221518
434.5947134606522,0.23062584333653818,0.2290285032073894,0.0019677100049592167,0.22420452611177297,0.006028620503503644,0.0023486168987009583,0.0023289609003271762,0.0019871275507250515
434.4412756672409,0.23044645241946385,0.22922915981484115,0.001967721442416319,0.22443272976198222,0.006008861258856004,0.0023478235187500305,0.0023220292052008157,0.0019870533902353795
434.28783787382963,0.23026415690721388,0.22941985333413667,0.00196773329981055,0.22465066335797676,0.005989280884452706,0.002347032603747185,0.0023152217072973554,0.0019869802434517502
434.13440008041835,0.23008074244353385,0.22960052642147805,0.0019677455918172704,0.22485827452196802,0.005969876475661239,0.0023462441435305684,0.0023085363596675023,0.001986908091433072
433.98096228700524,0.2298977529474701,0.22977112415187365,0.0019677583335961455,0.22505551320080622,0.0059506451908837394,0.002345458127990432,0.0023019711456051706,0.001986836915591552
433.82752449359396,0.22971645162551516,0.22993159405186633,0.001967771540806067,0.2252423317004444,0.005931584250193916,0.0023446745470688435,0.0022955240782662843,0.0019867666976864516
433.67408670018267,0.22953784046553494,0.23008188613085478,0.001967785229620507,0.2254186847189709,0.005912690933995328,0.00234389339075932,0.0022891932002904354,0.0019866974198179286
433.5206489067714,0.22936255496956118,0.2302219529109183,0.001967799416743296,0.22558452937811477,0.005893962581705379,0.0023431146491065457,0.002282976583426954,0.0019866290644209943
433.3672111133583,0.22919097331978447,0.23035174945513195,0.001967814119424849,0.22573982525321576,0.005875396590461229,0.0023423383122060455,0.002276872328164122,0.0019865616142595638
433.213773319947,0.22902311111134677,0.23047123339430703,0.001967829355478848,0.22588453440159076,0.0058569904138500994,0.002341564370203909,0.0022708785633624258,0.0019864950524206082
433.0603355265357,0.22885870322683605,0.2305803649521392,0.001967845143299389,0.2260186213892837,0.005838741560660271,0.0023407928132964276,0.002264993445890667,0.001986429362308401
432.9068977331226,0.22869721943142826,0.23067910696869554,0.001967861501878605,0.22614205331612483,0.005820647593656754,0.0023400236317298166,0.002259215160266297,0.0019863645276388584
432.7534599397113,0.22853784877774558,0.23076742492221905,0.0019678784508247857,0.22625479983908134,0.005802706128379383,0.0023392568157999402,0.002253541918299278,0.001986300532433983
432.60002214630003,0.22837959707549293,0.2308452869492243,0.0019678960103809923,0.22635683319387448,0.005784914831961278,0.002338492355851954,0.0022479719587388727,0.001986237361016386
432.44658435288875,0.2282212829926728,0.23091266386282908,0.0019679142014441906,0.22644812821480445,0.0057672714219714726,0.0023377302422800416,0.0022425035469246348,0.001986174998003912
432.29314655947564,0.2280616082337234,0.2309695291693106,0.0019679330455849102,0.2265286623527753,0.005749773665278077,0.0023369704655271007,0.0022371349744404957,0.0019861134283043467
432.13970876606436,0.22789919262858815,0.2310158590828485,0.001967952565067443,0.22659841569147893,0.0057324193769343074,0.0023362130160844833,0.0022318645587727265,0.0019860526371102217
431.9862709726531,0.22773266380478138,0.23105163253844005,0.001967972782870596,0.22665737096172925,0.005715206419083766,0.0023354578844916483,0.002226690642970725,0.001985992609893692
431.8328331792418,0.22756063769346105,0.23107683120295275,0.0019679937227090097,0.22670551355390509,0.005698132699888942,0.0023347050613359084,0.0022216115953119005,0.0019859333324015152
431.6793953858287,0.2273818315942073,0.23109143948430513,0.0019680154090550564,0.22674283152849858,0.005681196172479338,0.0023339545372521196,0.002216625808969606,0.0019858747906501013
431.5259575924174,0.22719505637745158,0.23109544453875558,0.001968037867161331,0.22676931562474448,0.005664394833921444,0.0023332063029224337,0.0022117317016848506,0.001985816970920659
431.3725197990061,0.22699929835897156,0.23108883627628646,0.001968061123083755,0.2267849592673241,0.005647726724207101,0.0023324603490759576,0.002206927715440816,0.00198575985975441
431.2190820055948,0.22679371929989103,0.23107160736407276,0.001968085203705297,0.22678975857112535,0.005631189925263999,0.0023317166664885073,0.0022022123161413447,0.001985703443947896
431.0656442121817,0.22657767590060734,0.23104375322802737,0.0019681101367603343,0.22678371234405867,0.005614782559984867,0.002330975245982308,0.0021975839932924395,0.0019856477105483555
430.91220641877044,0.2263507587886461,0.23100527205242063,0.0019681359508596633,0.2267668220879208,0.0055985027912774585,0.0023302360784257514,0.002193041259687433,0.001985592646849187
430.75876862535915,0.22611279251866112,0.23095616477756833,0.001968162675516185,0.22673909199730632,0.005582348821131974,0.002329499154733066,0.0021885826510949407,0.001985538240385482
430.60533083194605,0.225863823876078,0.23089643509559338,0.0019681903411712643,0.2267005289565681,0.005566318889709338,0.002328764465864067,0.002184206725950604,0.0019854844789296386
430.45189303853476,0.22560412967466523,0.23082608944426705,0.001968218979221794,0.22665114253483348,0.005550411274448315,0.0023280320028239107,0.0021799120650521134,0.0019854313504870467
430.2984552451235,0.22533417776867923,0.23074513699892757,0.001968248622047974,0.22659094497907808,0.0055346242891895076,0.00232730175666277,0.0021756972712570232,0.0019853788432918494
430.1450174517122,0.22505461145772268,0.23065358966249982,0.0019682793030418233,0.22651995120527535,0.005518956283319578,0.0023265737184756017,0.002171560969184338,0.001985326945802772
429.9915796582991,0.2247662611831008,0.23055146205361807,0.0019683110566364346,0.22643817878762898,0.005503405640932399,0.002325847879401858,0.0021675018049190095,0.0019852756466990275
429.8381418648878,0.22447007824846846,0.23043877149287956,0.001968343918336002,0.22634564794591258,0.005487970780009109,0.002325124230625259,0.0021635184457199394,0.0019852249348762912
429.6847040714765,0.22416708023683343,0.2303155379872284,0.00196837792474663,0.22624238153092066,0.005472650151613866,0.002324402763373475,0.002159609579730674,0.001985174799442738
429.53126627806523,0.2238583822008404,0.23018178421251617,0.0019684131136079403,0.22612840500807233,0.0054574422391087,0.0023236834689179,0.0021557739156937597,0.0019851252297151544
429.3778284846521,0.22354508749677746,0.23003753549424358,0.0019684495238255014,0.226003746439177,0.005442345557384274,0.0023229663385733743,0.0021520101826679435,0.001985076215215116
429.22439069124084,0.22322833846878756,0.2298828197865286,0.0019684871955040926,0.22586843646240376,0.0054273586521084455,0.0023222513636979593,0.0021483171297487775,0.0019850277456652295
429.07095289782956,0.2229092072828751,0.22971766764930315,0.0019685261699818276,0.2257225082704615,0.00541248009898953,0.0023215385356926306,0.0021446935257918714,0.001984979810985438
428.91751510441827,0.22258873491476078,0.2295421122238052,0.0019685664898651508,0.225565997587052,0.0053977085030575325,0.0023208278460010562,0.002141138159139683,0.0019849324012893924
428.76407731100517,0.22226786487052844,0.22935618920637327,0.0019686081990647275,0.2253989426416066,0.00538304249796027,0.002320119286109329,0.002137649837351093,0.001984885506880883
428.6106395175939,0.22194745488298162,0.22915993682060445,0.00196865134283225,0.22522138414236528,0.00536848074527621,0.0023194128475457466,0.0021342273869342817,0.001984839118250338
428.4572017241826,0.22162825741771616,0.22895339578787974,0.0019686959677981787,0.22503336524780612,0.0053540219338409824,0.002318708521880511,0.0021308696530822012,0.0019847932260713733
428.3037639307695,0.22131092747069114,0.22873660929634027,0.001968742122010435,0.2248349315365045,0.005339664779090621,0.0023180063007255092,0.0021275754994114267,0.001984747821197412
428.1503261373582,0.22099598747915963,0.22850962296834074,0.0019687898549740706,0.2246261309754502,0.005325408022419665,0.0023173061757340878,0.002124343807703964,0.001984702894658357
427.9968883439469,0.22068389360102167,0.22827248482640008,0.0019688392176919344,0.22440701388684567,0.005311250430552377,0.0023166081386007615,0.0021211734776516666,0.00198465843765732
427.84345055053564,0.22037499282818412,0.2280252452577464,0.001968890262706357,0.22417763291347728,0.005297190794930026,0.002315912181061002,0.0021180634266039773,0.0019846144415674133
427.69001275712253,0.22006953468291715,0.22776795697746327,0.001968943044141873,0.22393804298267184,0.005283227931111285,0.0023152182948909814,0.0021150125893183405,0.0019845708979285906
427.53657496371125,0.2197677413959926,0.227500674990323,0.001968997617749003,0.22368830126892045,0.005269360678187483,0.0023145264719073655,0.0021120199177137354,0.001984527798444551
427.38313717029996,0.21946976891882922,0.22722345655131024,0.001969054040949128,0.22342846715517753,0.005255587898209804,0.0023138367039670245,0.002109084380626701,0.0019844851349796874
427.2296993768887,0.2191757537089185,0.22693636112495133,0.0019691123728804594,0.2231586021929455,0.0052419084756315255,0.0023131489829668326,0.00210620496357058,0.0019844428995560966
427.07626158347557,0.21888581272982463,0.22663945034345462,0.0019691726744451494,0.22287877006115533,0.005228321316762356,0.0023124633008434156,0.0021033806684973635,0.001984401084350635
426.9228237900643,0.21860008243903903,0.22633278796375778,0.0019692350083575436,0.22258903652393572,0.005214825349236621,0.0023117796495729496,0.002100610513562546,0.0019843596816920364
426.769385996653,0.21831868369891128,0.2260164398234842,0.0019692994391936223,0.2222894693872764,0.00520141952149245,0.002311098021170883,0.002097893532892419,0.001984318684058064
426.6159482032417,0.21804179975235852,0.2256904737959356,0.001969366033441637,0.22198013845470968,0.005188102802264962,0.0023104184076917353,0.002095228776354463,0.00198427808407273
426.4625104098286,0.21776961384229784,0.2253549597441241,0.001969434859553972,0.22166111548201647,0.0051748741800906215,0.002309740801228858,0.0020926153093302736,0.0019842378745035497
426.3090726164173,0.21750234430071563,0.22500996947394883,0.00196950598800026,0.2213324741310593,0.005161732662824435,0.002309065193914235,0.0020900522124913867,0.001984198048258856
426.15563482300604,0.21724023675109652,0.22465557668651184,0.001969579491321774,0.2209942899227416,0.005148677277167248,0.0023083915779182115,0.002087538581577489,0.0019841585983851524
426.00219702959293,0.21698354461449612,0.22429185692971113,0.0019696554441871205,0.22064664018922636,0.005135707068205892,0.0023077199454492946,0.0020850735271775766,0.0019841195180645157
425.84875923618165,0.21673252521075548,0.2239188875491375,0.0019697339234492567,0.22028960402544362,0.005122821098964508,0.002307050288753954,0.002082656174513749,0.0019840808006120468
425.69532144277036,0.21648743196093018,0.22353674763829373,0.0019698150082038705,0.21992326223990696,0.005110018449965475,0.0023063826001163547,0.002080285663227373,0.001984042439473365
425.5418836493591,0.21624846370307924,0.22314551798828125,0.0019698987798491352,0.21954769730498067,0.005097298218802616,0.002305716871858168,0.002077961147168133,0.0019840044282221445
425.388445855946,0.21601577248983597,0.22274528103694352,0.0019699853221468756,0.2191629933065907,0.005084659519724017,0.002305053096338339,0.002075681794185496,0.001983966760557699
425.2350080625347,0.2157894323981244,0.22233612081758367,0.001970074721285164,0.21876923589349365,0.005072101483226056,0.0023043912659529023,0.0020734467859228954,0.001983929430302608
425.0815702691234,0.21556939664251878,0.22191812290723853,0.001970167065942391,0.21836651222609046,0.0050596232556560225,0.0023037313731347187,0.00207125531761418,0.0019838924314003813
424.9281324757121,0.21535550927160035,0.2214913743746652,0.001970262447352819,0.2179549109249366,0.0050472239988261156,0.0023030734103532944,0.0020691065978828524,0.001983855757913171
424.774694682299,0.21514747397767334,0.22105596372802272,0.0019703609593736595,0.21753452201893478,0.005034902889636213,0.002302417370114553,0.002066999848543633,0.0019838194040195226
424.62125688888773,0.2149448151089103,0.22061198086236666,0.001970462698553696,0.21710543689332615,0.005022659119706976,0.002301763244960656,0.0020649343044066497,0.001983783364012163
424.46781909547644,0.21474689716327955,0.2201595170069327,0.001970567764203495,0.21666774823745868,0.005010491895020746,0.0023011110274697467,0.002062909213083825,0.001983747632295833
424.31438130206334,0.2145528702055485,0.21969866467236318,0.0019706762584672183,0.21622154999248394,0.0049984004355728175,0.002300460710255768,0.0020609238347979162,0.001983712203385154
424.16094350865205,0.2143617244502802,0.21922951759788903,0.0019707882863960672,0.2157669372989963,0.004986383975031541,0.0022998122859682756,0.002058977442193951,0.0019836770719025404
424.00750571524077,0.21417225907154977,0.21875217069846983,0.0019709039560234167,0.21530400644461908,0.004974441760405797,0.0022991657472921905,0.0020570693201528364,0.0019836422325761375
423.8540679218295,0.2139830783041587,0.21826672001205108,0.001971023378441626,0.21483285481169376,0.004962573051722363,0.002298521086947623,0.0020551987656075594,0.0019836076802378093
423.7006301284164,0.2137926382290606,0.217773262646903,0.001971146667880595,0.2143535808250389,0.004950777121710706,0.0022978782976896587,0.0020533650873615942,0.0019835734098211546
423.5471923350051,0.21359924677336126,0.2172718967291596,0.0019712739417880737,0.21386628389989698,0.004939053255496685,0.0022972373723081844,0.002051567605909751,0.0019835394163595626
423.3937545415938,0.21340106760910396,0.21676272135051713,0.001971405320911775,0.21337106439002915,0.004927400750302775,0.0022965983036276464,0.002049805653261106,0.0019835056949843006
423.2403167481825,0.21319619812897908,0.2162458365162537,0.0019715409293833063,0.2128680235361187,0.004915818915157393,0.00229596108450688,0.0020480785727644206,0.001983472240922638
423.0868789547694,0.212982661648753,0.21572134309352736,0.0019716808948039635,0.21235726341444147,0.004904307070610937,0.002295325707838899,0.002046385718935686,0.0019834390494960063
422.93344116135813,0.21275845029390839,0.21518934276006815,0.001971825348332409,0.21183888688591843,0.004892864548460009,0.0022946921665507303,0.002044726457288018,0.0019834061161181898
422.78000336794685,0.21252157568385516,0.21464993795321036,0.0019719744247742904,0.21131299754549793,0.004881490691477473,0.002294060453603174,0.002043100164163558,0.0019833734362935487
422.62656557453556,0.2122700806282871,0.21410323181943078,0.0019721282626738016,0.210779699672032,0.004870184853150892,0.00229343056199064,0.002041506226567767,0.0019833410056152765
422.47312778112246,0.21200210150774923,0.21354932816433547,0.001972287004407246,0.21023909817859046,0.004858946397427011,0.0022928024847409436,0.002039944042005762,0.001983308819763688
422.3196899877112,0.2117158838687798,0.21298833140321033,0.001972450796278612,0.20969129856332702,0.004847774698463744,0.0022921762149151425,0.0020384130183209127,0.001983276874504541
422.1662521942999,0.21140983700690677,0.21242034651206743,0.0019726197886172333,0.20913640686083243,0.004836669140387348,0.0022915517456073035,0.002036912573535374,0.0019832451656873838
422.0128144008868,0.21108252227029148,0.2118454789793488,0.001972794135877523,0.20857452959413256,0.004825629117057182,0.002290929069944338,0.0020354421356928915,0.0019832136892439364
421.8593766074755,0.21073271544029615,0.2112638347582636,0.00197297399674084,0.2080057737273097,0.004814654031836684,0.002290308181085836,0.00203400114270368,0.0019831824411865027
421.7059388140642,0.2103594223266258,0.2106755202197279,0.0019731595342195375,0.2074302466187173,0.004803743297369226,0.002289689072223839,0.00203258904219121,0.0019831514176064068
421.5525010206529,0.20996187096975724,0.21008064210606744,0.001973350915763197,0.20684805597494635,0.004792896335361202,0.0022890717365826817,0.0020312052913412024,0.001983120614672463
421.3990632272398,0.20953952723608096,0.20947930748540333,0.0019735483133671078,0.20625930980546495,0.004782112576370125,0.0022884561674187975,0.0020298493567525466,0.0019830900286294706
421.24562543382854,0.209092126008185,0.20887162370683043,0.001973751903683007,0.20566411637804033,0.004771391459599101,0.0022878423580205637,0.002028520714290307,0.001983059655796739
421.09218764041725,0.20861963219700008,0.20825769835630062,0.001973961868132156,0.20506258417485732,0.004760732432695534,0.002287230301708079,0.0020272188489405506,0.0019830294925666384
420.93874984700597,0.20812223684301429,0.207637639213377,0.0019741783930207384,0.20445482184949598,0.004750134951556458,0.002286619991833011,0.002025943254667292,0.001982999535403176
420.78531205359286,0.20760037661020034,0.20701155420876552,0.001974401669657655,0.20384093818467888,0.0047395984801383165,0.002286011421778406,0.0020246934342712784,0.001982969780840601
420.6318742601816,0.207054679203019,0.20637955138273226,0.001974631894474727,0.20322104205089322,0.004729122490272591,0.0022854045849585404,0.002023468899250781,0.0019829402254820366
420.4784364667703,0.20648597116399003,0.20574173884430608,0.001974869269149384,0.20259524236579024,0.004718706461485136,0.0022847994748186984,0.0020222691696641358,0.0019829108659981313
420.324998673359,0.20589523498705206,0.2050982247314309,0.0019751140007298173,0.20196364805452408,0.004708349880821585,0.002284196084835031,0.0020210937739943073,0.001982881699125742
420.1715608799459,0.20528358572484964,0.2044491171719638,0.0019753663017626926,0.20132636801092776,0.004698052242676727,0.0022835944085143637,0.002019942249015222,0.0019828527216666355
420.0181230865346,0.20465226319116245,0.20379452424562342,0.0019756263904234074,0.20068351105963014,0.004687813048629199,0.0022829944393940563,0.0020188141396600186,0.0019828239304862222
419.86468529312333,0.2040025929730505,0.2031345539467769,0.0019758944906489956,0.20003518591900307,0.004677631807279425,0.0022823961710417852,0.002017708998890981,0.001982795322512304
419.7112474997102,0.20333594354421403,0.20246931414822106,0.0019761708322736525,0.19938150116509337,0.004667508034093,0.0022817995970553975,0.002016626387571389,0.001982766894733851
419.55780970629894,0.20265373796134972,0.20179891256589863,0.001976455651166946,0.1987225651964813,0.004657441251248309,0.002281204711062762,0.0020155658743391436,0.0019827386441998024
419.40437191288765,0.20195739148358346,0.20112345672448492,0.0019767491893747853,0.19805848620000113,0.004647430987487185,0.002280611506721558,0.0020145270354820347,0.0019827105680178827
419.25093411947637,0.20124832716761204,0.20044305392399892,0.0019770516952631175,0.19738937211747717,0.004637476777970788,0.0022800199777191377,0.0020135094548148773,0.0019826826633534494
419.09749632606326,0.20052790179077923,0.19975781120731775,0.0019773634236644575,0.19671533061335528,0.004627578164138675,0.002279430117772347,0.0020125127235582877,0.001982654927428355
418.944058532652,0.19979746043407237,0.19906783532869293,0.001977684636027231,0.19603646904332653,0.00461773469357238,0.002278841920627386,0.002011536440219232,0.001982627357519834
418.7906207392407,0.19905829359548227,0.19837323272313964,0.001978015600568042,0.1953528944238175,0.004607945919861526,0.002278255380059607,0.0020105802104731433,0.001982599950959409
418.6371829458294,0.19831157870822103,0.19767410947686131,0.001978356592426827,0.19466471340250638,0.004598211402474715,0.0022776704898733765,0.002009643647047809,0.0019825727051318185
418.4837451524163,0.19755844252128968,0.19697057129857917,0.0019787078938249872,0.19397203222973589,0.004588530706633223,0.002277087243901902,0.0020087263696088433,0.0019825456174739644
418.330307359005,0.19679992990919432,0.19626272349186197,0.001979069794226504,0.19327495673091846,0.004578903403188802,0.002276505636007098,0.002007828004646838,0.0019825186854738794
418.17686956559373,0.1960369921755898,0.19555067092831882,0.001979442590502134,0.19257359227979756,0.0045693290685036485,0.0022759256600793855,0.002006948185366025,0.001982491906669714
418.02343177218245,0.19527049874963612,0.1948345180218191,0.0019798265870966396,0.1918680437727264,0.0045598072843347544,0.0022753473100375616,0.002006086551574622,0.0019824652786487418
417.86999397876934,0.19450124108478373,0.194114368703597,0.0019802220961991717,0.19115841560382504,0.004550337637720709,0.0022747705798286276,0.0020052427495766945,0.001982438799046385
417.71655618535806,0.19372990146849003,0.19339032639833834,0.0019806294379167764,0.1904448116411104,0.004540919720872238,0.0022741954634276592,0.0020044164320656217,0.0019824124655452584
417.5631183919468,0.19295713879549956,0.19266249400110302,0.0019810489404511506,0.18972733520345605,0.004531553131064578,0.0022736219548376126,0.002003607258019002,0.001982386275874229
417.40968059853367,0.19218349499699272,0.19193097385523764,0.0019814809402785944,0.18900608903853303,0.004522237470533774,0.002273050048089188,0.002002814892595163,0.001982360227807495
417.2562428051224,0.1914094652187243,0.19119586773119254,0.0019819257823332367,0.18828117530164765,0.004512972346375753,0.002272479737240698,0.0020020390070311653,0.0019823343191636865
417.1028050117111,0.19063549002345245,0.19045727680615426,0.001982383820193623,0.18755269553538806,0.004503757370447151,0.0022719110163778745,0.002001279278542203,0.0019823085478049745
416.9493672182998,0.18986195149215332,0.18971530164464598,0.0019828554162726096,0.1868207506502306,0.00449459215926989,0.002271343879613743,0.002000535390222563,0.0019822829116362033
416.7959294248867,0.1890891927179483,0.18897004217994717,0.001983340942010683,0.18608544090595797,0.004485476333937688,0.0022707783210884603,0.0019998070309479718,0.0019822574086040385
416.6424916314754,0.18831749831217678,0.1882215976964232,0.0019838407780726746,0.18534686589397967,0.004476409520025711,0.0022702143349691913,0.0019990938952794248,0.001982232036696132
416.48905383806414,0.1875471372910362,0.18747006681261127,0.0019843553145480093,0.18460512452040276,0.004467391347501592,0.002269651915449919,0.00199839568336834,0.0019822067939402966
416.33561604465285,0.18677832798651295,0.18671554746522606,0.0019848849511544028,0.18386031499001318,0.004458421450639899,0.002269091056751326,0.0019977121008631915,0.001982181678403707
416.18217825123975,0.18601127703423692,0.1859581368939282,0.0019854300974451442,0.18311253479101422,0.004449499467938253,0.0022685317531206325,0.0019970428588174704,0.0019821566881921067
416.02874045782846,0.18524614428441247,0.1851979316269488,0.0019859911730199255,0.18236188068061265,0.004440625042036321,0.002267973998831478,0.0019963876735990546,0.0019821318214490362
415.8753026644172,0.18448309738481478,0.1844350274674112,0.001986568607739356,0.1816084486712959,0.004431797819635928,0.002267417788183737,0.0019957462668008428,0.0019821070763550715
415.7218648710041,0.18372223770386611,0.1836695194805037,0.0019871628419430845,0.18085233401795278,0.004423017451424226,0.0022668631155033933,0.001995118365152788,0.001982082451127081
415.5684270775928,0.18296367440755967,0.18290150198140886,0.00198777432667161,0.18009363120574282,0.004414283591998908,0.00226630997514242,0.0019945037004352414,0.0019820579440174946
415.4149892841815,0.18220750496553217,0.18213106852388966,0.001988403523891896,0.1793324339386172,0.004405595899794483,0.0022657583614785945,0.001993902009393523,0.001982033553313588
415.2615514907702,0.18145378006199475,0.18135831188968873,0.001989050906726677,0.17856883512864416,0.0043969540370115134,0.0022652082689153864,0.0019933130336538484,0.0019820092773367775
415.1081136973571,0.18070255817872946,0.18058332407857902,0.001989716959687618,0.1778029268859797,0.004388357669547118,0.002264659691881802,0.001992736519640471,0.001981985114441936
414.9546759039458,0.1799538666072346,0.17980619629915784,0.0019904021789122666,0.17703480050957418,0.004379806466927919,0.0022641126248322723,0.001992172218494118,0.001981961063016713
414.80123811053454,0.17920771314508116,0.1790270189602209,0.0019911070724049585,0.17626454647845294,0.004371300102243717,0.002263567062246476,0.0019916198859915874,0.0019819371214808736
414.64780031712326,0.17846409779226907,0.17824588166288274,0.0019918321602815517,0.1754922544437354,0.004362838252083933,0.0022630229986292253,0.001991079282466628,0.0019819132882856498
414.49436252371015,0.17772298545972912,0.17746287319327825,0.0019925779750181536,0.17471801322122923,0.004354420596475091,0.0022624804285103195,0.0019905501727319848,0.001981889561913101
414.34092473029887,0.176984348855963,0.1766780815159401,0.0019933450617037702,0.17394191078469282,0.00434604681882054,0.002261939346444433,0.001990032326002664,0.001981865940875492
414.1874869368876,0.17624811000526133,0.17589159376768526,0.0019941339782970496,0.1731640342596012,0.0043377166058407276,0.0022613997470109426,0.0019895255158203094,0.0019818424237146794
414.0340491434763,0.17551421042584203,0.17510349625217878,0.00199494529588698,0.1723844699175813,0.004329429647516028,0.002260861624813817,0.0019890295199787925,0.0019818190090015093
413.8806113500632,0.17478253705292646,0.17431387443500954,0.001995779598957709,0.1716033031713534,0.004321185637030437,0.002260324974481474,0.001988544120450913,0.0019817956953352314
413.7271735566519,0.17405298072052144,0.17352281293937127,0.0019966374856574057,0.17082061857027034,0.004312984270717302,0.0022597897906666705,0.0019880691033162565,0.001981772481342919
413.5737357632406,0.17332538157842267,0.1727303955421834,0.001997519568071351,0.17003649979629085,0.004304825248005472,0.0022592560680463353,0.001987604258690105,0.001981749365678905
413.4202979698275,0.17259957977642587,0.1719367051708108,0.001998426472499098,0.16925102966054448,0.004296708271367687,0.0022587238013214543,0.001987149380653502,0.001981726347024223
413.26686017641623,0.17187539597039936,0.17114182390028232,0.0019993588397358175,0.16846429010038846,0.004288633046270271,0.002258192985216963,0.001986704267184393,0.0019817034240860684
413.11342238300495,0.17115259623321494,0.17034583295090597,0.0020003173253579456,0.16767636217685575,0.004280599281123247,0.0022576636144815768,0.0019862687200897905,0.001981680595597261
412.95998458959366,0.17043094663774433,0.1695488126864425,0.002001302600012973,0.16688732607265405,0.004272606687232648,0.002257135683887688,0.0019858425449390486,0.001981657860315724
412.80654679618056,0.1697101781677901,0.16875084261267112,0.002002315349713556,0.1660972610905504,0.004264654978753458,0.0022566091882312285,0.0019854255509981415,0.0019816352170239676
412.65310900276927,0.16898999061687098,0.16795200137644242,0.002003356276135848,0.16530624565223678,0.0042567438726442905,0.0022560841223315635,0.0019850175511650046,0.001981612664528592
412.499671209358,0.16827006038579292,0.16715236676505338,0.002004426096922261,0.16451435729751152,0.004248873088622252,0.002255560481031332,0.001984618361905837,0.001981590201659789
412.3462334159467,0.16755004048264904,0.16635201570611496,0.0020055255459884374,0.16372167268394663,0.00424104234911986,0.0022550382591963454,0.001984227803192455,0.0019815678272708634
412.1927956225336,0.1668295683203906,0.1655510242677483,0.0020066553738346538,0.162928267586877,0.00423325137924245,0.00225451745171545,0.001983845698440602,0.001981545540237755
412.0393578291223,0.1661082618180414,0.16474946765920437,0.0020078163478615104,0.16213421689980703,0.004225499906727192,0.0022539980535004273,0.0019834718744492588,0.0019815233394585787
411.885920035711,0.16538571940069804,0.1639474202317432,0.0020090092526901526,0.16133959463507064,0.004217787661902168,0.0022534800594858377,0.0019831061613408713,0.001981501223853166
411.73248224229974,0.16466154339224248,0.16314495547994542,0.002010234890486762,0.1605444739249168,0.0042101143776473665,0.0022529634646289193,0.0019827483925025707,0.0019814791923626215
411.57904444888663,0.16393534001534218,0.16234214604329067,0.0020114940812915546,0.15974892702285606,0.004202479789356065,0.0022524482639094553,0.0019823984045282974,0.001981457243948882
411.42560665547535,0.16320671549266463,0.16153906370810212,0.0020127876633521274,0.15895302530536612,0.004194883634897669,0.00225193445232968,0.001982056037161879,0.001981435377594295
411.27216886206406,0.16247532283230295,0.16073577940969153,0.0020141164934614065,0.1581568392737929,0.004187325654580555,0.002251422024914119,0.00198172113324097,0.001981413592301189
411.11873106865096,0.1617408345362776,0.15993236323487042,0.002015481447299924,0.15736043855661067,0.00417980559111657,0.002250910976709491,0.0019813935386419294,0.0019813918870914705
410.9652932752397,0.16100295819567825,0.15912888442473094,0.00201688341978256,0.15656389191194522,0.004172323189586385,0.002250401302784607,0.0019810731022255807,0.0019813702610062154
410.8118554818284,0.16026147157973314,0.15832541137759457,0.0020183233254099124,0.15576726723026013,0.004164878197404854,0.0022498929982302154,0.0019807596757838095,0.0019813487131052757
410.6584176884171,0.1595162148382379,0.15752201165229915,0.0020198020986239924,0.15497063153737387,0.004157470364288049,0.00224938605815891,0.001980453113987061,0.001981327242466891
410.504979895004,0.15876710219791224,0.15671875197165858,0.002021320694168512,0.15417405099764417,0.004150099442220542,0.0022488804777050027,0.0019801532743326617,0.0019813058481873086
410.3515421015927,0.15801414145632706,0.15591569822619714,0.002022880087453559,0.1533775909174204,0.0041427651854239415,0.002248376252024431,0.0019798600170940006,0.0019812845293804126
410.1981043081814,0.15725744177947557,0.155112915477995,0.0020244812749249524,0.15258131574860193,0.0041354673503252925,0.0022478733762946066,0.0019795732052704995,0.001981263285177358
410.04466651477014,0.15649718251148936,0.15431046796482334,0.0020261252744379152,0.15178528909247904,0.004128205695527043,0.002247371845714328,0.001979292704538431,0.001981242114726212
409.89122872135704,0.15573365996006427,0.15350841910440585,0.0020278131256353483,0.1509895737036952,0.00412097998177717,0.002246871655503652,0.0019790183832025217,0.0019812210171916062
409.73779092794575,0.1549672834976747,0.15270683149891023,0.002029545890330486,0.1501942314944323,0.004113789971940483,0.0022463728009038068,0.0019787501121483588,0.001981199991754393
409.58435313453447,0.15419853657371896,0.1519057669395068,0.0020313246528942284,0.14939932353865856,0.004106635430969704,0.002245875277177045,0.001978487764795551,0.001981179037611307
409.4309153411232,0.15342801570237408,0.15110528641117443,0.002033150520646759,0.1486049100766164,0.004099516125878047,0.002245379079606553,0.0019782312170516844,0.001981158153974637
409.2774775477101,0.15265636418324274,0.15030545009759244,0.00203502462425375,0.14781105051939122,0.004092431825711859,0.0022448842034963343,0.0019779803472670223,0.0019811373400719034
409.1240397542988,0.15188433058313527,0.1495063173862217,0.0020369481181268904,0.14701780345366344,0.004085382301524382,0.0022443906441711164,0.0019777350361899655,0.0019811165951455407
408.9706019608875,0.15111267516521845,0.1487079468734153,0.002038922180829081,0.1462252266464846,0.004078367326349223,0.0022438983969762113,0.00197749516692322,0.001981095918452588
408.8171641674744,0.1503422049780847,0.14791039636972994,0.0020409480154838567,0.14543337705024803,0.004071386675175146,0.0022434074572774223,0.0019772606248807186,0.001981075309264384
408.6637263740631,0.14957371927275548,0.14711372290534358,0.0020430268501892023,0.14464231080776016,0.0040644401249213865,0.002242917820460955,0.001977031297745254,0.0019810547668662726
408.51028858065183,0.14880801340146685,0.1463179827354868,0.002045159938435977,0.14385208325732032,0.004057527454412754,0.0022424294819332734,0.001976807075426795,0.001981034290557307
408.35685078724055,0.1480458242346727,0.14552323134605924,0.002047348559530457,0.14306274893797985,0.004050648444356052,0.0022419424371210184,0.001976587850021522,0.0019810138796499664
408.20341299382744,0.14728782626225947,0.14472952345927273,0.002049594019021363,0.14227436159482218,0.00404380287731651,0.00224145668147089,0.0019763735157715327,0.0019809935334698754
408.04997520041616,0.14653459650447684,0.14393691303942663,0.002051897649131034,0.1414869741843697,0.004036990537695174,0.002240972210449563,0.001976163969025235,0.0019809732513555315
407.89653740700487,0.14578658332165387,0.1431454532986584,0.00205426080919115,0.14070063887996095,0.0040302112117059415,0.0022404890195435517,0.0019759591081983823,0.0019809530326580327
407.7430996135936,0.1450441064141992,0.1423551967028504,0.0020566848860824236,0.13991540707727798,0.00402346468735388,0.002240007104259125,0.0019757588337357863,0.0019809328767408175
407.5896618201805,0.14430732173353164,0.14156619497753628,0.0020591712946786693,0.13913132939986853,0.004016750754413465,0.0022395264601221937,0.0019755630480736627,0.001980912782979405
407.4362240267692,0.14357620978572383,0.14077849911391357,0.0020617214782948563,0.13834845570476859,0.0040100692044077605,0.0022390470826782315,0.001975371655602623,0.0019808927507611452
407.2827862333579,0.14285056003636037,0.13999215937480658,0.0020643369091395856,0.13756683508807108,0.004003419830587178,0.0022385689674921366,0.0019751845626312724,0.0019808727794849677
407.1293484399448,0.14212998260689422,0.13920722530075244,0.002067019088771389,0.13678651589061155,0.003996802427909382,0.002238092110148148,0.001975001677350445,0.0019808528685611414
406.9759106465335,0.14141388878071925,0.1384237457161195,0.002069769548559038,0.13600754570368168,0.003990216793019567,0.0022376165062497626,0.0019748229097980444,0.001980833017411038
406.82247285312224,0.14070152219345422,0.13764176873517114,0.002072589850146134,0.13522997137468326,0.0039836627242304115,0.002237142151419599,0.0019746481718244673,0.0019808132254668974
406.66903505971095,0.1399919393390152,0.13686134176824524,0.0020754815859192997,0.13445383901289285,0.0039771400215031835,0.002236669041299324,0.0019744773770586335,0.0019807934921716006
406.51559726629785,0.13928406025382684,0.1360825115278971,0.002078446379480442,0.133679193995185,0.003970648486428734,0.002236197171549538,0.001974310440874588,0.0019807738169784466
406.36215947288656,0.1385766568204659,0.13530532403511247,0.0020814858861226146,0.13290608097182088,0.0039641879222093125,0.0022357265378497027,0.0019741472803586867,0.0019807541993509354
406.2087216794753,0.13786842294579973,0.13452982462543842,0.0020846017933099778,0.1321345438721503,0.003957758133639927,0.0022352571358980064,0.0019739878142773226,0.0019807346387625503
406.055283886064,0.1371579667634153,0.1337560579552135,0.0020877958211610948,0.13136462591040815,0.003951358927090829,0.002234788961411292,0.001973831963045232,0.001980715134696552
405.9018460926509,0.13644387691297222,0.13298406800774526,0.0020910697229360453,0.13059636959145396,0.003944990110489848,0.0022343220101249477,0.001973679648694331,0.0019806956866457713
405.7484082992396,0.13572473423655926,0.13221389809954243,0.0020944252855268543,0.12982981671656138,0.003938651493305484,0.0022338562777928337,0.0019735307948431035,0.0019806762941124083
405.5949705058283,0.1349991741592616,0.13144559088645172,0.002097864329951764,0.12906500838910853,0.003932342886529563,0.0022333917601871523,0.0019733853266665005,0.0019806569566078345
405.44153271241703,0.1342659256770159,0.13067918836987968,0.0021013887118525036,0.12830198502034873,0.003926064102660928,0.0022329284530983773,0.0019732431708663805,0.0019806376736524025
405.2880949190039,0.13352380355903906,0.1299147319029498,0.00210500032199509,0.12754078633511254,0.003919814955688981,0.0022324663523351465,0.0019731042556424506,0.0019806184447752543
405.13465712559264,0.13277181361503607,0.12915226219670187,0.0021087010867735833,0.12678145137754793,0.00391359526107793,0.00223200545372419,0.0019729685106637264,0.0019805992695141384
404.98121933218135,0.13200914489762905,0.12839181932618582,0.002112492968717391,0.12602401851675157,0.003907404835750588,0.0022315457531102067,0.001972835867040472,0.0019805801474152263
404.82778153876825,0.13123518529749909,0.1276334427366205,0.0021163779670012144,0.12526852545246045,0.0039012434980730923,0.002231087246355785,0.001972706257296645,0.001980561078032938
404.67434374535696,0.1304495644300265,0.1268771712495322,0.0021203581179578975,0.12451500922072013,0.003895111067839878,0.002230629929341327,0.0019725796153428265,0.0019805420609297656
404.5209059519457,0.1296521848255745,0.12612304306879155,0.002124435495594521,0.12376350619944775,0.003889007366258246,0.002230173797964928,0.0019724558764496088,0.001980523095676105
404.3674681585344,0.1288431673464927,0.12537109578671674,0.00212861221211075,0.12301405211405785,0.003882932215933913,0.0022297188481423032,0.001972334977221469,0.0019805041818500885
404.2140303651213,0.12802294085918284,0.12462136639009849,0.002132890418420064,0.12226668204300649,0.0038768854408563523,0.0022292650758066876,0.001972216855571095,0.001980485319037421
404.06059257171,0.12719215256203306,0.12387389126625149,0.0021372723046731807,0.12152143042335899,0.0038708668663848074,0.0022288124769087696,0.00197210145069417,0.001980466506831223
403.9071547782987,0.12635169137813068,0.12312870620894949,0.0021417601007843582,0.1207783310562379,0.0038648763192338054,0.0022283610474165653,0.0019719887030445918,0.0019804477448318696
403.75371698488743,0.12550269185404764,0.12238584642441963,0.0021463560769594383,0.12003741711232785,0.00385891362745962,0.002227910783315356,0.001971878554310146,0.001980429032646842
403.6002791914743,0.12464644838656015,0.12164534653725373,0.0021510625442263216,0.11929872113729377,0.0038529786204465144,0.002227461680607585,0.001971770947388599,0.001980410369890575
403.44684139806304,0.12378445031171803,0.12090724059634027,0.0021558818549671033,0.11856227505721785,0.00384707112889361,0.0022270137353127936,0.001971665826364231,0.001980391756184311
403.29340360465176,0.12291827663763688,0.12017156208067632,0.0021608164034526236,0.11782811018391383,0.003841190984801273,0.0022265669434675004,0.001971563136484769,0.0019803731911559566
403.1399658112405,0.12204960384206906,0.11943834390523408,0.0021658686263781738,0.11709625722029333,0.0038353380214583895,0.0022261213011251376,0.0019714628241387457,0.0019803546744399394
402.98652801782737,0.12118014739062163,0.11870761842674056,0.00217104100340112,0.11636674626564336,0.0038295120734294216,0.002225676804355952,0.00197136483683326,0.0019803362056770744
402.8330902244161,0.1203116227489017,0.11797941744947461,0.0021763360576795795,0.1156396068209191,0.003823712976542069,0.0022252334492469414,0.0019712691231721386,0.001980317784514426
402.6796524310048,0.1194456946983052,0.11725377223094198,0.002181756356412985,0.11491486779391281,0.00381794056787442,0.0022247912319017394,0.0019711756328344805,0.0019802994106051775
402.5262146375917,0.1185839461457332,0.11653071348759259,0.0021873045113832185,0.11419255750446344,0.0038121946857429157,0.0022243501484405428,0.0019710843165536007,0.0019802810836085
402.3727768441804,0.11772782743938079,0.11581027140050082,0.0021929831794966635,0.11347270368962749,0.003806475169690476,0.0022239101950000464,0.0019709951260963496,0.0019802628031894277
402.2193390507691,0.11687863687480968,0.1150924756209325,0.0021987950633276473,0.11275533350873544,0.003800781860474195,0.0022234713677333263,0.0019709080142427983,0.0019802445690187344
402.06590125735784,0.11603747390952257,0.11437735527596041,0.0022047429116618315,0.11204047354849543,0.00379511460005388,0.002223033662809778,0.0019708229347663027,0.0019802263807728094
401.91246346394473,0.11520524696053414,0.11366493897399128,0.0022108295200404466,0.11132814982800764,0.0037894732315803493,0.002222597076415023,0.0019707398424139233,0.001980208238133542
401.75902567053345,0.11438261102380344,0.11295525481030656,0.002217057731304348,0.11061838780379128,0.0037838575993843007,0.0022221616047508478,0.0019706586928872056,0.0019801901407882046
401.60558787712216,0.1135700144596596,0.11224833037248119,0.002223430436138871,0.10991121237468955,0.003778267548964654,0.0022217272440350905,0.001970579442823302,0.0019801720884293356
401.4521500837109,0.1127676444098052,0.11154419274584938,0.0022299505736178434,0.10920664788682076,0.0037727029269777317,0.0022212939905015797,0.001970502049776447,0.001980154080754633
401.2987122902978,0.11197545408881461,0.11084286851888261,0.0022366211317477198,0.10850471813844169,0.0037671635812261805,0.002220861840400046,0.001970426472199768,0.0019801361174668426
401.1452744968865,0.1111931939744177,0.11014438378858023,0.0022434451480107366,0.10780544638482355,0.003761649360648439,0.002220430789996059,0.0019703526694274287,0.0019801181982736517
400.9918367034752,0.11042039621235798,0.10944876416573941,0.0022504257099081387,0.10710885534300763,0.00375616011530769,0.002220000835570917,0.0019702806016570983,0.0019801003228875846
400.8383989100639,0.10965641360424735,0.10875603478027161,0.002257565955501682,0.10641496719660772,0.0037506956963816174,0.0022195719734215916,0.0019702102299327473,0.0019800824910259016
400.6849611166508,0.1089004507978498,0.10806622028643208,0.0022648690739544824,0.10572380360052643,0.0037452559561518962,0.0022191441998606347,0.001970141516127756,0.001980064702410497
400.5315233232395,0.1081515798822233,0.1073793448680617,0.0022723383060699784,0.10503538568568486,0.0037398407479942186,0.0022187175112161213,0.0019700744229283413,0.001980046956767803
400.37808552982824,0.10740879107193099,0.10669543224371102,0.002279976944830179,0.10434973406363517,0.0037344499263677975,0.002218291903831542,0.001970008913817278,0.001980029253828693
400.22464773641514,0.10667101220096842,0.10601450567180133,0.0022877883359313203,0.103666868831212,0.003729083346805587,0.0022178673740657407,0.0019699449530579346,0.001980011593328387
400.07120994300385,0.10593717500211665,0.10533658795574952,0.002295775878317435,0.10298680957514929,0.0037237408659046224,0.0022174439182928514,0.0019698825056785976,0.0019799939750063627
399.91777214959257,0.10520620730937126,0.10466170144898464,0.0023039430247124735,0.10230957537659034,0.003718422341315911,0.0022170215329021916,0.001969821537457088,0.0019799763986062613
399.7643343561813,0.10447708374215348,0.10398986806000995,0.0023122932821489604,0.10163518481564586,0.003713127631735087,0.002216600214298208,0.0019697620149056673,0.0019799588638758046
399.6108965627682,0.10374886469316488,0.1033211092573819,0.002320830212494429,0.100963655975871,0.003707856596892798,0.0022161799589003883,0.0019697039052562204,0.0019799413705667047
399.4574587693569,0.10302071192352928,0.10265544607470183,0.0023295574329742154,0.10029500644875815,0.003702609097545588,0.002215760763143207,0.0019696471764457223,0.001979923918434582
399.3040209759456,0.10229190025914915,0.10199289911549436,0.0023384786166919616,0.09962925333811891,0.003697384995466272,0.002215342623476021,0.0019695917971019688,0.001979906507238883
399.1505831825343,0.1015618565785603,0.10133348855813154,0.0023475974931455425,0.09896641326451518,0.0036921841534350436,0.0022149255363630143,0.0019695377365295795,0.0019798891367427975
398.9971453891212,0.10083013642021908,0.10067723416067526,0.0023569178487397747,0.09830650236961223,0.0036870064352303206,0.0022145094982831143,0.001969484964696265,0.0019798718067131835
398.84370759570993,0.1000964746667135,0.10002415526573441,0.0023664435272943525,0.09764953632054986,0.00368185170562007,0.002214094505729939,0.0019694334522193497,0.001979854516920486
398.69026980229864,0.09936072706298112,0.09937427080521069,0.002376178430548499,0.0969955303142063,0.0036767198303526254,0.0022136805552116917,0.001969383170352549,0.001979837267138664
398.53683200888554,0.09862292479930573,0.09872759930508278,0.0023861265186599623,0.09634449908150505,0.0036716106761481553,0.002213267643251106,0.0019693340909729957,0.0019798200571451157
398.38339421547425,0.09788322772589161,0.09808415889015758,0.002396291810698992,0.09569645689169347,0.00366652411069024,0.0022128557663853867,0.0019692861865685195,0.0019798028867206064
398.22995642206297,0.09714190875772172,0.09744396728872154,0.002406678385138127,0.09505141755652559,0.003661460002616997,0.0022124449211661083,0.0019692394302251526,0.0019797857556491973
398.0765186286517,0.09639936946969951,0.09680704183723707,0.0024172903803352445,0.09440939443449632,0.003656418221512912,0.0022120351041591637,0.0019691937956148875,0.001979768663718177
397.9230808352386,0.09565607771608149,0.0961733994849624,0.002428131995011454,0.09377040043500383,0.003651398637900408,0.0022116263119446836,0.0019691492569836586,0.001979751610717993
397.7696430418273,0.09491257932683352,0.09554305679858635,0.002439207488722046,0.09313444802253333,0.003646401123231861,0.0022112185411169837,0.0019691057891395593,0.0019797345964421864
397.616205248416,0.09416947081613261,0.09491602996675785,0.0024505211823222348,0.09250154922074104,0.003641425549881122,0.0022108117882844685,0.001969063367441276,0.0019797176206873255
397.4627674550047,0.09342736039451217,0.09429233480466083,0.002462077458424804,0.09187171561659067,0.003636471791135718,0.0022104060500695772,0.0019690219677867505,0.001979700683252944
397.3093296615916,0.09268687186764753,0.09367198675851501,0.002473880761851386,0.09124495836442222,0.003631539721188795,0.0022100013231087074,0.0019689815666020564,0.001979683783941477
397.15589186818033,0.0919486095472866,0.0930550009100916,0.002485935600075447,0.09062128819004343,0.0036266292151314935,0.0022095976040521635,0.001968942140830491,0.001979666922558204
397.00245407476905,0.09121314265610811,0.09244139198112697,0.0024982465436588545,0.0900007153947258,0.003621740148944834,0.0022091948895640603,0.0019689036679218725,0.0019796500989111834
396.84901628135776,0.09048100922650701,0.09183117433778135,0.0025108182266789176,0.08938324985925426,0.0036168723994922667,0.0022087931763222733,0.0019688661258220486,0.0019796333128112003
396.69557848794466,0.08975268101152523,0.0912243619950254,0.0025236553471477685,0.0887689010479126,0.003612025844511963,0.002208392461018362,0.001968829492962603,0.0019796165640717065
396.5421406945334,0.08902857518120814,0.09062096862104219,0.0025367626674220175,0.08815767801249322,0.0036072003626095262,0.0022079927403575216,0.001968793748250767,0.001979599852508765
396.3887029011221,0.08830905042381904,0.09002100754152977,0.002550145014604722,0.08754958939621546,0.0036023958332502175,0.002207594011058485,0.0019687588710595168,0.001979583177940997
396.235265107709,0.08759437185676991,0.08942449174404092,0.002563807280936457,0.08694464343769145,0.003597612136751777,0.002207196269853475,0.001968724841217873,0.001979566540189527
396.0818273142977,0.08688479290111636,0.08883143388229545,0.0025777544241764095,0.08634284797487389,0.00359284915427732,0.0022067995134881463,0.001968691639001381,0.001979549939077932
395.9283895208864,0.08618047730584816,0.08824184628040153,0.0025919914679746587,0.08574421044892223,0.003588106767827802,0.002206403738721497,0.0019686592451227812,0.0019795333744321896
395.7749517274751,0.08548154203452943,0.08765574093712158,0.002606523502232188,0.0851487379081246,0.0035833848602351247,0.0022060089423258187,0.001968627640722858,0.001979516846080628
395.621513934062,0.0847880845567969,0.08707312953006868,0.002621355683450846,0.08455643701176051,0.003578683315154985,0.002205615121086621,0.0019685968073614698,0.001979500353853879
395.46807614065074,0.08410018284836003,0.08649402341991833,0.002636493235070848,0.08396731403399081,0.003574002017060125,0.0022052222718025884,0.001968566727008752,0.001979483897584828
395.31463834723945,0.08341787199828803,0.08591843365452474,0.00265194144779825,0.08338137486766248,0.0035693408512331064,0.002204830391285486,0.001968537382036495,0.0019794674771085687
395.16120055382817,0.0827412182859339,0.08534637097307998,0.0026677056799184694,0.08279862502816927,0.003564699703759705,0.002204439476360114,0.0019685087552096902,0.001979451092262357
395.00776276041506,0.08207029578822159,0.08477784581020557,0.00268379135759831,0.08221906965725681,0.0035600784615220523,0.002204049523864236,0.00196848082967824,0.0019794347428855673
394.8543249670038,0.08140518248086051,0.08421286830005852,0.002700203975173861,0.0816427135268551,0.0035554770121921687,0.002203660530648532,0.0019684535889688357,0.0019794184288196466
394.7008871735925,0.08074600702377119,0.08365144828034396,0.002716949095426948,0.08106956104283004,0.0035508952442250257,0.002203272493576511,0.0019684270169769897,0.001979402149908074
394.5474493801812,0.08009294096351434,0.08309359529636902,0.002734032349845882,0.08049961624879053,0.0035463330468522136,0.002202885409524462,0.0019684010979592313,0.0019793859059963185
394.3940115867681,0.07944618313814895,0.08253931860503057,0.002751459438873198,0.079932882829843,0.00354179031007536,0.002202499275381388,0.0019683758165254515,0.001979369696931797
394.2405737933568,0.07880600256387252,0.08198862717881607,0.0027692361321375505,0.07936936411637402,0.003537266924659929,0.0022021140880489586,0.001968351157631404,0.0019793535225638348
394.08713599994553,0.07817269164959531,0.0814415297097129,0.002787368268672669,0.07880906308775491,0.003532762782128553,0.0022017298444414212,0.00196832710657135,0.001979337382743628
393.9336982065324,0.07754661298236612,0.08089803461315061,0.002805861757119047,0.07825198237609567,0.0035282777747549093,0.0022013465414855568,0.0019683036489708547,0.0019793212773242023
393.78026041312114,0.07692816033951747,0.08035815003191628,0.0028247225759096945,0.0776981242699878,0.0035238117955576614,0.0022009641761206286,0.001968280770779724,0.0019793052061603793
393.62682261970986,0.07631775868866565,0.07982188383998542,0.002843956773441612,0.07714749071817735,0.003519364738293983,0.002200582745298296,0.0019682584582650813,0.001979289169108737
393.47338482629857,0.07571586418771074,0.07928924364639121,0.002863570468228362,0.07660008333329409,0.0035149364974536718,0.0022002022459825733,0.001968236698004586,0.0019792731660275738
393.31994703288547,0.07512296028605109,0.07876023679902809,0.002883569849036855,0.07605590339553144,0.003510526968253013,0.0021998226751497605,0.001968215476879784,0.0019792571967768764
393.1665092394742,0.0745395226355141,0.07823487038846652,0.0029039611750051333,0.07551495185635573,0.0035061360466290084,0.0021994440297883997,0.0019681947820695965,0.0019792412612182836
393.0130714460629,0.0739660424830691,0.07771315125167803,0.002924750775744552,0.07497722934214178,0.0035017636292331523,0.002199066306899192,0.0019681746010439326,0.001979225359215052
392.8596336526516,0.07340296818904518,0.07719508597579565,0.002945945051421146,0.07444273615786394,0.0034974096134257806,0.002198689503494956,0.0019681549215574347,0.0019792094906320255
392.7061958592385,0.07285076370891337,0.0766806809018094,0.0029675504728195502,0.07391147229073981,0.003493073897270165,0.002198313616600557,0.0019681357316433516,0.001979193655335601
392.5527580658272,0.07230981502243525,0.07616994212827086,0.002989573581386086,0.07338343741390332,0.0034887563795269793,0.002197938643252871,0.001968117019607531,0.0019791778531937
392.39932027241593,0.071780496413016,0.07566287551490872,0.003012020989254659,0.07285863089000642,0.003484456959648305,0.002197564580500699,0.0019680987740225355,0.0019791620840757347
392.24588247900465,0.07126311198592233,0.0751594866862771,0.003034899379249867,0.07233705177487548,0.0034801755377721986,0.002197191425404725,0.001968080983721878,0.0019791463478525794
392.09244468559154,0.07075792295978077,0.07465978103533882,0.003058215504871034,0.07181869882112203,0.003475912014717022,0.0021968191750374524,0.001968063637794372,0.0019791306443965426
391.93900689218026,0.07026511647629391,0.07416376372705552,0.0030819761902534837,0.07130357048178246,0.0034716662919761143,0.0021964478264831643,0.0019680467255786,0.0019791149735813363
391.785569098769,0.06978482119538229,0.0736714397018891,0.0031061883301110385,0.07079166491388829,0.0034674382717120255,0.002196077376837839,0.001968030236657491,0.0019790993352820493
391.63213130535587,0.06931710339639889,0.0731828136793274,0.0031308588896540477,0.0702829799820845,0.0034632278567512473,0.002195707823209109,0.0019680141608530094,0.0019790837293751193
391.4786935119446,0.06886195918055826,0.07269789016137897,0.0031559949044848755,0.06977751326223924,0.0034590349505790007,0.002195339162716217,0.001967998488220955,0.0019790681557383064
391.3252557185333,0.06841932616729286,0.07221667343598534,0.0031816034804731433,0.06927526204499175,0.0034548594573336217,0.002194971392489934,0.0019679832090458644,0.0019790526142506658
391.171817925122,0.06798907959546763,0.0717391675804609,0.0032076917936046862,0.06877622333935328,0.003450701281801502,0.0021946045096725227,0.00196796831383602,0.0019790371047925244
391.0183801317089,0.06757105181730734,0.07126537646486664,0.0032342670898085,0.06828039387626432,0.0034465603294117704,0.002194238511417671,0.001967953793318563,0.001979021627245453
390.8649423382976,0.06716500500689827,0.07079530375538616,0.0032613366847575286,0.06778777011217953,0.0034424365062313347,0.0021938733948904587,0.0019679396384346994,0.001979006181492245
390.71150454488634,0.06677067404682843,0.07032895291761372,0.0032889079636479277,0.06729834823258679,0.0034383297189594705,0.0021935091572672727,0.001967925840335014,0.00197899076741689
390.55806675147505,0.06638773923668922,0.06986632721986563,0.0033169883809499937,0.06681212415557712,0.0034342398749229505,0.0021931457957357742,0.0019679123903748744,0.00197897538490455
390.40462895806195,0.06601586138214471,0.06940742973642523,0.003345585460135423,0.06632909353537221,0.0034301668820709307,0.0021927833074948336,0.0019678992801099317,0.00197896003384154
390.25119116465066,0.0656546661997897,0.0689522633507873,0.003374706793376472,0.06584925176587876,0.003426110648970176,0.0021924216897544952,0.0019678865012917155,0.0019789447141153006
390.0977533712394,0.06530375211472074,0.06850083075881369,0.003404360041222006,0.06537259398417787,0.0034220710847998434,0.0021920609397358976,0.001967874045863316,0.001978929425614381
389.9443155778263,0.06496270585567791,0.06805313447190423,0.003434552932243595,0.0648991150740587,0.0034180480993467512,0.0021917010546712353,0.001967861905955162,0.0019789141682284143
389.790877784415,0.06463106346719023,0.06760917682013115,0.0034652932626540595,0.06442880966954334,0.003414041603000691,0.002191342031803717,0.00196785007388088,0.0019788989418480975
389.6374399910037,0.06430839608285593,0.0671689599552909,0.0034965888959014534,0.06396167215835384,0.0034100515067493546,0.0021909838683874883,0.0019678385421332428,0.0019788837463651718
389.4840021975924,0.06399421635449118,0.06673248585397272,0.00352844776223117,0.0634976966854272,0.0034060777221737804,0.0021906265616875977,0.0019678273033802035,0.0019788685816724016
389.3305644041793,0.0636880291363412,0.0662997563205588,0.003560877858221506,0.06303687715638888,0.003402120161443565,0.0021902701089799343,0.001967816350461008,0.0019788534476635547
389.177126610768,0.0633893431814367,0.06587077299021848,0.0035938872462877624,0.062579207241051,0.0033981787373123917,0.002189914507551196,0.0019678056763823932,0.0019788383442333854
389.02368881735674,0.0630976399513101,0.06544553733181305,0.0036274840541606138,0.062124680376847624,0.003394253363113142,0.00218955975469881,0.0019677952743148612,0.001978823271277612
388.87025102394546,0.06281239700870832,0.06502405065081368,0.003661676474330619,0.061673289772316335,0.003390343952753512,0.002189205847730901,0.0019677851375890345,0.001978808228692903
388.71681323053235,0.06253306462488,0.06460631409214992,0.003696472763464591,0.061225028410538396,0.0033864504207113946,0.0021888527839662325,0.001967775259692085,0.0019787932163768543
388.56337543712107,0.06225908137471737,0.06419232864304833,0.0037318812417886653,0.060779889052602336,0.0033825726820305756,0.0021885005607341695,0.00196776563426424,0.0019787782342279765
388.4099376437098,0.06198990142825456,0.06378209513578162,0.0037679102924441698,0.06033786424100543,0.003378710652316018,0.002188149175374608,0.0019677562550953595,0.0019787632821456746
388.2564998502985,0.06172493996767096,0.06337561425042669,0.003804568360807712,0.05989894630309921,0.0033748642477296397,0.00218779862523794,0.00196774711612159,0.001978748360030232
388.1030620568854,0.061463619972716925,0.06297288651755166,0.003841863953781598,0.05946312735449395,0.0033710333849858603,0.0021874489076849943,0.001967738211422082,0.0019787334677827946
387.9496242634741,0.061205356625571854,0.06257391232089002,0.003879805639049135,0.059030399302484896,0.0033672179813474612,0.0021871000200870067,0.001967729535215784,0.0019787186053053553
387.7961864700628,0.06094958850112799,0.06217869189992432,0.003918402044301413,0.058600753849416924,0.0033634179546210285,0.002186751959825543,0.0019677210818583,0.001978703772500737
387.6427486766497,0.06069575417427755,0.061787225352470096,0.003957661856426815,0.05817418249608621,0.003359633223152843,0.002186404724292466,0.0019677128458388143,0.0019786889692725786
387.48931088323843,0.06044330391626918,0.061399512637215214,0.003997593820666713,0.057750676545131024,0.003355863705824814,0.002186058310889897,0.0019677048217770833,0.0019786741955253183
387.33587308982715,0.06019173088499171,0.0610155535761733,0.004038206739741237,0.057330227104366846,0.0033521093220500366,0.0021857127170301434,0.0019676970044204883,0.0019786594511641813
387.18243529641586,0.05994055942861771,0.06063534785713872,0.004079509472935977,0.056912825090161545,0.003348369991768845,0.002185367940135668,0.0019676893886411543,0.001978644736095164
387.02899750300276,0.05968936457953088,0.06025889503606833,0.0041215109351566154,0.05649846123076954,0.003344645635444626,0.0021850239776390326,0.001967681969433128,0.00197863005022502
386.87555970959147,0.05943775645918417,0.0598861945394439,0.004164220095945428,0.056087126069684426,0.003340936174059947,0.0021846808269828668,0.001967674741909618,0.001978615393461248
386.7221219161802,0.05918543096231086,0.05951724566654334,0.00420764597846718,0.055678809968931355,0.0033372415291122648,0.002184338485619798,0.0019676677013002897,0.0019786007657120763
386.5686841227689,0.05893213856664084,0.05915204759170904,0.004251797658454128,0.05527350311239693,0.003333561622610123,0.002183996951012418,0.0019676608429486245,0.0019785861668864505
386.4152463293558,0.05867771942196981,0.05879059936654185,0.004296684263117826,0.05487119550911797,0.003329896377069115,0.00218365622063323,0.0019676541623093306,0.0019785715968940218
386.2618085359445,0.058422087755017414,0.05843289992207225,0.0043423149700211215,0.054471876996587044,0.0033262457155081486,0.002183316291964619,0.0019676476549458127,0.0019785570556451336
386.1083707425332,0.058165243565783654,0.05807894807083942,0.004388699005918599,0.05407553724399787,0.0033226095614453045,0.00218297716249878,0.001967641316527693,0.0019785425430508085
385.95493294912194,0.057907268728763416,0.057728742508963767,0.004435845645554463,0.053682165755525944,0.003318987838894171,0.002182638829737689,0.001967635142828387,0.0019785280590227383
385.80149515570884,0.05764833868930287,0.057382281818143345,0.004483764210426127,0.053291751873567855,0.0033153804723599477,0.00218230129119305,0.0019676291297227332,0.0019785136034732704
385.64805736229755,0.057388710767243084,0.05703956446762441,0.004532464067506547,0.052904284781995325,0.003311787386835844,0.0021819645443862646,0.001967623273184673,0.0019784991763153984
385.49461956888626,0.057128696865421706,0.05670058881607916,0.004581954627934159,0.05251975350934947,0.0033082085077990792,0.002181628586848362,0.0019676175692849786,0.0019784847774627482
385.34118177547316,0.05686870245752768,0.05636535311346902,0.004632245345659319,0.05213814693206345,0.0033046437612073093,0.00218129341611997,0.0019676120141890333,0.00197847040682957
385.1877439820619,0.056609172005104666,0.05603385550285431,0.004683345716051914,0.05175945377767029,0.0033010930734950726,0.0021809590297512775,0.0019676066041546575,0.001978456064330726
385.0343061886506,0.05635060845147836,0.05570609402211541,0.004735265274475448,0.05138366262795607,0.003297556371569899,0.002180625425301969,0.0019676013355299843,0.00197844174988168
384.8808683952393,0.05609353033511636,0.05538206660566012,0.004788013594816015,0.05101076192214381,0.0032940335828088663,0.002180292600341196,0.0019675962047513798,0.001978427463398487
384.7274306018262,0.05583847958719909,0.055061771086052896,0.0048416002879754505,0.05064073996003542,0.0032905246350549405,0.0021799605524475255,0.0019675912083414082,0.0019784132047977855
384.5739928084149,0.055585994240121485,0.05474520519561282,0.004896035000321092,0.050273584905165224,0.0032870294566135954,0.002179629279208911,0.001967586342906844,0.0019783989739967844
384.42055501500363,0.05533660842749303,0.05443236656791804,0.004951327412102039,0.049909284787893984,0.0032835479762490473,0.0021792987782226258,0.0019675816051367228,0.0019783847709132552
384.26711722159234,0.055090801699926605,0.054123252739292964,0.005007487235819055,0.04954782750853141,0.003280080123180939,0.002178969047095236,0.0019675769918004403,0.0019783705954655234
384.11367942817924,0.054849038012893224,0.05381786115021642,0.005064524214558051,0.04918920084041631,0.0032766258270808014,0.00217864008344255,0.0019675724997458904,0.0019783564475724567
383.96024163476795,0.05461168775101258,0.053516189146695335,0.005122448120279179,0.048833392433006294,0.003273185018068797,0.00217831188488959,0.0019675681258976415,0.0019783423271534594
383.80680384135667,0.054379062817122334,0.05321823398154509,0.005181268752072117,0.048480389814908376,0.003269757626710078,0.0021779844490705277,0.001967563867255159,0.0019783282341284624
383.6533660479454,0.054151397138350724,0.05292399281564885,0.0052409959343639075,0.048130180396935354,0.0032663435840115888,0.0021776577736286563,0.0019675597208910615,0.0019783141684179125
383.4999282545323,0.05392882327340375,0.05263346271913722,0.005301639515090021,0.04778275147511966,0.00326294282141865,0.002177331856216341,0.001967555683949417,0.001978300129942768
383.346490461121,0.053711391906492524,0.05234664067253073,0.005363209363820236,0.04743809023373475,0.003259555270811815,0.002177006694494994,0.0019675517536440787,0.0019782861186244875
383.1930526677097,0.053499025061907644,0.052063523567789045,0.005425715369850603,0.047096183748257636,0.00325618086450335,0.0021766822861350077,0.001967547927257055,0.001978272134385023
383.0396148742966,0.053291570687015746,0.0517841082093325,0.00548916744024788,0.04675701898835068,0.00325281953523411,0.0021763586288157263,0.001967544202136917,0.001978258177146812
382.8861770808853,0.05308877925954672,0.051508391315003454,0.005553575497852526,0.0464205828208247,0.0032494712161704386,0.0021760357202254147,0.00196754057569724,0.00197824424683277
382.73273928747403,0.05289030768637914,0.051236369516938406,0.005618949479247262,0.04608686201254748,0.0032461358409007334,0.0021757135580611963,0.001967537045415082,0.001978230343366283
382.57930149406275,0.05269573099989671,0.05096803936241305,0.005685299332676757,0.045755843233373755,0.0032428133434324476,0.002175392140029028,0.001967533608829493,0.0019782164666711996
382.42586370064964,0.05250454235798826,0.05070339731460769,0.0057526350159305805,0.04542751305903234,0.003239503658188869,0.0021750714638436477,0.0019675302635400595,0.0019782026166718252
382.27242590723836,0.05231619982947336,0.050442439753330584,0.00582096649417998,0.04510185797401711,0.0032362067200061703,0.002174751527228556,0.0019675270072054816,0.001978188793292914
382.1189881138271,0.0521300952038186,0.05018516297564953,0.0058903037377813685,0.04477886437441991,0.003232922464130092,0.0021744323279159474,0.0019675238375421807,0.0019781749964596623
381.9655503204158,0.05194561247291962,0.04993156319649354,0.005960656720030456,0.04445851857078235,0.0032296508262130404,0.0021741138636466894,0.001967520752322938,0.0019781612260977013
381.8121125270027,0.05176209664081736,0.04968163654917457,0.006032035414880001,0.04414080679090429,0.003226391742310982,0.0021737961321702725,0.001967517749375565,0.001978147482133092
381.6586747335914,0.05157893169940744,0.04943537908586589,0.006104449794611237,0.04382571518265498,0.0032231451488805964,0.0021734791312447883,0.001967514826581603,0.0019781337644923175
381.5052369401801,0.05139548994422912,0.049192786777988884,0.006177909827472656,0.0435132298167256,0.0032199109827760614,0.0021731628586368662,0.0019675119818750534,0.0019781200731022776
381.351799146767,0.051211182658676316,0.04895385551656522,0.006252425475270215,0.043203336689395355,0.003216689181246224,0.0021728473121216466,0.001967509213241131,0.0019781064078902818
381.1983613533557,0.05102548740549597,0.04871858111250612,0.006328006690916348,0.04289602172527577,0.003213479681931782,0.0021725324894827517,0.001967506518715053,0.0019780927687840445
381.04492355994444,0.05083791683650426,0.04848695929681437,0.006404663415946212,0.04259127078000087,0.003210282422862156,0.002172218388512227,0.0019675038963808504,0.0019780791557116777
380.89148576653315,0.05064807327558317,0.048258985720752524,0.006482405577984445,0.04228906964293254,0.0032070973424527644,0.0021719050070105154,0.0019675013443702072,0.001978065568601687
380.73804797312005,0.050455629224753176,0.048034655955932266,0.00656124308817684,0.04198940403982226,0.003203924379502095,0.002171592342786413,0.001967498860861326,0.001978052007382964
380.58461017970876,0.05026035855445698,0.04781396549435724,0.00664118583857612,0.04169225963547208,0.0032007634731890285,0.002171280393657045,0.001967496444077821,0.0019780384719847834
380.4311723862975,0.05006209751570481,0.04759690974837764,0.0067222436994970065,0.04139762203633822,0.0031976145630698075,0.0021709691574478074,0.0019674940922876313,0.0019780249623367937
380.2777345928862,0.04986079152550009,0.04738348405060871,0.006804426516822182,0.04110547679314743,0.003194477589075406,0.0021706586319923415,0.001967491803801965,0.0019780114783690167
380.1242967994731,0.04965649906562487,0.047173683653771704,0.006887744109274212,0.04081580940346982,0.0031913524915087033,0.002170348815132492,0.001967489576974262,0.001977998020011839
379.9708590060618,0.0494493332008578,0.04696750373048746,0.006972206265642386,0.04052860531428934,0.003188239211041892,0.0021700397047182828,0.001967487410199185,0.0019779845871960083
379.8174212126505,0.04923953565589806,0.04676493937298337,0.007057822741980308,0.040243849924517024,0.0031851376887135512,0.002169731298607858,0.0019674853019116282,0.001977971179852628
379.66398341923923,0.04902741443479783,0.04656598559276318,0.007144603258755037,0.03996152858751531,0.0031820478659261055,0.0021694235946674596,0.0019674832505857547,0.0019779577979131525
379.5105456258261,0.048813363314889634,0.046370637320200525,0.007232557497963733,0.03968162661357852,0.0031789696844430875,0.002169116590771386,0.0019674812547340504,0.001977944441309383
379.35710783241484,0.048597842352859015,0.046178889404084524,0.007321695100206145,0.039404129272409535,0.0031759030863866425,0.0021688102848019656,0.0019674793129064025,0.001977931109973462
379.20367003900355,0.04838139347988639,0.045990736611081336,0.007412025661729874,0.03912902179553983,0.0031728480142346905,0.0021685046746495037,0.0019674774236892,0.00197791780383787
379.05023224559045,0.04816461321014876,0.04580617362515521,0.007503558731429068,0.03885628937875522,0.0031698044108184383,0.0021681997582122543,0.0019674755857044504,0.00197790452283542
378.89679445217917,0.04794814094446331,0.0456251950469282,0.007596303807806129,0.03858591718449722,0.0031667722193199107,0.0021678955333963956,0.0019674737976089225,0.0019778912668992534
378.7433566587679,0.047732682363000226,0.045447795392959456,0.00769027033590677,0.03831789034421103,0.003163751383269183,0.0021675919981159726,0.0019674720580933037,0.001977878035962836
378.5899188653566,0.04751896263985704,0.04527396909498645,0.007785467704208472,0.038052193960701405,0.003160741846541992,0.0021672891502928773,0.001967470365881381,0.0019778648299599547
378.4364810719435,0.04730774593698599,0.045103710499092946,0.007881905241479971,0.037788813110444706,0.003157743553357151,0.002166986987856805,0.001967468719729237,0.001977851648824711
378.2830432785322,0.0470998120114812,0.0449370138648299,0.007979592213599129,0.03752773284589498,0.003154756448274206,0.0021666855087452337,0.0019674671184244682,0.0019778384924915198
378.1296054851209,0.04689595231679322,0.04477387336425675,0.008078537820347842,0.03726893819773391,0.0031517804761907503,0.0021663847109033674,0.001967465560785418,0.001977825360895104
377.97616769170963,0.046696981699085406,0.044614283080944346,0.008178751192161732,0.037012414177127084,0.00314881558234012,0.0021660845922841176,0.00196746404566043,0.0019778122539704907
377.82272989829653,0.04650369551059376,0.044458237008907484,0.00828024138685359,0.03675814577793645,0.0031458617122888943,0.0021657851508480584,0.001967462571927116,0.0019777991716530084
377.66929210488524,0.04631689300233976,0.04430572905149086,0.00838301738629692,0.03650611797892561,0.003142918811934629,0.0021654863845634088,0.001967461138491646,0.001977786113878283
377.51585431147396,0.04613734613384658,0.044156753020179275,0.008487088093089686,0.036256315745909706,0.0031399868275032573,0.0021651882914059772,0.001967459744288046,0.001977773080582233
377.3624165180627,0.0459658307634229,0.04401130263336941,0.00859246232717456,0.03600872403390989,0.0031370657055468628,0.0021648908693591403,0.0019674583882775235,0.0019777600717010685
377.20897872464957,0.04580304867245341,0.04386937151507472,0.008699148822435939,0.03576332778926427,0.0031341553929412633,0.0021645941164138024,0.0019674570694477966,0.0019777470871712847
377.0555409312383,0.045649689945966423,0.04373095319358471,0.00880715622325931,0.03552011195173072,0.0031312558368838165,0.0021642980305683762,0.00196745578681245,0.0019777341269296613
376.902103137827,0.04550639788356458,0.04359604110005245,0.008916493081074145,0.03527906145653474,0.0031283669848909093,0.002164002609828729,0.001967454539410297,0.001977721190913258
376.7486653444139,0.045373745606712076,0.04346462856704323,0.009027167850856966,0.03504016123641779,0.0031254887847957666,0.0021637078522081586,0.001967453326304762,0.0019777082790594105
376.5952275510026,0.04525224775509102,0.043336708827028704,0.009139188887606382,0.0348033962236593,0.003122621184746285,0.0021634137557273708,0.001967452146583275,0.0019776953913057302
376.4417897575913,0.045142337093888665,0.04321227501081443,0.009252564442803096,0.03456875135204718,0.0031197641332025737,0.002163120318414427,0.001967450999356683,0.001977682527590098
376.28835196418004,0.045044352817440944,0.04309132014593061,0.00936730266083072,0.03433621155885061,0.003116917578934859,0.002162827538304723,0.001967449883758669,0.001977669687850662
376.13491417076693,0.044958560043159866,0.04297383715496257,0.009483411575379196,0.03410576178674982,0.0031140814710212024,0.0021625354134409513,0.0019674487989451935,0.001977656872025835
375.98147637735565,0.04488511862124973,0.04285981885383887,0.009600899105815637,0.03387738698575611,0.003111255758845434,0.0021622439418730816,0.001967447744093941,0.001977644080054294
375.82803858394436,0.04482405194442334,0.04274925795005588,0.009719773053545381,0.03365107211507829,0.0031084403920947756,0.002161953121658308,0.0019674467184037855,0.0019776313118749726
375.6746007905331,0.04477530542968413,0.04264214704086758,0.009840041098336784,0.033426802144990254,0.0031056353207578134,0.0021616629508610305,0.0019674457210942646,0.0019776185674270606
375.52116299712,0.04473867634018762,0.04253847861141888,0.009961710794632532,0.03320456205865581,0.003102840495122286,0.002161373427552817,0.0019674447514050676,0.001977605846650003
375.3677252037087,0.04471386446945257,0.04243824503283971,0.010084789567831723,0.0329843368539431,0.003100055865773094,0.0021610845498123837,0.001967443808595537,0.0019775931494834943
375.2142874102974,0.04470042535593533,0.04234143856028054,0.010209284710566622,0.032766111545186355,0.003097281383589991,0.002160796315725545,0.0019674428919441793,0.0019775804758674783
375.0608496168861,0.044697817068455485,0.04224805133091533,0.010335203378946289,0.03254987116494752,0.0030945169997456273,0.002160508723385193,0.001967442000748189,0.0019775678257421435
374.907411823473,0.04470536121834114,0.04215807536189292,0.01046255258879119,0.03233560076573579,0.0030917626657034087,0.0021602217708912618,0.0019674411343229836,0.001977555199047922
374.7539740300617,0.044722301441211004,0.042071502548252156,0.010591339211842202,0.03212328542171607,0.00308901833321557,0.002159935456350709,0.0019674402920017496,0.0019775425957254873
374.60053623665044,0.044747760510334175,0.04198832466078419,0.010721569971969106,0.03191291023036557,0.00308628395432094,0.002159649777877464,0.0019674394731349983,0.0019775300157157502
374.44709844323734,0.04478078322327036,0.04190853334386394,0.01085325144135113,0.03170446031412702,0.0030835594813430163,0.002159364733592408,0.0019674386770901354,0.001977517458959858
374.29366064982605,0.04482034809822625,0.04183212011324089,0.010986390036643826,0.03149792082203506,0.0030808448668880545,0.0021590803216233537,0.0019674379032510363,0.0019775049253991923
374.14022285641477,0.0448653868679829,0.04175907635378309,0.011120992015147806,0.03129327693129404,0.0030781400638428837,0.0021587965401049926,0.0019674371510176353,0.0019774924149753652
373.9867850630035,0.0449147844798957,0.041689393317193284,0.011257063470950915,0.03109051384885432,0.0030754450253730626,0.0021585133871788818,0.0019674364198055223,0.0019774799276302177
373.8333472695904,0.044967425881320064,0.04162306211968329,0.011394610331069904,0.0308896168129474,0.003072759704920853,0.0021582308609934026,0.001967435709045551,0.0019774674633058187
373.6799094761791,0.04502218042446951,0.04156007373961826,0.011533638351573706,0.03069057109460911,0.0030700840562034124,0.0021579489597037473,0.0019674350181834548,0.0019774550219444614
373.5264716827678,0.045077964246983196,0.04150041901511947,0.011674153113715665,0.030493361999152768,0.0030674180332106666,0.0021576676814718684,0.0019674343466794734,0.001977442603488663
373.3730338893565,0.04513374417071141,0.041444088641642764,0.011816160020043237,0.030297974867640014,0.003064761590203533,0.002157387024466461,0.001967433694007987,0.001977430207881159
373.2195960959434,0.04518852600535914,0.04139107316952115,0.011959664290512657,0.030104395078311173,0.0030621146817119598,0.0021571069868629284,0.0019674330596571605,0.0019774178350649057
373.06615830253213,0.04524142472662457,0.04134136300148183,0.012104670958589848,0.029912608048003404,0.0030594772625331685,0.002156827566843364,0.0019674324431285953,0.001977405484983076
372.91272050912085,0.045291637184700737,0.041294948390128414,0.012251184867365997,0.029722599233519897,0.003056849287729606,0.0021565487625965036,0.00196743184393699,0.001977393157579056
372.75928271570774,0.04533846939577387,0.04125181943540233,0.01239921066565703,0.02953435413299379,0.0030542307126271814,0.0021562705723177063,0.001967431261609811,0.0019773808527964462
372.60584492229646,0.0453813599347362,0.0412119660820178,0.012548752804103079,0.029347858287225855,0.0030516214928135313,0.002155992994208934,0.0019674306956869664,0.001977368570579058
372.45240712888517,0.0454198487449022,0.041175378116868444,0.012699815531285592,0.029163097280976373,0.003049021584136006,0.0021557160264787044,0.001967430145720492,0.001977356310870911
372.2989693354739,0.04545362002464875,0.04114204516641655,0.01285240288983008,0.02898005674425355,0.0030464309426999937,0.0021554396673420743,0.0019674296112742453,0.0019773440736162336
372.1455315420608,0.04548245934077495,0.04111195669405812,0.013006518712524014,0.028798722353563008,0.003043849524867064,0.0021551639150206043,0.001967429091923603,0.0019773318587594578
371.9920937486495,0.045506300413927815,0.041085101997470834,0.013162166618429762,0.028619079833144656,0.003041277287253313,0.002154888767742345,0.0019674285872551683,0.0019773196662452217
371.8386559552382,0.045525166636820165,0.04106147020594034,0.013319350009023283,0.028441114956162628,0.0030387141867274196,0.0021546142237417886,0.0019674280968664873,0.001977307496018364
371.6852181618269,0.04553916717544518,0.04104105027767371,0.01347807206432345,0.02826481354589134,0.0030361601804090163,0.002154340281259853,0.0019674276203657678,0.0019772953480239252
371.5317803684138,0.04554851646300373,0.04102383099709613,0.013638335739042776,0.028090161476863502,0.0030336152256668957,0.002154066938543847,0.0019674271573716083,0.001977283222207143
371.37834257500253,0.045553487414478774,0.04100980097213553,0.013800143758738663,0.027917144676005454,0.00303107928011741,0.0021537941938474573,0.0019674267075127333,0.0019772711185134548
371.22490478159125,0.04555438413513702,0.040998948631493684,0.01396349861599706,0.027745749123726755,0.0030285523016225814,0.0021535220454307,0.0019674262704277336,0.001977259036888491
371.07146698817996,0.045551538021743464,0.040991262221909415,0.014128402566612054,0.027575960855005664,0.0030260342482885303,0.002153250491559907,0.0019674258457648137,0.0019772469772780777
370.91802919476686,0.04554531945891782,0.04098672980541233,0.014294857625793394,0.027407765960437366,0.0030235250784637364,0.0021529795305076905,0.001967425433181546,0.0019772349396282333
370.7645914013556,0.04553605984342509,0.04098533925657049,0.014462865564380218,0.02724115058726969,0.0030210247507374884,0.0021527091605529304,0.00196742503234463,0.001977222923885168
370.6111536079443,0.045524063280531976,0.040987078259732496,0.014632427905094145,0.02707610094039426,0.003018533223938054,0.0021524393799807265,0.0019674246429296593,0.00197721092999528
370.4577158145312,0.04550960268522143,0.0409919343062672,0.014803545918795891,0.026912603283331376,0.00301605045713113,0.0021521701870823814,0.001967424264620891,0.001977198957905157
370.3042780211199,0.04549289638947981,0.04099989469180125,0.014976220620764272,0.026750643939190334,0.0030135764096183,0.002151901580155385,0.001967423897111024,0.001977187007561574
370.1508402277086,0.04547409254715499,0.04101094651345763,0.015150452767017996,0.026590209291588188,0.0030111110409352443,0.002151633557503366,0.001967423540100982,0.0019771750789114896
369.9974024342973,0.0454532808303128,0.041025076667095706,0.015326242850643185,0.02643128578556407,0.0030086543108502574,0.002151366117436079,0.0019674231932996994,0.001977163171902048
369.8439646408842,0.04543047293530965,0.041042271844555674,0.015503591098160758,0.02627385992845809,0.0030062061793625994,0.0021510992582693734,0.001967422856423917,0.0019771512864805744
369.69052684747294,0.045405618177934426,0.04106251853090752,0.015682497465910553,0.026117918290777833,0.0030037666067010364,0.0021508329783251766,0.0019674225291979788,0.001977139422594578
369.53708905406165,0.04537860349340847,0.0410858030017096,0.01586296163648748,0.025963447507022824,0.0030013355533221,0.0021505672759314517,0.001967422211353635,0.0019771275801917453
369.38365126065037,0.045349265132742025,0.04111211132027444,0.01604498301518921,0.025810434276504226,0.0029989129799086554,0.0021503021494221823,0.001967421902629851,0.0019771157592199436
369.23021346723726,0.04531740425787609,0.0411414293349471,0.0162285607265109,0.02565886536413035,0.0029964988473683,0.0021500375971373414,0.0019674216027726205,0.001977103959627216
369.076775673826,0.04528280643560977,0.041173742676394585,0.01641369361066283,0.025508727601179993,0.002994093116831954,0.002149773617422877,0.0019674213115347824,0.0019770921813617834
368.9233378804147,0.04524524553638578,0.04120903675491363,0.016600380220147523,0.025360007886035017,0.002991695749652171,0.002149510208630668,0.001967421028675842,0.001977080424372041
368.7699000870034,0.04520450712700323,0.041247296757751704,0.016788618816354444,0.025212693184908277,0.002989306707401749,0.0021492473691185135,0.0019674207539618015,0.001977068688606558
368.6164622935903,0.04516042745847236,0.04128850764644899,0.016978407366208877,0.025066770532538404,0.0029869259518721836,0.0021489850972500964,0.001967420487164985,0.0019770569740140756
368.463024500179,0.04511288566844357,0.04133265415419791,0.017169743538850136,0.02492222703287274,0.0029845534450722994,0.002148723391394975,0.0019674202280638787,0.0019770452805435083
368.30958670676773,0.045061846667847634,0.041379720783230066,0.017362624702376754,0.0247790498597109,0.0029821891492266116,0.002148462249928537,0.0019674199764429675,0.0019770336081439393
368.1561489133546,0.045007337748182843,0.04142969180222336,0.017557047920617713,0.024637226257342142,0.002979833026773954,0.002148201671231984,0.0019674197320925795,0.0019770219567646213
368.00271111994334,0.04494953435479537,0.041482551243734386,0.017753009949951215,0.02449674354116067,0.0029774850403661195,0.002147941653692316,0.001967419494808732,0.001977010326354976
367.84927332653206,0.044888686009955346,0.0415382829016649,0.017950507236193965,0.024357589098244457,0.002975145152866254,0.002147682195702289,0.001967419264392984,0.0019769987168645918
367.69583553312077,0.04482517869342435,0.041596870328752096,0.018149535911518726,0.02421975038792954,0.002972813327347547,0.002147423295660402,0.0019674190406522886,0.001976987128243223
367.54239773970767,0.04475953094366999,0.04165829683409469,0.01835009179143885,0.024083214942353198,0.002970489527091764,0.002147164951970864,0.0019674188233988555,0.0019769755604407886
367.3889599462964,0.04469235876879661,0.04172254548070867,0.018552170371833425,0.02394797036698595,0.0029681737155879567,0.002146907163043587,0.001967418612450009,0.0019769640134073715
367.2355221528851,0.044624406836829104,0.04178959908312609,0.018755766826052657,0.02381400434112675,0.0029658658565309024,0.002146649927294138,0.001967418407628055,0.0019769524870932188
367.0820843594738,0.044556532880571015,0.04185944020502446,0.018960876002057824,0.0236813046183938,0.0029635659138198414,0.0021463932431437316,0.00196741820876015,0.0019769409814487378
366.9286465660607,0.04448966481096434,0.041932051156900234,0.019167492419635456,0.023549859027185493,0.002961273851557048,0.0021461371090191954,0.0019674180156781748,0.001976929496424497
366.7752087726494,0.044424804615875044,0.042007413993778865,0.019375610267658515,0.023419655471130608,0.0029589896340465843,0.0021458815233529626,0.001967417828218606,0.0019769180319712263
366.62177097923814,0.044363008866165655,0.04208551051297707,0.019585223401435543,0.02329068192950313,0.0029567132257927865,0.0021456264845830264,0.0019674176462223985,0.001976906588039813
366.46833318582685,0.044305357525411544,0.04216632225190183,0.019796325340100354,0.023162926457632974,0.0029544445914990386,0.00214537199115293,0.001967417469534866,0.0019768951645813032
366.31489539241375,0.04425291886083165,0.042249830485902216,0.02000890926408328,0.02303637718728798,0.0029521836960663917,0.0021451180415117386,0.0019674172980055633,0.0019768837615468994
366.16145759900246,0.04420672994936117,0.04233601622616449,0.02022296801263583,0.022911022327045776,0.002949930504592351,0.0021448646341140245,0.001967417131488179,0.001976872378887961
366.0080198055912,0.04416779277886605,0.042424860217668316,0.020438494081450723,0.022786850162631562,0.0029476849823694114,0.002144611767419828,0.00196741696984042,0.0019768610165560026
365.85458201217807,0.04413701576636095,0.042516342937187375,0.020655479620331138,0.02266384905725078,0.0029454470948838416,0.002144359439894642,0.0019674168129239097,0.0019768496745026926
365.7011442187668,0.04411520206165281,0.04261044459134429,0.020873916430933205,0.022542007451902903,0.0029432168078144744,0.0021441076500094006,0.0019674166606040815,0.0019768383526798535
365.5477064253555,0.04410301835705711,0.04270714511473228,0.021093795964606796,0.022421313865663883,0.0029409940870312717,0.002143856396240434,0.0019674165127500777,0.0019768270510394604
365.3942686319442,0.044101018280110676,0.04280642416808478,0.02131510932028749,0.02230175689596501,0.0029387788985941665,0.002143605677069461,0.0019674163692346516,0.0019768157695336398
365.2408308385311,0.044109560519076815,0.04290826113651212,0.021537847242482432,0.022183325218845282,0.0029365712087517475,0.002143355490983557,0.0019674162299340697,0.0019768045081146692
365.0873930451198,0.04412887120351281,0.04301263512779352,0.021762000119320436,0.022066007589194456,0.00293437098394012,0.002143105836475148,0.0019674160947280197,0.001976793266734977
364.93395525170854,0.04415897762491697,0.043119524970745476,0.0219875579807102,0.02194979284096477,0.0029321781907815096,0.002142856712041965,0.0019674159634995186,0.00197678204534714
364.78051745829725,0.04419975502215422,0.04322890921364401,0.022214510496555363,0.021834669887379393,0.0029299927960831393,0.0021426081161870373,0.001967415836134823,0.001976770843903883
364.62707966488415,0.04425089928995787,0.043340766122722314,0.02244284697507029,0.021720627721115618,0.0029278147668359558,0.0021423600474186613,0.001967415712523343,0.00197675966235808
364.47364187147286,0.044311934776500486,0.04345507368073002,0.02267255636116607,0.021607655414479357,0.002925644070213524,0.002142112504250393,0.0019674155925575574,0.0019767485006627512
364.3202040780616,0.04438227276517601,0.04357180958557724,0.022903627234951464,0.021495742119549736,0.0029234806735706723,0.002141865485201006,0.0019674154761329323,0.0019767373587710624
364.1667662846485,0.044461149094032204,0.04369095124903999,0.023136047810299095,0.021384877068319513,0.0029213245444423773,0.002141618988794479,0.001967415363147839,0.001976726236636325
364.0133284912372,0.044547721625407405,0.04381247579553998,0.023369805933502217,0.02127504957281928,0.0029191756505426575,0.002141373013559983,0.0019674152535034788,0.0019767151342119952
363.8598906978259,0.044641039055646786,0.043936360061013875,0.02360488908204886,0.02116624902521408,0.0029170339597632475,0.0021411275580318413,0.0019674151471038037,0.0019767040514516734
363.7064529044146,0.04474008380174252,0.0440625805918468,0.023841284363462296,0.021058464897897543,0.0029148994401725337,0.002140882620749521,0.001967415043855444,0.0019766929883091025
363.5530151110015,0.044843799292832054,0.04419111364389436,0.024078978514253384,0.02095168674356285,0.0029127720600143495,0.0021406382002576033,0.001967414943667637,0.001976681944738167
363.39957731759023,0.04495110556534004,0.04432193518157723,0.024317957898952906,0.02084590419526621,0.002910651787706928,0.0021403942951057756,0.0019674148464521543,0.001976670920692896
363.24613952417894,0.04506090316176374,0.044455020877074335,0.024558208509270114,0.02074110696646277,0.0029085385918416113,0.0021401509038487918,0.0019674147521232354,0.0019766599161274555
363.09270173076766,0.045172143308811585,0.044590346109585594,0.024799715963322706,0.020637284851040567,0.002906432441181824,0.002139908025046462,0.00196741466059752,0.001976648930996155
362.93926393735455,0.04528380452469025,0.04472788596469036,0.025042465504984606,0.020534427723332443,0.0029043333046618984,0.0021396656572636287,0.0019674145717939835,0.0019766379652534413
362.78582614394327,0.04539491991060303,0.04486761523378419,0.025286442003318622,0.020432525538121214,0.002902241151386064,0.002139423799070152,0.0019674144856338723,0.001976627018853902
362.632388350532,0.045504623936175444,0.04500950841362135,0.025531629952141408,0.020331568330618603,0.0029001559506271926,0.0021391824490408764,0.001967414402040645,0.0019766160917522617
362.4789505571207,0.045612097856458665,0.045153539705932104,0.02577801346966436,0.020231546216442672,0.0028980776718257996,0.0021389416057556185,0.001967414320939909,0.0019766051839033823
362.3255127637076,0.04571664768763892,0.0452996830171423,0.026025576298257736,0.020132449391574523,0.002896006284588911,0.002138701267799142,0.001967414242259365,0.0019765942952622633
362.1720749702963,0.04581765742161184,0.04544791195817652,0.026274301804304387,0.020034268132308755,0.0028939417586890774,0.002138461433761147,0.0019674141659287493,0.00197658342578404
362.018637176885,0.045914639710193605,0.04559819984437383,0.02652417297819109,0.01993699279517921,0.0028918840640631558,0.0021382221022362346,0.0019674140918797757,0.0019765725754239834
361.8651993834719,0.04600719297848075,0.045750519695484694,0.026775172434383057,0.01984061381688247,0.002889833170811323,0.0021379832718238924,0.0019674140200460857,0.0019765617441374994
361.71176159006063,0.046095028716348435,0.04590484423576557,0.02702728241160865,0.019745121714188667,0.0028877890491960895,0.0021377449411284838,0.0019674139503631934,0.001976550931880128
361.55832379664935,0.04617794418695219,0.046061145894188915,0.027280484773182626,0.019650507083829632,0.0028857516696411045,0.0021375071087592116,0.001967413882768435,0.0019765401386075427
361.40488600323806,0.04625585361701167,0.04621939680473586,0.02753476100741223,0.019556760602386473,0.0028837210027302168,0.002137269773330108,0.001967413817200919,0.0019765293642755506
361.25144820982496,0.04632874531017045,0.0463795688068015,0.027790092228134822,0.019463873026158342,0.002881697019206392,0.0021370329334600095,0.0019674137536014767,0.0019765186088400908
361.0980104164137,0.04639668164699607,0.04654163344569184,0.02804645917535205,0.019371835191026244,0.0028796796899707854,0.002136796587772548,0.0019674136919126174,0.001976507872257234
360.9445726230024,0.046459814680121884,0.04670556197324385,0.028303842216009744,0.019280638012294394,0.0028776689860815774,0.002136560734896113,0.00196741363207848,0.0019764971544831826
360.7911348295911,0.0465183549439633,0.04687132534853177,0.028562221344864032,0.019190272484531402,0.0028756648787530647,0.0021363253734638468,0.001967413574044789,0.00197648645547427
360.637697036178,0.04657259094864515,0.047038894238691176,0.0288215761854829,0.01910072968139392,0.002873667339354608,0.002136090502113613,0.001967413517758812,0.0019764757751869577
360.4842592427667,0.0466228579897179,0.04720823901983852,0.029081885991347405,0.019012000755445863,0.002871676339409734,0.002135856119487995,0.001967413463169315,0.0019764651135778387
360.3308214493554,0.046669538148157684,0.04737932977811887,0.02934312964710249,0.018924076937956603,0.002869691850595003,0.0021356222242342538,0.0019674134102265228,0.001976454470603635
360.17738365594414,0.04671307588550814,0.047552136310843124,0.029605285669896658,0.018836949538699372,0.0028677138447391285,0.0021353888150043242,0.0019674133588820798,0.0019764438462211947
360.02394586253104,0.04675396244873858,0.0477266281277473,0.02986833221086035,0.018750609945733333,0.0028657422938219534,0.002135155890454787,0.0019674133090890073,0.0019764332403874956
359.87050806911975,0.046792700781174694,0.04790277445235054,0.03013224705668657,0.01866504962518185,0.002863777169973581,0.0021349234492468623,0.00196741326080167,0.001976422653059642
359.71707027570847,0.04682988349820803,0.04808054422344576,0.03039700763136414,0.018580260120991,0.0028618184454732754,0.0021346914900463743,0.001967413213975734,0.001976412084194866
359.56363248229536,0.04686611101280107,0.048259906096684284,0.030662590998005158,0.01849623305468779,0.0028598660927485805,0.0021344600115237393,0.001967413168568136,0.0019764015337505225
359.4101946888841,0.046902026624556455,0.048440828446273565,0.030928973860794587,0.018412960125129076,0.0028579200843744457,0.0021342290123539547,0.001967413124537043,0.001976391001684096
359.2567568954728,0.046938308722146084,0.0486232793668081,0.031196132567091472,0.018330433108232538,0.0028559803930721496,0.0021339984912165655,0.001967413081841822,0.001976380487953194
359.1033191020615,0.04697567078331107,0.048807226675193896,0.03146404310962207,0.018248643856708793,0.0028540469917084626,0.002133768446795655,0.0019674130404430047,0.001976369992515548
358.9498813086484,0.0470148457797199,0.048992637912700865,0.031732681128815686,0.01816758429977905,0.002852119853294677,0.002133538877779822,0.001967413000302256,0.0019763595153290143
358.7964435152371,0.04705659007575387,0.04917948034711799,0.03200202191524562,0.018087246442890132,0.0028501989509857823,0.0021333097828621713,0.001967412961382342,0.001976349056351573
358.64300572182583,0.047101667833365224,0.04936772097504667,0.03227204041222641,0.018007622367411776,0.002848284258079418,0.0021330811607402807,0.0019674129236471,0.0019763386155413256
358.48956792841454,0.047150866607219025,0.049557326524289,0.032542711218503884,0.017928704230335598,0.0028463757480150613,0.002132853010116192,0.001967412887061408,0.001976328192856498
358.33613013500144,0.04720495055926752,0.049748263456366175,0.03281400859108919,0.017850484263960555,0.0028444733943730864,0.0021326253296963887,0.0019674128515911548,0.001976317788255436
358.18269234159015,0.04726467215510654,0.049940497969140955,0.03308590644819856,0.01777295477557646,0.002842577170873962,0.0021323981181917873,0.001967412817203215,0.0019763074016966083
358.02925454817887,0.04733077216397549,0.05013399599958054,0.033358378372350284,0.01769610814713092,0.0028406870513772355,0.002132171374317704,0.001967412783865417,0.0019762970331386044
357.8758167547676,0.04740393677211722,0.05032872322661463,0.03363139761355463,0.017619936834898386,0.0028388030098807455,0.002131945096793847,0.0019674127515465203,0.0019762866825401328
357.7223789613545,0.04748479368399249,0.05052464507412544,0.03390493709264812,0.017544433369136744,0.0028369250205197037,0.002131719284344293,0.001967412720216187,0.001976276349860023
357.5689411679432,0.04757391991985095,0.050721726714042036,0.03417896940473352,0.017469590353742567,0.0028350530575659222,0.0021314939356974804,0.001967412689844958,0.0019762660350572244
357.4155033745319,0.047671810625447376,0.050919933069576206,0.03445346682277696,0.017395400465890845,0.002833187095426821,0.0021312690495861744,0.001967412660404226,0.0019762557380908043
357.2620655811188,0.047778867375685236,0.051119228818555885,0.03472840130130074,0.017321856455676514,0.0028313271086446443,0.00213104462474746,0.001967412631866215,0.0019762454589199487
357.1086277877075,0.04789540597218765,0.05131957839687682,0.035003744480200515,0.017248951145749616,0.0028294730718956777,0.0021308206599227287,0.001967412604203954,0.0019762351975039626
356.95518999429623,0.048021629151799104,0.051520946002093566,0.035279467688715996,0.017176677430936746,0.0028276249599892803,0.002130597153857648,0.0019674125773912563,0.0019762249538022667
356.80175220088495,0.048157630485370875,0.05172329559710516,0.03555554194949301,0.01710502827786539,0.002825782747867136,0.0021303741053021537,0.0019674125514026948,0.0019762147277744006
356.64831440747184,0.04830339827654656,0.05192659091397285,0.03583193798278856,0.01703399672457751,0.002823946410602386,0.002130151513010426,0.0019674125262135844,0.001976204519380019
356.49487661406056,0.04845881556176204,0.05213079545784108,0.03610862621077936,0.016963575880142724,0.00282211592339889,0.0021299293757408846,0.001967412501799958,0.001976194328578894
356.3414388206493,0.04862365231267455,0.052335872510999915,0.03638557676202569,0.016893758924257964,0.002820291261590284,0.002129707692256154,0.001967412478138547,0.001976184155330912
356.188001027238,0.0487976005252319,0.0525417851370404,0.036662759476024515,0.01682453910685036,0.002818472400639256,0.0021294864613230595,0.0019674124552067625,0.001976173999596076
356.0345632338249,0.0489802625233161,0.05274849618514084,0.036940143907903615,0.016755909747670373,0.0028166593161366993,0.002129265681712601,0.0019674124329826744,0.001976163861334503
355.8811254404136,0.04917116265509973,0.05295596829445472,0.03721769933321695,0.01668786423588503,0.002814851983801001,0.0021290453521999497,0.0019674124114449952,0.001976153740506425
355.7276876470023,0.04936978628090066,0.053164163898638477,0.03749539475289273,0.0166203960296586,0.002813050379477119,0.002128825471564415,0.0019674123905730583,0.0019761436370721863
355.5742498535892,0.0495755758743966,0.05337304523047234,0.037773198898271416,0.016553498655736194,0.002811254479135864,0.002128606038589435,0.0019674123703468036,0.0019761335509922463
355.4208120601779,0.049787985605621664,0.05358257432659522,0.038051080236262004,0.01648716570902315,0.0028094642588731775,0.0021283870520625667,0.001967412350746759,0.0019761234822271777
355.26737426676664,0.05000645404946807,0.05379271303237565,0.03832900697464565,0.016421390852153255,0.002807679694909234,0.0021281685107754555,0.0019674123317540227,0.0019761134307376637
355.11393647335535,0.050230450971111826,0.05400342300687075,0.03860694706746299,0.01635616781506107,0.002805900763587751,0.002127950413523828,0.001967412313350249,0.001976103396484502
354.96049867994225,0.050459504617510975,0.05421466572791213,0.038884868220536994,0.016291490394545877,0.0028041274413751873,0.002127732759107471,0.0019674122955176307,0.0019760933794286
354.80706088653096,0.05069321341376205,0.05442640249728779,0.03916273789709058,0.01622735245383669,0.002802359704860066,0.002127515546330224,0.0019674122782388846,0.0019760833795309783
354.6536230931197,0.05093123036795817,0.05463859444605953,0.039440523323510814,0.016163747922146292,0.002800597530752096,0.0021272987739999498,0.0019674122614972366,0.001976073396752767
354.5001852997084,0.051173333249327504,0.054851202539964346,0.03971819149519261,0.016100670794229718,0.0027988408958815074,0.002127082440928526,0.001967412245276407,0.0019760634310552073
354.3467475062953,0.05141937390402216,0.05506418758493919,0.039995709182513335,0.01603811512993514,0.0027970897771982667,0.002126866545931825,0.0019674122295605953,0.0019760534823996504
354.193309712884,0.05166932114175839,0.055277510232737546,0.04027304293689766,0.015976075053756353,0.0027953441517714252,0.0021266510878297086,0.0019674122143344686,0.0019760435507475567
354.0398719194727,0.051923252938245595,0.0554911309866773,0.04055015909702397,0.015914544754375072,0.0027936039967882604,0.0021264360654459956,0.001967412199583147,0.001976033636060497
353.88643412606143,0.052181340840044485,0.05570501020746799,0.0408270237951051,0.01585351848420811,0.0027918692895536326,0.0021262214776084564,0.0019674121852921896,0.0019760237383001492
353.7329963326483,0.052443830470639705,0.05591910811915671,0.04110360296329476,0.015792990558947676,0.0027901400074892215,0.002126007323148792,0.001967412171447584,0.0019760138574283015
353.57955853923704,0.052711061024367206,0.05613338481516078,0.04137986234017861,0.015732955357103694,0.0027884161281328933,0.0021257936009026293,0.001967412158035732,0.0019760039934068486
353.42612074582576,0.05298342237977405,0.056347800264426734,0.04165576747740093,0.01567340731953685,0.0027866976291378654,0.002125580309709488,0.0019674121450434403,0.0019759941461977943
353.27268295241265,0.053261343403262,0.0565623143176656,0.04193128374636321,0.015614340948996032,0.002784984488272061,0.0021253674484127748,0.0019674121324579053,0.001975984315763248
353.11924515900137,0.053545260758803774,0.056776886713685984,0.042206376345022334,0.015555750809653907,0.0027832766834174705,0.002125155015859774,0.001967412120266705,0.001975974502065427
352.9658073655901,0.053835603312801135,0.05699147708584634,0.04248101030481617,0.015497631526634404,0.002781574192569331,0.0021249430109016184,0.0019674121084577857,0.0019759647050666554
352.8123695721788,0.05413276484258661,0.05720604496857641,0.04275515049765278,0.015439977785545653,0.002779876993835517,0.002124731432393281,0.0019674120970194536,0.0019759549247293623
352.6589317787657,0.05443708454249616,0.05742054980400703,0.043028761643013586,0.015382784332007259,0.0027781850654358146,0.0021245202791935576,0.0019674120859403616,0.0019759451610160835
352.5054939853544,0.05474879633965801,0.057634950948675795,0.04330180831512974,0.015326045971180344,0.0027764983857013195,0.0021243095501650607,0.0019674120752095027,0.0019759354138894594
352.3520561919431,0.055068060084276456,0.05784920768034788,0.043574254950281666,0.015269757567289592,0.0027748169330736377,0.002124099244174188,0.001967412064816197,0.0019759256833122357
352.19861839853183,0.055394891371493386,0.058063279204899045,0.043846065854154924,0.015213914043150995,0.0027731406861042965,0.002123889360091119,0.0019674120547500842,0.0019759159692472623
352.04518060511873,0.05572916154138827,0.05827712466329976,0.04411720520930234,0.015158510379694623,0.0027714696234540357,0.002123679896789794,0.001967412045001113,0.0019759062716574937
351.89174281170745,0.05607062497047645,0.05849070313866819,0.04438763708267168,0.015103541615490493,0.002769803723892224,0.0021234708531479092,0.0019674120355595336,0.0019758965905059883
351.73830501829616,0.05641886448871257,0.058703973663430296,0.044657325433248025,0.015049002846267139,0.0027681429662960826,0.0021232622280468864,0.0019674120264158877,0.0019758869257559073
351.5848672248849,0.05677331867098887,0.05891689522653481,0.04492623411974473,0.01499488922443621,0.0027664873296501112,0.0021230540203718688,0.001967412017561,0.0019758772773705155
351.43142943147177,0.05713328183713516,0.05912942678076114,0.045194326908391896,0.014941195958612624,0.0027648367930454,0.002122846229011701,0.0019674120089859712,0.0019758676453131806
351.2779916380605,0.057497931343417144,0.0593415272500881,0.04546156748078203,0.014887918313138186,0.0027631913356790617,0.0021226388528589237,0.0019674120006821687,0.0019758580295473715
351.1245538446492,0.05786631978496545,0.059553155537161416,0.04572791944182134,0.014835051607598602,0.0027615509368534774,0.0021224318908097456,0.0019674119926412197,0.001975848430036661
350.9711160512361,0.05823739838848849,0.05976427053080995,0.04599334632772402,0.014782591216346098,0.002759915575975717,0.002122225341764034,0.0019674119848550027,0.001975838846744721
350.8176782578248,0.058610071595269014,0.05997483111363135,0.04625781161407585,0.01473053256802188,0.0027582852325569686,0.00212201920462531,0.0019674119773156412,0.001975829279635327
350.6642404644135,0.0589832009599496,0.06018479616966698,0.04652127872399313,0.01467887114507312,0.0027566598862117948,0.0021218134783007165,0.001967411970015495,0.0019758197286723544
350.51080267100224,0.05935563634081642,0.06039412459211657,0.046783711036314374,0.01462760248327629,0.002755039516657588,0.0021216081617010177,0.0019674119629471552,0.001975810193819779
350.35736487758913,0.05972623539372657,0.060602775291129875,0.04704507189387283,0.014576722171257075,0.002753424103713915,0.002121403253740575,0.0019674119561034365,0.001975800675041677
350.20392708417785,0.06009391425631923,0.06081070720164336,0.04730532461180981,0.014526225850014274,0.0027518136273019782,0.002121198753337347,0.0019674119494773696,0.0019757911723022243
350.05048929076656,0.06045768653587032,0.061017879291298996,0.04756443248597586,0.014476109212438124,0.002750208067443894,0.0021209946594128574,0.001967411943062197,0.001975781685565697
349.8970514973553,0.060816636017794246,0.06122425056839289,0.04782235880135512,0.014426368002835206,0.0027486074042621616,0.0021207909708921917,0.0019674119368513657,0.001975772214796469
349.7436137039422,0.06116999854013877,0.06142978008989128,0.04807906684055993,0.014376998016450437,0.0027470116179790275,0.0021205876867039794,0.0019674119308385196,0.0019757627599590144
349.5901759105309,0.06151715029722859,0.06163442696948143,0.04833451989235605,0.014327995098993265,0.0027454206889159618,0.002120384805780388,0.001967411925017497,0.0019757533210179048
349.4367381171196,0.06185761953602176,0.06183815038569399,0.04858868126026454,0.014279355146158891,0.0027438345974929524,0.0021201823270570954,0.001967411919382323,0.0019757438979378108
349.2833003237083,0.06219111384760798,0.062040909590045344,0.04884151427117678,0.014231074103156216,0.0027422533242279935,0.002119980249473286,0.0019674119139272022,0.0019757344906834993
349.1298625302952,0.0625174811793539,0.06224266391523642,0.0490929822840283,0.014183147964233308,0.0027406768497364644,0.0021197785719716303,0.0019674119086465175,0.0019757250992198366
348.9764247368839,0.06283676831668518,0.062443372783376014,0.04934304869849274,0.014135572772207394,0.0027391051547306215,0.002119577293498284,0.0019674119035348217,0.0019757157235117846
348.82298694347264,0.06314915850251893,0.06264299571426431,0.04959167696374066,0.01408834461799027,0.00273753822001891,0.002119376413002856,0.001967411898586833,0.0019757063635244027
348.66954915005954,0.06345498313362012,0.06284149233368824,0.04983883058720361,0.014041459640120123,0.0027359760265054517,0.0021191759294384056,0.0019674118937974315,0.001975697019222846
348.51611135664825,0.06375467107639057,0.06303882238174793,0.05008447314336797,0.013994914024294609,0.0027344185551895273,0.0021189758417614335,0.0019674118891616532,0.001975687690572368
348.36267356323697,0.06404877985715256,0.06323494572123181,0.05032856828262139,0.01394870400290028,0.0027328657871649033,0.0021187761489318553,0.0019674118846746843,0.0019756783775383142
348.2092357698257,0.06433792158522496,0.06342982234599324,0.05057107974009345,0.013902825854549092,0.0027313177036193447,0.0021185768499129972,0.0019674118803318596,0.0019756690800861285
348.0557979764126,0.0646227473577814,0.0636234123893634,0.050811971344534364,0.013857275903613072,0.0027297742858340226,0.002118377943671578,0.0019674118761286562,0.001975659798181349
347.9023601830013,0.06490393166470826,0.0638156761325692,0.051051207027193894,0.013812050519763884,0.0027282355151830324,0.002118179429177705,0.001967411872060689,0.001975650531789609
347.74892238959,0.06518211000803727,0.06400657401319035,0.05128875083074341,0.013767146117508629,0.002726701373132738,0.0021179813054048474,0.001967411868123707,0.0019756412808766355
347.5954845961787,0.06545790619344373,0.06419606663360695,0.05152456691818081,0.013722559155732814,0.002725171841241295,0.002117783571329831,0.001967411864313591,0.0019756320454082507
347.4420468027656,0.06573182706303882,0.06438411476947067,0.05175861958176083,0.013678286137241858,0.0027236469011580784,0.0021175862259328214,0.0019674118606263463,0.001975622825350369
347.28860900935433,0.06600430928079526,0.06457067937816968,0.05199087325191403,0.013634323608307648,0.002722126534623212,0.002117389268197321,0.001967411857058102,0.0019756136206690008
347.13517121594305,0.06627566085076521,0.06475572160732031,0.05222129250619576,0.01359066815821176,0.0027206107234669288,0.00211719269711014,0.001967411853605106,0.0019756044313302473
346.98173342252994,0.06654605721829486,0.06493920280323935,0.052449842078209075,0.013547316418795387,0.0027190994496090934,0.002116996511661393,0.001967411850263721,0.001975595257300304
346.82829562911866,0.06681552957366796,0.06512108451941487,0.05267648686652416,0.013504265064011246,0.002717592695058729,0.00211680071084449,0.0019674118470304224,0.0019755860985454588
346.67485783570737,0.06708394925696401,0.06530132852499154,0.05290119194361481,0.013461510809472981,0.002716090441913386,0.0021166052936561126,0.001967411843901794,0.0019755769550320918
346.5214200422961,0.06735104725198551,0.06547989681322584,0.053123922564757564,0.013419050412011805,0.0027145926723586957,0.0021164102590962085,0.001967411840874524,0.0019755678267266747
346.367982248883,0.06761641418625805,0.06565675160994318,0.053344644176933534,0.01337688066923232,0.002713099368667815,0.002116215606167975,0.001967411837945404,0.0019755587135957707
346.2145444554717,0.06787947303953198,0.06583185538196805,0.05356332242769792,0.013334998419073568,0.0027116105132009884,0.0021160213338778555,0.0019674118351113244,0.001975549615606036
346.0611066620604,0.0681395610182773,0.06600517084555749,0.05377992317405583,0.013293400539367357,0.0027101260884049285,0.002115827441235513,0.0019674118323692712,0.0019755405327242155
345.9076688686491,0.06839589056782894,0.06617666097479304,0.053994412491289,0.013252083947403976,0.0027086460768123853,0.002115633927253827,0.001967411829716324,0.001975531464917147
345.754231075236,0.06864758836024147,0.06634628900996144,0.05420675668177193,0.013211045599497241,0.0027071704610416034,0.002115440790948876,0.001967411827149653,0.0019755224121517567
345.60079328182474,0.0688937264845729,0.0665140184658964,0.05441692228374363,0.013170282490554987,0.0027056992237958983,0.0021152480313399334,0.001967411824666516,0.0019755133743950626
345.44735548841345,0.06913334973838292,0.06667981314031025,0.05462487608007186,0.013129791653647086,0.0027042323478630513,0.0021150556474494437,0.0019674118222642555,0.001975504351614172
345.29391769500216,0.06936547952651839,0.06684363712207234,0.0548305851069566,0.013089570159580878,0.0027027698161148903,0.002114863638303018,0.0019674118199402967,0.0019754953437762816
345.14047990158906,0.06958917624168091,0.06700545479946315,0.05503401666260955,0.013049615116476246,0.0027013116115067646,0.002114672002929416,0.0019674118176921445,0.001975486350848677
344.9870421081778,0.06980350417535751,0.06716523086837743,0.05523513831587715,0.013009923669346148,0.0026998577170771285,0.0021144807403605456,0.0019674118155173824,0.0019754773727987344
344.8336043147665,0.07000762118988656,0.06732293034050357,0.05543391791484227,0.012970492999674971,0.0026984081159469545,0.0021142898496314343,0.001967411813413668,0.0019754684095939163
344.6801665213534,0.0702007748196722,0.06747851855144017,0.05563032359535584,0.012931320325003916,0.0026969627913193085,0.002114099329780226,0.001967411811378732,0.0019754594612017744
344.5267287279421,0.07038227108090069,0.067631961168764,0.055824323789517266,0.012892402898518927,0.0026955217264789224,0.0021139091798481747,0.001967411809410377,0.00197545052758995
344.3732909345308,0.07055156414360612,0.06778322420006246,0.05601588723412098,0.012853738008637244,0.0026940849047916195,0.0021137193988796186,0.0019674118075064715,0.0019754416087261703
344.21985314111953,0.07070822124260126,0.06793227400089266,0.056204982979021885,0.012815322978601319,0.0026926523097039142,0.002113529985921979,0.001967411805664954,0.0019754327045782504
344.0664153477064,0.07085193437383393,0.06807907728269284,0.056391580395453535,0.012777155166072758,0.0026912239247425104,0.0021133409400257413,0.0019674118038838246,0.001975423815114093
343.91297755429514,0.07098252419317247,0.0682236011206223,0.05657564918426893,0.012739231962731776,0.0026897997335139073,0.002113152260244455,0.0019674118021611475,0.001975414940301688
343.75953976088385,0.07109995951033313,0.06836581296135422,0.056757159384136155,0.012701550793874992,0.0026883797197038354,0.0021129639456347058,0.0019674118004950466,0.0019754060801091115
343.60610196747257,0.07120431440223984,0.0685056806307837,0.05693608137964153,0.01266410911802059,0.00268696386707687,0.002112775995256115,0.0019674117988837054,0.0019753972345045254
343.45266417405946,0.07129577990938069,0.06864317234167541,0.057112385909332576,0.012626904426513656,0.00268555215947594,0.002112588408171321,0.001967411797325364,0.0019753884034561784
343.2992263806482,0.07137466403580782,0.06877825670122804,0.0572860440736719,0.012589934243137119,0.002684144580821948,0.0021124011834459796,0.001967411795818317,0.001975379586932405
343.1457885872369,0.07144136835642473,0.06891090271857855,0.05745702734293254,0.012553196123721157,0.0026827411151132178,0.002112214320148737,0.001967411794360914,0.0019753707849016248
342.9923507938256,0.07149637632062976,0.06904107981221043,0.057625307564989826,0.01251668765576,0.0026813417464251186,0.0021120278173512265,0.001967411792951555,0.0019753619973323427
342.8389130004125,0.0715402337583888,0.06916875781728925,0.05779085697304034,0.012480406458029055,0.002679946458909589,0.002111841674128055,0.0019674117915886914,0.0019753532241931493
342.6854752070012,0.07157356447537716,0.0692939069929036,0.05795364819322052,0.012444350180207599,0.0026785552367947652,0.0021116558895567994,0.001967411790270823,0.0019753444654527184
342.53203741358993,0.0715970117711975,0.06941649802923285,0.05811365425215358,0.012408516502500178,0.002677168064384443,0.002111470462717981,0.0019674117889964967,0.00197533572107981
342.37859962017683,0.07161125013573622,0.06953650205461,0.05827084858438439,0.012372903135264918,0.0026757849260576954,0.002111285392695062,0.0019674117877643052,0.0019753269910432665
342.22516182676554,0.07161697745159257,0.06965389064249077,0.05842520503971778,0.012337507818644788,0.0026744058062684933,0.0021111006785744396,0.001967411786572886,0.001975318275312015
342.07172403335426,0.07161489160136578,0.06976863581833874,0.05857669789047362,0.012302328322198162,0.002673030689545177,0.0021109163194454237,0.001967411785420919,0.0019753095738550665
341.918286239943,0.071605706062797,0.06988071006639641,0.05872530183862045,0.012267362444536634,0.002671659560490097,0.002110732314400232,0.0019674117843071267,0.0019753008866415147
341.76484844652987,0.07159007973063072,0.06999008633636232,0.058870992022814636,0.012232608012963355,0.0026702924037791606,0.0021105486625339768,0.0019674117832302715,0.0019752922136405363
341.6114106531186,0.07156867929718247,0.07009673804995492,0.059013744025320856,0.012198062883116995,0.0026689292041614777,0.002110365362944661,0.001967411782189155,0.0019752835548213906
341.4579728597073,0.07154215975841129,0.07020063910738182,0.059153533878838815,0.012163724938614597,0.002667569946458845,0.0021101824147331553,0.0019674117811826165,0.001975274910153421
341.304535066296,0.07151110593213778,0.07030176389368534,0.059290338073199104,0.012129592090701687,0.0026662146155654017,0.002109999817003194,0.001967411780209533,0.001975266279606051
341.1510972728829,0.07147610653496798,0.07040008728498255,0.059424133561953,0.012095662277903024,0.0026648631964471797,0.002109817568861362,0.0019674117792688158,0.0019752576631487865
340.9976594794716,0.07143767620658405,0.07049558465458257,0.05955489776883387,0.01206193346567886,0.002663515674141766,0.002109635669417092,0.001967411778359412,0.0019752490607512167
340.84422168606034,0.07139632178909713,0.07058823187899746,0.059682608594113035,0.0120284036460803,0.002662172033757797,0.002109454117782639,0.001967411777480302,0.0019752404723830104
340.69078389264905,0.07135248384526544,0.07067800534382011,0.059807244420815836,0.011995070837411796,0.0026608322604746207,0.00210927291307308,0.001967411776630498,0.001975231898013918
340.53734609923595,0.0713065678487779,0.07076488194948657,0.05992878412082086,0.011961933083894372,0.002659496339541866,0.0021090920544062997,0.0019674117758090434,0.001975223337613772
340.38390830582466,0.07125893248789782,0.07084883911690588,0.060047207060821624,0.011928988455334306,0.0026581642562791058,0.002108911540902985,0.001967411775015014,0.001975214791152484
340.2304705124134,0.07120987796910642,0.07092985479297256,0.06016249310817162,0.011896235046791041,0.00265683599607537,0.0021087313716866055,0.001967411774247513,0.0019752062586000465
340.0770327190003,0.07115964601710291,0.07100790745593931,0.06027462263658279,0.011863670978251736,0.002655511544388798,0.002108551545883407,0.0019674117735056736,0.0019751977399265325
339.923594925589,0.0711084315711608,0.07108297612065782,0.06038357653168908,0.011831294394308918,0.0026541908867462973,0.002108372062622407,0.001967411772788655,0.001975189235102095
339.7701571321777,0.0710563788863425,0.07115504034369304,0.06048933619648384,0.01179910346383779,0.002652874008743062,0.002108192921035374,0.0019674117720956457,0.0019751807440969655
339.6167193387664,0.07100352695050272,0.07122408022829123,0.06059188355660395,0.01176709637968051,0.0026515608960422515,0.002108014120256822,0.001967411771425858,0.001975172266881456
339.4632815453533,0.07094991865028163,0.07129007642921442,0.06069120106547972,0.01173527135833129,0.002650251534374574,0.0021078356594239987,0.001967411770778531,0.0019751638034259567
339.309843751942,0.07089546821239891,0.07135301015742926,0.06078727170933327,0.011703626639626898,0.0026489459095379725,0.0021076575376768832,0.0019674117701529267,0.001975155353700938
339.15640595853074,0.07084005867329041,0.07141286318466011,0.06088007901204271,0.011672160486436427,0.0026476440073971525,0.002107479754158162,0.0019674117695483322,0.001975146917676948
339.00296816511946,0.07078349899246807,0.07146961784778978,0.06096960703984619,0.011640871184358057,0.0026463458138832703,0.002107302308013227,0.001967411768964056,0.0019751384953246125
338.84953037170635,0.0707255357488763,0.07152325705311773,0.06105584040590302,0.011609757041416566,0.0026450513149935276,0.002107125198390163,0.001967411768399431,0.0019751300866146368
338.69609257829507,0.07066584534332104,0.07157376428046545,0.06113876427469666,0.011578816387766196,0.0026437604967908656,0.0021069484244397433,0.0019674117678538093,0.001975121691517803
338.5426547848838,0.0706040846826809,0.07162112358713808,0.06121836436629435,0.011548047575392902,0.0026424733454035038,0.0021067719853154095,0.0019674117673265643,0.0019751133100049715
338.3892169914707,0.07053982490055406,0.07166531961172748,0.06129462696044202,0.011517448977823048,0.0026411898470246214,0.0021065958801732656,0.0019674117668170912,0.0019751049420470798
338.2357791980594,0.07047264102932428,0.07170633757776251,0.061367538900503005,0.01148701898983508,0.00263990998791204,0.0021064201081720762,0.001967411766324803,0.001975096587615142
338.0823414046481,0.07040205351837864,0.071744163297208,0.061437087597246164,0.011456756027171056,0.0026386337543877715,0.0021062446684732426,0.001967411765849132,0.00197508824668025
337.9289036112368,0.07032761790617348,0.07177878317380172,0.06150326103246488,0.011426658526254848,0.0026373611328377217,0.002106069560240801,0.0019674117653895296,0.001975079919213572
337.7754658178237,0.070248846844525,0.07181018420623596,0.061566047762439874,0.011396724943911179,0.002636092109711303,0.00210589478264141,0.0019674117649454634,0.0019750716051863517
337.62202802441243,0.0701653387585297,0.07183835399117654,0.061625436921234455,0.011366953757089904,0.0026348266715211428,0.0021057203348443473,0.00196741176451642,0.00197506330456991
337.46859023100114,0.07007668427571319,0.0718632807261248,0.06168141822383307,0.011337343462589689,0.002633564804842639,0.0021055462160214887,0.001967411764101901,0.001975055017335644
337.31515243758986,0.06998255979688138,0.07188495321211284,0.061733981969106726,0.011307892576788301,0.002632306496313675,0.0021053724253473054,0.001967411763701426,0.0019750467434550257
337.16171464417675,0.06988271579976418,0.07190336085623747,0.06178311904261612,0.011278599635373768,0.0026310517326342407,0.002105198961998852,0.0019674117633145284,0.001975038482899602
337.00827685076547,0.0697769885353718,0.07191849367402799,0.06182882091924336,0.011249463193080591,0.0026298005005661474,0.002105025825155763,0.001967411762940757,0.001975030235640996
336.8548390573542,0.06966533511706408,0.07193034229164978,0.06187107966566051,0.011220481823425485,0.0026285527869325974,0.002104853014000232,0.0019674117625796766,0.0019750220016509054
336.7014012639429,0.06954783352055041,0.07193889794793917,0.061909887942622366,0.011191654118449551,0.002627308578617903,0.0021046805277170092,0.0019674117622308644,0.0019750137809011028
336.5479634705298,0.06942467868510435,0.07194415249627135,0.06194523900709184,0.011162978688461299,0.0026260678625671186,0.00210450836549339,0.0019674117618939126,0.001975005573363434
336.3945256771185,0.06929622150141823,0.0719460984062592,0.06197712671419095,0.011134454161784664,0.002624830625785764,0.002104336526519212,0.001967411761568426,0.001974997379009822
336.2410878837072,0.06916293762131948,0.071944728765283,0.06200554551898356,0.011106079184506547,0.0026235968553394023,0.0021041650099868324,0.0019674117612540226,0.0019749891978122604
336.0876500902941,0.06902544695169793,0.07194003727984916,0.062030490478080846,0.011077852420230311,0.002622366538353355,0.0021039938150911267,0.0019674117609503328,0.0019749810297428182
335.93421229688283,0.068884490261793,0.07193201827677884,0.06205195725107379,0.011049772549832144,0.0026211396620124125,0.002103822941029484,0.0019674117606569993,0.0019749728747736387
335.78077450347155,0.06874095647469197,0.07192066670422406,0.0620699421017936,0.011021838271217277,0.0026199162135604214,0.0021036523870017858,0.001967411760373675,0.0019749647328769363
335.62733671006026,0.06859582028676253,0.07190597813251247,0.06208444189939423,0.010994048299082414,0.0026186961803000186,0.002103482152210406,0.001967411760100027,0.001974956604025001
335.47389891664716,0.06845015776279456,0.07188794875481894,0.06209545411926118,0.010966401364679,0.0026174795495922778,0.0021033122358601955,0.0019674117598357304,0.0019749484881901934
335.3204611232359,0.06830513463964376,0.07186657538766562,0.06210297684374363,0.010938896215581275,0.002616266308856446,0.0021031426371584823,0.001967411759580473,0.001974940385344948
335.1670233298246,0.06816192835052227,0.07184185547124625,0.06210700876271172,0.010911531615453857,0.002615056445569539,0.0021029733553150497,0.001967411759333951,0.001974932295461772
335.0135855364133,0.06802178260799523,0.07181378706957944,0.06210754917393633,0.010884306343825402,0.0026138499472660825,0.0021028043895421357,0.0019674117590958717,0.0019749242185132434
334.8601477430002,0.06788591383312946,0.0717823688704865,0.062104597983292945,0.010857219195863046,0.0026126468015377673,0.0021026357390544204,0.0019674117588659524,0.001974916154472013
334.7067099495889,0.06775552285184991,0.07174760018539808,0.06209815570478923,0.010830268982151545,0.0026114469960331938,0.002102467403069022,0.0019674117586439186,0.0019749081033108035
334.5532721561776,0.06763175980587043,0.07170948094898272,0.06208822346041554,0.010803454528471958,0.0026102505184574755,0.0021022993808054806,0.0019674117584295055,0.0019749000650024088
334.39983436276634,0.0675156734684826,0.07166801171860586,0.062074802979819405,0.010776774675586201,0.0026090573565719878,0.002102131671485753,0.0019674117582224567,0.0019748920395196937
334.24639656935324,0.06740823853605409,0.07162319367361239,0.062057896599803264,0.010750228279022427,0.002607867498194032,0.0021019642743342008,0.001967411758022525,0.001974884026835595
334.09295877594195,0.06731029324746107,0.07157502861443928,0.062037507263647186,0.010723814208864955,0.0026066809311965857,0.0021017971885775913,0.00196741175782947,0.001974876026923119
333.93952098253067,0.06722251599137545,0.07152351896154911,0.06201363852025365,0.010697531349543692,0.002605497643507918,0.002101630413445074,0.0019674117576430595,0.0019748680397553434
333.78608318911756,0.06714546039533403,0.07146866775419593,0.061986294523118504,0.01067137859962906,0.002604317623111328,0.0021014639481681803,0.00196741175746307,0.001974860065305416
333.6326453957063,0.06707948904638561,0.07141047864901891,0.061955480029127506,0.010645354871629473,0.0026031408580448876,0.002101297791980818,0.0019674117572892856,0.001974852103546556
333.479207602295,0.06702478128866182,0.07134895591845809,0.06192120039717519,0.010619459091788679,0.0026019673364010613,0.0021011319441192533,0.0019674117571214953,0.0019748441544520504
333.3257698088837,0.06698136831244642,0.07128410444900535,0.06188346158661292,0.01059369019988873,0.0026007970463264663,0.0021009664038221074,0.001967411756959497,0.001974836217995257
333.1723320154706,0.06694908246996419,0.07121592973928005,0.061842270155521406,0.010568047149053666,0.00259962997602155,0.002100801170330346,0.0019674117568030947,0.001974828294149603
333.0188942220593,0.0669275923644501,0.07114443789793963,0.061797633258813364,0.01054252890555759,0.0025984661137403555,0.0021006362428872775,0.0019674117566520987,0.0019748203828885854
332.86545642864803,0.06691641454650583,0.07106963564141264,0.06174955864615932,0.01051713444863217,0.002597305447790146,0.002100471620738533,0.0019674117565063264,0.00197481248418577
332.71201863523675,0.06691490961531417,0.07099153029147078,0.06169805465974707,0.01049186277027972,0.002596147966531174,0.002100307303132065,0.0019674117563656004,0.00197480459801479
332.55858084182364,0.066922297813781,0.07091012977262891,0.06164313023186803,0.010466712875086895,0.002594993658376367,0.0021001432893181346,0.0019674117562297495,0.0019747967243493496
332.40514304841236,0.06693772530788826,0.07082544260938331,0.06158479488233804,0.01044168378004267,0.002593842511791097,0.002099979578549313,0.001967411756098608,0.00197478886316322
332.25170525500107,0.06696019400855546,0.07073747792327513,0.06152305871574349,0.010416774514355735,0.0025926945152928162,0.002099816170080459,0.001967411755972016,0.0019747810144302414
332.0982674615898,0.0669886707376329,0.07064624542979825,0.061457932418526894,0.010391984119277296,0.0025915496574508297,0.0020996530631687185,0.001967411755849819,0.0019747731781243204
331.9448296681767,0.06702204434126144,0.07055175543513811,0.061389427255902455,0.010367311647924475,0.0025904079268859914,0.002099490257073514,0.001967411755731867,0.0019747653542194336
331.7913918747654,0.06705919196922555,0.07045401883275475,0.06131755506861188,0.010342756165107839,0.002589269312270478,0.002099327751056542,0.0019674117556180157,0.0019747575426896234
331.6379540813541,0.06709896737859684,0.07035304709979363,0.061242328269508615,0.010318316747158343,0.0025881338023274335,0.0020991655443817546,0.001967411755508125,0.0019747497435090005
331.484516287941,0.06714022822523247,0.07024885229334679,0.061163759839987265,0.010293992481759249,0.0025870013858307348,0.0020990036363153558,0.0019674117554020604,0.0019747419566517425
331.3310784945297,0.06718186725405872,0.0701414470465563,0.06108186332625328,0.010269782467780285,0.002585872051604761,0.0020988420261258004,0.001967411755299691,0.001974734182092094
331.17764070111843,0.06722279280514386,0.07003084456455,0.060996652835425026,0.010245685815111531,0.002584745788524041,0.002098680713083772,0.00196741175520089,0.0019747264198043666
331.02420290770715,0.06726197170033817,0.06991705862023422,0.0609081430314877,0.010221701644502444,0.002583622585513038,0.002098519696462185,0.0019674117551055368,0.001974718669762938
330.87076511429404,0.06729842924327396,0.06980010354992525,0.060816349131085724,0.010197829087401352,0.0025825024315458567,0.002098358975536171,0.0019674117550135123,0.001974710931942252
330.71732732088276,0.06733125701693662,0.06967999424883736,0.060721286899167434,0.010174067285798918,0.0025813853156460304,0.0020981985495830795,0.001967411754924703,0.0019747032063168195
330.5638895274715,0.06735961288366447,0.06955674616640663,0.06062297264446649,0.010150415392070924,0.002580271226886176,0.002098038417882457,0.0019674117548389987,0.001974695492861216
330.4104517340602,0.06738270928879245,0.06943037530148018,0.06052142321484352,0.010126872568826085,0.002579160154387787,0.002097878579716047,0.0019674117547562927,0.0019746877915500843
330.2570139406471,0.06739987174243413,0.06930089819735041,0.06041665599247243,0.010103437988754283,0.0025780520873209434,0.0020977190343677795,0.0019674117546764824,0.001974680102358132
330.1035761472358,0.06741046474255781,0.06916833193665381,0.06030868888888733,0.010080110834478642,0.002576947014904109,0.0020975597811237687,0.001967411754599468,0.0019746724252601307
329.9501383538245,0.06741394245919761,0.06903269413611149,0.060197540339872076,0.010056890298406878,0.002575844926403792,0.0020974008192722955,0.0019674117545251542,0.0019746647602309196
329.7967005604114,0.06740983313931158,0.06889400294114287,0.06008322930021821,0.010033775582587293,0.002574745811134329,0.002097242148103803,0.0019674117544534477,0.001974657107245401
329.6432627670001,0.06739771961285435,0.0687522770203413,0.05996577523834282,0.010010765898566747,0.002573649658457671,0.0020970837669108972,0.0019674117543842587,0.0019746494662785424
329.48982497358884,0.06737727438184639,0.0686075355597983,0.05984519813075542,0.009987860467248248,0.002572556457783051,0.0020969256749883247,0.0019674117543175005,0.001974641837305376
329.33638718017755,0.06734822453130478,0.06845979825730977,0.059721518456402244,0.009965058518753303,0.0025714661985667864,0.002096767871632975,0.0019674117542530897,0.0019746342203009986
329.18294938676445,0.06731037902074143,0.06830908531644028,0.059594757190867945,0.009942359292284576,0.0025703788703120016,0.002096610356143867,0.0019674117541909446,0.00197462661524057
329.02951159335316,0.06726359359509394,0.06815541744046803,0.059464935800454574,0.009919762035992197,0.002569294462568433,0.0020964531278221516,0.0019674117541309878,0.001974619022099315
328.8760737999419,0.06720780977258026,0.0679988158261845,0.05933207623611598,0.009897266006839291,0.0025682129649321032,0.0020962961859710885,0.0019674117540731434,0.0019746114408525223
328.7226360065306,0.06714304314834225,0.06783930215758667,0.059196200927280125,0.009874870470472127,0.002567134367045131,0.00209613952989605,0.0019674117540173387,0.001974603871475543
328.5691982131175,0.0670693639005184,0.06767689859943596,0.059057332775537714,0.009852574701090612,0.0025660586585954577,0.0020959831589045072,0.0019674117539635024,0.001974596313943792
328.4157604197062,0.06698692018295659,0.06751162779070793,0.05891549514821838,0.009830377981322181,0.002564985829316659,0.002095827072306031,0.0019674117539115674,0.0019745887682327476
328.2623226262949,0.06689594982157053,0.06734351283790546,0.058770711871830805,0.009808279602094992,0.0025639158689876266,0.002095671269412273,0.001967411753861467,0.0019745812343179518
328.10888483288363,0.06679676471919785,0.06717257730827564,0.05862300722540222,0.009786278862515551,0.002562848767432382,0.0020955157495369647,0.001967411753813138,0.0019745737121750076
327.9554470394705,0.06668975085560017,0.06699884522290224,0.05847240593369346,0.009764375069746587,0.0025617845145198097,0.0020953605119959076,0.0019674117537665185,0.001974566201779582
327.80200924605924,0.06657537608503394,0.06682234104970099,0.058318933160312884,0.00974256753888832,0.0025607231001634756,0.0020952055561069723,0.00196741175372155,0.0019745587031074034
327.64857145264796,0.0664541823386796,0.06664308969628634,0.058162614500703265,0.00972085559285887,0.002559664514321313,0.00209505088119008,0.0019674117536781746,0.001974551216134263
327.49513365923485,0.06632680901735433,0.06646111650275242,0.05800347597503827,0.009699238562278799,0.0025586087469954308,0.0020948964865672003,0.0019674117536363366,0.001974543740836014
327.34169586582357,0.06619393450972999,0.06627644723435246,0.05784154402101592,0.009677715785357349,0.0025575557882319155,0.002094742371562351,0.0019674117535959834,0.0019745362771885714
327.1882580724123,0.06605633467411526,0.06608910807405963,0.057676845486534074,0.0096562866077781,0.0025565056281205275,0.0020945885355015768,0.0019674117535570627,0.0019745288251679116
327.034820279001,0.0659148243566735,0.06589912561505319,0.057509407622286846,0.009634950382588908,0.002555458256794522,0.002094434977712952,0.001967411753519525,0.0019745213847500724
326.8813824855879,0.06577025739142277,0.06570652685309814,0.057339258074254384,0.009613706470091942,0.0025544136644303954,0.002094281697526568,0.0019674117534833214,0.001974513955911153
326.7279446921766,0.06562354609416318,0.06551133917884777,0.0571664248761125,0.009592554237736941,0.00255337184124771,0.0020941286942745352,0.001967411753448406,0.0019745065386273133
326.5745068987653,0.06547559108433848,0.06531359037003595,0.05699093644153279,0.009571493060013531,0.002552332777508794,0.002093975967290961,0.001967411753414734,0.0019744991328747748
326.42106910535404,0.06532730857653424,0.06511330858360709,0.05681282155641639,0.009550522318347732,0.002551296463518566,0.002093823515911954,0.001967411753382261,0.0019744917386298193
326.26763131194093,0.06517960698776513,0.0649105223477509,0.05663210937103239,0.0095296414009985,0.002550262889624292,0.0020936713394756118,0.001967411753350946,0.0019744843558687887
326.11419351852965,0.06503334794962014,0.06470526055387238,0.05644882939208838,0.009508849702957376,0.002549232046215408,0.002093519437322019,0.001967411753320748,0.001974476984568086
325.96075572511836,0.06488933461190624,0.06449755244846213,0.05626301147470232,0.009488146625847179,0.002548203923723232,0.002093367808793234,0.001967411753291628,0.0019744696247041738
325.8073179317071,0.06474830774386284,0.06428742762491771,0.05607468581432142,0.009467531577824713,0.0025471785126207924,0.0020932164532332822,0.0019674117532635484,0.0019744622762535744
325.65388013829397,0.06461092234144898,0.06407491601528079,0.055883882938556784,0.009447003973483546,0.0025461558034225867,0.0020930653699881533,0.001967411753236473,0.0019744549391928707
325.5004423448827,0.06447772033584512,0.06386004788192275,0.05569063369896342,0.009426563233759684,0.0025451357866844142,0.0020929145584057947,0.0019674117532103652,0.0019744476134987044
325.3470045514714,0.06434913449223847,0.06364285380914132,0.05549496926273246,0.009406208785836328,0.0025441184530030905,0.0020927640178360976,0.0019674117531851927,0.0019744402991477773
325.1935667580583,0.064225437725612,0.06342336469471924,0.05529692110434164,0.009385940063052284,0.00254310379301627,0.002092613747630895,0.0019674117531609217,0.00197443299611685
325.040128964647,0.06410679378495544,0.06320161174142609,0.05509652099714747,0.009365756504811763,0.002542091797402269,0.0020924637471439575,0.0019674117531375207,0.001974425704382742
324.8866911712357,0.06399319877148334,0.06297762644844233,0.05489380100490044,0.009345657556493464,0.002541082456879786,0.002092314015730979,0.0019674117531149594,0.001974418423922332
324.73325337782444,0.06388451232891876,0.06275144060275795,0.054688793473231044,0.009325642669363452,0.002540075762207736,0.002092164552749576,0.0019674117530932077,0.001974411154712558
324.57981558441134,0.06378042255442404,0.0625230862705077,0.05448153102107241,0.009305711300487976,0.0025390717041850245,0.0020920153575592747,0.0019674117530722375,0.0019744038967304143
324.42637779100005,0.06368049668281195,0.062292595788277484,0.05427204653205117,0.009285862912649063,0.0025380702736503835,0.002091866429521516,0.001967411753052021,0.0019743966499529563
324.27293999758876,0.06358413430112002,0.06206000175434184,0.05406037314581081,0.009266096974259109,0.002537071461482097,0.0020917177679996334,0.001967411753032532,0.001974389414357296
324.1195022041775,0.06349063752674898,0.061825337019890236,0.05384654424931968,0.009246412959279134,0.002536075258597844,0.0020915693723588553,0.001967411753013744,0.0019743821899206033
323.9660644107644,0.0633991642220372,0.06158863468020126,0.05363059346812741,0.009226810347136965,0.0025350816559544724,0.0020914212419662964,0.0019674117529956325,0.001974374976620107
323.8126266173531,0.06330877867847173,0.06134992806580176,0.05341255465760326,0.009207288622648059,0.0025340906445478423,0.0020912733761909545,0.0019674117529781742,0.001974367774433092
323.6591888239418,0.06321845941425926,0.06110925073356857,0.05319246189411839,0.009187847275935312,0.0025331022154125573,0.0020911257744036962,0.0019674117529613457,0.0019743605833369023
323.5057510305305,0.0631271303646099,0.06086663645783261,0.05297034946622669,0.00916848580235242,0.0025321163596218107,0.0020909784359772554,0.0019674117529451243,0.001974353403308938
323.3523132371174,0.0630336686793081,0.06062211922144312,0.05274625186580612,0.0091492037024071,0.0025311330682871638,0.0020908313602862245,0.001967411752929489,0.0019743462343266567
323.19887544370613,0.0629368891275708,0.060375733206830005,0.05252020377919531,0.009130000481686896,0.0025301523325583965,0.0020906845467070544,0.0019674117529144184,0.001974339076367573
323.04543765029484,0.06283565716282605,0.06012751278702047,0.052292240078285764,0.009110875650783903,0.0025291741436232413,0.0020905379946180368,0.001967411752899893,0.0019743319294092585
322.89199985688174,0.06272880704821814,0.05987749251666857,0.052062395811623724,0.009091828725222727,0.0025281984927072237,0.002090391703399303,0.0019674117528858935,0.001974324793429341
322.73856206347045,0.06261522762988792,0.05962570712307512,0.051830706195500904,0.009072859225389612,0.002527225371073501,0.002090245672432824,0.0019674117528724008,0.0019743176684055043
322.58512427005917,0.062493842843045516,0.05937219149717363,0.051597206605012706,0.009053966676460672,0.0025262547700226055,0.0020900999011023913,0.0019674117528593973,0.0019743105543154897
322.4316864766479,0.06236365849739592,0.059116980684542346,0.051361932565138574,0.00903515060833353,0.0025252866808922947,0.0020899543887936203,0.001967411752846865,0.001974303451137094
322.2782486832348,0.0622237349856407,0.05886010987639742,0.05112491974180411,0.00901641055555871,0.00252432109505734,0.0020898091348939365,0.0019674117528347876,0.0019742963588481694
322.1248108898235,0.06207323406890367,0.058601614400606836,0.05088620393296126,0.008997746057273466,0.0025233580039293853,0.00208966413879258,0.001967411752823149,0.001974289277426625
321.9713730964122,0.06191141497794543,0.058341529712679266,0.050645821059644776,0.008979156657134491,0.002522397398956687,0.0020895193998805863,0.001967411752811933,0.001974282206850424
321.8179353030009,0.061737638311948784,0.05807989138679186,0.05040380715706413,0.008960641903253892,0.002521439271623977,0.0020893749175507873,0.001967411752801125,0.001974275147097586
321.6644975095878,0.06155139333001708,0.05781673510681133,0.05016019836568911,0.008942201348134907,0.00252048361345225,0.0020892306911978018,0.00196741175279071,0.001974268098146186
321.51105971617653,0.06135225896331949,0.05755209665734819,0.049915030922366155,0.008923834548609968,0.002519530415998628,0.002089086720218036,0.0019674117527806747,0.0019742610599743538
321.35762192276525,0.0611399467017312,0.057286011914797444,0.04966834115142242,0.008905541065777602,0.0025185796708561076,0.002088943004009667,0.0019674117527710045,0.0019742540325602743
321.20418412935214,0.06091428109990602,0.05701851683842789,0.04942016545581531,0.008887320464942295,0.00251763136965341,0.0020887995419726414,0.0019674117527616873,0.0019742470158821863
321.05074633594086,0.06067519587849095,0.05674964746149522,0.04917054030830487,0.008869172315555368,0.002516685504054837,0.0020886563335086746,0.00196741175275271,0.001974240009918384
320.8973085425296,0.06042276121562447,0.05647943988235296,0.04891950224262522,0.008851096191154845,0.0025157420657600195,0.002088513378021234,0.0019674117527440603,0.001974233014647217
320.7438707491183,0.06015714475908181,0.0562079302556247,0.048667087844713706,0.008833091669308478,0.0025148010465037866,0.002088370674915539,0.0019674117527357267,0.001974226030047087
320.5904329557052,0.059878615525060436,0.05593515478338919,0.04841333374395375,0.008815158331556404,0.0025138624380559626,0.0020882282235985534,0.0019674117527276975,0.001974219056096451
320.4369951622939,0.059587567290892894,0.05566114970642038,0.048158276604469974,0.008797295763356038,0.0025129262322212353,0.0020880860234789842,0.0019674117527199624,0.0019742120927738207
320.2835573688826,0.059284487404763005,0.05538595129543267,0.047901953116430133,0.00877950355402572,0.0025119924208389147,0.0020879440739672663,0.00196741175271251,0.00197420514005776
320.1301195754713,0.05896994898813495,0.05510959584239957,0.04764439998741718,0.008761781296691439,0.0025110609957828,0.0020878023744755623,0.0019674117527053313,0.0019741981979268866
319.9766817820582,0.058644634328466096,0.054832119651896216,0.04738565393382568,0.008744128588233136,0.0025101319489609854,0.0020876609244177536,0.001967411752698415,0.0019741912663598735
319.82324398864694,0.05830930758770868,0.05455355903250811,0.0471257516723222,0.008726545029233172,0.0025092052723157308,0.0020875197232094423,0.0019674117526917527,0.0019741843453354455
319.66980619523565,0.05796480700473888,0.05427395028825572,0.04686472991132295,0.008709030223923539,0.002508280957823223,0.0020873787702679327,0.001967411752685335,0.0019741774348323803
319.51636840182437,0.05761203319900042,0.053993329710103746,0.046602625342553,0.008691583780136033,0.0025073589974934497,0.0020872380650122334,0.001967411752679153,0.0019741705348295096
319.36293060841126,0.0572519803607883,0.05371173356750483,0.04633947463264048,0.008674205309252014,0.0025064393833700077,0.0020870976068630485,0.001967411752673198,0.0019741636453057174
319.209492815,0.05688566997189584,0.05342919810002021,0.046075314414785476,0.008656894426154207,0.0025055221075299767,0.002086957395242777,0.0019674117526674623,0.00197415676623994
319.0560550215887,0.056514185894683856,0.05314575950896629,0.04581018128045635,0.008639650749177268,0.0025046071620836875,0.002086817429575498,0.0019674117526619376,0.0019741498976111674
318.9026172281756,0.05613862758665507,0.05286145394915328,0.045544111771175295,0.008622473900061007,0.002503694539174586,0.0020866777092869693,0.0019674117526566164,0.00197414303939844
318.7491794347643,0.0557601334931669,0.05257631752068854,0.045277142370367715,0.008605363503904378,0.0025027842309791005,0.002086538233804627,0.0019674117526514916,0.001974136191580853
318.595741641353,0.055379834262005836,0.05229038626081606,0.0450093094952492,0.008588319189118399,0.002501876229706413,0.0020863990025575684,0.0019674117526465554,0.001974129354137552
318.44230384794173,0.054998864439743826,0.052003696135859354,0.044740649488812664,0.008571340587381895,0.002500970527598335,0.0020862600149765542,0.0019674117526418014,0.001974122527047734
318.2888660545286,0.05461833907902547,0.05171628303321546,0.04447119861186734,0.00855442733359675,0.002500067116929127,0.002086121270494,0.0019674117526372226,0.0019741157102906495
318.13542826111734,0.05423929525678594,0.05142818275344336,0.04420099303517012,0.008537579065845104,0.002499165990005376,0.0020859827685439734,0.0019674117526328134,0.001974108903845599
317.98199046770605,0.05386275835360403,0.05113943100239445,0.04393006883160036,0.008520795425345264,0.002498267139165772,0.002085844508562184,0.001967411752628567,0.0019741021076919354
317.82855267429477,0.05348965238163626,0.050850063383455754,0.04365846196844452,0.008504076056410351,0.002497370556780989,0.00208570648998598,0.001967411752624478,0.0019740953218090624
317.67511488088167,0.053120811680973365,0.05056011538985292,0.043386208299741304,0.008487420606406431,0.0024964762352535056,0.0020855687122543396,0.00196741175262054,0.001974088546176435
317.5216770874704,0.05275697312206927,0.05026962239705688,0.04311334355872832,0.008470828725712514,0.0024955841670174887,0.0020854311748078748,0.0019674117526167485,0.0019740817807735594
317.3682392940591,0.05239873711788647,0.04997861965524068,0.04283990335034056,0.008454300067679284,0.0024946943445385717,0.002085293877088812,0.0019674117526130974,0.0019740750255799926
317.2148015006478,0.05204658711782331,0.04968714228185784,0.04256592314382736,0.008437834288590448,0.0024938067603137407,0.0020851568185409966,0.0019674117526095815,0.001974068280575342
317.0613637072347,0.05170085061985932,0.04939522525428858,0.04229143826543814,0.008421431047623568,0.0024929214068711582,0.0020850199986098806,0.001967411752606196,0.001974061545739265
316.9079259138234,0.051361703069340695,0.04910290340259789,0.04201648389121784,0.008405090006812697,0.002492038276770049,0.002084883416742527,0.0019674117526029366,0.001974054821051471
316.75448812041213,0.051029175656551184,0.0488102114023515,0.041741095039861814,0.00838881083100972,0.002491157362600485,0.0020847470723875912,0.001967411752599798,0.001974048106491718
316.60105032699903,0.050703135822784795,0.048517183767557454,0.04146530656569385,0.008372593187848054,0.0024902786569832628,0.0020846109649953234,0.0019674117525967766,0.0019740414020398152
316.44761253358774,0.050383295057916694,0.04822385484370429,0.041189153151740106,0.008356436747706981,0.002489402152569782,0.0020844750940175656,0.001967411752593867,0.0019740347076756216
316.29417474017646,0.050069236191901526,0.04793025880086576,0.04091266930287091,0.008340341183674802,0.002488527842041833,0.002084339458907737,0.0019674117525910664,0.001974028023379045
316.1407369467652,0.049760401698417,0.04763642962694015,0.04063588933907448,0.00832430617151456,0.0024876557181114866,0.0020842040591208364,0.0019674117525883697,0.0019740213491300437
315.98729915335207,0.049456113188791215,0.04734240112097005,0.04035884738881175,0.008308331389629168,0.0024867857735209257,0.0020840688941134305,0.001967411752585774,0.001974014684908626
315.8338613599408,0.04915559480471553,0.04704820688658611,0.040081577382493364,0.008292416519028255,0.0024859180010423365,0.0020839339633436592,0.001967411752583275,0.0019740080306948483
315.6804235665295,0.0488579888133864,0.046753880325520275,0.03980411304602763,0.008276561243293679,0.0024850523934776977,0.002083799266271216,0.0019674117525808692,0.001974001386468817
315.5269857731182,0.04856239849414558,0.046459454631259965,0.03952648789450683,0.008260765248547491,0.002484188943658678,0.0020836648023573523,0.0019674117525785534,0.0019739947522106876
315.3735479797051,0.04826787254333824,0.046164962782788616,0.03924873522598062,0.008245028223419312,0.002483327644446467,0.002083530571064868,0.0019674117525763242,0.0019739881279006643
315.2201101862938,0.047973471353665954,0.04587043753845614,0.038970888115357455,0.008229349859015352,0.0024824684887316713,0.0020833965718581107,0.0019674117525741784,0.001973981513519
315.06667239288254,0.04767828260932861,0.0455759114299242,0.038692979408382525,0.00821372984888612,0.002481611469434107,0.002083262804202964,0.0019674117525721128,0.0019739749090459963
314.91323459947125,0.04738142908359531,0.04528141675625814,0.03841504171575962,0.008198167888996476,0.0024807565795027017,0.0020831292675668463,0.0019674117525701248,0.0019739683144620033
314.75979680605815,0.047082119323015516,0.044986985578110296,0.038137107407365145,0.008182663677695119,0.0024799038119153257,0.002082995961418703,0.001967411752568211,0.0019739617297474202
314.60635901264686,0.04677965154620452,0.04469264971203797,0.0378592086065952,0.00816721691568564,0.0024790531596786945,0.002082862885229008,0.0019674117525663695,0.001973955154882693
314.4529212192356,0.04647345263169813,0.044398440724901414,0.037581377184793964,0.008151827305996253,0.002478204615828165,0.0020827300384697474,0.0019674117525645967,0.0019739485898483166
314.2994834258225,0.046163046927668934,0.044104389928408975,0.037303644755827176,0.008136494553951656,0.0024773581734276254,0.0020825974206144216,0.0019674117525628905,0.0019739420346248336
314.1460456324112,0.045848161519134,0.04381052837377919,0.03702604267077195,0.008121218367145359,0.0024765138255693872,0.002082465031138042,0.0019674117525612486,0.0019739354891928347
313.9926078389999,0.04552862875831808,0.043516886846489175,0.036748602012694254,0.00810599845541083,0.002475671565373984,0.002082332869517119,0.0019674117525596683,0.0019739289535329585
313.8391700455886,0.045204452544006644,0.0432234958611767,0.03647135359157761,0.008090834530794944,0.002474831385990076,0.0020822009352296613,0.001967411752558148,0.00197392242762589
313.6857322521755,0.04487579272640399,0.04293038565664066,0.03619432793935102,0.00807572630753077,0.0024739932805942903,0.0020820692277551687,0.001967411752556684,0.0019739159114523625
313.5322944587642,0.044542965107133244,0.04263758619098288,0.03591755530505644,0.00806067350201188,0.002473157242391126,0.002081937746574632,0.001967411752555276,0.001973909404993156
313.37885666535294,0.04420641414773805,0.04234512713683599,0.035641065650104005,0.00804567583276532,0.002472323264612758,0.00208180649117052,0.0019674117525539207,0.0019739029082290983
313.22541887194166,0.04386673246360995,0.04205303787674782,0.035364888643681286,0.008030733020426763,0.002471491340518942,0.00208167546102678,0.0019674117525526167,0.001973896421141063
313.07198107852855,0.043524578949493464,0.04176134749866718,0.035089053658264736,0.008015844787715052,0.0024706614633968624,0.0020815446556288297,0.001967411752551362,0.0019738899437099725
312.91854328511727,0.043180752856410085,0.041470084791573214,0.03481358976527313,0.008001010859408183,0.002469833626561033,0.002081414074463558,0.0019674117525501546,0.0019738834759167934
312.765105491706,0.04283607292930864,0.04117927824119353,0.03453852573081126,0.007986230962317944,0.002469007823353112,0.0020812837170193104,0.001967411752548993,0.0019738770177425407
312.6116676982929,0.04249143978763285,0.040888956025877124,0.034263890011566385,0.007971504825266531,0.0024681840471417952,0.0020811535827858912,0.001967411752547875,0.0019738705691682745
312.4582299048816,0.042147746253255465,0.04059914601259161,0.03398971075082851,0.007956832179063556,0.002467362291322716,0.0020810236712545597,0.0019674117525467993,0.001973864130175103
312.3047921114703,0.04180588514804928,0.04030987575301373,0.033716015774605285,0.007942212756481862,0.0024665425493182545,0.0020808939819180177,0.0019674117525457645,0.0019738577007441783
312.151354318059,0.04146672200238877,0.040021172479779245,0.03344283258789408,0.007927646292235463,0.002465724814577449,0.0020807645142704107,0.001967411752544769,0.0019738512808567003
311.9979165246459,0.04113107556122276,0.039733063102837154,0.03317018837105909,0.007913132522956806,0.0024649090805758476,0.0020806352678073205,0.001967411752543811,0.0019738448704939137
311.84447873123463,0.04079968659379067,0.03944557420594967,0.032898109976352695,0.007898671187175431,0.002464095340815416,0.002080506242025764,0.00196741175254289,0.0019738384696371095
311.69104093782335,0.04047321399483704,0.039158732043283365,0.032626623924529544,0.00788426202529528,0.0024632835888243553,0.0020803774364241833,0.0019674117525420036,0.001973832078267624
311.53760314441206,0.04015223868339699,0.03887256253615978,0.032355756401617926,0.007869904779574045,0.0024624738181570106,0.0020802488505024426,0.001967411752541151,0.0019738256963668394
311.38416535099896,0.03983719342465775,0.03858709126991131,0.032085533255796994,0.007855599194101878,0.00246166602239373,0.0020801204837618222,0.0019674117525403305,0.0019738193239161824
311.23072755758767,0.039528440805668114,0.03830234349088246,0.03181597999441822,0.007841345014781408,0.002460860195140772,0.0020799923357050216,0.001967411752539541,0.001973812960897126
311.0772897641764,0.03922621085477082,0.03801834410352288,0.03154712178111985,0.007827141989306435,0.0024600563300301286,0.002079864405836142,0.0019674117525387822,0.0019738066072911876
310.9238519707651,0.03893062833310094,0.037735117667639415,0.031278983433098324,0.00781298986714262,0.0024592544207194364,0.00207973669366069,0.0019674117525380523,0.0019738002630799293
310.770414177352,0.03864171273458583,0.03745268839575279,0.03101158941848522,0.007798888399507494,0.002458454460891835,0.0020796091986855694,0.0019674117525373498,0.001973793928244959
310.6169763839407,0.038359370488374185,0.03717108015059943,0.030744963853867716,0.00778483733935178,0.0024576564442558824,0.0020794819204190823,0.0019674117525366745,0.0019737876027679283
310.4635385905294,0.03808346903576002,0.03689031644272423,0.030479130501901656,0.007770836441339357,0.002456860364545377,0.0020793548583709154,0.0019674117525360245,0.001973781286630534
310.3101007971163,0.037813747158116785,0.03661042042822784,0.03021411276907713,0.007756885461829021,0.0024560662155192633,0.0020792280120521395,0.0019674117525354,0.0019737749798145166
310.15666300370503,0.03754992804167608,0.036331414906637494,0.029949933703607365,0.007742984158856554,0.0024552739909615416,0.0020791013809752096,0.001967411752534799,0.0019737686823016617
310.00322521029375,0.03729166469453102,0.03605332231887171,0.029686615993412695,0.007729132292115584,0.002454483684681089,0.0020789749646539517,0.0019674117525342208,0.001973762394073799
309.84978741688246,0.03703860622598923,0.035776164745360925,0.029424181964258556,0.007715329622940392,0.0024536952905115806,0.0020788487626035627,0.001967411752533665,0.0019737561151128022
309.69634962346936,0.03679036275750367,0.03549996390427098,0.029162653577996932,0.007701575914288006,0.0024529088023113495,0.0020787227743406045,0.00196741175253313,0.001973749845400588
309.5429118300581,0.03654657560081103,0.03522474114986808,0.02890205243094811,0.007687870930721557,0.0024521242139633084,0.002078596999383005,0.001967411752532616,0.001973743584919118
309.3894740366468,0.03630686657372066,0.0349505174709725,0.028642399752372514,0.007674214438392276,0.0024513415193747755,0.002078471437250043,0.0019674117525321218,0.0019737373336503974
309.2360362432355,0.03607088868432568,0.034677313489565646,0.02838371640309403,0.00766060620502338,0.0024505607124773953,0.002078346087462352,0.001967411752531646,0.0019737310915764737
309.0825984498224,0.03583833782735938,0.0344051494594977,0.028126022874224534,0.007647045999893257,0.0024497817872270035,0.002078220949541911,0.001967411752531189,0.0019737248586794397
308.9291606564111,0.03560891769512599,0.034134045265333854,0.02786933928602585,0.007633533593819867,0.0024490047376035497,0.002078096023012045,0.001967411752530749,0.0019737186349414303
308.7757228629998,0.03538238266414086,0.033864020421286986,0.027613685386859547,0.0076200687591437815,0.0024482295576109267,0.0020779713073974153,0.0019674117525303268,0.001973712420344624
308.62228506958854,0.03515852609877405,0.033595094070300244,0.027359080552284715,0.0076066512697130955,0.0024474562412768936,0.0020778468022240168,0.00196741175252992,0.0019737062148712414
308.46884727617544,0.03493715695853749,0.03332728498322738,0.027105543784254213,0.007593280900867603,0.0024466847826529435,0.0020777225070191733,0.001967411752529529,0.0019737000185035473
308.31540948276415,0.034718127089583314,0.033060611558148066,0.026853093710444764,0.007579957429424171,0.0024459151758142285,0.0020775984213115373,0.0019674117525291536,0.001973693831223849
308.16197168935287,0.03450131952834739,0.032795091819766795,0.026601748583671897,0.007566680633660775,0.0024451474148593907,0.002077474544631077,0.0019674117525287924,0.001973687653014496
308.00853389593976,0.03428660561490919,0.032530743418954386,0.02635152628144597,0.007553450293302164,0.002444381493910481,0.002077350876509078,0.001967411752528445,0.00197368148385788
307.8550961025285,0.03407388008206101,0.03226758363240256,0.026102444305640862,0.007540266189505775,0.0024436174071128724,0.0020772274164781407,0.001967411752528111,0.001973675323736437
307.7016583091172,0.033863033763809676,0.03200562936236253,0.025854519782248026,0.0075271281048464355,0.0024428551486350963,0.0020771041640721684,0.0019674117525277897,0.0019736691726326425
307.5482205157059,0.033653930202663704,0.03174489713652593,0.02560776946127105,0.007514035823302867,0.002442094712668771,0.002076981118826369,0.0019674117525274814,0.001973663030529017
307.3947827222928,0.0334464368399171,0.0314854031079971,0.025362209716712256,0.007500989130243455,0.0024413360934284712,0.0020768582802772485,0.0019674117525271847,0.001973656897408121
307.2413449288815,0.03324036653386728,0.031227163055392734,0.025117856546685476,0.007487987812413163,0.0024405792851516575,0.0020767356479626095,0.0019674117525268994,0.001973650773252558
307.08790713547023,0.033035520446455226,0.030970192383018326,0.024874725573607204,0.0074750316579190994,0.0024398242820985153,0.0020766132214215405,0.0019674117525266253,0.0019736446580449728
306.93446934205895,0.03283162956148348,0.030714506121182164,0.024632832044523236,0.007462120456217846,0.0024390710785518804,0.002076491000194418,0.0019674117525263616,0.0019736385517680525
306.78103154864584,0.03262838977368533,0.030460118926595985,0.024392190831522928,0.007449253998102042,0.0024383196688171176,0.002076368983822897,0.0019674117525261083,0.001973632454404525
306.62759375523456,0.03242545409115388,0.030207045082897975,0.024152816432274512,0.007436432075688103,0.0024375700472220483,0.0020762471718499148,0.0019674117525258646,0.0019736263659371604
306.47415596182327,0.032222405343843796,0.029955298501248177,0.02391472297063437,0.007423654482402572,0.002436822208116793,0.0020761255638196766,0.0019674117525256304,0.0019736202863487695
306.320718168412,0.03201880686778234,0.029704892721055812,0.023677924197386256,0.007410921012970222,0.0024360761458736995,0.002076004159277657,0.0019674117525254058,0.0019736142156222053
306.1672803749989,0.03181412842814553,0.029455840910788376,0.023442433491063237,0.007398231463401401,0.0024353318548872233,0.002075882957770593,0.0019674117525251894,0.0019736081537403602
306.0138425815876,0.031607847587680295,0.029208155868897433,0.023208263858885088,0.00738558563098048,0.0024345893295738582,0.002075761958846488,0.0019674117525249816,0.0019736021006861696
305.8604047881763,0.03139936003463868,0.028961850024812184,0.022975427937764897,0.007372983314252956,0.0024338485643719786,0.002075641162054595,0.0019674117525247817,0.001973596056442608
305.7069669947632,0.03118804976091634,0.02871693544005565,0.022743937995436708,0.007360424313014108,0.002433109553741766,0.002075520566945419,0.0019674117525245896,0.0019735900209926923
305.5535292013519,0.03097328126448155,0.028473423809455087,0.022513805931677195,0.007347908428297794,0.002432372292165131,0.0020754001730707164,0.0019674117525244053,0.001973583994319479
305.40009140794064,0.030754387853018844,0.02823132646241938,0.02228504327959558,0.007335435462364099,0.0024316367741455593,0.002075279979983483,0.001967411752524228,0.0019735779764060647
305.24665361452935,0.03053071453056915,0.027990654364337057,0.022057661207042428,0.007323005218688609,0.0024309029942080475,0.002075159987237956,0.0019674117525240575,0.001973571967235588
305.09321582111625,0.030301586807246057,0.027751418118047048,0.021831670518091977,0.007310617501950994,0.0024301709468989826,0.002075040194389604,0.001967411752523894,0.001973565966791226
304.93977802770496,0.03006636918101785,0.027513627965415045,0.02160708165462895,0.0072982721180245855,0.002429440626786079,0.0020749206009951335,0.0019674117525237365,0.001973559975056198
304.7863402342937,0.029824430048638283,0.027277293788968565,0.021383904697995462,0.007285968873964691,0.0024287120284582253,0.0020748012066124713,0.001967411752523585,0.0019735539920137605
304.6329024408824,0.02957516899714489,0.02704242511364577,0.02116214937075007,0.007273707577998486,0.0024279851465254217,0.0020746820108007696,0.00196741175252344,0.001973548017647213
304.4794646474693,0.029318047994142716,0.026809031108611346,0.020941825038494507,0.007261488039514215,0.002427259975618662,0.002074563013120398,0.0019674117525233003,0.001973542051939893
304.326026854058,0.0290525446023787,0.026577120589171218,0.02072294071179831,0.007249310069051377,0.002426536510389874,0.0020744442131329444,0.0019674117525231662,0.001973536094875178
304.1725890606467,0.028778233854236543,0.02634670201874041,0.020505505048177913,0.007237173478289637,0.0024258147455117666,0.0020743256104012032,0.0019674117525230374,0.001973530146436486
304.0191512672336,0.02849473366874013,0.026117783510914868,0.02028952635417821,0.007225078080039165,0.002425094675677761,0.0020742072044891762,0.0019674117525229134,0.0019735242066072733
303.8657134738223,0.028201739940622746,0.025890372831620493,0.020075012587531187,0.0072130236882311126,0.002424376295601921,0.002074088994962071,0.0019674117525227946,0.0019735182753710364
303.71227568041104,0.02789904213546898,0.025664477401313637,0.019861971359367233,0.007201010117906947,0.002423659600018803,0.002073970981386291,0.00196741175252268,0.0019735123527113104
303.55883788699975,0.027586519390929237,0.02544010429728282,0.01965040993652604,0.007189037185209337,0.0024229445836833983,0.0020738531633294342,0.0019674117525225704,0.0019735064386116703
303.40540009358665,0.027264109326435998,0.025217260256006794,0.019440335243924595,0.007177104707372323,0.002422231241371019,0.0020737355403602892,0.001967411752522465,0.0019735005330557293
303.25196230017536,0.026931905512840547,0.024995951675599284,0.019231753867010863,0.007165212502712473,0.0024215195678772383,0.0020736181120488357,0.0019674117525223635,0.001973494636027141
303.0985245067641,0.026590060002776247,0.024776184618296462,0.01902467205426152,0.007153360390618733,0.002420809558017747,0.0020735008779662317,0.0019674117525222664,0.0019734887475095957
302.9450867133528,0.026238853508796976,0.024557964813038256,0.018819095719771948,0.007141548191543837,0.0024201012066282935,0.002073383837684815,0.0019674117525221727,0.001973482867486825
302.7916489199397,0.02587866811187886,0.024341297658099684,0.01861503044589698,0.007129775726994981,0.002419394508564574,0.0020732669907780983,0.001967411752522083,0.0019734769959425962
302.6382111265284,0.02551000675534761,0.024126188223801543,0.01841248148597006,0.007118042819525457,0.002418689458702175,0.0020731503368207694,0.0019674117525219966,0.0019734711328607177
302.4847733331171,0.025133458155809283,0.023912641255257935,0.018211453767060487,0.007106349292725019,0.0024179860519364287,0.0020730338753886792,0.0019674117525219138,0.001973465278225035
302.33133553970583,0.02474972799343407,0.023700661175209907,0.01801195189281532,0.0070946949712117485,0.0024172842831823595,0.0020729176060588442,0.001967411752521834,0.001973459432019432
302.17789774629273,0.024359623316814388,0.023490252086902787,0.017813980146345606,0.0070830796806232105,0.002416584147374572,0.0020728015284094386,0.0019674117525217577,0.0019734535942278306
302.02445995288144,0.023964040846608477,0.02328141777703557,0.017617542493183785,0.007071503247608542,0.002415885639467199,0.0020726856420197966,0.001967411752521684,0.0019734477648341913
301.87102215947016,0.023563959177969468,0.023074161718740906,0.017422642584272983,0.0070599654998192716,0.0024151887544337563,0.0020725699464704014,0.0019674117525216137,0.0019734419438225126
301.71758436605705,0.023160434881759895,0.02286848707464135,0.017229283759031138,0.007048466265901497,0.0024144934872670836,0.0020724544413428837,0.0019674117525215456,0.00197343613117683
301.56414657264577,0.02275457131426795,0.022664396699957134,0.017037469048466605,0.007037005375488159,0.002413799832979278,0.0020723391262200234,0.0019674117525214805,0.0019734303268812182
301.4107087792345,0.022347526414778406,0.022461893145642533,0.016847201178323484,0.0070255826591901814,0.0024131077866015554,0.002072224000685737,0.001967411752521418,0.001973424530919788
301.2572709858232,0.021940462021361507,0.022260978661595047,0.016658482572298253,0.007014197948589103,0.0024124173431841977,0.0020721090643250795,0.0019674117525213582,0.0019734187432766882
301.1038331924101,0.021534578959942208,0.022061655199896866,0.016471315355289444,0.007002851076228962,0.002411728497796448,0.002071994316724238,0.0019674117525213006,0.0019734129639361053
300.9503953989988,0.021131027372234344,0.02186392441811569,0.016285701356705706,0.006991541875609117,0.002411041245526456,0.0020718797574705338,0.001967411752521245,0.001973407192882264
300.7969576055875,0.020730941804809864,0.02166778768262531,0.016101642113794973,0.006980270181175801,0.002410355581481143,0.0020717653861524097,0.001967411752521192,0.001973401430099424
300.64351981217624,0.020335378828531307,0.021473246071991546,0.015919138875037445,0.006969035828315125,0.00240967150078615,0.0020716512023594316,0.001967411752521141,0.0019733956755718846
300.49008201876313,0.019945317038551798,0.02128030038038399,0.015738192603565168,0.006957838653345363,0.0024089889985857327,0.0020715372056822837,0.001967411752521092,0.00197338992928398
300.33664422535185,0.019561649256744116,0.021088951121039853,0.015558803980632738,0.00694667849351014,0.002408308070042712,0.002071423395712769,0.0019674117525210447,0.001973384191220082
300.18320643194056,0.019185108454776733,0.02089919852974155,0.015380973409103077,0.0069355551869703675,0.0024076287103383396,0.002071309772043798,0.0019674117525209996,0.0019733784613646006
300.0297686385293,0.01881631453953948,0.020711042568352003,0.015204701016989463,0.0069244685727976015,0.0024069509146722448,0.00207119633426939,0.001967411752520956,0.001973372739701981
299.8763308451162,0.01845573146650336,0.020524482928369583,0.015029986661017888,0.0069134184909667015,0.0024062746782623377,0.002071083081984667,0.0019674117525209146,0.0019733670262167043
299.7228930517049,0.018103632150651316,0.020339519034527853,0.014856829930233368,0.006902404782349344,0.002405599996344755,0.0020709700147858554,0.0019674117525208747,0.00197336132089329
299.5694552582936,0.01776013745433294,0.020156150048403203,0.014685230149615362,0.006891427288706334,0.002404926864173732,0.0020708571322702756,0.001967411752520836,0.001973355623716293
299.4160174648805,0.017425184996980703,0.019974374872070582,0.014515186383740067,0.006880485852681156,0.0024042552770215417,0.00207074443403634,0.0019674117525207992,0.001973349934670305
299.2625796714692,0.017098525256324482,0.01979419215178562,0.014346697440468924,0.0068695803177936205,0.0024035852301784377,0.0020706319196835557,0.0019674117525207637,0.0019733442537399524
299.1091418780579,0.01677973716353345,0.019615600281672335,0.014179761874643891,0.006858710528432407,0.0024029167189525253,0.002070519588812512,0.00196741175252073,0.0019733385809098994
298.95570408464664,0.01646827488864172,0.01943859740745577,0.014014377991826268,0.006847876329848993,0.002402249738669712,0.002070407441024882,0.0019674117525206973,0.0019733329161648458
298.80226629123354,0.016163413257551756,0.01926318143020356,0.013850543852045084,0.006837077568150886,0.0024015842846736106,0.002070295475923417,0.001967411752520666,0.001973327259489527
298.64882849782225,0.01586434522167114,0.019089350010100137,0.013688257273577288,0.006826314090295688,0.0024009203523254917,0.002070183693111948,0.0019674117525206357,0.001973321610868714
298.49539070441097,0.01557013117370145,0.01891710057021873,0.013527515836727046,0.006815585744083966,0.0024002579370041538,0.002070072092195374,0.001967411752520607,0.0019733159702872136
298.3419529109997,0.015279788619704091,0.018746430300331286,0.013368316887641445,0.00680489237815348,0.0023995970341058794,0.002069960672779664,0.0019674117525205793,0.0019733103377298686
298.1885151175866,0.014992307774242168,0.0185773361607213,0.013210657542129935,0.006794233841972696,0.0023989376390443377,0.0020698494344718516,0.001967411752520553,0.001973304713181557
298.0350773241753,0.014706651560380498,0.01840981488602279,0.013054534689508977,0.006783609985835153,0.002398279747250537,0.002069738376880036,0.0019674117525205273,0.0019732990966271923
297.881639530764,0.014421845281751425,0.018243862989051562,0.012899944996440274,0.006773020660852621,0.0023976233541727022,0.0020696274996133703,0.0019674117525205026,0.001973293488051723
297.7282017373527,0.014136961027412938,0.0180794767646675,0.012746884910798631,0.006762465718949601,0.0023969684552762245,0.0020695168022820645,0.001967411752520479,0.001973287887440133
297.5747639439396,0.013851164457274325,0.017916652293634303,0.01259535066553796,0.006751945012857121,0.0023963150460435726,0.0020694062844973785,0.0019674117525204566,0.001973282294777441
297.42132615052833,0.013563773283878228,0.017755385446498764,0.012445338282576011,0.006741458396107374,0.0023956631219742438,0.002069295945871625,0.001967411752520435,0.001973276710048701
297.26788835711704,0.013274206588189522,0.017595671887457327,0.0122968435766676,0.006731005723027139,0.0023950126785846422,0.0020691857860181567,0.001967411752520414,0.0019732711332390027
297.11445056370394,0.01298210568194491,0.01743750707824513,0.012149862159299078,0.006720586848732424,0.0023943637114080267,0.0020690758045513683,0.001967411752520394,0.001973265564333469
296.96101277029265,0.012687275625870862,0.017280886282028347,0.012004389442586052,0.006710201629123144,0.0023937162159944556,0.002068966001086696,0.001967411752520375,0.0019732600033172585
296.80757497688137,0.012389716419967377,0.017125804567282042,0.011860420643157718,0.006699849920876758,0.0023930701879106677,0.002068856375240607,0.001967411752520357,0.0019732544501755637
296.6541371834701,0.012089630801078928,0.016972256811687573,0.01171795078605942,0.006689531581443193,0.0023924256227400376,0.0020687469266306015,0.001967411752520339,0.0019732489048936127
296.500699390057,0.01178742814167993,0.016820237706018416,0.011576974708644251,0.006679246469039116,0.002391782516082485,0.0020686376548752065,0.001967411752520322,0.001973243367456667
296.3472615966457,0.01148370495594739,0.016669741758034942,0.011437487064472875,0.006668994442642959,0.002391140863554432,0.0020685285595939767,0.001967411752520306,0.0019732378378500234
296.1938238032344,0.011179221507048077,0.016520763296358078,0.011299482327193432,0.00665877536198881,0.002390500660788682,0.0020684196404074854,0.0019674117525202905,0.001973232316059012
296.0403860098231,0.010874882313211176,0.01637329647435657,0.01116295479443365,0.006648589087561577,0.0023898619034343795,0.0020683108969373246,0.0019674117525202753,0.001973226802068997
295.88694821641,0.01057175564165564,0.016227335274017703,0.011027898591677219,0.0066384354805914605,0.0023892245871569187,0.0020682023288061007,0.001967411752520261,0.001973221295865377
295.73351042299873,0.01027096824138248,0.01608287350982154,0.010894307676142766,0.006628314403049233,0.0023885887076379045,0.0020680939356374347,0.001967411752520247,0.0019732157974335857
295.58007262958745,0.009973752128600409,0.015939904832589596,0.010762175840638575,0.006618225717640344,0.0023879542605750315,0.0020679857170559533,0.001967411752520234,0.001973210306759088
295.42663483617434,0.009681327623161736,0.01579842273333976,0.010631496717422282,0.006608169287800177,0.0023873212416820376,0.0020678776726872866,0.0019674117525202216,0.0019732048238273853
295.27319704276306,0.009394950133988,0.015658420547130236,0.010502263782049572,0.006598144977689347,0.0023866896466886536,0.002067769802158072,0.0019674117525202094,0.0019731993486240104
295.1197592493518,0.009115808790647743,0.015519891456876704,0.010374470357197192,0.006588152652187984,0.002386059471340487,0.0020676621050959407,0.0019674117525201977,0.0019731938811345315
294.9663214559405,0.008845042038498386,0.015382828497173269,0.010248109616488407,0.006578192176891254,0.0023854307113989814,0.002067554581129522,0.0019674117525201864,0.001973188421344549
294.8128836625274,0.008583690853260585,0.015247224558089353,0.010123174588295127,0.0065682634181042174,0.0023848033626413323,0.002067447229888435,0.0019674117525201756,0.001973182969239697
294.6594458691161,0.008332663651948995,0.01511307238896107,0.009999658159533714,0.006558366242837444,0.002384177420860445,0.002067340051003292,0.0019674117525201656,0.0019731775248056434
294.5060080757048,0.008092736292872273,0.014980364602150322,0.009877553079429693,0.006548500518801504,0.0023835528818648205,0.0020672330441056878,0.0019674117525201556,0.001973172088028089
294.3525702822935,0.007864520885349304,0.014849093676802566,0.009756851963279878,0.006538666114402684,0.002382929741478518,0.002067126208828201,0.001967411752520146,0.0019731666588927673
294.1991324888804,0.007648465789709212,0.014719251962576747,0.009637547296187307,0.006528862898738031,0.0023823079955410695,0.002067019544804389,0.001967411752520137,0.001973161237385445
294.04569469546914,0.00744485561729135,0.014590831683365064,0.009519631436785253,0.006519090741591167,0.0023816876399074395,0.002066913051668789,0.0019674117525201283,0.001973155823491922
293.89225690205785,0.007253799534088898,0.01446382494097698,0.009403096620926673,0.006509349513426961,0.0023810686704479156,0.002066806729056908,0.00196741175252012,0.0019731504171980312
293.73881910864657,0.00707526634981809,0.014338223718817357,0.009287934965366524,0.006499639085387423,0.002380451083048067,0.0020667005766052252,0.001967411752520112,0.001973145018489638
293.58538131523346,0.006909080619132747,0.01421401988553311,0.009174138471413197,0.006489959329286953,0.0023798348736086645,0.0020665945939511844,0.001967411752520104,0.00197313962735264
293.4319435218222,0.006754961629478985,0.014091205198645568,0.009061699028564997,0.0064803101176082985,0.0023792200380456418,0.002066488780733199,0.0019674117525200967,0.0019731342437729676
293.2785057284109,0.0066124922108114475,0.013969771308143974,0.008950608418108876,0.006470691323497435,0.0023786065722899846,0.0020663831365906383,0.0019674117525200897,0.001973128867736584
293.1250679349978,0.006481235699157424,0.013849709760067462,0.008840858316706501,0.006461102820759506,0.0023779944722876856,0.0020662776611638303,0.0019674117525200828,0.001973123499229485
292.9716301415865,0.006360685252405734,0.0137310120000608,0.008732440299954083,0.006451544483854809,0.0023773837339997007,0.002066172354094062,0.0019674117525200763,0.0019731181382376976
292.8181923481752,0.006250318433303313,0.013613669376890833,0.008625345845903923,0.00644201618789378,0.0023767743534018407,0.0020660672150235675,0.00196741175252007,0.0019731127847472823
292.66475455476393,0.006149628399738981,0.013497673145949782,0.008519566338571555,0.0064325178086331964,0.002376166326484732,0.002065962243595532,0.001967411752520064,0.001973107438744331
292.5113167613508,0.006058151196241733,0.013383014472721704,0.008415093071406794,0.00642304922247169,0.0023755596492537404,0.0020658574394540846,0.0019674117525200585,0.0019731021002149674
292.35787896793954,0.005975473551551683,0.013269684436228321,0.008311917250743303,0.0064136103064460145,0.0023749543177289316,0.0020657528022443024,0.001967411752520053,0.001973096769145348
292.20444117452826,0.005901244574976475,0.013157674032431493,0.008210029999206054,0.0064042009382261995,0.0023743503279449662,0.0020656483316121967,0.0019674117525200477,0.00197309144552166
292.05100338111697,0.005835210845460519,0.01304697417761895,0.008109422359100739,0.006394820996111893,0.002373747675951064,0.0020655440272047184,0.0019674117525200424,0.001973086129330124
291.89756558770387,0.005777216411584988,0.012937575711750748,0.008010085295764639,0.006385470359028041,0.0023731463578109237,0.0020654398886697503,0.0019674117525200377,0.0019730808205569903
291.7441277942926,0.005727156006142178,0.01282946940178192,0.007912009700892883,0.006376148906521292,0.0023725463696026906,0.0020653359156561106,0.001967411752520033,0.001973075519188542
291.5906900008813,0.005685056920630381,0.0127226459449397,0.007815186395820493,0.006366856518755325,0.0023719477074188493,0.0020652321078135413,0.0019674117525200286,0.0019730702252110936
291.43725220747,0.005651008827115423,0.012617095971980737,0.007719606134783146,0.006357593076507307,0.002371350367366188,0.0020651284647927107,0.0019674117525200242,0.001973064938610991
291.2838144140569,0.005625132587946892,0.012512810050407084,0.0076252596081373995,0.0063483584611637505,0.0023707543455657263,0.0020650249862452083,0.0019674117525200203,0.001973059659374611
291.1303766206456,0.00560761924361285,0.01240977868765537,0.007532137445553362,0.0063391525547170395,0.002370159638152675,0.002064921671823546,0.0019674117525200164,0.0019730543874883623
290.97693882723433,0.005598640340674003,0.012307992334239029,0.007440230219161576,0.006329975239760901,0.002369566241276337,0.0020648185211811485,0.0019674117525200125,0.0019730491229386846
290.82350103382123,0.0055983947171893535,0.012207441386866451,0.007349528446674698,0.00632082639948691,0.002368974151100064,0.0020647155339723554,0.001967411752520009,0.001973043865712048
290.67006324040995,0.005606999336723021,0.012108116191523206,0.007260022594473236,0.006311705917681006,0.0023683833638012183,0.002064612709852418,0.0019674117525200056,0.001973038615794954
290.51662544699866,0.005624524377413475,0.012010007046507353,0.0071717030806454085,0.006302613678719076,0.0023677938755710666,0.002064510048477493,0.001967411752520002,0.0019730333731739357
290.3631876535874,0.0056509386489769515,0.011913104205440093,0.007084560278001118,0.0062935495675636565,0.002367205682614751,0.002064407549504644,0.001967411752519999,0.0019730281378355563
290.20974986017427,0.005686093997565567,0.011817397880232266,0.00699858451704243,0.006284513469760015,0.0023666187811512127,0.0020643052125918332,0.001967411752519996,0.00197302290976641
290.056312066763,0.005729690216698083,0.011722878244020123,0.006913766088902655,0.0062755052714329,0.0023660331674131597,0.0020642030373979273,0.001967411752519993,0.0019730176889531208
289.9028742733517,0.00578129064240179,0.011629535434052034,0.0068300952482374,0.006266524859282278,0.0023654488376469666,0.002064101023582685,0.0019674117525199904,0.0019730124753823443
289.7494364799404,0.005840263671430447,0.011537359554548182,0.006747562216087531,0.006257572120580129,0.002364865788112641,0.0020639991708067593,0.0019674117525199874,0.001973007269040767
289.5959986865273,0.005905849040617282,0.011446340679515093,0.006666157182697513,0.006248646943166676,0.0023642840150837523,0.0020638974787316935,0.0019674117525199848,0.001973002069915104
289.442560893116,0.005977068154809168,0.011356468855527622,0.006585870310300588,0.006239749215447257,0.002363703514847399,0.002063795947019922,0.0019674117525199826,0.0019729968779921025
289.28912309970474,0.006052833252859802,0.011267734104461045,0.006506691735855122,0.006230878826388164,0.0023631242837041113,0.0020636945753347603,0.00196741175251998,0.001972991693258539
289.13568530629345,0.006131857735563877,0.01118012642619454,0.006428611573751162,0.006222035665513586,0.0023625463179678162,0.002063593363340408,0.001967411752519978,0.0019729865157012204
288.98224751288035,0.006212773129221205,0.011093635801268365,0.006351619918471384,0.006213219622901941,0.0023619696139657695,0.002063492310701942,0.0019674117525199757,0.001972981345306984
288.82880971946906,0.00629410569292389,0.011008252193507394,0.006275706847217651,0.006204430589182858,0.002361394168038525,0.0020633914170853215,0.0019674117525199735,0.001972976182062696
288.6753719260578,0.0063742998112691525,0.010923965552594148,0.006200862422488192,0.006195668455533156,0.0023608199765398335,0.0020632906821573733,0.0019674117525199718,0.0019729710259552545
288.5219341326447,0.006451780374926861,0.010840765816610733,0.0061270766946226254,0.006186933113673776,0.0023602470358366095,0.0020631901055857983,0.0019674117525199696,0.001972965876971585
288.3684963392334,0.006524976173352353,0.010758642914540015,0.006054339704306226,0.006178224455866748,0.0023596753423088925,0.002063089687039167,0.001967411752519968,0.0019729607350986444
288.2150585458221,0.006592362781426616,0.010677586768717214,0.005982641485025541,0.006169542374911255,0.0023591048923497513,0.0020629894261869146,0.001967411752519966,0.001972955600323419
288.0616207524108,0.006652485952169107,0.010597587297250556,0.0059119720654919605,0.006160886764140747,0.0023585356823652534,0.002062889322699338,0.0019674117525199644,0.0019729504726329248
287.9081829589977,0.006704016199734343,0.010518634416394994,0.0058423214720189865,0.00615225751741948,0.0023579677087743963,0.0020627893762475958,0.0019674117525199626,0.001972945352014206
287.7547451655864,0.006745779989695666,0.010440718042890571,0.005773679730863443,0.006143654529139676,0.002357400968009079,0.002062689586503706,0.0019674117525199613,0.001972940238454338
287.60130737217514,0.0067767636378307135,0.010363828096250215,0.005706036870517217,0.006135077694217701,0.002356835456514006,0.0020625899531405392,0.0019674117525199596,0.001972935131940425
287.44786957876386,0.00679617179190348,0.010287954501015682,0.005639382923965989,0.006126526908091288,0.0023562711707466586,0.0020624904758318185,0.0019674117525199583,0.0019729300324595996
287.29443178535075,0.006803427431664311,0.01021308718896664,0.005573707930901775,0.006118002066716169,0.0023557081071772274,0.002062391154252117,0.001967411752519957,0.001972924939999025
287.14099399193947,0.006798183565206321,0.01013921610129381,0.0055090019398988084,0.006109503066563343,0.0023551462622885843,0.002062291988076857,0.0019674117525199557,0.0019729198545458916
286.9875561985282,0.006780346621678217,0.010066331190721898,0.0054452550105403095,0.006101029804615354,0.002354585632576187,0.0020621929769823015,0.0019674117525199544,0.0019729147760874214
286.8341184051151,0.006750037463429588,0.009994422423599245,0.0053824572155109374,0.006092582178363517,0.0023540262145480472,0.0020620941206455573,0.001967411752519953,0.001972909704610863
286.6806806117038,0.006707630373865611,0.009923479781945962,0.00532059864264774,0.006084160085805139,0.002353468004724695,0.0020619954187445716,0.0019674117525199522,0.001972904640103495
286.5272428182925,0.006653717968377824,0.00985349326545321,0.0052596693969431604,0.006075763425439893,0.0023529109996390856,0.002061896870958126,0.001967411752519951,0.0019728995825526252
286.3738050248812,0.006589064408918469,0.009784452893449726,0.005199659602514219,0.006067392096267192,0.002352355195836574,0.0020617984769658363,0.00196741175251995,0.001972894531945589
286.2203672314681,0.0065146404930697295,0.009716348706822225,0.005140559404526161,0.006059045997782999,0.0023518005898748467,0.0020617002364481493,0.0019674117525199488,0.001972889488269751
286.06692943805683,0.006431553475905264,0.009649170769899486,0.005082358971079167,0.0060507250299772575,0.0023512471783238976,0.002061602149086343,0.001967411752519948,0.0019728844515125043
285.91349164464555,0.006341023677277378,0.00958290917228756,0.005025048495047169,0.006042429093330349,0.0023506949577659347,0.00206150421456252,0.001967411752519947,0.001972879421661271
285.76005385123426,0.006244357190318729,0.00951755403067206,0.004968618195882729,0.0060341580888105565,0.0023501439247953543,0.0020614064325596053,0.001967411752519946,0.0019728743987035002
285.60661605782116,0.006142918589944037,0.009453095490575037,0.004913058321377053,0.006025911917870976,0.0023495940760186766,0.0020613088027613452,0.0019674117525199453,0.0019728693826266716
285.45317826440987,0.006038088046209903,0.009389523728075812,0.004858359149383356,0.006017690482447025,0.00234904540805452,0.0020612113248523077,0.0019674117525199444,0.0019728643734182906
285.2997404709986,0.005931249627958397,0.00932682895148377,0.004804510989493194,0.00600949368495299,0.002348497917533509,0.0020611139985178733,0.0019674117525199436,0.001972859371065893
285.1463026775873,0.005823725023464061,0.009265001402978578,0.004751504184679147,0.006001321428279589,0.002347951601098252,0.0020610168234442366,0.001967411752519943,0.001972854375557041
284.9928648841742,0.005716808629503142,0.009204031360205709,0.004699329112893433,0.00599317361579096,0.0023474064554032752,0.0020609197993184036,0.0019674117525199423,0.0019728493868793264
284.8394270907629,0.005611689575644181,0.009143909137836512,0.0046479761886303985,0.005985050151322249,0.0023468624771149985,0.0020608229258281896,0.0019674117525199414,0.001972844405020367
284.6859892973516,0.0055094556230334815,0.009084625089081349,0.004597435864443106,0.005976950939176261,0.0023463196629116465,0.002060726202662215,0.001967411752519941,0.00197283942996781
284.5325515039385,0.005411116557107936,0.009026169607169838,0.004547698632426083,0.005968875884120996,0.002345778009483217,0.0020606296295099017,0.00196741175251994,0.0019728344617093306
284.37911371052724,0.005317537908242021,0.008968533126791694,0.0044987550256586255,0.005960824891387201,0.0023452375135314518,0.0020605332060614763,0.0019674117525199397,0.001972829500232631
284.22567591711595,0.005229456546889687,0.008911706125492382,0.004450595619603838,0.005952797866665086,0.002344698171769747,0.0020604369320079614,0.0019674117525199392,0.0019728245455254406
284.07223812370466,0.005147507975082644,0.008855679125036995,0.004403211033474852,0.005944794716102012,0.00234415998092313,0.002060340807041176,0.0019674117525199384,0.001972819597575517
283.91880033029156,0.005072226326430367,0.008800442692731524,0.0043565919315590096,0.005936815346299632,0.0023436229377281977,0.0020602448308537314,0.001967411752519938,0.0019728146563706456
283.7653625368803,0.00500400147947992,0.008745987442709893,0.0043107290245072115,0.005928859664311611,0.002343087038933092,0.002060149003139033,0.0019674117525199375,0.0019728097218986392
283.611924743469,0.004943137539498011,0.008692304037176562,0.004265613070579802,0.005920927577640427,0.0023425522812974154,0.002060053323591273,0.001967411752519937,0.001972804794147337
283.4584869500577,0.004889837243329111,0.008639383187618057,0.004221234876860377,0.005913018994235135,0.002342018661592204,0.00205995779190543,0.0019674117525199366,0.0019727998731046067
283.3050491566446,0.0048442487448211065,0.008587215655973313,0.004177585300428945,0.005905133822488585,0.002341486176599871,0.002059862407777264,0.001967411752519936,0.0019727949587583426
283.1516113632333,0.004806422728185114,0.008535792255770728,0.0041346552495012436,0.005897271971235213,0.0023409548231141802,0.0020597671709033216,0.0019674117525199358,0.001972790051096466
282.99817356982203,0.004776363092206604,0.008485103853222417,0.0040924356845261686,0.0058894333497479315,0.002340424597940164,0.002059672080980925,0.0019674117525199353,0.001972785150106925
282.84473577641074,0.004754011355103518,0.008435141368288258,0.004050917619252038,0.005881617867735951,0.0023398954978940973,0.002059577137708172,0.001967411752519935,0.0019727802557776963
282.69129798299764,0.004739262249668147,0.008385895775700305,0.004010092121753758,0.0058738254353420845,0.002339367519803441,0.0020594823407839363,0.0019674117525199345,0.0019727753680967818
282.53786018958635,0.004731987115979963,0.00833735810595505,0.0039699503154272476,0.005866055963140606,0.0023388406605068177,0.002059387689907865,0.001967411752519934,0.001972770487052211
282.38442239617507,0.004731998812336375,0.008289519446264536,0.003930483379943683,0.0058583093621342106,0.0023383149168539285,0.002059293184780371,0.0019674117525199336,0.0019727656126320397
282.23098460276196,0.004739067310394616,0.008242370941477865,0.0038916825521732217,0.0058505855437518284,0.0023377902857055254,0.0020591988251026355,0.0019674117525199336,0.0019727607448243516
282.0775468093507,0.004752943087884566,0.008195903794967953,0.0038535391270739638,0.005842884419846442,0.002337266763933383,0.0020591046105766075,0.001967411752519933,0.001972755883617255
281.9241090159394,0.004773314241968576,0.008150109269479114,0.003816044458542607,0.00583520590269211,0.002336744348420214,0.002059010540904994,0.0019674117525199327,0.001972751028998887
281.7706712225281,0.004799833780739759,0.0081049786879464,0.0037791899602358627,0.00582754990498191,0.002336223036059651,0.0020589166157912644,0.0019674117525199327,0.0019727461809574093
281.617233429115,0.0048321118256510545,0.008060503434278232,0.003742967106355725,0.005819916339825362,0.0023357028237561864,0.002058822834939644,0.0019674117525199323,0.0019727413394810115
281.4637956357037,0.004869680522445986,0.008016674954109137,0.003707367432404252,0.005812305120746406,0.0023351837084251512,0.002058729198055117,0.001967411752519932,0.001972736504557909
281.31035784229243,0.0049120369277988445,0.00797348475551463,0.003672382535901436,0.005804716161680497,0.002334665686992634,0.0020586357048434176,0.001967411752519932,0.001972731676176343
281.15692004888115,0.004958619616601858,0.007930924409699096,0.003638004077075114,0.005797149376972608,0.0023341487563954605,0.0020585423550110314,0.0019674117525199314,0.0019727268543245817
281.00348225546804,0.005008781390466905,0.00788898555164878,0.0036042237795165044,0.0057896046813747295,0.002333632913581136,0.0020584491482651917,0.0019674117525199314,0.0019727220389909187
280.85004446205676,0.005061839961936625,0.007847659880756306,0.0035710334308067266,0.005782081990043899,0.002333118155507825,0.0020583560843138813,0.001967411752519931,0.0019727172301636743
280.6966066686455,0.0051170584605570715,0.007806939161409282,0.003538424883108322,0.0057745812185393715,0.002332604479144271,0.0020582631628658235,0.001967411752519931,0.0019727124278311942
280.5431688752342,0.005173653230448647,0.007766815223553322,0.0035063900537302198,0.00576710228282069,0.0023320918814697766,0.0020581703836304844,0.0019674117525199306,0.001972707631981851
280.3897310818211,0.00523078603273517,0.007727279963221931,0.003474920925660138,0.005759645099245236,0.0023315803594741464,0.0020580777463180683,0.0019674117525199306,0.0019727028426040428
280.2362932884098,0.005287610830969513,0.007688325343039551,0.00344400954806954,0.0057522095845663306,0.002331069910157669,0.00205798525063952,0.00196741175251993,0.0019726980596861923
280.0828554949985,0.005343285487490022,0.00764994339269063,0.0034136480367855594,0.005744795655930472,0.002330560530531036,0.002057892896306516,0.00196741175251993,0.0019726932832167493
279.9294177015854,0.005396932775565806,0.0076121262093640845,0.003383828574737449,0.005737403230875366,0.002330052217615317,0.002057800683031465,0.00196741175251993,0.0019726885131841894
279.7759799081741,0.005447749545389918,0.007574865958169255,0.0033545434123745054,0.005730032227327994,0.002329544968441936,0.00205770861052751,0.0019674117525199297,0.0019726837495770123
279.62254211476284,0.005494956039868232,0.007538154872519882,0.0033257848680528475,0.005722682563601884,0.0023290387800525897,0.0020576166785085184,0.0019674117525199297,0.0019726789923837453
279.46910432135155,0.005537834882474153,0.007501985254495052,0.0032975453283982086,0.005715354158395288,0.0023285336494992316,0.0020575248866890852,0.0019674117525199297,0.001972674241592939
279.31566652793845,0.0055757466723904995,0.007466349475170385,0.0032698172486395234,0.005708046930788848,0.0023280295738440163,0.0020574332347845278,0.0019674117525199293,0.0019726694971931714
279.16222873452716,0.005608176769935149,0.007431239974925167,0.003242593152917868,0.005700760800243788,0.002327526550159281,0.0020573417225108878,0.0019674117525199293,0.001972664759173044
279.0087909411159,0.005634684612349921,0.007396649263719053,0.003215865634565917,0.005693495686599262,0.0023270245755274673,0.002057250349584924,0.0019674117525199293,0.001972660027521185
278.8553531477046,0.005655005082222812,0.007362569921347285,0.0031896273563649406,0.005686251510070582,0.0023265236470411048,0.002057159115724113,0.001967411752519929,0.0019726553022262477
278.7019153542915,0.005668970531778587,0.007328994597668108,0.00316387105077456,0.005679028191246941,0.0023260237618027554,0.0020570680206466446,0.001967411752519929,0.001972650583276909
278.5484775608802,0.005676557568304421,0.007295916012807736,0.003138589520139479,0.005671825651089664,0.002325524916924997,0.002056977064071426,0.001967411752519929,0.0019726458706618723
278.3950397674689,0.005677879256578962,0.007263326957337008,0.0031137756368688095,0.005664643810929617,0.0023250271095303474,0.0020568862457180713,0.0019674117525199284,0.0019726411643698656
278.2416019740558,0.005673200714014214,0.00723122029242766,0.0030894223435941814,0.005657482592465398,0.002324530336751238,0.002056795565306903,0.0019674117525199284,0.001972636464389642
278.0881641806445,0.005662892325229885,0.0071995889499850635,0.003065522653304293,0.005650341917761547,0.002324034595729994,0.002056705022558953,0.0019674117525199284,0.001972631770709979
277.93472638723324,0.005647441438409802,0.007168425932754515,0.003042069649453829,0.005643221709245997,0.002323539883618756,0.002056614617195955,0.0019674117525199284,0.00197262708331968
277.78128859382196,0.005627421175018148,0.007137724314408757,0.0030190564860526833,0.0056361218897083955,0.0023230461975794654,0.0020565243489403446,0.0019674117525199284,0.0019726224022075713
277.62785080040885,0.005603482632228518,0.007107477239611116,0.0029964763877313293,0.005629042382297916,0.0023225535347838095,0.0020564342175152578,0.001967411752519928,0.0019726177273625056
277.47441300699757,0.005576323692640152,0.0070776779240591245,0.0029743226497861157,0.005621983110521615,0.002322061892413207,0.0020563442226445307,0.001967411752519928,0.001972613058773359
277.3209752135863,0.005546681226706999,0.007048319654503344,0.0029525886382006606,0.005614943998241929,0.0023215712676587317,0.0020562543640526925,0.001967411752519928,0.0019726083964290327
277.167537420175,0.005515272610955652,0.007019395788748984,0.002931267789649121,0.005607924969675049,0.0023210816577210976,0.0020561646414649667,0.001967411752519928,0.0019726037403184527
277.0140996267619,0.005482791829199885,0.0069908997556350815,0.0029103536114775414,0.0056009259493888,0.002320593059810607,0.0020560750546072676,0.001967411752519928,0.0019725990904305686
276.8606618333506,0.005449901674969703,0.006962825054995804,0.0028898396816667924,0.005593946862301024,0.0023201054711471337,0.002055985603206202,0.001967411752519928,0.0019725944467543547
276.7072240399393,0.005417179168514756,0.006935165257598949,0.0028697196487735806,0.0055869876336771505,0.0023196188889600495,0.0020558962869890616,0.0019674117525199275,0.00197258980927881
276.55378624652803,0.005385123354375286,0.006907914005068839,0.002849987231854939,0.0055800481891286145,0.002319133310488209,0.002055807105683823,0.0019674117525199275,0.001972585177992957
276.40034845311493,0.005354124111098356,0.006881065009788618,0.0028306362203726508,0.005573128454610782,0.0023186487329798994,0.0020557180590191466,0.0019674117525199275,0.001972580552885843
276.24691065970364,0.0053244660500233205,0.006854612054786371,0.002811660474080947,0.00556622835642139,0.0023181651536928233,0.002055629146724376,0.0019674117525199275,0.0019725759339465384
276.09347286629236,0.005296305122569004,0.006828548993600355,0.0027930539228941957,0.005559347821198164,0.002317682569894028,0.0020555403685295318,0.0019674117525199275,0.0019725713211641393
275.94003507287925,0.005269699810517467,0.0068028697501298805,0.0027748105667394227,0.005552486775917204,0.0023172009788598826,0.0020554517241653113,0.0019674117525199275,0.001972566714527764
275.78659727946797,0.0052445643405883546,0.00677756831846928,0.0027569244753919073,0.005545645147891373,0.002316720377876058,0.0020553632133630895,0.0019674117525199275,0.0019725621140265557
275.6331594860567,0.0052207622552901956,0.006752638762722743,0.002739389788292444,0.005538822864767953,0.002316240764237456,0.0020552748358549124,0.001967411752519927,0.0019725575196496816
275.4797216926454,0.005198008943283635,0.0067280752168062605,0.0027222007143507944,0.0055320198545271496,0.002315762135248191,0.0020551865913734976,0.001967411752519927,0.0019725529313863316
275.3262838992323,0.005176000299301963,0.006703871884232174,0.002705351531732276,0.005525236045480105,0.002315284488221545,0.00205509847965223,0.001967411752519927,0.00197254834922572
275.172846105821,0.00515435814115453,0.006680023037880343,0.002688836587630439,0.005518471366267406,0.002314807820479951,0.0020550105004251656,0.001967411752519927,0.0019725437731570854
275.0194083124097,0.00513267699515239,0.006656523019751744,0.0026726502980230033,0.005511725745856812,0.0023143321293549214,0.002054922653427022,0.001967411752519927,0.001972539203169689
274.86597051899844,0.005110563083963012,0.006633366240710611,0.002656787147415498,0.005504999113541785,0.002313857412187035,0.0020548349383931806,0.001967411752519927,0.001972534639252816
274.71253272558533,0.005087634326610273,0.0066105471802109985,0.0026412416885697974,0.00549829139893956,0.0023133836663258877,0.0020547473550596835,0.001967411752519927,0.001972530081395774
274.55909493217405,0.005063551528758229,0.006588060386011476,0.002626008542220278,0.005491602531989691,0.00231291088913008,0.0020546599031632342,0.001967411752519927,0.0019725255295878963
274.40565713876276,0.00503805737056582,0.006565900473874042,0.0026110823967750393,0.005484932442951834,0.002312439077967145,0.0020545725824411905,0.001967411752519927,0.001972520983818537
274.2522193453515,0.005010953013974043,0.0065440621272530525,0.002596458008006264,0.005478281062404316,0.002311968230213535,0.0020544853926315666,0.001967411752519927,0.001972516444077075
274.0987815519384,0.004982176078415368,0.006522540096970248,0.002582130198727185,0.005471648321242249,0.002311498343254576,0.0020543983334730285,0.001967411752519927,0.0019725119103529126
273.9453437585271,0.004951730462675266,0.006501329200879409,0.0025680938584581588,0.005465034150676132,0.0023110294144844524,0.0020543114047048964,0.0019674117525199267,0.001972507382635474
273.7919059651158,0.004919764320601621,0.00648042432351695,0.0025543439430795126,0.005458438482229659,0.0023105614413061366,0.0020542246060671373,0.0019674117525199267,0.0019725028609142077
273.6384681717027,0.004886531073250023,0.006459820415743681,0.0025408754744747912,0.005451861247738271,0.0023100944211313728,0.0020541379373003646,0.0019674117525199267,0.0019724983451785845
273.4850303782914,0.004852389408883769,0.006439512494375762,0.0025276835401631713,0.0054453023793477,0.002309628351380657,0.0020540513981458417,0.0019674117525199267,0.0019724938354180985
273.3315925848801,0.004817807181759335,0.006419495641803066,0.0025147632929200473,0.005438761809511817,0.002309163229483168,0.0020539649883454703,0.0019674117525199267,0.0019724893316222666
273.17815479146884,0.004783330221842609,0.006399765005599973,0.002502109950389198,0.005432239470991298,0.0023086990528767555,0.0020538787076417966,0.0019674117525199267,0.001972484833780629
273.02471699805574,0.004749566739667006,0.006380315798125067,0.002489718794684334,0.005425735296851792,0.0023082358190078932,0.002053792555778004,0.0019674117525199267,0.0019724803418827474
272.87127920464445,0.004717187326333474,0.00636114329611293,0.002477585171982233,0.0054192492204626075,0.0023077735253316666,0.0020537065324979184,0.0019674117525199267,0.0019724758559182083
272.71784141123317,0.004686866471728433,0.00634224284025467,0.002465704492105459,0.0054127811754945965,0.002307312169311705,0.0020536206375459964,0.0019674117525199267,0.001972471375876619
272.5644036178219,0.004659274766952827,0.006323609834772215,0.002454072228097956,0.005406331095918854,0.002306851748420169,0.002053534870667331,0.0019674117525199267,0.00197246690174761
272.4109658244088,0.004635067207965724,0.0063052397469829475,0.0024426839157915157,0.005399898916004949,0.002306392260137706,0.002053449231607646,0.0019674117525199267,0.0019724624335208355
272.2575280309975,0.004614848106515069,0.006287128106857776,0.0024315351533651516,0.005393484570319623,0.0023059337019534377,0.0020533637201132983,0.0019674117525199267,0.00197245797118597
272.1040902375862,0.0045991243047120425,0.006269270506569463,0.0024206216008955533,0.00538708799372474,0.002305476071364892,0.00205327833593127,0.0019674117525199267,0.001972453514732713
271.9506524441749,0.004588340264100297,0.006251662600035905,0.0024099389799016506,0.005380709121376012,0.002305019365877993,0.0020531930788091715,0.0019674117525199267,0.001972449064150784
271.7972146507618,0.00458280008994654,0.006234300102455199,0.002399483072881456,0.005374347888721272,0.0023045635830070154,0.002053107948495235,0.0019674117525199267,0.001972444619429926
271.64377685735053,0.004582714316666186,0.006217178789835374,0.00238924972284307,0.005368004231499211,0.0023041087202745726,0.00205302294473832,0.0019674117525199267,0.0019724401805599045
271.49033906393925,0.004588141426041295,0.006200294498515809,0.0023792348328281684,0.005361678085737382,0.0023036547752115517,0.0020529380672879034,0.0019674117525199267,0.0019724357475305074
271.33690127052614,0.004599026835075277,0.006183643124684537,0.0023694343654306533,0.005355369387750868,0.002303201745357096,0.002052853315894081,0.0019674117525199267,0.001972431320331543
271.18346347711486,0.0046151834020655425,0.00616722062388988,0.0023598443423096,0.0053490780741409834,0.0023027496282585873,0.0020527686903075697,0.0019674117525199267,0.0019724268989528442
271.03002568370357,0.004636310920530853,0.006151023010544946,0.002350460843695812,0.005342804081793295,0.0023022984214715824,0.0020526841902796977,0.0019674117525199267,0.0019724224833842638
270.8765878902923,0.004662003916782264,0.006135046357429073,0.002341280007894484,0.005336547347876407,0.0023018481225598013,0.002052599815562408,0.0019674117525199267,0.001972418073615678
270.7231500968792,0.004691755548708595,0.006119286795183332,0.0023322980307824044,0.005330307809840311,0.0023013987290950826,0.002052515565908255,0.0019674117525199267,0.001972413669636984
270.5697123034679,0.004725019986343958,0.006103740511802684,0.0023235111653013276,0.00532408540541518,0.0023009502386573746,0.0020524314410704054,0.0019674117525199267,0.0019724092714381012
270.4162745100566,0.004761177322798524,0.006088403752122093,0.002314915720946086,0.00531788007260944,0.0023005026488346694,0.002052347440802631,0.0019674117525199267,0.0019724048790089716
270.2628367166453,0.004799615448753404,0.0060732728173005825,0.00230650806324984,0.0053116917497085855,0.002300055957222993,0.0020522635648593116,0.0019674117525199262,0.001972400492339558
270.1093989232322,0.0048396910646059475,0.006058344064300559,0.0022982846132650592,0.005305520375273567,0.0022996101614263624,0.0020521798129954304,0.0019674117525199262,0.0019723961114198447
269.95596112982093,0.004880811554964617,0.006043613905364809,0.002290241847041699,0.005299365888139626,0.0022991652590567744,0.002052096184966576,0.0019674117525199262,0.001972391736239838
269.80252333640965,0.004922423292292586,0.006029078807488633,0.0022823762951012954,0.005293228227414397,0.002298721247734143,0.002052012680528935,0.0019674117525199262,0.001972387366789567
269.64908554299654,0.004964035029620555,0.006014735291890716,0.00227468454190907,0.005287107332476693,0.002298278125086284,0.002051929299439294,0.0019674117525199262,0.00197238300305908
269.49564774958526,0.005005241293259579,0.006000579933481359,0.0022671632253433906,0.005281003142975286,0.0022978358887488985,0.002051846041455039,0.0019674117525199262,0.001972378645038449
269.342209956174,0.005045734079157478,0.005986609360326826,0.0022598090361620553,0.00527491559882705,0.0022973945363655096,0.0020517629063341496,0.0019674117525199262,0.0019723742927177657
269.1887721627627,0.005085295055327899,0.005972820253113285,0.0022526187174673547,0.005268844640215835,0.002296954065587455,0.0020516798938351997,0.0019674117525199262,0.0019723699460871442
269.0353343693496,0.005123795561850309,0.0059592093446078406,0.0022455890641687134,0.005262790207590915,0.002296514474073843,0.002051597003717355,0.0019674117525199262,0.00197236560513672
268.8818965759383,0.005161220003582828,0.0059457734191189085,0.0022387169224441722,0.005256752241665876,0.0022960757594915424,0.0020515142357403746,0.0019674117525199262,0.001972361269856649
268.728458782527,0.005197638558663925,0.005932509311953537,0.0022319991891996097,0.005250730683416798,0.0022956379195151226,0.0020514315896646026,0.0019674117525199262,0.0019723569402371084
268.5750209891157,0.005233187684585074,0.005919413908875157,0.0022254328115275854,0.005244725474081164,0.0022952009518268424,0.0020513490652509718,0.0019674117525199262,0.001972352616268298
268.4215831957026,0.005268066219405275,0.005906484145559372,0.002219014786164695,0.005238736555156335,0.0022947648541166107,0.002051266662261,0.0019674117525199262,0.0019723482979404367
268.26814540229134,0.00530253148296559,0.0058937170070499055,0.002212742158948603,0.005232763868398477,0.0022943296240819744,0.002051184380456789,0.0019674117525199262,0.001972343985243766
268.11470760888005,0.005336817402394257,0.005881109527212443,0.0022066120242737377,0.005226807355820781,0.0022938952594280596,0.002051102219601023,0.0019674117525199262,0.001972339678168548
267.96126981546877,0.005371196892674218,0.0058686587881896495,0.0022006215245473737,0.005220866959692391,0.0022934617578675614,0.0020510201794569642,0.0019674117525199262,0.0019723353767050643
267.80783202205566,0.005405899982148241,0.005856361919855087,0.0021947678496450854,0.005214942622536929,0.0022930291171207036,0.0020509382597884546,0.0019674117525199262,0.0019723310808436195
267.6543942286444,0.005441102116162504,0.005844216099268053,0.0021890482363666284,0.005209034287131447,0.002292597334915231,0.002050856460359914,0.0019674117525199262,0.001972326790574538
267.5009564352331,0.005476931954637537,0.005832218550127147,0.0021834599678913335,0.0052031418965046705,0.002292166408986346,0.002050774780936336,0.0019674117525199262,0.0019723225058881654
267.34751864182,0.005513420687857106,0.005820366542225569,0.0021780003732345117,0.00519726539393591,0.002291736337076698,0.0020506932212832865,0.0019674117525199262,0.001972318226774867
267.1940808484087,0.005550517631610093,0.0058086573909069406,0.0021726668267043883,0.005191404722953953,0.002291307116936368,0.0020506117811669063,0.0019674117525199262,0.00197231395322503
267.0406430549974,0.005588047340550318,0.005797088456520603,0.0021674567473591944,0.005185559827335342,0.002290878746322807,0.0020505304603539035,0.0019674117525199262,0.0019723096852290616
266.88720526158613,0.005625740798480309,0.005785657143879252,0.002162367598465807,0.005179730651103373,0.002290451223000831,0.0020504492586115555,0.0019674117525199262,0.0019723054227773896
266.733767468173,0.005663223721994888,0.005774360901716775,0.002157396886959068,0.005173917138526665,0.002290024544742579,0.0020503681757077052,0.0019674117525199262,0.001972301165860462
266.58032967476174,0.005700028256837577,0.005763197222148159,0.002152542162902682,0.005168119234118163,0.002289598709327506,0.002050287211410764,0.0019674117525199262,0.0019722969144687487
266.42689188135046,0.005735581281544196,0.005752163640129417,0.002147801018950904,0.005162336882633453,0.0022891737145423236,0.002050206365489703,0.0019674117525199262,0.0019722926685927377
266.2734540879392,0.005769243395297562,0.005741257732920406,0.002143171089812344,0.00515657002906978,0.002288749558180991,0.0020501256377140568,0.0019674117525199262,0.0019722884282229393
266.12001629452607,0.005800328411854847,0.005730477119548522,0.0021386500517150907,0.005150818618664656,0.002288326238044679,0.002050045027853919,0.0019674117525199262,0.001972284193349883
265.9665785011148,0.005828103359547571,0.005719819460274981,0.0021342356218739798,0.005145082596894885,0.002287903751941758,0.002049964535679944,0.0019674117525199262,0.0019722799639641194
265.8131407077035,0.005851839165492729,0.00570928245606179,0.0021299255579592708,0.005139361909474921,0.0022874820976877433,0.0020498841609633417,0.0019674117525199262,0.0019722757400562185
265.6597029142922,0.005870822351949197,0.005698863848042078,0.002125717657567946,0.0051336565023559055,0.0022870612731052857,0.002049803903475876,0.0019674117525199262,0.0019722715216167704
265.5062651208791,0.005884366732674145,0.005688561416991891,0.0021216097576969017,0.005127966321724309,0.002286641276024133,0.002049723762989865,0.0019674117525199262,0.0019722673086363866
265.3528273274678,0.005891875793490566,0.0056783729828050545,0.0021175997342187704,0.005122291314000986,0.0022862221042811246,0.002049643739278182,0.0019674117525199262,0.001972263101105697
265.19938953405654,0.005892815400788986,0.005668296403969288,0.0021136855013597056,0.005116631425839559,0.0022858037557201305,0.0020495638321142463,0.0019674117525199262,0.0019722588990153524
265.04595174064343,0.005886783979665931,0.005658329577046,0.0021098650111801886,0.005110986604125423,0.0022853862281920416,0.002049484041272028,0.0019674117525199262,0.0019722547023560233
264.89251394723215,0.005873485222425633,0.005648470436152736,0.0021061362530584893,0.00510535679597475,0.0022849695195547564,0.0020494043665260455,0.0019674117525199262,0.0019722505111184003
264.73907615382086,0.005852751481292855,0.005638716952447387,0.0021024972531765163,0.005099741948732897,0.0022845536276731235,0.002049324807651361,0.0019674117525199262,0.001972246325293194
264.5856383604096,0.005824586655053069,0.005629067133616456,0.0020989460740090133,0.005094142009973497,0.002284138550418936,0.0020492453644235815,0.0019674117525199262,0.0019722421448711332
264.43220056699647,0.005789080415772097,0.0056195190233656435,0.002095480813815481,0.005088556927497152,0.0022837242856708915,0.0020491660366188554,0.0019674117525199262,0.001972237969842969
264.2787627735852,0.005746509577218355,0.0056100707009141965,0.002092099606135436,0.0050829866493305315,0.0022833108313145877,0.0020490868240138752,0.0019674117525199262,0.0019722338001994704
264.1253249801739,0.00569723282765514,0.005600720280491314,0.0020888006192864425,0.005077431123724814,0.0022828981852424666,0.0020490077263858697,0.0019674117525199262,0.0019722296359314267
263.9718871867626,0.00564174141405175,0.005591465910836976,0.0020855820558658253,0.0050718902991548,0.0022824863453538035,0.0020489287435126063,0.0019674117525199262,0.001972225477029646
263.8184493933495,0.00558062015422878,0.005582305774705448,0.002082442152255494,0.005066364124317636,0.0022820753095546763,0.002048849875172388,0.0019674117525199262,0.0019722213234849577
263.6650115999382,0.005514500651432469,0.005573238088372883,0.0020793791781304315,0.00506085254813194,0.002281665075757954,0.0020487711211440544,0.0019674117525199262,0.0019722171752882085
263.51157380652694,0.005444080788262061,0.005564261101147369,0.002076391435970322,0.005055355519736265,0.002281255641883244,0.002048692481206977,0.0019674117525199262,0.001972213032430266
263.35813601311565,0.005370062346102267,0.005555373094883652,0.002073477260575144,0.0050498729884882534,0.0022808470058568835,0.0020486139551410586,0.0019674117525199262,0.001972208894902017
263.20469821970255,0.005293139308766857,0.005546572383500871,0.002070635018584203,0.005044404903963368,0.0022804391656119053,0.002048535542726732,0.0019674117525199262,0.0019722047626943673
263.05126042629126,0.005213974469785839,0.005537857312504677,0.002067863107999091,0.005038951215954058,0.0022800321190880306,0.00204845724374496,0.0019674117525199262,0.0019722006357982417
262.89782263288,0.005133156545765277,0.005529226258512085,0.0020651599577101083,0.0050335118744682505,0.0022796258642316146,0.0020483790579772314,0.0019674117525199262,0.001972196514204585
262.7443848394669,0.005051204075172763,0.00552067762878114,0.002062524027026838,0.005028086829728452,0.0022792203989956345,0.002048300985205559,0.0019674117525199262,0.001972192397904361
262.5909470460556,0.004968542025624596,0.0055122098607444815,0.0020599538052126247,0.005022676032170848,0.002278815721339679,0.0020482230252124828,0.0019674117525199262,0.0019721882868885526
262.4375092526443,0.004885470603602013,0.005503821421545972,0.0020574478110227308,0.005017279432443828,0.0022784118292298945,0.002048145177781063,0.0019674117525199262,0.001972184181148161
262.284071459233,0.004802149659309311,0.005495510807582364,0.002055004592246833,0.005011896981407169,0.002278008720638978,0.0020480674426948805,0.0019674117525199262,0.001972180080674208
262.1306336658199,0.004718653269670429,0.005487276544048427,0.0020526227252553922,0.005006528630130828,0.002277606393546142,0.0020479898197380366,0.0019674117525199262,0.001972175985457733
261.97719587240863,0.004634903458975958,0.005479117184486795,0.00205030081455031,0.005001174329894133,0.002277204845937111,0.0020479123086951517,0.0019674117525199262,0.0019721718954897947
261.82375807899734,0.004550705287952365,0.0054710313103409815,0.002048037492319456,0.0049958340321843335,0.0022768040758040643,0.002047834909351361,0.0019674117525199262,0.0019721678107614718
261.67032028558606,0.004465770246474823,0.005463017530513588,0.0020458314179956742,0.004990507688695812,0.002276404081145633,0.0020477576214923137,0.0019674117525199262,0.00197216373126386
261.51688249217295,0.004379712354781743,0.005455074480928161,0.0020436812778198534,0.004985195251328898,0.002276004859966864,0.0020476804449041743,0.0019674117525199262,0.0019721596569880757
261.36344469876167,0.004292091050114941,0.0054472008240958845,0.0020415857844084165,0.004979896672189084,0.0022756064102792163,0.0020476033793736205,0.0019674117525199262,0.0019721555879252525
261.2100069053504,0.00420240338914871,0.005439395248685646,0.0020395436763248577,0.004974611903585608,0.0022752087301005056,0.0020475264246878374,0.0019674117525199262,0.0019721515240665437
261.0565691119373,0.004110142529771867,0.0054316564690992785,0.002037553717655835,0.004969340898030611,0.0022748118174548957,0.002047449580634521,0.0019674117525199262,0.0019721474654031206
260.903131318526,0.0040148211238005835,0.005423983225051147,0.002035614697591608,0.004964083608238306,0.002274415670372888,0.0020473728470018757,0.0019674117525199262,0.0019721434119261737
260.7496935251147,0.003915975215763857,0.005416374281151312,0.0020337254300106453,0.00495883998712358,0.002274020286891269,0.0020472962235786106,0.0019674117525199262,0.001972139363626912
260.5962557317034,0.0038132071295436817,0.005408828426493999,0.002031884753068866,0.004953609987801231,0.002273625665053104,0.0020472197101539403,0.0019674117525199262,0.0019721353204965627
260.4428179382903,0.0037062205574442918,0.005401344474249955,0.002030091528793162,0.004948393563584839,0.0022732318029077066,0.002047143306517581,0.0019674117525199262,0.0019721312825263715
260.28938014487903,0.003594820560192156,0.005393921261263781,0.0020283446426794887,0.004943190667986012,0.002272838698510629,0.0020470670124597542,0.0019674117525199262,0.0019721272497076024
260.13594235146775,0.003478960352361626,0.005386557647654843,0.002026643003295193,0.004938001254713022,0.0022724463499236144,0.0020469908277711796,0.0019674117525199262,0.0019721232220315387
259.98250455805646,0.0033587023145202326,0.005379252516423523,0.00202498554188602,0.004932825277670061,0.0022720547552145904,0.0020469147522430755,0.0019674117525199262,0.0019721191994894814
259.82906676464336,0.003234303766509037,0.005372004773061436,0.0020233712119874674,0.00492766269095613,0.0022716639124576356,0.0020468387856671572,0.0019674117525199262,0.0019721151820727492
259.6756289712321,0.0031061350929477475,0.005364813345166657,0.0020217989890407443,0.004922513448864322,0.0022712738197329745,0.00204676292783564,0.0019674117525199262,0.00197211116977268
259.5221911778208,0.002974757718944135,0.00535767718206257,0.002020267870013022,0.004917377505880465,0.002270884475126928,0.00204668717854123,0.0019674117525199262,0.00197210716258063
259.3687533844095,0.002840853931955558,0.005350595254422088,0.00201877687302238,0.004912254816682405,0.0022704958767319075,0.0020466115375771285,0.0019674117525199262,0.001972103160487972
259.2153155909964,0.0027052502745017887,0.0053435665538958625,0.0020173250369671268,0.0049071453361389334,0.002270108022646382,0.0020465360047370257,0.0019674117525199262,0.0019720991634860994
259.0618777975851,0.0025688902526667186,0.005336590092745492,0.0020159114211597312,0.004902049019309062,0.0022697209109748743,0.002046460579815108,0.0019674117525199262,0.001972095171566421
258.9084400041738,0.002432795348243651,0.005329664903480407,0.002014535104965073,0.004896965821440716,0.0022693345398279107,0.0020463852626060462,0.0019674117525199262,0.0019720911847203658
258.7550022107607,0.002298080613877184,0.005322790038500001,0.0020131951874433457,0.004891895697969971,0.0022689489073220107,0.002046310052904999,0.0019674117525199262,0.0019720872029393797
258.60156441734944,0.002165888393710211,0.0053159645697402535,0.002011890786997444,0.004886838604520293,0.0022685640115796793,0.002046234950507615,0.0019674117525199262,0.001972083226214927
258.44812662393815,0.002037372728242036,0.005309187588324094,0.002010621041024686,0.004881794496901244,0.0022681798507293563,0.002046159955210024,0.0019674117525199262,0.001972079254538489
258.29468883052687,0.0019136798604010232,0.005302458204217089,0.002009385105573178,0.004876763331107797,0.002267796422905412,0.0020460850668088414,0.0019674117525199262,0.0019720752879015657
258.14125103711376,0.0017958897537625345,0.005295775545887081,0.0020081821550025428,0.004871745063319291,0.0022674137262481153,0.0020460102851011627,0.0019674117525199262,0.0019720713262956747
257.9878132437025,0.0016850433840472272,0.005289138759968793,0.0020070113816491953,0.004866739649898753,0.002267031758903631,0.0020459356098845674,0.0019674117525199262,0.0019720673697123515
257.8343754502912,0.001582053067055227,0.005282547010932068,0.0020058719954959133,0.00486174704739163,0.002266650519023968,0.002045861040957112,0.0019674117525199262,0.001972063418143149
257.6809376568799,0.0014877375477353647,0.0052759994807553435,0.0020047632238459835,0.004856767212525117,0.002266270004766977,0.0020457865781173326,0.0019674117525199262,0.001972059471579638
257.5274998634668,0.0014027440244757643,0.005269495368603071,0.0020036843110016714,0.0048518001022071384,0.0022658902142963194,0.002045712221164239,0.0019674117525199262,0.0019720555300134068
257.3740620700555,0.0013275832381730772,0.005263033890507999,0.002002634517947169,0.004846845673525691,0.002265511145781462,0.0020456379698973216,0.0019674117525199262,0.001972051593436061
257.22062427664423,0.0012625982819487185,0.005256614279057072,0.0020016131220357935,0.004841903883747589,0.00226513279739763,0.0020455638241165404,0.0019674117525199262,0.0019720476618392243
257.06718648323294,0.0012079723987198073,0.005250235783082456,0.0020006194166816674,0.0048369746903178246,0.0022647551673258015,0.0020454897836223295,0.0019674117525199262,0.001972043735214538
256.91374868981984,0.0011637094872718144,0.005243897667356461,0.00199965271105567,0.004832058050858566,0.002264378253752677,0.0020454158482155938,0.0019674117525199262,0.0019720398135536594
256.76031089640855,0.0011296457986149737,0.005237599212291228,0.0019987123297857713,0.0048271539231685085,0.002264002054870678,0.00204534201769771,0.0019674117525199262,0.001972035896848265
256.60687310299727,0.0011054616323406938,0.005231339713641971,0.001997797612661547,0.004822262265221663,0.0022636265688778957,0.0020452682918705224,0.0019674117525199262,0.001972031985090048
256.45343530958417,0.0010907047293343825,0.005225118482215166,0.00199690791434307,0.004817383035166656,0.0022632517939780846,0.002045194670536341,0.0019674117525199262,0.0019720280782707187
256.2999975161729,0.0010847746766335634,0.005218934843580995,0.0019960426040740433,0.0048125161913260515,0.0022628777283806548,0.0020451211534979457,0.0019674117525199262,0.0019720241763820047
256.1465597227616,0.001086996984351819,0.00521278813778934,0.0019952010653990606,0.004807661692195134,0.002262504370300622,0.0020450477405585775,0.0019674117525199262,0.001972020279415651
255.9931219293503,0.00109656460389673,0.005206677719090733,0.001994382695885164,0.004802819496441305,0.0022621317179586076,0.0020449744315219425,0.0019674117525199262,0.0019720163873634196
255.8396841359372,0.0011126470939630535,0.0052006029556610125,0.00199358690684751,0.004797989562903103,0.0022617597695808057,0.0020449012261922073,0.0019674117525199262,0.0019720125002170904
255.68624634252592,0.001134367227819899,0.00519456322933058,0.001992813123079231,0.00479317185058961,0.002261388523398982,0.0020448281243740027,0.0019674117525199262,0.001972008617968459
255.53280854911463,0.0011608165884526116,0.005188557935317039,0.0019920607825853094,0.004788366318679254,0.0022610179776504247,0.0020447551258724163,0.0019674117525199262,0.0019720047406093393
255.37937075570335,0.0011911179491303002,0.005182586481962636,0.0019913293363206298,0.004783572926519214,0.0022606481305779426,0.002044682230492994,0.0019674117525199262,0.0019720008681315617
255.22593296229024,0.0012244213746203695,0.005176648290475339,0.0019906182479320195,0.004778791633624477,0.0022602789804298355,0.002044609438041738,0.0019674117525199262,0.0019719970005269735
255.07249516887896,0.0012599120187594586,0.005170742794674343,0.001989926993504363,0.004774022399677245,0.002259910525459891,0.00204453674832511,0.0019674117525199262,0.001971993137787439
254.91905737546767,0.001296860808664561,0.005164869440738875,0.0019892550613106134,0.004769265184525768,0.002259542763927337,0.002044464161150021,0.0019674117525199262,0.00197198927990484
254.7656195820564,0.0013346400398749063,0.005159027686961658,0.0019886019515658426,0.004764519948183768,0.0022591756940968408,0.0020443916763238385,0.0019674117525199262,0.001971985426871074
254.61218178864328,0.001372696084853666,0.005153217003505878,0.0019879671761851626,0.004759786650829507,0.0022588093142384778,0.0020443192936543796,0.0019674117525199262,0.0019719815786780562
254.458743995232,0.0014106000771990713,0.0051474368721664485,0.0019873502585455744,0.004755065252805215,0.0022584436226277304,0.0020442470129499145,0.0019674117525199262,0.0019719777353177184
254.3053062018207,0.0014480401140734725,0.005141686786134449,0.001986750733251596,0.004750355714615949,0.0022580786175454403,0.00204417483401916,0.0019674117525199262,0.0019719738967820086
254.1518684084076,0.0014848173574178675,0.005135966249766011,0.0019861681459047735,0.004745657996928966,0.002257714297277803,0.0020441027566712815,0.0019674117525199262,0.001971970063062892
253.99843061499632,0.0015208616290937852,0.005130274778354968,0.001985602052876968,0.004740972060573102,0.00225735066011636,0.002044030780715893,0.0019674117525199262,0.0019719662341523506
253.84499282158504,0.0015562080181704611,0.00512461189790866,0.00198505202108733,0.004736297866537647,0.0022569877043579533,0.0020439589059630526,0.0019674117525199262,0.0019719624100423827
253.69155502817375,0.00159100857728125,0.005118977144928118,0.001984517627783046,0.00473163537597179,0.002256625428304722,0.002043887132223262,0.0019674117525199262,0.001971958590725003
253.53811723476065,0.0016255323226236243,0.005113370066191527,0.001983998460323719,0.0047269845501837285,0.0022562638302640755,0.0020438154593074662,0.0019674117525199262,0.0019719547761922426
253.38467944134936,0.0016601223473189993,0.005107790218541726,0.0019834941159694217,0.004722345350640114,0.0022559029085486904,0.002043743887027053,0.0019674117525199262,0.0019719509664361504
253.23124164793808,0.0016951997201982024,0.0051022371686766385,0.001983004201672283,0.004717717738964955,0.002255542661476465,0.002043672415193851,0.0019674117525199262,0.0019719471614487896
253.0778038545268,0.0017312595870160026,0.005096710492943948,0.001982528333871698,0.0047131016769390716,0.0022551830873705162,0.0020436010436201252,0.0019674117525199262,0.0019719433612222417
252.9243660611137,0.0017688555753092286,0.0050912097771388795,0.001982066138293021,0.004708497126499225,0.002254824184559154,0.002043529772118581,0.0019674117525199262,0.0019719395657486036
252.7709282677024,0.001808553008971121,0.005085734616305881,0.001981617249749777,0.004703904049737582,0.002254465951375877,0.0020434586005023615,0.0019674117525199262,0.001971935775019988
252.61749047429112,0.0018509561997496263,0.0050802846145430874,0.001981181311949264,0.004699322408900631,0.002254108386159329,0.002043387528585043,0.0019674117525199262,0.001971931989028526
252.464052680878,0.0018966499654653381,0.005074859384810797,0.0019807579773016074,0.0046947521663886025,0.002253751487253292,0.002043316556180637,0.0019674117525199262,0.0019719282077663622
252.31061488746673,0.0019462230227243207,0.005069458548743296,0.0019803469067321837,0.0046901932847548886,0.0022533952530066795,0.00204324568310359,0.0019674117525199262,0.0019719244312256592
252.15717709405544,0.00200021340392152,0.005064081736463462,0.001979947769497327,0.004685645726704973,0.0022530396817734936,0.0020431749091687776,0.0019674117525199262,0.001971920659398595
252.00373930064416,0.0020591045584552937,0.005058728586401278,0.0019795602430033713,0.004681109455095917,0.0022526847719128223,0.0020431042341915078,0.0019674117525199262,0.0019719168922773646
251.85030150723105,0.0021233409478692926,0.005053398745115241,0.0019791840126289185,0.004676584432935521,0.0022523305217888112,0.0020430336579875174,0.0019674117525199262,0.001971913129854178
251.69686371381977,0.0021932617664994613,0.005048091867117341,0.0019788187715503404,0.0046720706233818075,0.002251976929770663,0.002042963180372973,0.0019674117525199262,0.0019719093721212613
251.54342592040848,0.002269132131757802,0.0050428076147006045,0.001978464220570409,0.004667567989741982,0.0022516239942325937,0.002042892801164467,0.0019674117525199262,0.001971905619070858
251.3899881269972,0.0023511079950631394,0.0050375456577703955,0.001978120067950103,0.004663076495471924,0.00225127171355383,0.002042822520179018,0.0019674117525199262,0.0019719018706952254
251.2365503335841,0.002439240040626592,0.005032305673678433,0.0019777860292434796,0.004658596104175367,0.0022509200861185836,0.002042752337234069,0.0019674117525199262,0.001971898126986639
251.0831125401728,0.0025334580903096887,0.005027087347060245,0.0019774618271356263,0.004654126779603401,0.0022505691103160475,0.002042682252147488,0.0019674117525199262,0.001971894387937388
250.92967474676152,0.00263357890119531,0.005021890369675017,0.0019771471912835804,0.004649668485653442,0.002250218784540356,0.0020426122647375644,0.0019674117525199262,0.001971890653539779
250.77623695335024,0.0027392827728748644,0.005016714440249035,0.001976841858160268,0.00464522118636875,0.0022498691071905787,0.0020425423748230095,0.0019674117525199262,0.001971886923786134
250.62279915993713,0.0028501291425901717,0.005011559264321704,0.0019765455709013524,0.004640784845937615,0.002249520076670699,0.002042472582222952,0.0019674117525199262,0.0019718831986687904
250.46936136652585,0.002965579977946286,0.005006424554094824,0.0019762580791549958,0.004636359428692878,0.0022491716913896087,0.0020424028867569452,0.0019674117525199262,0.0019718794781801016
250.31592357311456,0.0030849685866277303,0.0050013100282841165,0.001975979138934446,0.0046319448991109175,0.0022488239497610663,0.0020423332882449547,0.0019674117525199262,0.0019718757623124364
250.16248577970146,0.003207526907896792,0.004996215411974133,0.0019757085124734713,0.004627541221811129,0.002248476850203693,0.002042263786507364,0.0019674117525199262,0.00197187205105818
250.00904798629017,0.003332381613808051,0.004991140436475925,0.0019754459680845662,0.00462314836155539,0.002248130391140966,0.0020421943813649745,0.0019674117525199262,0.0019718683444097324
249.85561019287888,0.003458604793419499,0.004986084839186925,0.001975191280019875,0.0046187662832470715,0.0022477845710011744,0.0020421250726389995,0.0019674117525199262,0.00197186464235951
249.7021723994676,0.0035852022564361267,0.004981048363454128,0.00197494422833484,0.004614394951930562,0.0022474393882174217,0.002042055860151066,0.0019674117525199262,0.001971860944899943
249.5487346060545,0.003711125229566337,0.004976030758439583,0.0019747045987544964,0.0046100343327905025,0.0022470948412275965,0.0020419867437232123,0.0019674117525199262,0.00197185725202348
249.3952968126432,0.0038353171419475895,0.004971031778988862,0.001974472182542406,0.004605684391151317,0.0022467509284743734,0.00204191772317789,0.0019674117525199262,0.001971853563722582
249.24185901923192,0.003956709726360935,0.004966051185501532,0.0019742467763721443,0.0046013450924762365,0.002246407648405171,0.0020418487983379576,0.0019674117525199262,0.0019718498799897273
249.08842122582064,0.004074277602227598,0.004961088743804751,0.001974028182201366,0.004597016402366847,0.0022460649994721486,0.002041779969026684,0.0019674117525199262,0.0019718462008174093
248.93498343240753,0.004187018781681628,0.004956144225029052,0.0019738162071483594,0.004592698286562334,0.002245722980132184,0.0020417112350677434,0.0019674117525199262,0.001971842526198136
248.78154563899625,0.0042940209489229,0.004951217405486919,0.001973610663371086,0.0045883907109390155,0.002245381588846871,0.0020416425962852197,0.0019674117525199262,0.0019718388561244314
248.62810784558496,0.004394461460217112,0.004946308066553239,0.001973411367948629,0.004584093641509404,0.0022450408240824757,0.0020415740525036,0.0019674117525199262,0.0019718351905888346
248.47467005217368,0.0044876268378231405,0.004941415994548726,0.0019732181427650616,0.0045798070444217544,0.00224470068430994,0.002041505603547775,0.0019674117525199262,0.0019718315295839
248.32123225876057,0.0045729478590622735,0.004936540980625359,0.0019730308143956596,0.004575530885959316,0.0022443611680048534,0.0020414372492430378,0.0019674117525199262,0.0019718278731021975
248.1677944653493,0.004650015151460096,0.0049316828206544955,0.001972849213995449,0.0045712651325399,0.002244022273647453,0.002041368989415087,0.0019674117525199262,0.001971824221136311
248.014356671938,0.004718555800033664,0.004926841315116691,0.0019726731771900147,0.0045670097507149385,0.0022436839997225823,0.002041300823890019,0.0019674117525199262,0.0019718205736788405
247.8609188785249,0.004778503525429976,0.004922016268994295,0.00197250254396858,0.004562764707169003,0.002243346344719687,0.0020412327524943286,0.0019674117525199262,0.0019718169307224014
247.7074810851136,0.00482995969607127,0.004917207491666259,0.001972337158579298,0.00455852996871932,0.0022430093071328103,0.002041164775054913,0.0019674117525199262,0.0019718132922596234
247.55404329170233,0.004873197226940489,0.004912414796804612,0.0019721768694266986,0.004554305502314854,0.0022426728854605506,0.002041096891399064,0.0019674117525199262,0.001971809658283151
247.40060549829104,0.004908691769865049,0.004907638002273652,0.001972021528971302,0.004550091275035875,0.0022423370782060636,0.002041029101354471,0.0019674117525199262,0.0019718060287856444
247.24716770487794,0.00493706713052025,0.0049028769300308965,0.001971870993631323,0.004545887254093247,0.002242001883877036,0.0020409614047492168,0.0019674117525199262,0.0019718024037597786
247.09372991146665,0.004959114762356627,0.004898131406030466,0.0019717251236864566,0.004541693406828005,0.002241667300985685,0.0020408938014117818,0.0019674117525199262,0.001971798783198243
246.94029211805537,0.004975758677530721,0.004893401260127928,0.0019715837831836883,0.0045375097007104475,0.002241333328048718,0.0020408262911710364,0.0019674117525199262,0.0019717951670937426
246.78685432464408,0.0049880281554067745,0.004888686325987713,0.001971446839845118,0.004533336103339725,0.0022409999635873337,0.002040758873856245,0.0019674117525199262,0.001971791555438997
246.63341653123098,0.004997057742556739,0.004883986440992169,0.0019713141649777464,0.004529172582443132,0.0022406672061271965,0.00204069154929706,0.0019674117525199262,0.0019717879482267398
246.4799787378197,0.005004017074621803,0.004879301446152893,0.001971185633385205,0.004525019105875708,0.002240335054198436,0.002040624317323528,0.0019674117525199262,0.0019717843454497203
246.3265409444084,0.005010110876312388,0.004874631186023397,0.001971061123281371,0.004520875641619338,0.0022400035063356084,0.002040557177766082,0.0019674117525199262,0.0019717807471007023
246.17310315099712,0.005016539973553447,0.004869975508614215,0.001970940516205869,0.00451674215778235,0.0022396725610776946,0.0020404901304555416,0.0019674117525199262,0.0019717771531724644
246.01966535758402,0.00502443501413146,0.00486533426530952,0.0019708236969413974,0.004512618622598835,0.002239342216968078,0.0020404231752231146,0.0019674117525199262,0.0019717735636577993
245.86622756417273,0.00503487596162179,0.004860707310785854,0.001970710553432869,0.004508505004428237,0.002239012472554544,0.002040356311900396,0.0019674117525199262,0.0019717699785495144
245.71278977076145,0.00504880632210833,0.004856094502932122,0.0019706009767083087,0.004504401271754485,0.002238683326389239,0.002040289540319361,0.0019674117525199262,0.0019717663978404327
245.55935197734834,0.005067025346612555,0.004851495702771787,0.001970494860801504,0.004500307393185556,0.0022383547770286685,0.002040222860312372,0.0019674117525199262,0.0019717628215233907
245.40591418393706,0.0050901841323080605,0.004846910774386801,0.0019703921026763666,0.004496223337453034,0.0022380268230336917,0.0020401562717121736,0.0019674117525199262,0.001971759249591239
245.25247639052577,0.0051187076468111456,0.004842339584842716,0.0019702926021529575,0.004492149073411245,0.002237699462969484,0.00204008977435189,0.0019674117525199262,0.001971755682036845
245.0990385971145,0.005152814222108163,0.004837782004115994,0.0019701962618351755,0.004488084570036875,0.0022373726954055344,0.0020400233680650266,0.0019674117525199262,0.0019717521188530873
244.94560080370138,0.005192499959413643,0.004833237905022613,0.0019701029870400556,0.004484029796428308,0.0022370465189156252,0.0020399570526854678,0.0019674117525199262,0.0019717485600328614
244.7921630102901,0.00523753872917029,0.004828707163148585,0.0019700126857286593,0.004479984721805245,0.00223672093207783,0.002039890828047478,0.0019674117525199262,0.001971745005569076
244.6387252168788,0.005287454879550688,0.004824189656781493,0.001969925268438517,0.004475949315507852,0.0022363959334744765,0.002039824693985697,0.0019674117525199262,0.0019717414554546544
244.48528742346753,0.0053415661230974765,0.004819685266844115,0.0019698406482176077,0.004471923546996393,0.002236071521692145,0.002039758650335141,0.0019674117525199262,0.0019717379096825345
244.33184963005442,0.00539895624522506,0.004815193876829212,0.001969758740559833,0.004467907385850569,0.0022357476953216463,0.002039692696931201,0.0019674117525199262,0.0019717343682456676
244.17841183664314,0.005458553079929016,0.004810715372736116,0.0019696794633419705,0.004463900801769161,0.0022354244529580233,0.0020396268336096454,0.0019674117525199262,0.0019717308311370204
244.02497404323185,0.005519085623145923,0.004806249643008242,0.0019696027367620624,0.00445990376456919,0.0022351017932005102,0.002039561060206612,0.0019674117525199262,0.0019717272983495733
243.87153624981875,0.005579173704819178,0.004801796578472488,0.001969528483279228,0.004455916244185502,0.002234779714652531,0.0020394953765586112,0.0019674117525199262,0.00197172376987632
243.71809845640746,0.005637359179182769,0.004797356072280028,0.0019694566275548667,0.004451938210670375,0.0022344582159216945,0.002039429782502527,0.0019674117525199262,0.00197172024571027
243.56466066299618,0.005692074734477504,0.004792928019848007,0.0019693870963952147,0.004447969634192682,0.002234137295619758,0.0020393642778756115,0.0019674117525199262,0.0019717167258444454
243.4112228695849,0.005741799844369841,0.004788512318803083,0.001969319818695248,0.004444010485037543,0.0022338169523626267,0.002039298862515486,0.0019674117525199262,0.0019717132102718836
243.25778507617179,0.005785002286169824,0.004784108868925984,0.0019692547253838894,0.0044400607336056944,0.0022334971847703306,0.0020392335362601397,0.0019674117525199262,0.001971709698985635
243.1043472827605,0.005820243408038794,0.004779717572097657,0.001969191749370504,0.004436120350413136,0.0022331779914670277,0.002039168298947931,0.0019674117525199262,0.0019717061919787638
242.95090948934921,0.005846174230203913,0.004775338332246158,0.001969130825492647,0.004432189306090323,0.002232859371080962,0.002039103150417582,0.0019674117525199262,0.0019717026892443496
242.79747169593793,0.005861617319453054,0.004770971055295304,0.001969071890465053,0.00442826757138182,0.0022325413222444696,0.002039038090508181,0.0019674117525199262,0.0019716991907754848
242.64403390252482,0.005865586283062149,0.004766615649114216,0.0019690148828298273,0.004424355117145685,0.0022322238435939514,0.00203897311905918,0.0019674117525199262,0.001971695696565276
242.49059610911354,0.005857274072438779,0.004762272023468368,0.00196895974290783,0.0044204519143531285,0.0022319069337698766,0.0020389082359103953,0.0019674117525199262,0.0019716922066068433
242.33715831570225,0.0058361426551879975,0.004757940089971286,0.001968906412751211,0.00441655793408771,0.0022315905914167453,0.0020388434409020035,0.0019674117525199262,0.0019716887208933217
242.18372052229097,0.005801880128472155,0.004753619762037892,0.0019688548360970904,0.004412673147545015,0.002231274815183089,0.002038778733874544,0.0019674117525199262,0.0019716852394178583
242.03028272887786,0.005754466998363898,0.004749310954838659,0.001968804958322347,0.004408797526032039,0.002230959603721448,0.0020387141146689146,0.0019674117525199262,0.0019716817621736158
241.87684493546658,0.005694129394420523,0.004745013585255181,0.0019687567263995064,0.004404931040966863,0.002230644955688374,0.002038649583126375,0.0019674117525199262,0.0019716782891537688
241.7234071420553,0.0056213585636113285,0.00474072757183628,0.0019687100888536833,0.004401073663877863,0.0022303308697443898,0.002038585139088541,0.0019674117525199262,0.0019716748203515073
241.5699693486422,0.005536895275175733,0.004736452834755638,0.001968664995720584,0.004397225366403349,0.002230017344553991,0.002038520782397386,0.0019674117525199262,0.0019716713557600338
241.4165315552309,0.005441714225481392,0.0047321892957704545,0.001968621398505528,0.004393386120291186,0.0022297043787856403,0.0020384565128952403,0.0019674117525199262,0.001971667895372565
241.26309376181962,0.005336996746525905,0.004727936878180643,0.001968579250143468,0.004389555897398028,0.0022293919711117317,0.0020383923304247895,0.0019674117525199262,0.001971664439182331
241.10965596840833,0.005224091818082108,0.00472369550678953,0.0019685385049599993,0.004385734669688997,0.00222908012020859,0.0020383282348290736,0.0019674117525199262,0.001971660987182575
240.95621817499523,0.005104480978628838,0.004719465107865204,0.0019684991186333257,0.00438192240923709,0.002228768824756454,0.0020382642259514842,0.0019674117525199262,0.001971657539366555
240.80278038158394,0.004979778325350934,0.0047152456091031246,0.0019684610481571683,0.004378119088222881,0.0022284580834394706,0.002038200303635769,0.0019674117525199262,0.0019716540957275407
240.64934258817266,0.004851617449360586,0.004711036939589132,0.0019684242518045896,0.0043743246789337414,0.002228147894945665,0.0020381364677260244,0.0019674117525199262,0.001971650656258817
240.49590479476137,0.004721686524766575,0.00470683902976388,0.001968388689092726,0.00437053915376354,0.0022278382579669393,0.0020380727180666983,0.0019674117525199262,0.0019716472209536815
240.34246700134827,0.004591630839037504,0.004702651811387843,0.001968354320748395,0.004366762485212071,0.0022275291711990495,0.0020380090545025873,0.0019674117525199262,0.001971643789805445
240.18902920793698,0.004463041096645387,0.004698475217507481,0.0019683211086745675,0.004362994645884738,0.0022272206333416094,0.0020379454768788387,0.0019674117525199262,0.0019716403628074314
240.0355914145257,0.004337414431210944,0.0046943091824217745,0.0019682890159176815,0.004359235608491817,0.002226912643098056,0.0020378819850409464,0.0019674117525199262,0.0019716369399529793
239.8821536211144,0.0042161232152198354,0.004690153641650058,0.0019682580066357823,0.004355485345848145,0.0022266051991756447,0.002037818578834751,0.0019674117525199262,0.0019716335212354393
239.7287158277013,0.004100368274597013,0.004686008531900378,0.001968228046067468,0.004351743830872566,0.002226298300285437,0.0020377552581064377,0.0019674117525199262,0.0019716301066481754
239.57527803429002,0.003991174989921249,0.004681873791038942,0.0019681991005016247,0.004348011036587623,0.0022259919451422935,0.0020376920227025397,0.0019674117525199262,0.0019716266961845655
239.42184024087874,0.0038893932964251428,0.004677749358059837,0.001968171137247932,0.004344286936118833,0.0022256861324648444,0.0020376288724699328,0.0019674117525199262,0.001971623289838
239.26840244746563,0.00379563530342758,0.004673635173055961,0.0019681441246081214,0.0043405715026943415,0.002225380860975485,0.002037565807255834,0.0019674117525199262,0.0019716198876018835
239.11496465405435,0.003710322079759388,0.0046695311771906755,0.0019681180318479752,0.004336864709644594,0.0022250761294003722,0.002037502826907806,0.0019674117525199262,0.001971616489469632
238.96152686064306,0.0036336446659086283,0.004665437312669768,0.001968092829170043,0.004333166530401609,0.0022247719364693933,0.0020374399312737507,0.0019674117525199262,0.0019716130954346768
238.80808906723178,0.003565630353373595,0.004661353522714575,0.001968068487687062,0.0043294769384986855,0.002224468280916162,0.00203737712020191,0.0019674117525199262,0.00197160970549046
238.65465127381867,0.0035060725065243444,0.004657279751535537,0.001968044979396069,0.004325795907569866,0.002224165161478003,0.002037314393540865,0.0019674117525199262,0.0019716063196304387
238.5012134804074,0.0034546397285958744,0.004653215944306694,0.00196802227715318,0.004322123411349648,0.0022238625768959503,0.0020372517511395385,0.0019674117525199262,0.0019716029378480824
238.3477756869961,0.0034108329750479447,0.004649162047140368,0.001968000354649031,0.004318459423672268,0.0022235605259147144,0.002037189192847187,0.0019674117525199262,0.001971599560136873
238.19433789358482,0.0033740245414197846,0.004645118007062979,0.00196797918638486,0.00431480391847143,0.0022232590072826823,0.0020371267185134057,0.0019674117525199262,0.0019715961864903058
238.0409001001717,0.003343516545112153,0.004641083771991187,0.0019679587476492126,0.004311156869779766,0.002222958019751899,0.0020370643279881244,0.0019674117525199262,0.0019715928169018893
237.88746230676043,0.0033185409253873362,0.00463705929070894,0.0019679390144952645,0.00430751825172856,0.0022226575620780675,0.00203700202112161,0.0019674117525199262,0.001971589451365144
237.73402451334914,0.0032982945324383866,0.004633044512844662,0.0019679199637187414,0.004303888038547043,0.0022223576330205157,0.0020369397977644623,0.0019674117525199262,0.001971586089873605
237.58058671993604,0.003281970317672884,0.00462903938884943,0.001967901572836421,0.00430026620456209,0.0022220582313421935,0.002036877657767612,0.0019674117525199262,0.0019715827324208184
237.42714892652475,0.0032687807264257635,0.004625043869975741,0.001967883820065208,0.004296652724197897,0.0022217593558096723,0.002036815600982326,0.0019674117525199262,0.0019715793790003435
237.27371113311347,0.00325800838217043,0.004621057908256415,0.001967866684301765,0.004293047571975293,0.002221461005193109,0.0020367536272602,0.0019674117525199262,0.0019715760296057532
237.12027333970218,0.003248978795020465,0.004617081456484497,0.001967850145102687,0.004289450722511472,0.0022211631782662494,0.002036691736453161,0.0019674117525199262,0.001971572684230633
236.96683554628908,0.003241111045940746,0.004613114468193432,0.001967834182665208,0.004285862150519477,0.0022208658738064073,0.002036629928413464,0.0019674117525199262,0.00197156934286858
236.8133977528778,0.003233925584318386,0.004609156897638031,0.001967818777808427,0.0042822818308079404,0.002220569090594467,0.0020365682029936955,0.0019674117525199262,0.0019715660055132055
236.6599599594665,0.003227044227962735,0.004605208699775475,0.0019678039119550347,0.004278709738280395,0.0022202728274148503,0.0020365065600467685,0.0019674117525199262,0.001971562672158132
236.50652216605522,0.0032201979606763195,0.004601269830247293,0.0019677895671135408,0.004275145847935022,0.002219977083055516,0.002036444999425922,0.0019674117525199262,0.0019715593427969964
236.35308437264212,0.0032132230334693734,0.0045973402453615255,0.001967775725860978,0.004271590134864142,0.0022196818563079436,0.0020363835209847216,0.0019674117525199262,0.0019715560174234457
236.19964657923083,0.003206053166988896,0.004593419902075667,0.001967762371326079,0.00426804257425396,0.0022193871459671322,0.0020363221245770593,0.0019674117525199262,0.001971552696031142
236.04620878581954,0.0031987273490895938,0.004589508757979574,0.001967749487172909,0.004264503141383891,0.0022190929508315686,0.0020362608100571505,0.0019674117525199262,0.0019715493786137592
235.89277099240826,0.003191335251837291,0.00458560677127931,0.001967737057584952,0.004260971811626317,0.0022187992697032303,0.002036199577279534,0.0019674117525199262,0.001971546065164982
235.73933319899515,0.0031840406242217537,0.004581713900781145,0.0019677250672496247,0.004257448560446081,0.002218506101387564,0.0020361384260990704,0.0019674117525199262,0.00197154275567851
235.58589540558387,0.0031770462030874546,0.004577830105876248,0.0019677135013432224,0.004253933363400242,0.0022182134446934896,0.0020360773563709448,0.0019674117525199262,0.001971539450148054
235.43245761217258,0.003170574219206219,0.004573955346525356,0.00196770234551628,0.004250426196137418,0.0022179212984333656,0.0020360163679506607,0.0019674117525199262,0.001971536148567337
235.27901981875948,0.003164858599706284,0.004570089583244251,0.0019676915858793348,0.0042469270343974954,0.0022176296614229885,0.0020359554606940414,0.0019674117525199262,0.0019715328509300957
235.1255820253482,0.0031600903850757113,0.004566232777089636,0.0019676812089890862,0.004243435854011352,0.002217338532481592,0.0020358946344572323,0.0019674117525199262,0.0019715295572300773
234.9721442319369,0.0031564372230897366,0.004562384889644984,0.001967671201834939,0.004239952630900201,0.0022170479104318117,0.002035833889096694,0.0019674117525199262,0.0019715262674610424
234.81870643852562,0.003154027773668891,0.004558545883007236,0.0019676615518259256,0.004236477341075353,0.0022167577940996916,0.0020357732244692065,0.0019674117525199262,0.0019715229816167647
234.66526864511252,0.0031528932270969397,0.004554715719773568,0.0019676522467779877,0.004233009960637732,0.00221646818231466,0.002035712640431865,0.0019674117525199262,0.0019715196996910283
234.51183085170123,0.003153006291875588,0.004550894363028812,0.0019676432749016217,0.004229550465777644,0.0022161790739095365,0.0020356521368420826,0.0019674117525199262,0.001971516421677631
234.35839305828995,0.003154253903226187,0.004547081776332762,0.0019676346247898668,0.004226098832774135,0.002215890467720496,0.002035591713557585,0.0019674117525199262,0.0019715131475703824
234.20495526487866,0.003156425526733325,0.004543277923708274,0.0019676262854066325,0.004222655037994755,0.0022156023625870725,0.0020355313704364148,0.0019674117525199262,0.001971509877363104
234.05151747146556,0.0031592365510576446,0.004539482769629441,0.0019676182460753593,0.0042192190578950895,0.002215314757352142,0.0020354711073369246,0.0019674117525199262,0.0019715066110496298
233.89807967805427,0.003162300996437555,0.0045356962790103275,0.0019676104964679968,0.004215790869018526,0.0022150276508619204,0.0020354109241177832,0.0019674117525199262,0.0019715033486238055
233.744641884643,0.003165182198900346,0.0045319184171936176,0.0019676030265942993,0.0042123704479956284,0.0022147410419659373,0.0020353508206379677,0.0019674117525199262,0.00197150009007949
233.5912040912317,0.0031673616199784245,0.004528149149939976,0.0019675958267914226,0.0042089577715439044,0.0022144549295170326,0.0020352907967567686,0.0019674117525199262,0.0019714968354105525
233.4377662978186,0.0031682856321349627,0.004524388443417466,0.00196758888771382,0.004205552816467348,0.002214169312371342,0.002035230852333784,0.0019674117525199262,0.001971493584610876
233.2843285044073,0.0031673733163348366,0.004520636264191521,0.0019675822003234317,0.004202155559656216,0.0022138841893882986,0.0020351709872289247,0.0019674117525199262,0.0019714903376743544
233.13089071099603,0.0031640203608301,0.0045168925792147445,0.001967575755880148,0.004198765978086402,0.002213599559430599,0.002035111201302406,0.0019674117525199262,0.0019714870945948945
232.97745291758292,0.003157657542942042,0.004513157355817404,0.001967569545932556,0.0041953840488191795,0.0022133154213642057,0.002035051494414753,0.0019674117525199262,0.0019714838553664136
232.82401512417164,0.0031477273363483627,0.004509430561698179,0.0019675635623089467,0.004192009749000953,0.0022130317740583433,0.002034991866426798,0.0019674117525199262,0.0019714806199828423
232.67057733076035,0.003133722898937882,0.004505712164914783,0.001967557797108588,0.004188643055862631,0.002212748616385468,0.0020349323171996773,0.0019674117525199262,0.001971477388438123
232.51713953734907,0.0031152348582361837,0.004502002133875278,0.0019675522426932483,0.004185283946719421,0.00221246594722127,0.0020348728465948347,0.0019674117525199262,0.001971474160726209
232.36370174393596,0.0030919201211218527,0.004498300437329374,0.0019675468916789678,0.004181932398970374,0.002212183765444656,0.002034813454474015,0.0019674117525199262,0.001971470936841066
232.21026395052468,0.0030635603556085347,0.004494607044360242,0.00196754173692807,0.0041785883900981825,0.0022119020699377513,0.0020347541406992714,0.0019674117525199262,0.0019714677167766725
232.0568261571134,0.0030300463957030517,0.004490921924376105,0.0019675367715414065,0.004175251897668563,0.0022116208595858683,0.0020346949051329557,0.0019674117525199262,0.001971464500527017
231.9033883637021,0.00299141333047464,0.004487245047102519,0.0019675319888508317,0.004171922899330058,0.0022113401332775093,0.0020346357476377233,0.0019674117525199262,0.0019714612880861013
231.749950570289,0.0029478093137711822,0.004483576382574602,0.0019675273824118966,0.0041686013728135934,0.002211059889904349,0.0020345766680765296,0.0019674117525199262,0.0019714580794479375
231.59651277687772,0.002899542349644859,0.004479915901129741,0.0019675229459967577,0.0041652872959322676,0.002210780128361237,0.002034517666312633,0.0019674117525199262,0.0019714548746065513
231.44307498346643,0.0028470335069264966,0.004476263573400091,0.0019675186735873,0.004161980646580762,0.0022105008475461663,0.002034458742209589,0.0019674117525199262,0.001971451673555978
231.28963719005515,0.0027908598058657475,0.0044726193703056895,0.001967514559368458,0.00415868140273514,0.0022102220463602776,0.0020343998956312533,0.0019674117525199262,0.0019714484762902657
231.13619939664204,0.0027317035339199714,0.0044689832630475336,0.001967510597721741,0.0041553895424524066,0.002209943723707839,0.002034341126441778,0.0019674117525199262,0.0019714452828034743
230.98276160323076,0.002670356144539705,0.004465355223101097,0.0019675067832189467,0.004152105043870315,0.0022096658784962523,0.002034282434505614,0.0019674117525199262,0.0019714420930896748
230.82932380981947,0.0026077026620267793,0.004461735222209618,0.001967503110616065,0.00414882788520678,0.0022093885096360188,0.0020342238196875083,0.0019674117525199262,0.00197143890714295
230.67588601640637,0.0025446943900360266,0.004458123232377944,0.001967499574847366,0.0041455580447596445,0.002209111616040741,0.0020341652818525024,0.0019674117525199262,0.0019714357249573946
230.52244822299508,0.0024823294176479272,0.004454519225866569,0.001967496171019661,0.004142295500906442,0.002208835196627122,0.0020341068208659355,0.0019674117525199262,0.0019714325465271135
230.3690104295838,0.002421648720583137,0.004450923175185454,0.0019674928944067413,0.004139040232103822,0.0022085592503149325,0.0020340484365934377,0.0019674117525199262,0.0019714293718462246
230.2155726361725,0.002363697173347784,0.004447335053088442,0.0019674897404439815,0.004135792216887356,0.0022082837760270175,0.0020339901289009345,0.0019674117525199262,0.001971426200908857
230.0621348427594,0.00230948846016423,0.004443754832567592,0.001967486704723107,0.004132551433871121,0.002208008772689276,0.0020339318976546426,0.0019674117525199262,0.00197142303370915
229.90869704934812,0.0022599933786146597,0.004440182486847915,0.0019674837829871225,0.004129317861747505,0.0022077342392306646,0.002033873742721072,0.0019674117525199262,0.001971419870241256
229.75525925593683,0.00221612814328467,0.0044366179893818546,0.001967480971125389,0.004126091479286641,0.002207460174583169,0.002033815663967023,0.0019674117525199262,0.001971416710499338
229.60182146252555,0.002178730993050446,0.004433061313844333,0.0019674782651688595,0.004122872265336216,0.0022071865776818055,0.002033757661259586,0.0019674117525199262,0.0019714135544775697
229.44838366911245,0.002148515405653111,0.004429512434127697,0.0019674756612854502,0.004119660198821071,0.002206913447464603,0.00203369973446614,0.0019674117525199262,0.0019714104021701373
229.29494587570116,0.002126105186767965,0.004425971324337061,0.0019674731557755626,0.004116455258742999,0.0022066407828726085,0.0020336418834543566,0.0019674117525199262,0.0019714072535712383
229.14150808228987,0.0021119720894369537,0.004422437958785358,0.0019674707450677382,0.004113257424180198,0.0022063685828498554,0.002033584108092191,0.0019674117525199262,0.00197140410867508
228.98807028887677,0.0021064553079960207,0.004418912311988923,0.0019674684257144463,0.004110066674287049,0.0022060968463433637,0.0020335264082478872,0.0019674117525199262,0.0019714009674758827
228.83463249546548,0.002109741984147757,0.004415394358663189,0.001967466194388006,0.004106882988293894,0.002205825572303139,0.0020334687837899774,0.0019674117525199262,0.001971397829967877
228.6811947020542,0.0021218905996742204,0.004411884073718142,0.001967464047876629,0.00410370634550649,0.0022055547596821455,0.0020334112345872773,0.0019674117525199262,0.001971394696145305
228.5277569086429,0.0021427919885822354,0.004408381432254324,0.0019674619830805902,0.004100536725305826,0.0022052844074363044,0.0020333537605088884,0.0019674117525199262,0.0019713915660024197
228.3743191152298,0.0021722083249580922,0.004404886409558698,0.0019674599970085143,0.004097374107147724,0.0022050145145244815,0.0020332963614241965,0.0019674117525199262,0.0019713884395334857
228.22088132181852,0.002209769224182083,0.004401398981100881,0.001967458086773778,0.004094218470562669,0.0022047450799084893,0.002033239037202872,0.0019674117525199262,0.001971385316732778
228.06744352840724,0.0022549756417139665,0.004397919122529081,0.0019674562495910265,0.004091069795155254,0.002204476102553056,0.002033181787714866,0.0019674117525199262,0.0019713821975945833
227.91400573499595,0.0023072232658057973,0.004394446809666555,0.0019674544827727957,0.004087928060604021,0.002204207581425829,0.0020331246128304143,0.0019674117525199262,0.0019713790821131996
227.76056794158285,0.0023658181126438036,0.0043909820185079225,0.001967452783726245,0.004084793246661056,0.0022039395154973616,0.002033067512420031,0.0019674117525199262,0.0019713759702829348
227.60713014817156,0.0024299765263483897,0.004387524725215846,0.0019674511499499898,0.004081665333151826,0.002203671903741112,0.002033010486354513,0.0019674117525199262,0.0019713728620981094
227.45369235476028,0.002498887559541667,0.004384074906117379,0.0019674495790310315,0.004078544299974645,0.002203404745133416,0.0020329535345049374,0.0019674117525199262,0.001971369757553054
227.300254561349,0.002571673985492744,0.004380632537700843,0.001967448068641792,0.0040754301271004965,0.0022031380386534904,0.002032896656742659,0.0019674117525199262,0.00197136665664211
227.1468167679359,0.0026474624762562017,0.004377197596612545,0.001967446616537233,0.004072322794572659,0.002202871783283417,0.002032839852939311,0.0019674117525199262,0.00197136355935963
226.9933789745246,0.0027253719063156786,0.004373770059653835,0.0019674452205520753,0.004069222282506536,0.002202605978008145,0.002032783122966806,0.0019674117525199262,0.001971360465699978
226.83994118111332,0.002804540644082167,0.0043703499037778416,0.001967443878598098,0.004066128571089126,0.0022023406218154625,0.0020327264666973317,0.0019674117525199262,0.0019713573756575276
226.6865033877002,0.002884165539748718,0.004366937106086669,0.0019674425886615316,0.004063041640578829,0.002202075713695997,0.0020326698840033527,0.0019674117525199262,0.0019713542892266646
226.53306559428893,0.002963474633792149,0.00436353164382868,0.001967441348800531,0.004059961471305243,0.002201811252643214,0.0020326133747576107,0.0019674117525199262,0.0019713512064017855
226.37962780087764,0.003041789537540571,0.004360133494395475,0.001967440157142726,0.004056888043668647,0.0022015472376533908,0.0020325569388331202,0.0019674117525199262,0.0019713481271772964
226.22619000746636,0.003118505939246037,0.004356742635319397,0.001967439011882858,0.004053821338139839,0.002201283667725618,0.002032500576103171,0.0019674117525199262,0.0019713450515476162
226.07275221405325,0.003193116996797366,0.004353359044270824,0.0019674379112804867,0.004050761335259764,0.0022010205418617826,0.002032444286441324,0.0019674117525199262,0.0019713419795071726
225.91931442064197,0.0032652094389346723,0.004349982699055824,0.0019674368536577724,0.004047708015639358,0.002200757859066575,0.002032388069721417,0.0019674117525199262,0.001971338911050405
225.76587662723068,0.0033344986543185997,0.004346613577613435,0.001967435837397331,0.004044661359959032,0.0022004956183474577,0.0020323319258175564,0.0019674117525199262,0.0019713358461717636
225.6124388338194,0.0034007975012465587,0.004343251658013468,0.001967434860940158,0.004041621348968516,0.0022002338187146683,0.0020322758546041215,0.0019674117525199262,0.001971332784865709
225.4590010404063,0.003464016307652725,0.004339896918454092,0.001967433922783618,0.004038587963486499,0.0021999724591812066,0.0020322198559557607,0.0019674117525199262,0.0019713297271267125
225.305563246995,0.003524197960177275,0.004336549337259752,0.001967433021479503,0.004035561184400467,0.002199711538762835,0.0020321639297473945,0.0019674117525199262,0.0019713266729492565
225.15212545358372,0.0035814750175262103,0.004333208892878753,0.001967432155632151,0.004032540992666209,0.002199451056478053,0.0020321080758542113,0.0019674117525199262,0.0019713236223278334
224.99868766017244,0.003636085305613239,0.004329875563881293,0.001967431323896629,0.004029527369307655,0.0021991910113480983,0.002032052294151668,0.0019674117525199262,0.001971320575256946
224.84524986675933,0.0036883563224178934,0.00432654932895732,0.001967430524976972,0.0040265202954165216,0.0021989314023969334,0.002031996584515489,0.0019674117525199262,0.001971317531731109
224.69181207334805,0.0037386779464872355,0.004323230166914704,0.0019674297576244824,0.004023519752152165,0.0021986722286512473,0.0020319409468216674,0.0019674117525199262,0.0019713144917448467
224.53837427993676,0.0037875180320777408,0.004319918056677043,0.0019674290206360837,0.004020525720741082,0.002198413489140429,0.0020318853809464608,0.0019674117525199262,0.001971311455292693
224.38493648652366,0.003835395117657002,0.004316612977281906,0.0019674283128527314,0.004017538182476725,0.0021981551828965675,0.002031829886766393,0.0019674117525199262,0.001971308422369194
224.23149869311237,0.003882858931976377,0.004313314907879111,0.0019674276331578724,0.0040145571187193314,0.002197897308954451,0.0020317744641582553,0.0019674117525199262,0.001971305392968906
224.0780608997011,0.003930478697714577,0.004310023827728712,0.0019674269804759582,0.004011582510895422,0.0021976398663515417,0.0020317191129991,0.0019674117525199262,0.0019713023670863946
223.9246231062898,0.003978839232692196,0.004306739716199423,0.0019674263537710064,0.004008614340497664,0.002197382854127976,0.0020316638331662447,0.0019674117525199262,0.001971299344716237
223.7711853128767,0.004028521455944355,0.004303462552766868,0.001967425752045209,0.004005652589084521,0.002197126271326554,0.0020316086245372694,0.0019674117525199262,0.00197129632585302
223.6177475194654,0.004080075096222415,0.004300192317012094,0.001967425174337592,0.00400269723828011,0.0021968701169927368,0.0020315534869900184,0.0019674117525199262,0.0019712933104913412
223.46430972605413,0.004133995299281144,0.004296928988619757,0.0019674246197227113,0.003999748269773722,0.0021966143901746256,0.0020314984204025948,0.0019674117525199262,0.001971290298625809
223.31087193264284,0.004190765514518898,0.004293672547376736,0.001967424087309399,0.003996805665319675,0.0021963590899229607,0.002031443424653365,0.0019674117525199262,0.0019712872902510415
223.15743413922974,0.00425077172169727,0.004290422973170555,0.0019674235762395516,0.003993869406736979,0.0021961042152911087,0.002031388499620954,0.0019674117525199262,0.0019712842853616664
223.00399634581845,0.00431432582365391,0.004287180245988082,0.0019674230856869535,0.003990939475909195,0.002195849765335066,0.0020313336451842487,0.0019674117525199262,0.001971281283952324
222.85055855240716,0.004381685140229879,0.004283944345913887,0.001967422614856147,0.00398801585478396,0.00219559573911343,0.0020312788612223925,0.0019674117525199262,0.001971278286017662
222.69712075899588,0.004452993926487589,0.004280715253129015,0.001967422162981334,0.003985098525372851,0.002195342135687405,0.002031224147614789,0.0019674117525199262,0.0019712752915523406
222.54368296558278,0.00452830676542363,0.004277492947909578,0.0019674217293253206,0.003982187469751049,0.002195088954120787,0.0020311695042410983,0.0019674117525199262,0.001971272300551029
222.3902451721715,0.004607580770397825,0.004274277410625603,0.0019674213131784936,0.003979282670057203,0.002194836193479965,0.002031114930981239,0.0019674117525199262,0.0019712693130084073
222.2368073787602,0.004690667787562291,0.004271068621739541,0.0019674209138578324,0.0039763841084929676,0.0021945838528338968,0.002031060427715384,0.0019674117525199262,0.001971266328919165
222.0833695853471,0.004777341687359731,0.004267866561805157,0.0019674205307059563,0.003973491767322831,0.0021943319312541093,0.0020310059943239632,0.0019674117525199262,0.0019712633482780024
221.92993179193581,0.0048672632754541995,0.004264671211466441,0.001967420163090202,0.003970605628873953,0.002194080427814698,0.0020309516306876623,0.0019674117525199262,0.0019712603710796296
221.77649399852453,0.004960011483014871,0.004261482551456226,0.001967419810401735,0.003967725675535709,0.0021938293415923005,0.0020308973366874195,0.0019674117525199262,0.001971257397318767
221.62305620511324,0.005055091164286976,0.004258300562595206,0.001967419472054688,0.003964851889759547,0.0021935786716661015,0.0020308431122044285,0.0019674117525199262,0.001971254426990145
221.46961841170014,0.0051519447929482135,0.004255125225790761,0.001967419147485334,0.003961984254058677,0.0021933284171178173,0.002030788957120134,0.0019674117525199262,0.001971251460088504
221.31618061828885,0.005249952462108757,0.004251956522036041,0.0019674188361512813,0.003959122751007934,0.002193078577031699,0.0020307348713162364,0.0019674117525199262,0.0019712484966085946
221.16274282487757,0.005348435783096715,0.00424879443240869,0.0019674185375307025,0.003956267363243322,0.002192829150494508,0.002030680854674685,0.0019674117525199262,0.0019712455365451767
221.00930503146628,0.005446720266025673,0.004245638938069998,0.0019674182511215874,0.003953418073461896,0.0021925801365955165,0.0020306269070776814,0.0019674117525199262,0.0019712425798930214
220.85586723805318,0.0055441119270818575,0.00424249002026383,0.0019674179764410183,0.003950574864421433,0.0021923315344264983,0.0020305730284076767,0.0019674117525199262,0.001971239626646909
220.7024294446419,0.005639908984880556,0.00423934766031582,0.001967417713024478,0.003947737718940317,0.0021920833430817263,0.002030519218547375,0.0019674117525199262,0.00197123667680163
220.5489916512306,0.005733456443462706,0.004236211839632213,0.001967417460425176,0.003944906619897081,0.0021918355616579515,0.0020304654773797256,0.0019674117525199262,0.0019712337303519835
220.3955538578175,0.005824103205654711,0.004233082539699067,0.0019674172182133987,0.003942081550230261,0.002191588189254402,0.0020304118047879288,0.0019674117525199262,0.0019712307872927813
220.24211606440622,0.005911299542705214,0.004229959742081477,0.001967416985975885,0.0039392624929382395,0.002191341224972783,0.0020303582006554327,0.0019674117525199262,0.001971227847618842
220.08867827099493,0.005994526916146622,0.004226843428422498,0.001967416763315222,0.003936449431078801,0.002191094667917251,0.0020303046648659324,0.0019674117525199262,0.001971224911324997
219.93524047758365,0.0060733954474318725,0.004223733580442443,0.0019674165498492595,0.003933642347769014,0.0021908485171944193,0.00203025119730337,0.0019674117525199262,0.001971221978406085
219.78180268417054,0.006147565942225021,0.004220630179937998,0.0019674163452105516,0.003930841226184921,0.0021906027719133425,0.002030197797851932,0.0019674117525199262,0.001971219048856956
219.62836489075926,0.006216839562467066,0.004217533208781571,0.00196741614904581,0.003928046049561422,0.002190357431185521,0.002030144466396054,0.0019674117525199262,0.0019712161226724686
219.47492709734797,0.006281118838521242,0.0042144426489202904,0.0019674159610153833,0.003925256801191833,0.0021901124941248735,0.002030091202820413,0.0019674117525199262,0.0019712131998474926
219.3214893039367,0.0063404310618858425,0.004211358482375404,0.0019674157807927496,0.003922473464427775,0.002189867959847744,0.0020300380070099326,0.0019674117525199262,0.0019712102803769067
219.16805151052358,0.006394920487623282,0.004208280691241455,0.0019674156080640294,0.003919696022678868,0.002189623827472886,0.002029984878849777,0.0019674117525199262,0.0019712073642555988
219.0146137171123,0.006444860030716503,0.0042052092576857205,0.0019674154425275174,0.003916924459412616,0.0021893800961214666,0.0020299318182253573,0.0019674117525199262,0.001971204451478468
218.861175923701,0.006490623974570686,0.0042021441639472825,0.0019674152838932268,0.0039141587581539745,0.0021891367649170407,0.002029878825022324,0.0019674117525199262,0.0019712015420404218
218.70773813028973,0.006532711363726071,0.004199085392336496,0.001967415131882453,0.003911398902485244,0.0021888938329855554,0.002029825899126571,0.0019674117525199262,0.0019711986359363777
218.55430033687662,0.006571714813574193,0.004196032925234241,0.001967414986227353,0.003908644876045761,0.002188651299455337,0.002029773040424231,0.0019674117525199262,0.0019711957331612633
218.40086254346534,0.006608297117645056,0.004192986745091425,0.0019674148466705364,0.0039058966625318027,0.002188409163457094,0.002029720248801682,0.0019674117525199262,0.0019711928337100147
218.24742475005405,0.006643222437890905,0.00418994683442812,0.0019674147129646754,0.003903154245696144,0.0021881674241238905,0.0020296675241455366,0.0019674117525199262,0.0019711899375775784
218.09398695664095,0.0066772744301913335,0.00418691317583306,0.001967414584872125,0.0039004176093479295,0.0021879260805911516,0.002029614866342649,0.0019674117525199262,0.001971187044758911
217.94054916322966,0.006711287434637056,0.004183885751963139,0.0019674144621645603,0.003897686737352534,0.002187685131996659,0.0020295622752801133,0.0019674117525199262,0.0019711841552489773
217.78711136981838,0.006746107487675198,0.004180864545542602,0.0019674143446226245,0.0038949616136311396,0.0021874445774805297,0.0020295097508452606,0.0019674117525199262,0.0019711812690427527
217.6336735764071,0.006782561131825532,0.004177849539362613,0.001967414232035589,0.00389224222216063,0.0021872044161852194,0.0020294572929256583,0.0019674117525199262,0.001971178386135221
217.480235782994,0.006821463213251416,0.0041748407162806225,0.001967414124201029,0.0038895285469733006,0.002186964647255508,0.002029404901409112,0.0019674117525199262,0.0019711755065213773
217.3267979895827,0.006863550602406801,0.004171838059219948,0.001967414020924507,0.0038868205721567543,0.002186725269838503,0.0020293525761836645,0.0019674117525199262,0.001971172630196224
217.17336019617142,0.006909513384319986,0.004168841551169037,0.0019674139220192716,0.0038841182818534848,0.002186486283083618,0.0020293003171375926,0.0019674117525199262,0.0019711697571547747
217.01992240276013,0.0069599363768115645,0.0041658511751810675,0.0019674138273059628,0.003881421660260777,0.0021862476861425726,0.002029248124159409,0.0019674117525199262,0.0019711668873920512
216.86648460934703,0.0070152991304944234,0.004162866914373373,0.001967413736612332,0.003878730691630419,0.002186009478169382,0.00202919599713786,0.0019674117525199262,0.0019711640209030853
216.71304681593574,0.00707595643484639,0.004159888751927077,0.0019674136497729714,0.003876045360268604,0.00218577165832036,0.002029143935961928,0.0019674117525199262,0.001971161157682918
216.55960902252446,0.007142146115781171,0.004156916671086382,0.0019674135666290496,0.0038733656505355154,0.0021855342257540945,0.0020290919405208272,0.0019674117525199262,0.0019711582977266
216.40617122911317,0.007213950047793651,0.004153950655158238,0.0019674134870280636,0.003870691546845234,0.002185297179631451,0.0020290400107040043,0.0019674117525199262,0.0019711554410291906
216.25273343570007,0.007291301951530829,0.004150990687511798,0.0019674134108235938,0.0038680230336654515,0.002185060519115561,0.002028988146401138,0.0019674117525199262,0.001971152587585759
216.09929564228878,0.007373995191362762,0.004148036751578094,0.00196741333787507,0.0038653600955173804,0.002184824243371824,0.0020289363475021406,0.0019674117525199262,0.001971149737391384
215.9458578488775,0.007461682775382564,0.004145088830849376,0.001967413268047548,0.0038627027169753415,0.002184588351567886,0.0020288846138971535,0.0019674117525199262,0.0019711468904411522
215.7924200554644,0.007553869557835465,0.004142146908878775,0.001967413201211492,0.0038600508826666428,0.002184352842873636,0.0020288329454765486,0.0019674117525199262,0.001971144046730161
215.6389822620531,0.007649935631831637,0.004139210969279974,0.0019674131372425644,0.0038574045772714555,0.0021841177164612135,0.002028781342130929,0.0019674117525199262,0.001971141206253517
215.48554446864182,0.007749151924488074,0.004136280995726574,0.0019674130760214273,0.003854763785522413,0.002183882971504979,0.002028729803751125,0.0019674117525199262,0.0019711383690063345
215.33210667523053,0.007850687994499532,0.004133356971951817,0.0019674130174335484,0.003852128492204516,0.0021836486071815206,0.002028678330228198,0.0019674117525199262,0.0019711355349837385
215.17866888181743,0.00795360813335306,0.004130438881748109,0.0019674129613690113,0.0038494986821548637,0.002183414622669641,0.002028626921453435,0.0019674117525199262,0.001971132704180862
215.02523108840614,0.008056957138608357,0.004127526708966755,0.001967412907722341,0.003846874340262558,0.0021831810171503603,0.0020285755773183528,0.0019674117525199262,0.0019711298765928485
214.87179329499486,0.008159694034544768,0.00412462043751737,0.0019674128563923273,0.0038442554514683093,0.0021829477898068946,0.0020285242977146943,0.0019674117525199262,0.0019711270522148497
214.71835550158357,0.008260801238154456,0.004121720051367614,0.00196741280728186,0.003841642000764349,0.0021827149398246574,0.0020284730825344275,0.0019674117525199262,0.001971124231042026
214.56491770817047,0.008359218279789415,0.0041188255345427655,0.0019674127602977683,0.0038390339731941576,0.002182482466391248,0.002028421931669748,0.0019674117525199262,0.0019711214130695483
214.41147991475918,0.008453958766725575,0.0041159368711254736,0.0019674127153506684,0.003836431353852382,0.0021822503686964563,0.0020283708450130767,0.0019674117525199262,0.001971118598292595
214.2580421213479,0.008544055800166222,0.004113054045255195,0.0019674126723548124,0.003833834127884437,0.0021820186459322382,0.002028319822457058,0.0019674117525199262,0.001971115786706355
214.1046043279366,0.008628616558238584,0.004110177041127975,0.0019674126312279466,0.003831242280486427,0.00218178729729272,0.002028268863894561,0.0019674117525199262,0.0019711129783060244
213.9511665345235,0.008706826194779298,0.004107305842996022,0.0019674125918911754,0.003828655796904876,0.0021815563219741863,0.0020282179692186785,0.0019674117525199262,0.0019711101730868104
213.79772874111222,0.008777982928403654,0.004104440435167506,0.001967412554268828,0.0038260746624366464,0.002181325719175083,0.0020281671383227265,0.0019674117525199262,0.0019711073710439275
213.64429094770094,0.008841478548578235,0.0041015808020060125,0.00196741251828833,0.0038234988624285494,0.0021810954880959947,0.002028116371100243,0.0019674117525199262,0.0019711045721726
213.49085315428783,0.008896841302261094,0.004098726927930313,0.0019674124838800844,0.0038209283822772384,0.002180865627939646,0.002028065667444987,0.0019674117525199262,0.001971101776468061
213.33741536087655,0.008943720298759877,0.004095878797414137,0.0019674124509773505,0.0038183632074290925,0.0021806361379109037,0.002028015027250942,0.0019674117525199262,0.001971098983925553
213.18397756746526,0.008981901104873695,0.004093036394985651,0.001967412419516132,0.0038158033233798372,0.002180407017216751,0.0020279644504123096,0.0019674117525199262,0.001971096194540326
213.03053977405398,0.009011290149751258,0.004090199705227273,0.0019674123894350684,0.0038132487156744633,0.002180178265066295,0.002027913936823512,0.0019674117525199262,0.00197109340830764
212.87710198064087,0.00903193032003274,0.004087368712775299,0.00196741236067533,0.003810699369906969,0.0021799498806707508,0.0020278634863791904,0.0019674117525199262,0.0019710906252227637
212.7236641872296,0.00904398926349338,0.004084543402319724,0.0019674123331805166,0.003808155271720281,0.002179721863243449,0.002027813098974208,0.0019674117525199262,0.0019710878452809744
212.5702263938183,0.009047724299974238,0.004081723758603747,0.001967412306896561,0.003805616406805877,0.002179494211999811,0.002027762774503644,0.0019674117525199262,0.0019710850684775587
212.41678860040702,0.009043517510451436,0.004078909766423601,0.001967412281771636,0.0038030827609037096,0.002179266926157353,0.002027712512862796,0.0019674117525199262,0.0019710822948078113
212.2633508069939,0.009031832850395976,0.0040761014106282,0.0019674122577560643,0.00380055431980195,0.0021790400049356744,0.00202766231394718,0.0019674117525199262,0.001971079524267036
212.10991301358263,0.009013192757060922,0.00407329867611898,0.0019674122348022328,0.003798031069336915,0.0021788134475564614,0.0020276121776525284,0.0019674117525199262,0.001971076756850546
211.95647522017134,0.008988221036121577,0.004070501547849416,0.0019674122128645094,0.0037955129953926928,0.0021785872532434658,0.0020275621038747904,0.0019674117525199262,0.0019710739925536624
211.80303742675824,0.008957537594467766,0.004067710010824845,0.001967412191899163,0.0037930000839010384,0.002178361421222504,0.00202751209251013,0.0019674117525199262,0.0019710712313717148
211.64959963334695,0.008921824719556852,0.004064924050102289,0.0019674121718642884,0.003790492320841275,0.0021781359507214598,0.0020274621434549288,0.0019674117525199262,0.0019710684733000423
211.49616183993567,0.00888175300248978,0.004062143650789982,0.0019674121527197305,0.0037879896922399193,0.002177910840970263,0.002027412256605781,0.0019674117525199262,0.0019710657183339923
211.34272404652438,0.008838016427080321,0.004059368798047233,0.0019674121344270164,0.003785492184170615,0.0021776860912008904,0.002027362431859496,0.0019674117525199262,0.0019710629664689214
211.18928625311128,0.008791289483214894,0.004056599477084108,0.0019674121169492836,0.003782999782753882,0.002177461700647357,0.0020273126691130964,0.0019674117525199262,0.0019710602177001935
211.0358484597,0.00874221157171068,0.004053835673161281,0.0019674121002512188,0.0037805124741570463,0.002177237668545719,0.002027262968263819,0.0019674117525199262,0.0019710574720231827
210.8824106662887,0.00869140649824298,0.004051077371589598,0.001967412084298992,0.0037780302445938763,0.002177013994134051,0.0020272133292091135,0.0019674117525199262,0.0019710547294332706
210.72897287287742,0.00863946687820333,0.004048324557729945,0.001967412069060197,0.003775553080324515,0.0021767906766524503,0.00202716375184664,0.0019674117525199262,0.001971051989925848
210.57553507946432,0.008586899553702908,0.004045577216992933,0.001967412054503795,0.003773080967655231,0.0021765677153430265,0.0020271142360742712,0.0019674117525199262,0.001971049253496314
210.42209728605303,0.00853422306320931,0.00404283533483878,0.001967412040600057,0.003770613892938357,0.002176345109449903,0.002027064781790092,0.0019674117525199262,0.0019710465201400766
210.26865949264175,0.00848186237433883,0.004040098896776877,0.0019674120273205104,0.0037681518425719267,0.002176122858219197,0.0020270153888923967,0.0019674117525199262,0.0019710437898525514
210.11522169923046,0.008430215163209475,0.00403736788836567,0.0019674120146378885,0.0037656948029996086,0.0021759009608990246,0.0020269660572796895,0.0019674117525199262,0.0019710410626291638
209.96178390581736,0.00837962452294266,0.004034642295212359,0.0019674120025260805,0.0037632427607104677,0.002175679416739485,0.002026916786850684,0.0019674117525199262,0.001971038338465346
209.80834611240607,0.008330417951517916,0.004031922102972792,0.0019674119909600845,0.0037607957022388963,0.0021754582249926702,0.0020268675775043047,0.0019674117525199262,0.001971035617356541
209.65490831899479,0.008282841072419894,0.004029207297351041,0.0019674119799159614,0.0037583536141642645,0.0021752373849126382,0.002026818429139683,0.0019674117525199262,0.001971032899298198
209.50147052558168,0.008237162901846064,0.004026497864099261,0.001967411969370792,0.003755916483110822,0.002175016895755417,0.0020267693416561577,0.0019674117525199262,0.0019710301842857767
209.3480327321704,0.008193593974211842,0.004023793789017566,0.0019674119593026344,0.00375348429574761,0.0021747967567790068,0.002026720314953277,0.0019674117525199262,0.0019710274723147426
209.1945949387591,0.00815233312757623,0.004021095057953611,0.0019674119496904826,0.0037510570387881094,0.0021745769672433563,0.002026671348930795,0.0019674117525199262,0.0019710247633805723
209.04115714534782,0.008113575301212757,0.004018401656802489,0.00196741194051423,0.003748634698990175,0.002174357526410368,0.002026622443488672,0.0019674117525199262,0.001971022057478749
208.88771935193472,0.008077503738038545,0.004015713571506459,0.0019674119317546306,0.003746217263155807,0.002174138433543887,0.002026573598527074,0.0019674117525199262,0.0019710193546047653
208.73428155852343,0.008044309478541654,0.004013030788054844,0.001967411923393264,0.003743804718131086,0.002173919687909704,0.0020265248139463743,0.0019674117525199262,0.0019710166547541215
208.58084376511215,0.00801416796806826,0.004010353292483635,0.0019674119154125006,0.0037413970508058283,0.002173701288775535,0.0020264760896471497,0.0019674117525199262,0.0019710139579223263
208.42740597170086,0.007987274145891897,0.004007681070875393,0.001967411907795469,0.0037389942481135256,0.0021734832354110257,0.002026427425530181,0.0019674117525199262,0.0019710112641048967
208.27396817828776,0.007963842445213448,0.004005014109358987,0.001967411900526025,0.0037365962970311154,0.002173265527087739,0.002026378821496453,0.0019674117525199262,0.0019710085732973586
208.12053038487647,0.007944067805306444,0.004002352394109497,0.001967411893588719,0.003734203184578921,0.0021730481630791603,0.0020263302774471558,0.0019674117525199262,0.0019710058854952453
207.9670925914652,0.007928180254513651,0.0039996959113478316,0.0019674118869687715,0.00373181489782031,0.002172831142660675,0.002026281793283681,0.0019674117525199262,0.001971003200694099
207.8136547980539,0.007916386428465014,0.003997044647340638,0.0019674118806520388,0.0037294314238616386,0.002172614465109574,0.0020262333689076216,0.0019674117525199262,0.0019710005188894697
207.6602170046408,0.007908912456717827,0.003994398588400042,0.0019674118746249923,0.0037270527498520227,0.0021723981297050417,0.002026185004220774,0.0019674117525199262,0.001970997840076916
207.5067792112295,0.007905996165185801,0.003991757720883568,0.001967411868874689,0.0037246788629832824,0.002172182135728161,0.002026136699125137,0.0019674117525199262,0.001970995164252004
207.35334141781823,0.007907848088284347,0.0039891220311937545,0.0019674118633887477,0.003722309750489604,0.002171966482461891,0.0020260884535229077,0.0019674117525199262,0.0019709924914103087
207.19990362440512,0.007914655367716057,0.003986491505778048,0.0019674118581553264,0.003719945399647457,0.0021717511691910704,0.002026040267316485,0.0019674117525199262,0.0019709898215474132
207.04646583099384,0.007926620740325402,0.003983866131128702,0.001967411853163099,0.003717585797775513,0.002171536195202417,0.0020259921404084686,0.0019674117525199262,0.001970987154658909
206.89302803758255,0.007943904056316677,0.003981245893782391,0.0019674118484012326,0.003715230932234306,0.002171321559784508,0.002025944072701656,0.0019674117525199262,0.001970984490740394
206.73959024417127,0.007966626178039473,0.003978630780320156,0.0019674118438593674,0.0037128807904261863,0.0021711072622277857,0.0020258960640990448,0.0019674117525199262,0.0019709818297874767
206.58615245075816,0.007994884575130555,0.003976020777367131,0.001967411839527597,0.0037105353597950952,0.0021708933018245425,0.00202584811450383,0.0019674117525199262,0.001970979171795772
206.43271465734688,0.008028733830586512,0.0039734158715924945,0.001967411835396449,0.003708194627826512,0.002170679677868929,0.002025800223819406,0.0019674117525199262,0.0019709765167609033
206.2792768639356,0.008068181741978283,0.003970816049709086,0.0019674118314568657,0.003705858582047127,0.002170466389656932,0.0020257523919493645,0.0019674117525199262,0.001970973864678502
206.1258390705243,0.008113165928738342,0.00396822129847335,0.001967411827700188,0.0037035272100247882,0.002170253436486378,0.0020257046187974934,0.0019674117525199262,0.001970971215544208
205.9724012771112,0.008163588921229922,0.003965631604685084,0.0019674118241181367,0.003701200499368284,0.002170040817656923,0.0020256569042677764,0.0019674117525199262,0.001970968569353669
205.81896348369992,0.008219290869248724,0.003963046955187381,0.001967411820702798,0.003698878437727295,0.0021698285324700576,0.002025609248264396,0.0019674117525199262,0.0019709659261025396
205.66552569028863,0.008280049542022926,0.003960467336866261,0.0019674118174466057,0.0036965610127920635,0.0021696165802290845,0.002025561650691728,0.0019674117525199262,0.0019709632857864844
205.51208789687735,0.008345576429427702,0.003957892736650618,0.0019674118143423293,0.003694248212293352,0.002169404960239124,0.0020255141114543435,0.0019674117525199262,0.0019709606484011747
205.35865010346424,0.008415524539556164,0.0039553231415119725,0.001967411811383057,0.003691940024002219,0.002169193671807104,0.0020254666304570083,0.0019674117525199262,0.0019709580139422892
205.20521231005296,0.008489496196290311,0.003952758538464423,0.0019674118085621834,0.0036896364357299812,0.0021689827142417624,0.0020254192076046844,0.0019674117525199262,0.0019709553824055165
205.05177451664167,0.008567015747802727,0.003950198914564277,0.0019674118058733954,0.0036873374353278837,0.002168772086853628,0.002025371842802525,0.0019674117525199262,0.0019709527537865507
204.89833672322857,0.008647568554411286,0.003947644256909981,0.001967411803310661,0.003685043010687031,0.002168561788955022,0.0020253245359558763,0.0019674117525199262,0.001970950128081096
204.74489892981728,0.008730573697080869,0.003945094552642022,0.0019674118008682156,0.003682753149738309,0.0021683518198600594,0.00202527728697028,0.0019674117525199262,0.0019709475052848632
204.591461136406,0.008815415167707116,0.003942549788942583,0.0019674117985405515,0.003680467840452069,0.0021681421788846303,0.0020252300957514665,0.0019674117525199262,0.0019709448853935706
204.4380233429947,0.008901422375189077,0.00394000995303549,0.001967411796322406,0.0036781870708380805,0.0021679328653464013,0.0020251829622053613,0.0019674117525199262,0.0019709422684029455
204.2845855495816,0.008987877943000162,0.0039374750321859815,0.001967411794208753,0.003675910828945324,0.0021677238785648084,0.002025135886238078,0.0019674117525199262,0.0019709396543087228
204.13114775617032,0.00907404500068642,0.003934945013700656,0.0019674117921947886,0.003673639102861945,0.002167515217861058,0.002025088867755925,0.0019674117525199262,0.0019709370431066444
203.97770996275904,0.009159151588724669,0.003932419884927129,0.001967411790275926,0.0036713718807149407,0.0021673068825581094,0.002025041906665397,0.0019674117525199262,0.001970934434792461
203.82427216934775,0.009242390658522488,0.003929899633253982,0.0019674117884477824,0.0036691091506701164,0.0021670988719806774,0.002024995002873181,0.0019674117525199262,0.00197093182936193
203.67083437593465,0.00932295516148746,0.00392738424611054,0.0019674117867061725,0.0036668509009318787,0.0021668911854552234,0.002024948156286153,0.0019674117525199262,0.0019709292268108173
203.51739658252336,0.009400022453885283,0.003924873710966821,0.001967411785047099,0.003664597119743194,0.002166683822309959,0.002024901366811378,0.0019674117525199262,0.0019709266271348965
203.36395878911208,0.009472762094410713,0.003922368015333201,0.0019674117834667442,0.003662347795385278,0.002166476781874825,0.0020248546343561097,0.0019674117525199262,0.001970924030329949
203.21052099569897,0.009540347540543977,0.003919867146760331,0.0019674117819614627,0.003660102916177527,0.0021662700634814945,0.002024807958827789,0.0019674117525199262,0.001970921436391763
203.05708320228769,0.009601971743692659,0.003917371092839075,0.001967411780527773,0.003657862470477449,0.002166063666463376,0.0020247613401340454,0.0019674117525199262,0.001970918845316136
202.9036454088764,0.009656827655264336,0.003914879841200162,0.001967411779162352,0.0036556264466803567,0.0021658575901555904,0.0020247147781826957,0.0019674117525199262,0.001970916257098872
202.75020761546511,0.00970416280966318,0.003912393379514151,0.0019674117778620257,0.0036533948332193268,0.002165651833894978,0.0020246682728817427,0.0019674117525199262,0.001970913671735783
202.596769822052,0.009743228640078832,0.003909911695491209,0.001967411776623764,0.003651167618564999,0.002165446397020087,0.002024621824139375,0.0019674117525199262,0.001970911089222688
202.44333202864073,0.00977333896026846,0.003907434776881075,0.0019674117754446756,0.003648944791225541,0.0021652412788711792,0.0020245754318639693,0.0019674117525199262,0.0019709085095554147
202.28989423522944,0.009793854369414882,0.003904962611472722,0.0019674117743219985,0.0036467263397463377,0.0021650364787902075,0.002024529095964085,0.0019674117525199262,0.0019709059327297977
202.13645644181815,0.009804182252126566,0.003902495187094325,0.001967411773253098,0.0036445122527099592,0.0021648319961208246,0.0020244828163484677,0.0019674117525199262,0.00197090335874168
201.98301864840505,0.009803815766292327,0.0039000324916130397,0.001967411772235458,0.0036423025187359605,0.0021646278302083688,0.0020244365929260474,0.0019674117525199262,0.001970900787586911
201.82958085499376,0.009792302652797574,0.0038975745129349723,0.001967411771266678,0.0036400971264808433,0.00216442398039987,0.002024390425605938,0.0019674117525199262,0.001970898219261348
201.67614306158248,0.009769284223379011,0.003895121239004847,0.001967411770344467,0.0036378960646377594,0.002164220446044032,0.002024344314297437,0.0019674117525199262,0.0019708956537608565
201.5227052681712,0.009734495360624634,0.0038926726578059714,0.001967411769466639,0.0036356993219364706,0.002164017226491233,0.002024298258910025,0.0019674117525199262,0.0019708930910813088
201.3692674747581,0.009687741125260912,0.0038902287573600266,0.0019674117686311063,0.0036335068871431557,0.0021638143210935194,0.002024252259353365,0.0019674117525199262,0.0019708905312185855
201.2158296813468,0.009628959136720317,0.003887789525727035,0.0019674117678358796,0.003631318749060376,0.002163611729204608,0.002024206315537303,0.0019674117525199262,0.0019708879741685737
201.06239188793552,0.009558168888930199,0.0038853549510050314,0.0019674117670790588,0.0036291348965267764,0.0021634094501798667,0.002024160427371866,0.0019674117525199262,0.001970885419927169
200.90895409452241,0.00947549904181109,0.003882925021330008,0.001967411766358832,0.0036269553184170274,0.0021632074833763176,0.0020241145947672624,0.0019674117525199262,0.001970882868490273
200.75551630111113,0.009381203016418581,0.0038804997248758468,0.00196741176567347,0.0036247800036417624,0.0021630058281526393,0.002024068817633883,0.0019674117525199262,0.0019708803198537966
200.60207850769984,0.009275620007088616,0.003878079049854002,0.0019674117650213246,0.003622608941147283,0.002162804483869145,0.0020240230958822967,0.0019674117525199262,0.001970877774013657
200.44864071428856,0.009159206171721258,0.0038756629845134683,0.0019674117644008227,0.003620442119915528,0.0021626034498877906,0.002023977429423254,0.0019674117525199262,0.001970875230965779
200.29520292087545,0.009032542429351628,0.003873251517140579,0.0019674117638104633,0.003618279528963881,0.002162402725572161,0.0020239318181676847,0.0019674117525199262,0.001970872690706094
200.14176512746417,0.008896275978367854,0.003870844636058973,0.001967411763248816,0.003616121157345143,0.0021622023102874787,0.002023886262026698,0.0019674117525199262,0.001970870153230543
