x_data,y_data,y_fit,component_1,component_2
-540.0175794852858,0.01799558084000156,0.004785739251791576,0.004785739251791422,-0.002770462796658809
-540.0687499936253,0.017855517634848564,0.004806055742075644,0.004806055742075479,-0.0027704627966587984
-540.1199205019652,0.017715717560924167,0.004826453297450507,0.004826453297450331,-0.002770462796658787
-540.1710910103047,0.01757631218384267,0.004846932344759032,0.004846932344758845,-0.0027704627966587754
-540.2222615186447,0.017437430489500444,0.004867493313640179,0.004867493313639977,-0.002770462796658763
-540.2734320269842,0.01729919888407594,0.00488813663655009,0.004888136636549877,-0.002770462796658749
-540.3246025353237,0.017161741194029665,0.004908862748786205,0.004908862748785978,-0.0027704627966587347
-540.3757730436637,0.017025186405258002,0.004929672088509758,0.0049296720885095135,-0.0027704627966587195
-540.4269435520032,0.01688966092393939,0.004950565096768543,0.004950565096768283,-0.002770462796658703
-540.4781140603432,0.01675527825766264,0.004971542217521803,0.004971542217521526,-0.0027704627966586856
-540.5292845686827,0.016622159653170338,0.0049926038976625745,0.0049926038976622795,-0.002770462796658667
-540.5804550770226,0.01649042635720508,0.0050137505870432916,0.005013750587042976,-0.0027704627966586475
-540.6316255853621,0.01636018155848396,0.0050349827384987035,0.005034982738498367,-0.0027704627966586262
-540.6827960937017,0.016231533605159932,0.005056300807871833,0.005056300807871474,-0.0027704627966586037
-540.7339666020416,0.01610458826566802,0.005077705254038396,0.005077705254038013,-0.00277046279665858
-540.7851371103811,0.015979438409853615,0.005099196538931471,0.0050991965389310615,-0.0027704627966585542
-540.8363076187211,0.01585618206699796,0.005120775127568365,0.0051207751275679295,-0.002770462796658527
-540.8874781270606,0.015734901788074726,0.0051424414880749825,0.005142441488074518,-0.002770462796658498
-540.9386486354001,0.015615672384903821,0.005164196091713286,0.0051641960917127895,-0.002770462796658467
-540.9898191437401,0.01549858156789477,0.005186039412907217,0.005186039412906688,-0.002770462796658434
-541.0409896520796,0.015383680931406126,0.005207971929268926,0.005207971929268362,-0.002770462796658399
-541.0921601604196,0.015271042707539855,0.005229994121627257,0.005229994121626655,-0.0027704627966583617
-541.1433306687591,0.015160710751500725,0.005252106474053652,0.00525210647405301,-0.002770462796658322
-541.1945011770986,0.015052734077929357,0.005274309473891341,0.005274309473890657,-0.0027704627966582793
-541.2456716854385,0.014947143643440882,0.005296603611782923,0.005296603611782195,-0.002770462796658234
-541.296842193778,0.014843980723522136,0.005318989381698284,0.005318989381697507,-0.002770462796658186
-541.348012702118,0.01474325821676276,0.0053414672809648876,0.00534146728096406,-0.0027704627966581344
-541.3991832104575,0.014644994181188243,0.005364037810295444,0.005364037810294561,-0.00277046279665808
-541.4503537187975,0.014549196355952369,0.005386701473819155,0.0053867014738182145,-0.0027704627966580217
-541.501524227137,0.01445586216133721,0.0054094587791101555,0.005409458779109153,-0.0027704627966579597
-541.5526947354765,0.014364986437906912,0.005432310237219365,0.005432310237218296,-0.0027704627966578937
-541.6038652438165,0.014276548547918055,0.005455256362704726,0.005455256362703586,-0.0027704627966578235
-541.655035752156,0.014190522694191363,0.005478297673661885,0.005478297673660671,-0.002770462796657749
-541.706206260496,0.014106877920111708,0.0055014346917572985,0.005501434691756004,-0.002770462796657669
-541.7573767688355,0.014025570370474324,0.005524667942258756,0.005524667942257377,-0.0027704627966575845
-541.808547277175,0.01394654845092066,0.0055479979540694006,0.005547997954067931,-0.0027704627966574943
-541.8597177855149,0.013869755407656314,0.005571425259760163,0.005571425259758598,-0.002770462796657398
-541.9108882938544,0.013795124168015172,0.00559495039560267,0.005594950395601003,-0.002770462796657296
-541.9620588021944,0.013722592818766973,0.005618573901604706,0.0056185739016029294,-0.0027704627966571873
-542.0132293105339,0.01365207106978426,0.00564229632154304,0.005642296321541149,-0.0027704627966570715
-542.0643998188739,0.013583481529529205,0.005666118203000132,0.005666118202998118,-0.0027704627966569483
-542.1155703272134,0.013516728748438497,0.005690040097397953,0.005690040097395807,-0.002770462796656817
-542.1667408355529,0.01345171469723089,0.005714062560035555,0.00571406256003327,-0.0027704627966566777
-542.2179113438929,0.013388346506060996,0.005738186150125038,0.005738186150122605,-0.0027704627966565294
-542.2690818522324,0.013326510667340008,0.005762411430828078,0.005762411430825487,-0.002770462796656371
-542.3202523605723,0.013266098832914972,0.005786738969295187,0.005786738969292427,-0.0027704627966562033
-542.3714228689118,0.013206992335761227,0.0058111693367023185,0.00581116933669938,-0.0027704627966560246
-542.4225933772514,0.013149077668289964,0.0058357031082913215,0.005835703108288194,-0.0027704627966558346
-542.4737638855913,0.013092241322912373,0.0058603408634088795,0.005860340863405549,-0.0027704627966556325
-542.5249343939308,0.013036346574578304,0.005885083185546031,0.005885083185542485,-0.0027704627966554174
-542.5761049022708,0.012981279915698946,0.005909930662380573,0.005909930662376798,-0.002770462796655189
-542.6272754106103,0.012926909780659999,0.005934883885816835,0.005934883885812817,-0.0027704627966549456
-542.6784459189498,0.01287312008215473,0.0059599434520294335,0.005959943452025157,-0.002770462796654687
-542.7296164272898,0.012819781834286764,0.005985109961505556,0.005985109961501006,-0.002770462796654412
-542.7807869356293,0.01276677379031351,0.006010384019087933,0.00601038401908309,-0.00277046279665412
-542.8319574439693,0.01271397470349238,0.006035766234020809,0.0060357662340156555,-0.002770462796653809
-542.8831279523088,0.012661265906798712,0.006061257219993326,0.006061257219987843,-0.0027704627966534784
-542.9342984606487,0.012608528733207842,0.006086857595187296,0.006086857595181461,-0.002770462796653127
-542.9854689689882,0.012555654834566816,0.006112567982322152,0.006112567982315943,-0.0027704627966527538
-543.0366394773278,0.012502533283004756,0.006138389008704148,0.006138389008697542,-0.002770462796652357
-543.0878099856677,0.012449066049240417,0.006164321306274159,0.006164321306267132,-0.002770462796651935
-543.1389804940072,0.012395149944556703,0.006190365511656325,0.006190365511648848,-0.002770462796651487
-543.1901510023472,0.012340702417979932,0.006216522266209916,0.006216522266201964,-0.0027704627966510104
-543.2413215106867,0.012285625440228865,0.006242792216078687,0.006242792216070228,-0.0027704627966505043
-543.2924920190262,0.012229851938637385,0.00626917601224462,0.0062691760122356235,-0.0027704627966499665
-543.3436625273662,0.01217331484053938,0.006295674310580391,0.006295674310570822,-0.002770462796649395
-543.3948330357057,0.012115947073268735,0.006322287771902788,0.006322287771892612,-0.0027704627966487873
-543.4460035440457,0.012057697042466904,0.006349017062029557,0.006349017062018736,-0.0027704627966481424
-543.4971740523852,0.01199851831321119,0.006375862851833771,0.006375862851822265,-0.0027704627966474568
-543.5483445607251,0.01193838508832232,0.006402825817303113,0.00640282581729088,-0.0027704627966467286
-543.5995150690646,0.011877271570621016,0.006429906639596451,0.006429906639583444,-0.0027704627966459554
-543.6506855774041,0.01181515970208179,0.00645710600510521,0.006457106005091381,-0.002770462796645134
-543.7018560857441,0.01175205206242257,0.006484424605513536,0.006484424605498834,-0.002770462796644262
-543.7530265940836,0.011687956390797135,0.006511863137859668,0.00651186313784404,-0.002770462796643335
-543.8041971024236,0.011622890745230978,0.006539422304601059,0.0065394223045844475,-0.0027704627966423515
-543.8553676107631,0.011556891241775086,0.006567102813677129,0.006567102813659473,-0.0027704627966413068
-543.9065381191026,0.011489993996480439,0.006594905378577046,0.006594905378558282,-0.0027704627966401974
-543.9577086274426,0.011422258342859372,0.006622830718406452,0.00662283071838651,-0.0027704627966390195
-544.0088791357821,0.011353741034706287,0.006650879557955609,0.006650879557934416,-0.0027704627966377692
-544.060049644122,0.011284529782430717,0.006679052627771515,0.006679052627748995,-0.0027704627966364417
-544.1112201524616,0.011214704557288416,0.006707350664227795,0.006707350664203865,-0.0027704627966350327
-544.1623906608015,0.011144368547996478,0.006735774409600171,0.006735774409574746,-0.002770462796633537
-544.213561169141,0.011073632682425786,0.006764324612139537,0.006764324612112524,-0.0027704627966319492
-544.2647316774805,0.011002623366754782,0.0067930020261504406,0.006793002026121741,-0.0027704627966302644
-544.3159021858205,0.010931464427443988,0.006821807412068795,0.006821807412038309,-0.002770462796628476
-544.36707269416,0.010860305488133194,0.006850741536541319,0.006850741536508935,-0.002770462796626578
-544.4182432025,0.010789293592744265,0.006879805172509369,0.006879805172474971,-0.0027704627966245645
-544.4694137108395,0.010718599002660412,0.006908999099290781,0.006908999099254246,-0.0027704627966224273
-544.520584219179,0.010648386819828992,0.0069383241026675126,0.00693832410262871,-0.00277046279662016
-544.571754727519,0.010578840204222853,0.006967780974972698,0.0069677809749314895,-0.002770462796617755
-544.6229252358585,0.010510144895532775,0.006997370515179726,0.006997370515135966,-0.0027704627966152026
-544.6740957441984,0.010442499532039167,0.007027093528996055,0.007027093528949589,-0.0027704627966124956
-544.725266252538,0.010376107911458302,0.00705695082895527,0.007056950828905931,-0.0027704627966096238
-544.7764367608775,0.010311171251788518,0.007086943234515301,0.007086943234462916,-0.002770462796606578
-544.8276072692174,0.010247911408771578,0.00711707157215636,0.007117071572100744,-0.0027704627966033475
-544.8787777775569,0.01018653991927753,0.007147336675481203,0.007147336675422162,-0.002770462796599921
-544.9299482858969,0.010127281218766064,0.007177739385320528,0.007177739385257852,-0.002770462796596287
-544.9811187942364,0.010070364902132724,0.007208280549836894,0.007208280549770366,-0.002770462796592434
-545.0322893025764,0.010016010245401344,0.007238961024635513,0.007238961024564899,-0.0027704627965883482
-545.0834598109159,0.009964452002903319,0.007269781672873432,0.007269781672798485,-0.002770462796584016
-545.1346303192554,0.009915914610098336,0.007300743365375527,0.007300743365295986,-0.0027704627965794227
-545.1858008275954,0.00987063024159987,0.007331846980750638,0.007331846980666228,-0.0027704627965745533
-545.2369713359349,0.00982882075314968,0.007363093405510604,0.007363093405421031,-0.0027704627965693908
-545.2881418442748,0.009790710580207454,0.007394483534195083,0.007394483534100039,-0.0027704627965639186
-545.3393123526143,0.00975652415823288,0.0074260182694953734,0.007426018269394529,-0.0027704627965581177
-545.3904828609539,0.00972647302409601,0.007457698522385545,0.0074576985222785525,-0.00277046279655197
-545.4416533692938,0.00970077129438482,0.007489525212254133,0.007489525212140623,-0.0027704627965454537
-545.4928238776333,0.00967962534653351,0.007521499267039227,0.007521499266918813,-0.002770462796538548
-545.5439943859733,0.009663223499950779,0.007553621623369868,0.007553621623242135,-0.00277046279653123
-545.5951648943128,0.009651761813199116,0.007585893226706827,0.00758589322657134,-0.0027704627965234752
-545.6463354026528,0.009645413127379661,0.007618315031491659,0.007618315031347954,-0.0027704627965152583
-545.6975059109923,0.009644352863311478,0.007650888001295007,0.007650888001142598,-0.0027704627965065526
-545.7486764193318,0.009648740963506071,0.0076836131089731904,0.007683613108811558,-0.002770462796497329
-545.7998469276718,0.009658716732731523,0.007716491336825943,0.007716491336654538,-0.0027704627964875578
-545.8510174360113,0.009674419475755914,0.0077495236767583745,0.007749523676576619,-0.002770462796477207
-545.9021879443512,0.00969596527988598,0.007782711130450155,0.0077827111302574345,-0.0027704627964662424
-545.9533584526907,0.009723465072992602,0.007816054709524735,0.007816054709320402,-0.002770462796454629
-546.0045289610302,0.009757003985767386,0.0078495554357276,0.007849555435510965,-0.0027704627964423288
-546.0556994693702,0.009796656830030228,0.007883214341106259,0.007883214340876599,-0.002770462796429302
-546.1068699777097,0.009842490678447242,0.007917032468195112,0.007917032467951656,-0.0027704627964155065
-546.1580404860497,0.009894536487633554,0.007951010870208275,0.00795101086995021,-0.002770462796400898
-546.2092109943892,0.009952827793922226,0.007985150611233106,0.007985150610959573,-0.0027704627963854294
-546.2603815027287,0.010017364597313255,0.008019452766433517,0.008019452766143605,-0.002770462796369051
-546.3115520110687,0.010088136578934932,0.00805391842225577,0.008053918421948518,-0.0027704627963517107
-546.3627225194082,0.010165112782172126,0.00808854867663984,0.008088548676314231,-0.002770462796333353
-546.4138930277481,0.010248246772102147,0.008123344639239692,0.008123344638894648,-0.0027704627963139193
-546.4650635360877,0.010337461157187167,0.008158307431644855,0.00815830743127924,-0.0027704627962933477
-546.5162340444276,0.010432670806735581,0.008193438187613136,0.008193438187225746,-0.002770462796271573
-546.5674045527671,0.010533772532030293,0.00822873805330464,0.008228738052894202,-0.0027704627962485263
-546.6185750611066,0.010640632187739075,0.008264208187526993,0.008264208187092165,-0.002770462796224135
-546.6697455694466,0.010753100150222135,0.008299849761984156,0.008299849761523514,-0.0027704627961983217
-546.7209160777861,0.01087101647696797,0.008335663961532078,0.008335663961044121,-0.0027704627961710054
-546.7720865861261,0.010994185109414092,0.008371651984444641,0.008371651983927779,-0.0027704627961421006
-546.8232570944656,0.011122407409280092,0.00840781504268214,0.008407815042134694,-0.002770462796111517
-546.8744276028051,0.01125545636138835,0.008444154362172034,0.00844415436159223,-0.0027704627960791588
-546.9255981111451,0.01139308689253576,0.008480671183094259,0.00848067118248022,-0.0027704627960449244
-546.9767686194846,0.011535043610647507,0.008517366760174462,0.008517366759524208,-0.0027704627960087086
-547.0279391278245,0.011681042746751568,0.008554242362988657,0.008554242362300093,-0.002770462795970398
-547.079109636164,0.011830790213004214,0.008591299276271426,0.008591299275542337,-0.002770462795929875
-547.130280144504,0.01198397644325415,0.008628538800238002,0.008628538799466052,-0.0027704627958870134
-547.1814506528435,0.01214027639304252,0.008665962250909993,0.008665962250092711,-0.002770462795841681
-547.232621161183,0.012299341800449119,0.008703570960455225,0.008703570959590002,-0.0027704627957937395
-547.283791669523,0.012460824403553736,0.008741366277533684,0.008741366276617762,-0.002770462795743041
-547.3349621778625,0.012624355302692751,0.008779349567653137,0.008779349566683605,-0.00277046279568943
-547.3861326862025,0.012789550119894971,0.008817522213538032,0.008817522212511813,-0.0027704627956327437
-547.437303194542,0.012956027056907134,0.00885588561550364,0.008855885614417486,-0.002770462795572808
-547.4884737028815,0.013123375938578773,0.008894441191845747,0.008894441190696226,-0.002770462795509442
-547.5396442112215,0.013291196908631137,0.008933190379237788,0.008933190378021278,-0.0027704627954424524
-547.590814719561,0.013459072052759978,0.008972134633139095,0.008972134631851768,-0.0027704627953716366
-547.6419852279009,0.013626575717507266,0.009011275428217986,0.009011275426855805,-0.002770462795296781
-547.6931557362404,0.013793282249414972,0.009050614258781464,0.00905061425734016,-0.00277046279521766
-547.74432624458,0.013958765995025066,0.009090152639222127,0.0090901526376972,-0.002770462795134035
-547.7954967529199,0.014122585822571953,0.009129892104474065,0.009129892102860759,-0.002770462795045656
-547.8466672612594,0.01428431349887968,0.009169834210481422,0.009169834208774718,-0.0027704627949522577
-547.8978377695994,0.014443515631336432,0.009209980534683622,0.00920998053287822,-0.002770462794853562
-547.9490082779389,0.014599758827330398,0.009250332676508688,0.009250332674598998,-0.0027704627947492738
-548.0001787862789,0.01475261743340355,0.00929089225788609,0.00929089225586621,-0.0027704627946390837
-548.0513492946184,0.014901668375815785,0.009331660923768052,0.009331660921631754,-0.0027704627945226647
-548.1025198029579,0.015046491160544927,0.00937264034267077,0.00937264034041148,-0.0027704627943996724
-548.1536903112979,0.015186675612440515,0.009413832207227043,0.009413832204837824,-0.0027704627942697433
-548.2048608196374,0.015321824454941717,0.00945523823475418,0.009455238232227714,-0.002770462794132495
-548.2560313279773,0.015451548150641493,0.009496860167841376,0.009496860165169936,-0.002770462793987524
-548.3072018363168,0.015575459741850723,0.009538699774947697,0.009538699772123141,-0.0027704627938344053
-548.3583723446563,0.01569320064777749,0.009580758851022287,0.009580758848036015,-0.002770462793672691
-548.4095428529963,0.015804417447065736,0.009623039218137843,0.009623039214980788,-0.0027704627935019083
-548.4607133613358,0.015908772196666962,0.00966554272614159,0.009665542722804189,-0.002770462793321561
-548.5118838696758,0.016005939852122314,0.009708271253327964,0.009708271249800124,-0.002770462793131124
-548.5630543780153,0.016095628905305984,0.009751226707124028,0.009751226703395111,-0.0027704627929300463
-548.6142248863553,0.01617755300752803,0.009794411024799856,0.009794411020858639,-0.0027704627927177456
-548.6653953946948,0.016251446447841923,0.00983782617419219,0.009837826170026837,-0.00277046279249361
-548.7165659030343,0.016317071892198335,0.009881474154453678,0.00988147415005171,-0.0027704627922569935
-548.7677364113742,0.01637420490513758,0.009925356996818686,0.00992535699216694,-0.002770462792007217
-548.8189069197138,0.016422657167250956,0.009969476765389965,0.009969476760474567,-0.0027704627917435653
-548.8700774280537,0.01646224809828354,0.010013835557950627,0.010013835552756948,-0.0027704627914652844
-548.9212479363932,0.016492838393467248,0.01005843550679225,0.010058435501304867,-0.00277046279117158
-548.9724184447327,0.016514301646623635,0.010103278779571317,0.010103278773773972,-0.0027704627908616175
-549.0235889530727,0.016526542408189387,0.010148367580184881,0.010148367574060435,-0.002770462790534516
-549.0747594614122,0.016529485866344607,0.010193704149669762,0.01019370414320015,-0.00277046279018935
-549.1259299697522,0.016523101064474167,0.010239290767130023,0.010239290760296204,-0.002770462789825144
-549.1771004780917,0.016507362205398793,0.010285129750683243,0.010285129743465153,-0.002770462789440871
-549.2282709864317,0.0164822899268619,0.01033122345843866,0.01033122345081515,-0.0027704627890354516
-549.2794414947712,0.01644791776519655,0.01037757428949487,0.010377574281443654,-0.002770462788607747
-549.3306120031107,0.016404315372786783,0.010424184684970332,0.01042418467646793,-0.002770462788156561
-549.3817825114506,0.016351583358631766,0.010471057129057104,0.010471057120078774,-0.002770462787680633
-549.4329530197901,0.016289840389756168,0.010518194150102505,0.01051819414062218,-0.002770462787178638
-549.4841235281301,0.016219246408671485,0.010565598321723624,0.010565598311713841,-0.0027704627866491807
-549.5352940364696,0.016139966517325077,0.01061327226394484,0.01061327225337667,-0.0027704627860907927
-549.5864645448091,0.0160522225714587,0.010661218644371688,0.010661218633214656,-0.0027704627855019304
-549.6376350531491,0.0159562338470962,0.010709440179391197,0.010709440167613202,-0.0027704627848809684
-549.6888055614886,0.01585226347546616,0.010757939635403663,0.010757939622970898,-0.002770462784226197
-549.7399760698286,0.015740592645822685,0.010806719830090844,0.0108067198169677,-0.0027704627835358187
-549.7911465781681,0.015621520605445352,0.010855783633710625,0.010855783619859604,-0.0027704627828079413
-549.8423170865076,0.015495385297382659,0.010905133970431805,0.010905133955813419,-0.002770462782040576
-549.8934875948476,0.015362537563272742,0.01095477381969898,0.010954773804271647,-0.00277046278123163
-549.9446581031871,0.015223346302779222,0.011004706217632587,0.011004706201352528,-0.0027704627803789034
-549.995828611527,0.015078216531616713,0.011054934258469398,0.011054934241290516,-0.002770462779480082
-550.0469991198665,0.01492755584521775,0.0111054610960331,0.011105461077906869,-0.0027704627785327322
-550.0981696282065,0.014771807955065854,0.011156289945249684,0.011156289926125017,-0.0027704627775342956
-550.149340136546,0.01461141399292662,0.01120742408369407,0.011207424063517189,-0.002770462776482082
-550.2005106448855,0.01444684604718077,0.011258866853182793,0.011258866831897094,-0.0027704627753732643
-550.2516811532255,0.014278589104798668,0.01131062166140234,0.011310621638948247,-0.002770462774204869
-550.302851661565,0.014107135891904453,0.011362691983578442,0.01136269195989325,-0.002770462772973771
-550.354022169905,0.01393299977236569,0.011415081364191882,0.011415081339209604,-0.002770462771676685
-550.4051926782445,0.013756691530332014,0.011467793418730218,0.011467793392381414,-0.002770462770310159
-550.456363186584,0.013578750326850261,0.0115208318354901,0.011520831807701701,-0.0027704627688705636
-550.507533694924,0.013399697264941777,0.011574200377419625,0.011574200348114749,-0.0027704627673540865
-550.5587042032635,0.01322008182452511,0.011627902884006183,0.011627902853103939,-0.0027704627657567193
-550.6098747116034,0.013040443166647096,0.0116819432732156,0.011681943240630889,-0.002770462764074252
-550.6610452199429,0.012861328191508353,0.011736325543471567,0.011736325509114864,-0.0027704627623022595
-550.7122157282829,0.012683281219591575,0.0117910537756912,0.011791053739468331,-0.002770462760436094
-550.7633862366224,0.012506851730815309,0.01184613213536232,0.01184613209717423,-0.0027704627584708716
-550.8145567449619,0.012332581465944318,0.011901564874678411,0.01190156483442091,-0.0027704627564014623
-550.8657272533019,0.012161014745461296,0.011957356334720172,0.011957356292283687,-0.002770462754222477
-550.9168977616414,0.011992677831823442,0.012013510947689477,0.01201351090295877,-0.0027704627519282558
-550.9680682699814,0.011828096987487956,0.0120700332392018,0.01207003319205569,-0.0027704627495128533
-551.0192387783209,0.011667788156040327,0.01212692783062572,0.012126927780936783,-0.0027704627469700258
-551.0704092866604,0.011512256962194337,0.012184199441485525,0.012184199389119778,-0.002770462744293216
-551.1215797950003,0.011361996132074129,0.012241852891915431,0.012241852836732008,-0.0027704627414755385
-551.1727503033399,0.011217488072932134,0.012299893105171567,0.012299893047022368,-0.002770462738509764
-551.2239208116798,0.01107919197455944,0.01235832511020789,0.012358325048937227,-0.0027704627353883006
-551.2750913200193,0.010947554128157497,0.012417154044304322,0.012417153979748538,-0.002770462732103179
-551.3262618283588,0.010823010506056042,0.012476385155763721,0.012476385087750789,-0.0027704627286460315
-551.3774323366988,0.010705960964533832,0.01253602380666584,0.012536023735014952,-0.0027704627250080753
-551.4286028450383,0.010596802780151692,0.01259607547568454,0.012596075400205667,-0.0027704627211800905
-551.4797733533783,0.010495902272855321,0.01265654576097477,0.012656545681468206,-0.0027704627171523995
-551.5309438617178,0.010403599965411143,0.01271744038311718,0.012717440299373063,-0.002770462712914846
-551.5821143700578,0.010320223481995943,0.012778765188138077,0.012778765099935885,-0.0027704627084567703
-551.6332848783973,0.010246064330735523,0.012840526150588687,0.012840526057696712,-0.002770462703766987
-551.6844553867368,0.010181395961730195,0.012902729376701654,0.012902729278876448,-0.002770462698833757
-551.7356258950767,0.010126463448183064,0.012965381107612448,0.01296538100459825,-0.0027704626936447645
-551.7867964034162,0.010081486066117964,0.013028487722652204,0.013028487614180326,-0.0027704626881870868
-551.8379669117562,0.0100466521349436,0.01309205574271884,0.013092055628507043,-0.002770462682447166
-551.8891374200957,0.010022134495761111,0.013156091833713721,0.013156091713465538,-0.0027704626764107794
-551.9403079284352,0.010008054395313087,0.013220602810061856,0.0132206026834659,-0.002770462670063007
-551.9914784367752,0.010004527920906262,0.013285595638302856,0.01328559550503209,-0.0027704626633881986
-552.0426489451147,0.010011635043796388,0.013351077440759349,0.013351077300470325,-0.0027704626563699393
-552.0938194534547,0.010029424778624086,0.013417055499290054,0.013417055351622104,-0.0027704626489910133
-552.1449899617942,0.010057915183414848,0.013483537259114158,0.013483537103688562,-0.002770462641233366
-552.1961604701341,0.010097106258168677,0.013550530332726317,0.013550530169145418,-0.0027704626330780635
-552.2473309784737,0.010146961886834584,0.013618042503884806,0.013618042331731094,-0.0027704626245052526
-552.2985014868132,0.01020741499674646,0.01368608173169222,0.013686081550527373,-0.002770462615494116
-552.3496719951531,0.010278385616648551,0.013754656154755397,0.013754655964119261,-0.002770462606022829
-552.4008425034926,0.010359752499798267,0.0138237740954314,0.013823773894840945,-0.0027704625960685092
-552.4520130118326,0.010451376341427525,0.013893444064167187,0.013893443853115393,-0.002770462585607169
-552.5031835201721,0.010553092039588971,0.01396367476391882,0.01396367454187352,-0.0027704625746136644
-552.5543540285116,0.010664708695155971,0.014034475094669926,0.0140344748610726,-0.002770462563061638
-552.6055245368516,0.010786007032104692,0.014105854158035221,0.014105853912299723,-0.002770462550923466
-552.6566950451911,0.010916754875821666,0.014177821261956408,0.014177821003467643,-0.002770462538170197
-552.7078655535311,0.011056686515360363,0.014250385925498203,0.014250385653610729,-0.0027704625247714893
-552.7590360618706,0.011205538819492183,0.014323557883729708,0.014323557597766295,-0.002770462510695549
-552.8102065702101,0.011362999642347906,0.014397347092711604,0.014397346791961703,-0.0027704624959090604
-552.86137707855,0.01152875683805831,0.014471763734574278,0.014471763418292434,-0.002770462480377117
-552.9125475868896,0.01170248020272868,0.014546818222694494,0.014546817890098679,-0.0027704624640631464
-552.9637180952295,0.011883818894720885,0.01462252120697852,0.01462252085724839,-0.0027704624469288342
-553.014888603569,0.012072422072396791,0.014698883579236266,0.014698883211511346,-0.0027704624289340437
-553.066059111909,0.01226790277806728,0.01477591647866833,0.0147759160920461,-0.0027704624100367324
-553.1172296202485,0.012469889532350798,0.01485363129744562,0.014853630890979519,-0.0027704623901928624
-553.168400128588,0.012677979899250664,0.014932039686403643,0.014932039259100992,-0.002770462369356311
-553.219570636928,0.012891776602206051,0.015011153560835731,0.015011153111655542,-0.002770462347478775
-553.2707411452675,0.013110874625502348,0.015090985106392892,0.015090984634243597,-0.0027704623245096683
-553.3219116536075,0.013334858634553238,0.015171546785098702,0.015171546288835762,-0.002770462300396021
-553.373082161947,0.01356332103392618,0.015252851341462557,0.015252850819885963,-0.0027704622750823692
-553.4242526702865,0.013795841329599002,0.0153349118087137,0.015334911260565378,-0.0027704622485106396
-553.4754231786264,0.014032004186985384,0.015417741515139322,0.015417740939100394,-0.0027704622206200344
-553.526593686966,0.014271399430934863,0.015501354090534651,0.015501353485222594,-0.002770462191346904
-553.5777641953059,0.014513616886296972,0.015585763472773781,0.015585762836739438,-0.002770462160624621
-553.6289347036454,0.014758248957639174,0.015670983914483422,0.0156709832462079,-0.002770462128383442
-553.6801052119854,0.015004898368400642,0.01575702998984395,0.015757029287735355,-0.0027704620945503697
-553.7312757203249,0.01525317816089226,0.015843916601494337,0.015843915863884377,-0.002770462059049004
-553.7824462286644,0.015502703957142837,0.015931658987565614,0.01593165821270604,-0.00277046202179939
-553.8336167370044,0.015753106857488746,0.01602027272882456,0.016020271914883453,-0.0027704619827178573
-553.8847872453439,0.01600402828113807,0.016109773755936047,0.016109772900993937,-0.002770461941716853
-553.9359577536839,0.01625511996617061,0.01620017835685288,0.016200177458898686,-0.0027704618987047687
-553.9871282620234,0.016506056868127502,0.016291503184314087,0.01629150224124088,-0.0027704618535857573
-554.0382987703629,0.016756524261421598,0.01638376526347628,0.016383764273076862,-0.002770461806259545
-554.0894692787028,0.01700621515961953,0.016476981999658843,0.016476980959621114,-0.0027704617566212332
-554.1406397870423,0.017254861272056846,0.01657117118621147,0.0165711700941136,-0.002770461704561091
-554.1918102953823,0.01750219430806909,0.016666351012513146,0.016666349865818525,-0.0027704616499643433
-554.2429808037218,0.017747969194453154,0.016762540072082274,0.016762538868134256,-0.0027704615927109434
-554.2941513120618,0.017991966655185203,0.016859757370824603,0.01685975610684098,-0.002770461532675342
-554.3453218204013,0.018233985472266897,0.016958022335392127,0.016958021008459404,-0.0027704614697262406
-554.3964923287408,0.018473839906007462,0.0170573548216802,0.01705735342874758,-0.0027704614037263415
-554.4476628370808,0.018711375173331248,0.017157775123441514,0.01715777366131463,-0.002770461334532079
-554.4988333454203,0.0189464545491881,0.01725930398102589,0.01725930244636027,-0.002770461261993344
-554.5500038537602,0.019178961946271285,0.017361962590255273,0.01736196097954951,-0.002770461185953199
-554.6011743620998,0.01940880191501749,0.017465772611411662,0.017465770921000275,-0.002770461106247576
-554.6523448704393,0.01963590738276059,0.01757075617836525,0.01757075440441125,-0.0027704610227049617
-554.7035153787792,0.019860231914577902,0.017676935907820223,0.017676934046307338,-0.002770460935146077
-554.7546858871187,0.02008174971329015,0.017784334908687215,0.017784332955411784,-0.0027704608433835325
-554.8058563954587,0.020300460778897328,0.017892976791591998,0.017892974742154514,-0.002770460747221477
-554.8570269037982,0.020516375430271152,0.018002885678496647,0.018002883528292914,-0.002770460646455229
-554.9081974121377,0.020729540102334316,0.018114086212461602,0.01811408395667353,-0.002770460540870892
-554.9593679204777,0.020940011548881216,0.01822660356752451,0.018226601201110502,-0.0027704604302449544
-555.0105384288172,0.021147877480321396,0.01834046345870495,0.01834046097638986,-0.0027704603143438736
-555.0617089371572,0.021353233346218164,0.018455692152144845,0.018455689548409523,-0.0027704601929236404
-555.1128794454967,0.021556197813596186,0.01857231647535913,0.018572313744429494,-0.002770460065729328
-555.1640499538366,0.021756917926377326,0.018690363827627322,0.018690360963462983,-0.0027704599324946213
-555.2152204621761,0.021955535569047595,0.018809862190492844,0.018809859186775208,-0.0027704597929413257
-555.2663909705157,0.02215222616242606,0.018930840138401336,0.01893083698852123,-0.002770459646778856
-555.3175614788556,0.022347180605639345,0.019053326849451286,0.01905332354649603,-0.0027704594937037067
-555.3687319871951,0.022540587218096163,0.01917735211626626,0.01917734865300619,-0.0027704593333988965
-555.4199024955351,0.0227326704352562,0.019302946356998956,0.019302942725873386,-0.0027704591655333924
-555.4710730038746,0.02292364695342536,0.019430140626438705,0.01943013681954125,-0.0027704589897615105
-555.5222435122141,0.023113754106652968,0.019558966627254152,0.01955896263631748,-0.0027704588057222905
-555.5734140205541,0.02330323180870628,0.019689456721342497,0.01968945253772238,-0.0027704586130388458
-555.6245845288936,0.02349233545166011,0.019821643941294494,0.01982163955595322,-0.0027704584113176873
-555.6757550372336,0.023681315268153424,0.019955562001985925,0.019955557405474982,-0.0027704582001480188
-555.7269255455731,0.023870439548850673,0.02009124531226469,0.020091240494706734,-0.0027704579791010047
-555.778096053913,0.02405997400469839,0.02022872898676832,0.020228723937838367,-0.002770457747729007
-555.8292665622525,0.024250184346643097,0.02036804885783213,0.02036804356673796,-0.0027704575055647915
-555.880437070592,0.02444133886534925,0.02050924148752342,0.02050923594298516,-0.002770457252120705
-555.931607578932,0.024633705851481304,0.02065234417976947,0.02065233836999832,-0.002770456986887813
-555.9827780872715,0.02482755101598579,0.02079739499258918,0.020797388905265227,-0.002770456709335008
-556.0339485956115,0.02502314006980923,0.02094443275043909,0.020944426372688205,-0.002770456418908081
-556.085119103951,0.02522072582530852,0.021093497056639408,0.0210934903750092,-0.0027704561150287536
-556.1362896122905,0.025420561094840543,0.021244628305916426,0.021244621306351137,-0.0027704557970936747
-556.1874601206305,0.025622896111044267,0.02139786769702611,0.02139786036484052,-0.0027704554644733723
-556.23863062897,0.025827965628251088,0.021553257245469026,0.021553249565321234,-0.0027704551165111694
-556.28980113731,0.02603599150220277,0.021710839796307647,0.02171083175217074,-0.002770454752522053
-556.3409716456495,0.026247195588641067,0.021870659037048858,0.02187065061218139,-0.0027704543717914963
-556.392142153989,0.02646177394612847,0.02203275951062985,0.02203275068754513,-0.0027704539735742407
-556.4433126623289,0.026679930372381252,0.022197186628469607,0.022197177388903668,-0.002770453557093024
-556.4944831706684,0.02690182996934676,0.022363986683596015,0.02236397700847431,-0.0027704531215372585
-556.5456536790084,0.027127648157844065,0.02253320686386029,0.022533196733262987,-0.002770452666061661
-556.5968241873479,0.027357521662923323,0.022704895265198085,0.02270488465832395,-0.002770452189784826
-556.6479946956879,0.027591589789352618,0.022879100904979566,0.022879089800108342,-0.0027704516917877405
-556.6991652040274,0.027829966044720753,0.02305587373539634,0.023055862109849622,-0.0027704511711122482
-556.7503357123669,0.028072753617744826,0.023235264656928382,0.023235252487028863,-0.002770450626759444
-556.8015062207069,0.028320022160808884,0.023417325531848377,0.02341731279287743,-0.0027704500576880143
-556.8526767290464,0.02857184648573282,0.02360210919777406,0.023602095863927603,-0.002770449462812507
-556.9038472373863,0.028828270447721398,0.02378966948128057,0.023789655525623142,-0.0027704488410015353
-556.9550177457259,0.029089309525082183,0.02398006121152752,0.023980046605944473,-0.002770448191075915
-557.0061882540654,0.02935498693527653,0.024173340233944914,0.024173324949092675,-0.0027704475118067264
-557.0573587624053,0.029625284620278934,0.024369563423931803,0.02436954742918614,-0.0027704468019133003
-557.1085292707448,0.029900184522063916,0.024568788700578468,0.024568771963980635,-0.002770446060061131
-557.1596997790848,0.030179635046272916,0.024771075040424854,0.024771057528625594,-0.002770445284859704
-557.2108702874243,0.030463574279675682,0.02497648249120574,0.02497646416940702,-0.0027704444748602422
-557.2620407957643,0.030751924830734387,0.02518507218563183,0.025185053017526233,-0.002770443628553368
-557.3132113041038,0.031044593829603645,0.025396906355143464,0.02539688630285117,-0.0027704427443666704
-557.3643818124433,0.03134146776869465,0.025612048343687487,0.02561202736769071,-0.002770441820662185
-557.4155523207833,0.03164242540126481,0.025830562621465075,0.025830540680539887,-0.0027704408557337745
-557.4667228291228,0.031947324842828105,0.026052514798662094,0.02605249184980754,-0.0027704398478044082
-557.5178933374627,0.032256011310308905,0.026277971639175612,0.026277947637539992,-0.0027704387950233445
-557.5690638458022,0.032568324861195694,0.02650700107428071,0.026506975973084945,-0.002770437695463199
-557.6202343541418,0.03288408749495149,0.026739672216290002,0.026739645966747945,-0.0027704365471169063
-557.6714048624817,0.03320311347188551,0.026976055372149112,0.026976027923384716,-0.002770435347894567
-557.7225753708212,0.03352521189287112,0.027216222056980315,0.027216193355941526,-0.002770434095620173
-557.7737458791612,0.03385018153990999,0.027460245007588594,0.027460214998957844,-0.0027704327880282136
-557.8249163875007,0.03417780829641413,0.027708198195869484,0.02770816682197067,-0.002770431422760152
-557.8760868958407,0.034507888364667276,0.02796015684217733,0.027960124042879137,-0.002770429997360769
-557.9272574041802,0.03484019988892766,0.028216197428576416,0.028216163141191828,-0.0027704285092743732
-557.9784279125197,0.03517453391204318,0.028476397712035265,0.02847636187121717,-0.0027704269558408677
-558.0295984208597,0.03551066857827205,0.028740836737500372,0.02874079927513308,-0.00277042533429167
-558.0807689291992,0.03584838461159045,0.029009594850862394,0.029009555695948916,-0.0027704236417454824
-558.1319394375391,0.03618746789541039,0.029282753711830513,0.029282712790375455,-0.0027704218752039062
-558.1831099458786,0.036527719791451474,0.029560396306646884,0.029560353541534808,-0.002770420031546889
-558.2342804542182,0.03686892618312571,0.02984260696070376,0.02984256227157281,-0.00277041810752801
-558.2854509625581,0.03721089875102441,0.030129471350994037,0.03012942465410466,-0.0027704160997695897
-558.3366214708976,0.03755344143658507,0.030421076518409314,0.030421027726507968,-0.0027704140047576163
-558.3877919792376,0.037896386558142404,0.030717510879902363,0.030717459902079892,-0.002770411818836494
-558.4389624875771,0.038239571593467,0.031018864240439786,0.03101881098198441,-0.0027704095382035895
-558.4901329959166,0.038582834020329415,0.03132522780481294,0.03132517216705757,-0.0027704071589035894
-558.5413035042566,0.03892604743255121,0.03163669418923181,0.03163663606939549,-0.002770404676822644
-558.5924740125961,0.039269090583389794,0.031953357432716926,0.03195329672374027,-0.002770402087682303
-558.643644520936,0.039611855124692216,0.03227531300830784,0.03227524959868211,-0.00277039938703323
-558.6948150292756,0.03995426366492064,0.032602657834007384,0.03260259160759711,-0.002770396570248688
-558.7459855376155,0.04029624913140897,0.032935490283538794,0.03293542111939762,-0.0027703936325177937
-558.797156045955,0.04063776766895243,0.03327391019681281,0.03327383796899237,-0.002770390568838525
-558.8483265542945,0.04097880121952553,0.033618018890184245,0.03361794346753576,-0.0027703873740104776
-558.8994970626345,0.0413193523628462,0.033967919166413243,0.03396784041238164,-0.0027703840426273637
-558.950667570974,0.04165944689609371,0.03432371532434868,0.034323633096758954,-0.0027703805690692425
-559.001838079314,0.04199913383390868,0.03468551316835427,0.03468542731918978,-0.002770376947494469
-559.0530085876535,0.04233848798811101,0.03505342001738722,0.03505333039255962,-0.0027703731718313617
-559.104179095993,0.04267761770685365,0.03542754471381244,0.03542745115292305,-0.00277036923576957
-559.155349604333,0.04301664939631505,0.03580799763186108,0.03580789996795325,-0.0027703651327511372
-559.2065201126725,0.04335573783957085,0.03619489068575187,0.036194788745054156,-0.0027703608559612454
-559.2576906210124,0.043695066196593906,0.03658833733749864,0.03658823093915831,-0.002770356398318638
-559.308861129352,0.04403484084481841,0.03698845260430554,0.03698834156011228,-0.002770351752465698
-559.3600316376919,0.04437530685744747,0.037395353065645065,0.03739523717974429,-0.0027703469107581836
-559.4112021460314,0.04471672220627383,0.03780915686989373,0.03780903593848937,-0.002770341865254601
-559.4623726543709,0.04505937581970537,0.038229983740623114,0.038229857551669355,-0.0027703366077052043
-559.5135431627109,0.04540359016248302,0.038657954982443926,0.03865782331532558,-0.002770331129540615
-559.5647136710504,0.04574971091680905,0.03909319348642484,0.03909305611162592,-0.0027703254218600392
-559.6158841793904,0.04609810182291124,0.039535823735112635,0.03953568041387276,-0.0027703194754190833
-559.6670546877299,0.04644915757763248,0.03998597180704428,0.039985822291002455,-0.0027703132806171397
-559.7182251960694,0.046803303834430814,0.04044376538085378,0.040443609411679154,-0.002770306827484339
-559.7693957044094,0.047160968826482186,0.04090933373886324,0.04090917104787233,-0.0027703001056680527
-559.8205662127489,0.04752262722188525,0.04138280777018249,0.04138263807794246,-0.0027702931044189315
-559.8717367210888,0.047888761427892446,0.0418643199733467,0.0418641429892642,-0.00277028581257646
-559.9229072294283,0.048259869330063765,0.04235400445837387,0.04235381988026893,-0.0027702782185540214
-559.9740777377679,0.04863647977057434,0.04285199694835471,0.042851804462019194,-0.002770270310323447
-560.0252482461078,0.04901913191047099,0.043358434780455715,0.0433582340591958,-0.0027702620753990432
-560.0764187544473,0.049408375229672286,0.04387345690636229,0.0438732476105244,-0.0027702535008210694
-560.1275892627873,0.049804787584993966,0.04439720389219533,0.044396985668675025,-0.0027702445731386605
-560.1787597711268,0.05020894425353385,0.04492981791777341,0.044929590399506614,-0.0027702352783921663
-560.2299302794668,0.05062143857041526,0.04547144277534892,0.04547120558078485,-0.002770225602094896
-560.2811007878063,0.05104287160991528,0.04602222386765527,0.046021976600210554,-0.0027702155292142487
-560.3322712961458,0.05147384702602894,0.04658230820539786,0.046582050452891106,-0.002770205044152206
-560.3834418044858,0.0519149813713409,0.04715184440405574,0.04715157573812195,-0.0027701941307251743
-560.4346123128253,0.0523668886187179,0.047730982680026346,0.04773070265551053,-0.0027701827721431462
-560.4857828211652,0.052830185320744585,0.04831987484615214,0.04831958300048135,-0.0027701709509881734
-560.5369533295047,0.0533054854502877,0.0489186743064868,0.04891837015901995,-0.002770158649192118
-560.5881238378443,0.05379340298021398,0.049527536050442064,0.04952721910179676,-0.0027701458480136644
-560.6392943461842,0.054294544144236366,0.05014661664617187,0.05014628637752748,-0.002770132528014572
-560.6904648545237,0.0548095048571961,0.05077607423322986,0.05077573010560604,-0.0027701186690351405
-560.7416353628637,0.055338888773088214,0.051416068514544194,0.0514157099680541,-0.002770104250168866
-560.7928058712032,0.05588326085013882,0.05206676074755659,0.05206638720063389,-0.0027700892497362645
-560.8439763795432,0.056443193785727805,0.05272831373468566,0.052727924583284534,-0.002770073645257836
-560.8951468878827,0.057019237059773714,0.05340089181291933,0.053400486429686506,-0.002770057413426142
-560.9463173962222,0.05761193241304132,0.05408466084270147,0.05408423857611948,-0.0027700405300769733
-560.9974879045621,0.05822178289052647,0.05477978819595425,0.05477934836945486,-0.0027700229701595764
-561.0486584129017,0.058849294116942945,0.05548644274327946,0.055485984654326415,-0.0027700047077059155
-561.0998289212416,0.05949493560095355,0.0562047948403898,0.056204317759529776,-0.002769985715798934
-561.1509994295811,0.06015914847432386,0.05693501631360073,0.056934519483481556,-0.0027699659665397936
-561.2021699379206,0.060842366129665704,0.05767728044455887,0.057676763078913965,-0.0027699454310140563
-561.2533404462606,0.06154497810438612,0.05843176195403639,0.0584312232366342,-0.002769924079256777
-561.3045109546001,0.06226735071843081,0.059198636984839625,0.05919807606839714,-0.0027699018802164782
-561.3556814629401,0.06300982191484826,0.0599780830838898,0.05997749908894881,-0.0027698788017179693
-561.4068519712796,0.06377269868007185,0.060770279183294,0.06076967119705902,-0.002769854810423985
-561.4580224796191,0.06455625188448394,0.061575405580598624,0.06157477265573526,-0.0027698298717955924
-561.5091929879591,0.06536072402156974,0.06239364391804286,0.06239298507143526,-0.002769803950051354
-561.5603634962986,0.06618632146876344,0.06322517716086641,0.06322449137233263,-0.002769777008125185
-561.6115340046385,0.06703321706716615,0.06407018957473612,0.06406947578570005,-0.002769749007622888
-561.662704512978,0.06790154754182806,0.06492886670209691,0.06492812381421527,-0.0027697199087773163
-561.713875021318,0.06879140834231247,0.06580139533766476,0.06580062221140792,-0.002769689670402125
-561.7650455296575,0.06970286912100343,0.0666879635028118,0.06668715895599692,-0.002769658249844078
-561.816216037997,0.07063596341423398,0.0675887604190687,0.0675879232253436,-0.002769625602933863
-561.867386546337,0.07159067316397863,0.0685039764805434,0.06850310536781981,-0.0027695916839353693
-561.9185570546765,0.07256696741362227,0.06943380322531996,0.0694328968741544,-0.0027695564454933977
-561.9697275630165,0.07356475845275535,0.07037843330591333,0.07037749034783411,-0.0027695198385797397
-562.020898071356,0.074583935353507,0.07133806045856535,0.07133707947434398,-0.0027694818124375962
-562.0720685796955,0.07562435107195535,0.07231287947162057,0.07231185898948589,-0.0027694423145242807
-562.1232390880355,0.0766858276075634,0.073303086152767,0.07330202464656019,-0.0027694012904521596
-562.174409596375,0.07776814052487148,0.07430887729521306,0.07430777318248188,-0.0027693586839277833
-562.2255801047149,0.07887104475067645,0.07533045064288565,0.07532930228291584,-0.0027693144366891537
-562.2767506130544,0.07999426425516011,0.07636800485441919,0.07636681054620131,-0.002769268488441083
-562.3279211213944,0.08113748947217114,0.07742173946620597,0.07742049744633558,-0.0027692207767885794
-562.3790916297339,0.08230039019781484,0.07849185485421159,0.07849056329472084,-0.002769171237168222
-562.4302621380734,0.08348259237299172,0.07957855219483415,0.07957720920095264,-0.0027691198027774513
-562.4814326464134,0.0846837219386023,0.08068203342457074,0.08068063703241352,-0.002769066404501734
-562.5326031547529,0.08590335840062442,0.08180250119857493,0.08180104937275551,-0.002769010970839534
-562.5837736630929,0.08714106578672833,0.0829401588482037,0.08293864947936977,-0.0027689534278250347
-562.6349441714324,0.08839640296514842,0.08409521033730048,0.08409364123959007,-0.0027688936989485537
-562.6861146797719,0.089668897847504,0.08526786021751023,0.08526622912592585,-0.0027688317050745754
-562.7372851881119,0.09095806028738883,0.08645831358237291,0.0864566181500713,-0.002768767364357359
-562.7884556964514,0.0922634001383967,0.08766677602028937,0.08766501381578444,-0.002768700592154036
-562.8396262047913,0.09358440661637799,0.08889345356646793,0.08889162207074411,-0.002768631300935142
-562.8907967131308,0.09492056119802926,0.09013855265358194,0.09013664925711548,-0.002768559400192512
-562.9419672214708,0.09627134793976504,0.09140228006147115,0.09140030206115665,-0.0027684847963444672
-562.9931377298103,0.09763623283997432,0.09268484286553685,0.09268278746151612,-0.0027684073926382284
-563.0443082381498,0.09901470253478956,0.09398644838417355,0.09398431267656407,-0.002768327089049472
-563.0954787464898,0.10040622302259977,0.09530730412496018,0.09530508511048018,-0.0027682437821789628
-563.1466492548293,0.10181027578010154,0.09664761772971821,0.09664531229820543,-0.0027681573651461913
-563.1978197631693,0.10322635002314523,0.09800759691856295,0.09800520184938391,-0.002768067727479919
-563.2489902715088,0.10465394012701705,0.09938744943265053,0.09938496139099715,-0.0027679747550055775
-563.3001607798483,0.10609255852502873,0.10078738297598305,0.1007847985090535,-0.0027678783297294144
-563.3513312881882,0.10754172280992783,0.10220760515597532,0.10220492068903568,-0.0027677783297193237
-563.4025017965278,0.10900097379192325,0.10364832342290371,0.10364553525522702,-0.002767674628982266
-563.4536723048677,0.11046986775953149,0.1051097450083727,0.10510684930905193,-0.002767567097338188
-563.5048428132072,0.11194798937816622,0.10659207686248566,0.10658906966611706,-0.0027674556002903654
-563.5560133215467,0.11343493879154867,0.10809552559011008,0.10809240279234318,-0.002767339998892061
-563.6071838298867,0.11493035483916904,0.10962029738592177,0.10961705473887223,-0.002767220149609423
-563.6583543382262,0.11643388667938914,0.1111665979683619,0.11116323107588345,-0.0027670959041805232
-563.7095248465662,0.11794522990549358,0.11273463251265355,0.11273113682546501,-0.0027669671094704244
-563.7606953549057,0.1194641084876641,0.11432460558254506,0.1143209763932083,-0.00276683360732221
-563.8118658632457,0.12099027477297966,0.11593672106121654,0.1159329534989614,-0.0027666952344038358
-563.8630363715852,0.12252352238400607,0.11757118208091237,0.11756727110630415,-0.0027665518220507434
-563.9142068799247,0.12406367847964221,0.1192281909517491,0.11922413135119422,-0.0027664031961040915
-563.9653773882646,0.12561061923342753,0.12090794908935486,0.12090373546944043,-0.0027662491767445276
-564.0165478966042,0.1271642569349525,0.12261065694148995,0.12260628372315238,-0.0027660895783213836
-564.0677184049441,0.1287245399898586,0.124336513913817,0.12433197532633519,-0.002765924209177163
-564.1188889132836,0.13029146065899205,0.12608571829445642,0.1260810083692647,-0.0027657528714672528
-564.1700594216231,0.13186507053671134,0.1278584671777959,0.12785357974211162,-0.0027655753609746874
-564.2212299299631,0.1334454418551185,0.1296549563871882,0.12964988505744915,-0.002765391466919899
-564.2724004383026,0.13503271133926364,0.13147538039670253,0.13147011857180887,-0.0027652009717653056
-564.3235709466426,0.1366270569896838,0.1333199322521089,0.13331447310646455,-0.0027650036510146114
-564.3747414549821,0.13822869292296694,0.1351888034907107,0.13518313996705844,-0.002764799273006723
-564.425911963322,0.13983789516893128,0.13708218406054612,0.13707630886259128,-0.002764587598704116
-564.4770824716616,0.141454978453164,0.1390002622384506,0.1389941678232672,-0.002764368381475565
-564.5282529800011,0.14308030135645697,0.14094322454751493,0.14093690311772902,-0.0027641413668730622
-564.579423488341,0.14471426889452482,0.14291125567354193,0.1429046991692858,-0.0027639062924028268
-564.6305939966805,0.1463573454165945,0.14490453838068473,0.144897738471316,-0.0027636628872902552
-564.6817645050205,0.1480100159096364,0.1469232534264677,0.1469162015020474,-0.002763410872238655
-564.73293501336,0.14967282985356903,0.14896757947577313,0.14896026663829584,-0.0027631499591816632
-564.7841055216995,0.15134636768492604,0.15103769301434508,0.15103011006871528,-0.0027628798510291558
-564.8352760300395,0.15303125627516387,0.15313376826139077,0.15312590570613835,-0.0027626002414065398
-564.886446538379,0.15472816635094358,0.15525597708147737,0.15524782509920568,-0.002762310814387272
-564.937617046719,0.15643780217525943,0.15740448889594036,0.15739603734349983,-0.002762011244218421
-564.9887875550585,0.15816090412715655,0.15957947059335872,0.15957070899173895,-0.0027617011950391763
-565.039958063398,0.15989825644088493,0.16178108643969102,0.16177200396362415,-0.0027613803205920814
-565.091128571738,0.16165067430730962,0.1640094979876227,0.16400008345489064,-0.0027610482639268876
-565.1422990800775,0.16341899613475702,0.16626486398533993,0.16625510584577782,-0.002760704657096845
-565.1934695884174,0.1652041067664763,0.16854734028496013,0.1685372266091484,-0.0027603491208472355
-565.2446400967569,0.16700690136458823,0.17085707975014924,0.17084659821778633,-0.0027599812642960524
-565.2958106050969,0.16882831378698257,0.17319423216357788,0.17318337005152548,-0.0027596006846065642
-565.3469811134364,0.17066929594957456,0.17555894413359538,0.1755476883035881,-0.0027592069666516903
-565.3981516217759,0.17253082040602283,0.1779513590007897,0.17793969588680064,-0.0027587996826699073
-565.4493221301159,0.17441388034772948,0.1803716167439481,0.18035953233920174,-0.0027583783919125993
-565.5004926384554,0.17631947928496824,0.18281985388565197,0.18280733372927563,-0.0027579426402826314
-565.5516631467954,0.17824864136575633,0.18529620339775912,0.18528323256106408,-0.0027574919599639225
-565.6028336551349,0.1802023958975468,0.18780079460626473,0.1877873576786477,-0.0027570258690419345
-565.6540041634744,0.1821817799269465,0.19033375309622677,0.19031983417068257,-0.0027565438711147612
-565.7051746718143,0.18418783565999813,0.19289520061624277,0.19288078327447852,-0.0027560454548947303
-565.7563451801539,0.18622161562161604,0.19548525498272765,0.19547032227986896,-0.002755530093800281
-565.8075156884938,0.18828415685840713,0.19810402998426005,0.19808856443313896,-0.0027549972455378747
-565.8586861968333,0.19037650157641403,0.20075163528545914,0.20073561884047403,-0.002754446351673852
-565.9098567051733,0.1924996945613974,0.20342817633114188,0.2034115903716788,-0.002753876837195885
-565.9610272135128,0.19465474964250268,0.20613375425005168,0.2061165795634567,-0.0027532881100639727
-566.0121977218523,0.19684269096774712,0.20886846575892432,0.20885068252301597,-0.002752679560750621
-566.0633682301923,0.1990645143082507,0.2116324030663361,0.21161399083144725,-0.002752050561770114
-566.1145387385318,0.20132121027569755,0.2144256537766041,0.21440659144714178,-0.0027514004671966193
-566.1657092468718,0.20361373852515668,0.21724830079402746,0.21722856660953935,-0.0027507286121708427
-566.2168797552113,0.2059430483928254,0.22010042222688814,0.22007999374262435,-0.0027500343123951676
-566.2680502635508,0.20831005309885003,0.22298209129199506,0.22296094535895297,-0.0027493168636168633
-566.3192207718907,0.2107156555445052,0.2258933762191862,0.22587148896362655,-0.002748575541099299
-566.3703912802303,0.21316071477586068,0.22883434015607157,0.22881168695849347,-0.0027478095990808716
-566.4215617885702,0.21564606920124296,0.23180504107332134,0.2317815965468837,-0.002747018270221342
-566.4727322969097,0.21817252111292745,0.2348055316698862,0.23478126963826276,-0.00274620076503552
-566.5239028052492,0.22074083926685656,0.23783585927897197,0.23781075275362687,-0.002745356271313854
-566.5750733135892,0.22335175888263956,0.24089606577415426,0.24087008693102516,-0.0027444839535298534
-566.6262438219287,0.22600597132468103,0.24398618747592715,0.24395930763150223,-0.002743582952234042
-566.6774143302687,0.22870413442105247,0.2471062550590053,0.24707844464578044,-0.0027426523834341117
-566.7285848386082,0.23144687246349235,0.25025629345973316,0.25022752200103543,-0.0027416913379612216
-566.7797553469481,0.23423474783050882,0.25343632178449327,0.25340655786865623,-0.0027406988808219537
-566.8309258552877,0.23706830226286665,0.2566463532182645,0.25661556447214146,-0.0027396740505359236
-566.8820963636272,0.2399480207475362,0.25988639493423726,0.25985454799603686,-0.002738615858458539
-566.9332668719671,0.24287435215543687,0.2631564480038218,0.2631235084952517,-0.0027375232880888505
-566.9844373803066,0.24584769118341154,0.26645650730736475,0.26642243980506797,-0.0027363952943621666
-567.0356078886466,0.24886839899197005,0.26978656144590923,0.26975132945217734,-0.0027352308029270547
-567.0867783969861,0.25193678772698164,0.2731465926533069,0.27311015856605464,-0.0027340287094067164
-567.1379489053256,0.25505311536023906,0.2765365767095977,0.2764989017915829,-0.0027327878786441648
-567.1891194136656,0.258217603747484,0.279956482854963,0.27991752720223523,-0.0027315071439311923
-567.2402899220051,0.2614304283095356,0.2834062737045761,0.2833659962141379,-0.002730185306220754
-567.2914604303451,0.26469171803229025,0.2868859051646996,0.286844263501363,-0.002728821133322379
-567.3426309386846,0.2680015528870036,0.2903953263493013,0.290352276911723,-0.002727413359080613
-567.3938014470245,0.2713599767288805,0.29393447949817747,0.29388997738405437,-0.0027259606825358615
-567.444971955364,0.2747669818187672,0.29750329989562807,0.29745729886603683,-0.002724461767067728
-567.4961424637036,0.27822252688117677,0.3011017157906874,0.30105416823354864,-0.0027229152395201856
-567.5473129720435,0.2817265216259818,0.3047296483181626,0.3046805052108123,-0.0027213196893086165
-567.598483480383,0.2852788344875679,0.30838701142082225,0.3083362222916716,-0.002719673667508305
-567.649653988723,0.2888793003639879,0.31207371177309884,0.3120212246623638,-0.002717975685923954
-567.7008244970625,0.29252771287780743,0.3157896487055268,0.3157354101250081,-0.0027162242161402925
-567.751995005402,0.29622382437610556,0.31953471413092593,0.31947866902282,-0.002714417688553046
-567.803165513742,0.29996735882906395,0.32330879247154526,0.3232508841662666,-0.002712554491380351
-567.8543360220815,0.3037580040908135,0.3271117605875217,0.3270519307605169,-0.0027106329696541726
-567.9055065304215,0.3075954170588698,0.3309434877070262,0.3308816763345585,-0.002708651424191262
-567.956677038761,0.31147921335526163,0.3348038353572832,0.334739980671168,-0.002706608110543778
-568.0078475471009,0.3154089879642744,0.3386926572975421,0.3386266957388119,-0.002704501237928745
-568.0590180554404,0.31938431523245014,0.3426097994529403,0.34254166562441796,-0.0027023289681366133
-568.11018856378,0.3234047282308439,0.34655509985034577,0.34648472646810485,-0.002700089414418064
-568.1613590721199,0.32746974713192123,0.35052838855534924,0.3504557063990395,-0.0026977806403492145
-568.2125295804594,0.3315788688906862,0.35452948761076986,0.35445442547278566,-0.0026954006586747646
-568.2637000887994,0.3357315595055279,0.3585582109770581,0.3584806956105277,-0.0026929474301285454
-568.3148705971389,0.3399272901342712,0.3626143644737352,0.36253432053930795,-0.002690418862231713
-568.3660411054784,0.34416548292010035,0.36669774572295766,0.36661509573436635,-0.0026878128080676422
-568.4172116138184,0.3484455703250713,0.3708081440943384,0.37072280836271315,-0.0026851270650337556
-568.4683821221579,0.3527669667532145,0.374945340651399,0.3748572372283098,-0.0026823593735697967
-568.5195526304979,0.35712906339109907,0.37910910810004445,0.37901815271924744,-0.002679507415861977
-568.5707231388374,0.36153125916444795,0.3832992107381624,0.38320531675602676,-0.002676568814523321
-568.6218936471769,0.36597292204236886,0.3875154044074695,0.3874184827420597,-0.0026735411312491697
-568.6730641555168,0.3704534406317131,0.39175743644670014,0.39165739551548934,-0.0026704218654481607
-568.7242346638564,0.37497217516243453,0.39602504564652063,0.3959217913027098,-0.0026672084528481673
-568.7754051721963,0.379528493603641,0.40031796220656496,0.40021139767398256,-0.0026638982640765905
-568.8265756805358,0.38412176134472237,0.4046359076936636,0.40452593350022004,-0.0026604886032154306
-568.8777461888758,0.3887513360359146,0.4089785950024531,0.4088651089121241,-0.0026569767063299543
-568.9289166972153,0.39341658048688977,0.4133457283171603,0.41322862526047294,-0.0026533597399716054
-568.9800872055548,0.3981168600870376,0.41773700307576206,0.41761617507875703,-0.0026496347996539413
-569.0312577138948,0.4028515324865942,0.4221521059355695,0.4220274420472126,-0.0026457989083020694
-569.0824282222343,0.4076199708141033,0.4265907147406303,0.4264621009586464,-0.002641849014675017
-569.1335987305742,0.4124215404589545,0.43105249849135374,0.43091981768645515,-0.0026377819917603844
-569.1847692389138,0.4172556274482813,0.435537117315384,0.43540024915386694,-0.0026335946351418744
-569.2359397472533,0.42212159717147346,0.44004422244091396,0.4399030433055934,-0.0026292836613383747
-569.2871102555932,0.42701884081510005,0.44457345617145727,0.4444278390809135,-0.002624845706115203
-569.3382807639327,0.4319467469860124,0.4491244518624789,0.44897426638858684,-0.002620277322766911
-569.3894512722727,0.43690470945049736,0.4536968339002957,0.4535419460840077,-0.0026155749803709735
-569.4406217806122,0.4418921322937139,0.45829021768224515,0.45813048994759925,-0.0026107350620130903
-569.4917922889522,0.4469084144413848,0.4629042095993801,0.46273950066570374,-0.0026057538629825996
-569.5429627972917,0.45195297287725844,0.46753840702039395,0.46736857181267405,-0.002600627588939079
-569.5941333056312,0.4570252220053654,0.4721923982780465,0.4720172878354361,-0.0025953523540485643
-569.6453038139712,0.46212458396888983,0.47686576265707115,0.4766852240395024,-0.0025899241790902296
-569.6964743223107,0.4672504757515802,0.48155807038397347,0.4813719465768474,-0.002584338989532876
-569.7476448306506,0.47240233497492823,0.4862688826191453,0.4860770124360668,-0.002578592613580494
-569.7988153389902,0.47757958120240035,0.49099775145025476,0.4907999694337837,-0.002572680780187898
-569.8499858473297,0.48278165721492416,0.4957442198881687,0.49554035620855447,-0.002566599117044732
-569.9011563556696,0.4880079851556839,0.5005078218643682,0.500297702216238,-0.0025603431485288776
-569.9523268640091,0.49325800522588936,0.5052880822302723,0.505071527727242,-0.0025539082936285994
-570.0034973723491,0.4985311498875965,0.5100845167589084,0.5098613438260821,-0.002547289863832621
-570.0546678806886,0.5038268387042717,0.5148966321478666,0.514666652412197,-0.00254048306098938
-570.1058383890281,0.5091445041379707,0.5197239260248233,0.5194869462032979,-0.0025334829751335387
-570.1570088973681,0.514483568331878,0.5245658869545761,0.5243217087401981,-0.0025262845822810456
-570.2081794057076,0.5198434353711523,0.5294219944480183,0.5291704143935514,-0.0025188827421920115
-570.2593499140476,0.5252235248192598,0.5342917189735017,0.5340325283729433,-0.0025112721961005804
-570.3105204223871,0.5306232175438981,0.5391745219695112,0.5389075067372655,-0.0025034475644132668
-570.361690930727,0.5360419150505078,0.544069855860009,0.5437947964077237,-0.0024954033443735798
-570.4128614390665,0.5414789853081968,0.5489771640710718,0.5486938351821078,-0.0024871339076949733
-570.464031947406,0.5469337885469192,0.5538958810501831,0.5536040517516839,-0.0024786334981598468
-570.515202455746,0.5524056746777571,0.5588254322871105,0.5585248657196378,-0.002469896229186249
-570.5663729640855,0.5578939678146136,0.5637652343368214,0.5634556876215239,-0.002460916081361529
-570.6175434724255,0.5633979869119559,0.5687146948448956,0.5683959189481786,-0.002451686899942004
-570.668713980765,0.5689170148082,0.5736732125743691,0.5733449521700307,-0.002442202392320571
-570.7198844891045,0.5744503317620443,0.5786401774353425,0.5783021707641433,-0.002432456125459787
-570.7710549974445,0.5799971870755719,0.5836149705162964,0.5832669492429299,-0.0024224415232923986
-570.822225505784,0.5855568016739686,0.588596964117577,0.5882386531850066,-0.002412151864088504
-570.873396014124,0.5911283810041129,0.5935855217875354,0.5932166392686649,-0.0024015802777883934
-570.9245665224635,0.5967111021359858,0.5985799983602546,0.5982002553068989,-0.0023907197433033116
-570.9757370308034,0.6023041060235176,0.6035797399962783,0.6031888402854007,-0.0023795630857813195
-571.0269075391429,0.6079065207220486,0.6085840842249736,0.6081817244021559,-0.0023681029738412645
-571.0780780474824,0.6135174355911506,0.6135923599899538,0.6131782291100667,-0.0023563319167719237
-571.1292485558224,0.61913590903378,0.6186038876965071,0.6181776671615469,-0.002344242261698796
-571.1804190641619,0.62476097881515,0.6236179792615381,0.6231793426555968,-0.002331826190717687
-571.2315895725019,0.6303916440047046,0.6286339381665336,0.6281825510878686,-0.0023190757179940265
-571.2827600808414,0.6360268675558369,0.6336510595125081,0.6331865794026799,-0.002305982686830754
-571.3339305891809,0.641665586624761,0.6386686300783472,0.6381907060483898,-0.0022925387667015688
-571.3851010975209,0.6473067048313577,0.6436859283815121,0.6431942010351056,-0.0022787354502524695
-571.4362716058604,0.6529490974186104,0.6487022247416415,0.6481963259952532,-0.002264564050270675
-571.4874421142003,0.6585915983540162,0.6537167813475907,0.6531963342475515,-0.0022500156966197824
-571.5386126225399,0.6642330080687385,0.6587288523268926,0.6581934708633781,-0.0022350813331444928
-571.5897831308798,0.66987210377648,0.6637376838191288,0.663186972737011,-0.0022197517145411696
-571.6409536392193,0.675507626574892,0.668742514051899,0.6681760686584387,-0.002204017403198623
-571.6921241475588,0.6811382840252928,0.6737425734208872,0.6731599793902334,-0.0021878687660052414
-571.7432946558988,0.6867627501526677,0.6787370845730382,0.6781379177475053,-0.0021712959711261055
-571.7944651642383,0.6923796680253869,0.6837252624934237,0.6831090886815138,-0.002154288984749074
-571.8456356725783,0.697987665233513,0.6887063145963805,0.6880726893675202,-0.0021368375677986167
-571.8968061809178,0.7035853203524679,0.6936794408199586,0.6930279092959211,-0.0021189312726214555
-571.9479766892573,0.7091711964793661,0.6986438337251628,0.6979739303681437,-0.002100559439639848
-571.9991471975973,0.7147438309141426,0.7035986785990421,0.7029099269963599,-0.00208171119397669
-572.0503177059368,0.7203017274203997,0.708543153562237,0.7078350662076294,-0.0020623754420513937
-572.1014882142767,0.7258433794428676,0.7134764296816004,0.7127485077530866,-0.002042540868145193
-572.1526587226163,0.7313672365710719,0.7183976710869735,0.7176494042212551,-0.002022195930940586
-572.2038292309558,0.7368717535539742,0.7233060350936231,0.7225369011569944,-0.0020013288600302273
-572.2549997392957,0.7423553516042027,0.7282006723294387,0.7274101371851799,-0.0019799276524001125
-572.3061702476352,0.7478164416155143,0.7330807268675311,0.7322682441397581,-0.0019579800688859206
-572.3573407559752,0.7532534138439221,0.7379453363648747,0.7371103471988167,-0.0019354736306010627
-572.4085112643147,0.7586646508062856,0.7427936322061197,0.7419355650248026,-0.0019123956153418388
-572.4596817726547,0.7640485221208748,0.74762473965414,0.7467430099114453,-0.001888733053964256
-572.5108522809942,0.7694033896668057,0.7524377780061555,0.7515317879362361,-0.0018644727267395377
-572.5620227893337,0.7747276101637585,0.7572318607570001,0.7563009991200238,-0.001839601159682655
-572.6131932976737,0.7800195351719774,0.7620060957686867,0.7610497375928875,-0.0018141046208597195
-572.6643638060132,0.7852775214111428,0.766759585446947,0.7657770917669611,-0.0017879691166730071
-572.7155343143531,0.7904999127023453,0.7714914269254038,0.7704821445168668,-0.0017611803881219413
-572.7667048226926,0.795685070924701,0.7762007122565638,0.7751639733669514,-0.0017337239070465973
-572.8178753310322,0.8008313579573257,0.7808865286111474,0.779821650686836,-0.0017055848723475544
-572.8690458393721,0.8059371408387715,0.7855479584849406,0.7844542438944705,-0.001676748206188788
-572.9202163477116,0.811000804665616,0.7901840799138538,0.7890608156673771,-0.001647198550182242
-572.9713868560516,0.8160207345344362,0.7947939666978319,0.7936404241627252,-0.0016169202615522761
-573.0225573643911,0.8209953542375789,0.7993766886328421,0.7981921232454705,-0.0015858974092874218
-573.0737278727311,0.8259230772485182,0.8039313117524507,0.802714962726064,-0.0015541137702722778
-573.1248983810706,0.8308023583162161,0.8084568985779252,0.8072079886066754,-0.0015215528254091326
-573.1760688894101,0.8356316676679412,0.812952508378355,0.8116702433374179,-0.0014881977557218197
-573.22723939775,0.840409501328142,0.8174171974400112,0.816100766081802,-0.0014540314384498447
-573.2784099060896,0.845134383698164,0.8218500193455771,0.8204985929920493,-0.0014190364431311978
-573.3295804144295,0.8498048623968139,0.8262500252638548,0.8248627574948677,-0.0013831950276718043
-573.380750922769,0.8544195185792317,0.8306162642491691,0.8291922905869207,-0.001346489134410482
-573.4319214311085,0.8589769746760442,0.8349477835518428,0.8334862211413552,-0.0013089003861712744
-573.4830919394485,0.8634758711759035,0.8392436289389474,0.8377435762246007,-0.0012704100823122636
-573.534262447788,0.8679149079009744,0.8435028450258928,0.841963381424003,-0.0012309991947691027
-573.585432956128,0.8722928001517287,0.8477244756193859,0.846144661186818,-0.001190648364090992
-573.6366034644675,0.8766083174027153,0.8519075640709478,0.850286439169768,-0.00114933789547913
-573.687773972807,0.8808602652445335,0.8560511536422393,0.8543877386003988,-0.0011070477548185298
-573.738944481147,0.88504749054327,0.8601542878813534,0.8584475826494078,-0.0010637575647134013
-573.7901149894865,0.8891688865999339,0.8642160110105331,0.8624649948143984,-0.0010194466005242439
-573.8412854978264,0.8932233905707389,0.8682353683257243,0.8664389993154694,-0.0009740937864040266
-573.892456006166,0.8972099808873858,0.8722114066070877,0.8703686215017735,-0.0009276776913448011
-573.9436265145059,0.9011276927353699,0.8761431745415873,0.8742528882701524,-0.0008801765252240625
-573.9947970228454,0.9049755948365191,0.8800297231564902,0.8780908284946967,-0.000831568134865378
-574.0459675311849,0.9087528049273025,0.8838701062648142,0.8818814734682574,-0.0007818300001021542
-574.0971380395249,0.912458505237137,0.8876633809217572,0.8856238573549549,-0.0007309392298566371
-574.1483085478644,0.9160919063723367,0.8914086078923508,0.8893170176539237,-0.0006788725582318783
-574.1994790562044,0.9196522679538565,0.8951048521305056,0.8929599956744604,-0.0006256063406136917
-574.2506495645439,0.9231389089361636,0.898751183268429,0.8965518370215658,-0.0005711165497958347
-574.3018200728834,0.9265511895492118,0.9023466761171814,0.9000915920926389,-0.0005153787721164324
-574.3529905812234,0.9298885112984422,0.9058904111772846,0.9035783165842448,-0.00045836820361912743
-574.4041610895629,0.9331503324430899,0.9093814751594121,0.9070110720089897,-0.00040005964623644405
-574.4553315979028,0.9363361525178769,0.912818961515125,0.910388926222458,-0.00034042750399197784
-574.5065021062424,0.9394455071735764,0.916201970976489,0.9137109539590663,-0.00027944577923627893
-574.5576726145823,0.9424779965539096,0.9195296121051061,0.9169762373773495,-0.0002170880689023177
-574.6088431229218,0.945433244020059,0.9228010018491158,0.9201838666132566,-0.0001533275607996645
-574.6600136312613,0.9483109296870018,0.9260152661085874,0.9233329403418611,-8.813702993263825e-05
-574.7111841396013,0.9511107646263299,0.929171540308003,0.9264225663462023,-2.1488834858296706e-05
-574.7623546479408,0.9538325063445583,0.9322689699755425,0.9294518620929648,4.664508591880386e-05
-574.8135251562808,0.9564759433048168,0.9353067113287985,0.9324199553146204,0.00011629321751910034
-574.8646956646203,0.9590409104051582,0.9382839318655483,0.9353259845966789,0.00018748447221036057
-574.9158661729598,0.9615272683408141,0.9411998109596842,0.9381690999701293,0.00026024819289587314
-574.9670366812998,0.9639349216622216,0.9440535404608541,0.9409484635076444,0.0003346141565507624
-575.0182071896393,0.9662637929778427,0.9468443252972913,0.9436632499230224,0.0004106125776099658
-575.0693776979792,0.9685138539107802,0.9495713840812285,0.9463126471732572,0.0004882741113123499
-575.1205482063187,0.9706850889827264,0.9522339497153928,0.9488958570617521,0.0005676298569817781
-575.1717187146583,0.9727775136719891,0.9548312700004077,0.9514120958424859,0.0006487113612628531
-575.2228892229982,0.9747911769932087,0.957362608241536,0.9538605948235852,0.0007315506212918063
-575.2740597313377,0.9767261408596156,0.9598272438540368,0.9562406009695714,0.0008161800878064788
-575.3252302396777,0.9785824904019015,0.9622244729663396,0.9585513775014801,0.0009026326682005396
-575.3764007480172,0.980360339127655,0.9645536090194363,0.9607922044932768,0.0009909417295005589
-575.4275712563572,0.9820598082836187,0.9668139833621163,0.9629623794641706,0.0010811411012867024
-575.4787417646967,0.9836810397542788,0.9690049458402682,0.9650612179650796,0.0011732650785296742
-575.5299122730362,0.9852241934821466,0.9711258653797996,0.9670880541587752,0.001267348424365431
-575.5810827813762,0.9866894319894516,0.9731761305615387,0.9690422413920946,0.0013634263727851435
-575.6322532897157,0.9880769435956026,0.9751551501872125,0.9709231527593084,0.0014615346312451725
-575.6834237980556,0.9893869140402902,0.9770623538355291,0.9727301816556669,0.001561709383203155
-575.7345943063951,0.9906195445415129,0.9788971924067862,0.9744627423195715,0.0016639872905556507
-575.7857648147346,0.9917750440564228,0.9806591386553939,0.9761202703627343,0.001768405496000582
-575.8369353230746,0.9928536189624539,0.9823476877087445,0.9777022232867859,0.0018750016252996114
-575.8881058314141,0.9938554859559124,0.9839623575714914,0.9792080809853866,0.001983813789445828
-575.9392763397541,0.9947808694722579,0.985502689614263,0.9806373462308603,0.0020948805867437585
-575.9904468480936,0.9956299836280782,0.9869682490453504,0.9819895451439169,0.002208241104774592
-576.0416173564336,0.9964030580182689,0.9883586253647447,0.9832642276458122,0.002323934922273546
-576.0927878647731,0.9971003119188541,0.9896734327990354,0.9844609678914916,0.0024420021108847857
-576.1439583731126,0.9977219646058573,0.9909123107165677,0.9855793646830869,0.002562483236821842
-576.1951288814525,0.9982682482538922,0.9920749240215493,0.9866190418624852,0.0026854193624051095
-576.2462993897921,0.9987393769795465,0.9931609635263113,0.9875796486821695,0.0028108520474828523
-576.297469898132,0.9991355674791265,0.9941701463009077,0.9884608601535045,0.002938823350744192
-576.3486404064715,0.9994570390286557,0.9951022159989521,0.9892623773714002,0.003069375830892947
-576.399810914811,0.9997040057447223,0.9959569431591822,0.9899839278148106,0.0032025525477126413
-576.450981423151,0.999876684323632,0.9967341254817627,0.9906252656221124,0.003338397062991346
-576.5021519314905,0.9999752734036654,0.9974335880787435,0.9911861718407706,0.0034769534413138146
-576.5533224398305,1.0,0.998055183698092,0.9916664546507027,0.003618266250730358
-576.60449294817,0.9999510524320445,0.9985987929205709,0.9920659495606435,0.0037623805632684454
-576.65566345651,0.9998286499758229,0.9990643243291453,0.9923845195771644,0.003909341955321957
-576.7068339648495,0.9996329938493334,0.9994517146503106,0.9926220553457771,0.004059196507874603
-576.758004473189,0.9993642852705742,0.9997609288671245,0.992778475263872,0.004211990806593704
-576.8091749815289,0.9990227383561335,0.9999919603035343,0.9928537255651166,0.004367771941758785
-576.8603454898685,0.9986085672225993,1.0001448306798373,0.9928477803751444,0.004526587508033935
-576.9115159982084,0.998121967928534,1.0002195901391286,0.9927606417383745,0.004688485604095098
-576.9626865065479,0.997563172648551,1.0002163172446268,0.992592339615894,0.004853514832073774
-577.0138570148874,0.9969323980789563,1.0001351189479164,0.9923429318544013,0.00502172429685608
-577.0650275232274,0.9962298738146455,0.9999761305281598,0.9920125041263026,0.005193163605198222
-577.1161980315669,0.9954558346099498,0.9997395155024518,0.9916011698411241,0.0053678828646687125
-577.1673685399069,0.9946105281177904,0.9994254655075083,0.9911090700284197,0.005545932682429708
-577.2185390482464,0.9936942148896778,0.9990342001530417,0.9905363731925672,0.00572736416381564
-577.2697095565859,0.992707155477123,0.9985659668471196,0.9898832751397084,0.005912228910752144
-577.3208800649259,0.9916496413882515,0.9980210405940129,0.9891499987773811,0.006100579019972898
-577.3720505732654,0.9905219641311892,0.9973997237650236,0.9883367938873185,0.006292467081046006
-577.4232210816053,0.9893244487503949,0.9967023458427979,0.987443936871915,0.006487946174223986
-577.4743915899448,0.9880574228700456,0.9959292631398986,0.986471730475168,0.006687069868071639
-577.5255620982848,0.9867212399114971,0.9950808584921473,0.985420503478567,0.006889892216921311
-577.5767326066243,0.9853162765135669,0.9941575409276959,0.9842906103729403,0.007096467758096669
-577.6279031149638,0.9838429351122517,0.9931597453124129,0.9830824310067977,0.0073068515089562466
-577.6790736233038,0.9823016387812917,0.992087931972619,0.9817963702122511,0.007521098963708997
-577.7302441316433,0.9806928389713241,0.9909425862960114,0.9804328574093366,0.007739266090015814
-577.7814146399833,0.9790170129301654,0.989724218311607,0.9789923461895547,0.007961409325393352
-577.8325851483228,0.9772746662825295,0.9884333622499337,0.9774753138799059,0.008187585573368862
-577.8837556566623,0.975466343348899,0.9870705760841774,0.9758822610880775,0.00841785219944089
-577.9349261650023,0.973592611667218,0.985636441053587,0.9742137112301342,0.008652267026793843
-577.9860966733418,0.9716540723117637,0.9841315611701161,0.9724702100416751,0.008890888331782065
-578.0372671816817,0.9696513650525819,0.9825565627092436,0.9706523250733827,0.009133774839201976
-578.0884376900212,0.9675851657757697,0.9809120936864137,0.9687606451724583,0.009380985717296442
-578.1396081983612,0.9654561761646033,0.9791988233197922,0.9667957799505792,0.009632580572554113
-578.1907787067007,0.9632651494967177,0.9774174414809222,0.9647583592400317,0.009888619444231587
-578.2419492150402,0.961012859687491,0.9755686581339494,0.9626490325386272,0.010149162798663274
-578.2931197233802,0.9587001322466598,0.9736532027649298,0.9604684684449699,0.010414271523300937
-578.3442902317197,0.9563278262202943,0.9716718238022,0.9582173540850399,0.01068400692050108
-578.3954607400597,0.9538968393502331,0.969625288028753,0.9558963945310119,0.010958430701082109
-578.4466312483992,0.9514081029146478,0.9675143799881591,0.9535063122139116,0.011237604977588606
-578.4978017567387,0.948862604945505,0.9653399013845988,0.951047846330608,0.011521592257331853
-578.5489722650786,0.9462613437936424,0.9631026704785284,0.9485217522467256,0.011810455435143773
-578.6001427734182,0.9436053771434102,0.9608035214788634,0.9459288008963397,0.01210425778586474
-578.6513132817581,0.9408957936357739,0.9584433039324979,0.9432697781792494,0.01240306295658953
-578.7024837900976,0.9381337283466217,0.9560228821126676,0.9405454843574048,0.012706934958603791
-578.7536542984371,0.935320329250431,0.9535431344065166,0.9377567334507708,0.013015938159086835
-578.8048248067771,0.932456803655192,0.9510049527033255,0.9349043526341536,0.013330137272512924
-578.8559953151166,0.929544387245792,0.9484092417841089,0.9319891816356761,0.013649597351773776
-578.9071658234566,0.9265843363448616,0.945756918713214,0.9290120721375056,0.013974383779049405
-578.9583363317961,0.9235779614491081,0.943048912233331,0.9259738871803178,0.014304562256354174
-579.009506840136,0.9205265730552383,0.9402861621639855,0.9228755005714824,0.01464019879584419
-579.0606773484756,0.9174315384137541,0.9374696188050289,0.9197177962985783,0.014981359709791638
-579.1118478568151,0.9142942454129004,0.9346002423450894,0.9165016679481155,0.01532811160031496
-579.163018365155,0.9111160871003579,0.9316790022762648,0.9132280181308169,0.01568052134878889
-579.2141888734945,0.9078985106978839,0.9287068768154488,0.9098977579138283,0.016038656104961545
-579.2653593818345,0.9046429582678,0.9256848523326109,0.9065118062601427,0.01640258327580926
-579.316529890174,0.9013508976696066,0.9226139227872228,0.9030710894765156,0.01677237051404822
-579.3677003985135,0.8980238174005483,0.9194950891725484,0.8995765406694924,0.017148085706396966
-579.4188709068535,0.8946632214361765,0.9163293589689138,0.8960290992107464,0.017529796961508408
-579.470041415193,0.8912706163317609,0.9131177456061187,0.8924297102118588,0.017917572597600902
-579.521211923533,0.8878475189614428,0.9098612679350722,0.8887793240085907,0.01831148112982253
-579.5723824318725,0.8843954590979531,0.9065609497096966,0.8850788956557759,0.01871159125726169
-579.6235529402124,0.8809159613545872,0.9032178190785103,0.8813293844321416,0.019117971849709783
-579.674723448552,0.8774105555040759,0.8998329080870698,0.8775317533563476,0.019530691934063316
-579.7258939568915,0.8738807635799963,0.8964072521905824,0.8736869687134488,0.019949820680474607
-579.7770644652314,0.8703281076159258,0.892941889777606,0.8697959995927862,0.02037542738816092
-579.8282349735709,0.8667540993265698,0.8894378617046982,0.8658598174371328,0.020807581470906375
-579.8794054819109,0.863160240107762,0.8858962108418051,0.861879395602851,0.021246352442295245
-579.9305759902504,0.8595480158770288,0.8823179816292521,0.8578557089320124,0.02169180990058078
-579.9817464985899,0.8559188944938707,0.8787042196454464,0.8537897333354827,0.022144023513304783
-580.0329170069299,0.852274325759763,0.8750559711860983,0.8496824453878683,0.022603063001571062
-580.0840875152694,0.8486157362587197,0.8713742828546424,0.8455348219339728,0.023068998124010573
-580.1352580236094,0.844944534516729,0.8676602011634947,0.8413478397063552,0.023541898660480547
-580.1864285319489,0.8412620877842927,0.8639147721469052,0.8371224749548511,0.024021834395395042
-580.2375990402888,0.8375697452538865,0.8601390409843056,0.8328597030868308,0.024508875100815845
-580.2887695486284,0.8338688122627821,0.8563340516351102,0.8285604983192814,0.025003090519169918
-580.3399400569679,0.8301605760902249,0.8525008464838149,0.82422583334143,0.025504550345725886
-580.3911105653078,0.8264462672616666,0.8486404659960872,0.8198566789887045,0.026013324210723752
-580.4422810736473,0.8227270853459433,0.8447539483853688,0.8154540039275098,0.02652948166120008
-580.4934515819873,0.8190041937958403,0.8408423292894578,0.8110187743502415,0.027053092142557283
-580.5446220903268,0.8152786967306306,0.8369066414577607,0.8065519536813387,0.027584224979763112
-580.5957925986663,0.8115516776318437,0.832947914447973,0.8020545022929932,0.02812294935832076
-580.6469631070063,0.8078241529083431,0.8289671743328478,0.797527377231294,0.028669334304894892
-580.6981336153458,0.8040970925340694,0.8249654434164992,0.7929715319521993,0.029223448667640997
-580.7493041236858,0.8003714277871943,0.8209437399596494,0.7883879160667007,0.029785361096289764
-580.8004746320253,0.7966480331920955,0.8169030779144818,0.7837774750959566,0.03035514002186624
-580.8516451403648,0.7929277265193558,0.8128444666677992,0.7791411502349465,0.030932853636193823
-580.9028156487047,0.7892112868437894,0.8087689107931316,0.774479878125411,0.0315185698710617
-580.9539861570443,0.7854994287472622,0.8046774098112043,0.7697945906374387,0.0321123563771066
-581.0051566653842,0.7817928152172814,0.8005709579581488,0.7650862146590244,0.032714280502465456
-581.0563271737237,0.7780920653861497,0.7964505439621248,0.7603556718943953,0.03332440927107044
-581.1074976820637,0.7743977313135036,0.7923171508269753,0.7556038786695629,0.033942809360753466
-581.1586681904032,0.7707103237834927,0.7881717556238407,0.7508317457461896,0.03456954708099211
-581.2098386987427,0.7670302994061902,0.7840153292893504,0.7460401781422232,0.03520468835046817
-581.2610092070827,0.7633580554581568,0.7798488364310706,0.741230074960105,0.03584829867430666
-581.3121797154222,0.7596939427810309,0.775673235139604,0.7364023292218933,0.03650044312105169
-581.3633502237622,0.7560382683612455,0.7714894768067329,0.7315578277106312,0.037161186299442775
-581.4145207321017,0.7523912824314398,0.7672985059503055,0.7266974508187954,0.037830592334851046
-581.4656912404412,0.7487531810501763,0.7631012600445234,0.721822072402311,0.038508724845553385
-581.5168617487811,0.7451241344788382,0.7588986693563426,0.7169325596409795,0.03919564691870424
-581.5680322571206,0.7415042510655783,0.7546916567873966,0.7120297729046718,0.03989142108606574
-581.6192027654606,0.7378936004627807,0.7504811377208648,0.7071145656246413,0.04059610929956457
-581.6703732738001,0.7342922239459324,0.7462680198740136,0.7021877841708282,0.04130977290652647
-581.7215437821401,0.7307000982975719,0.7420532031550559,0.6972502677336117,0.04203247262478524
-581.7727142904796,0.7271171951408021,0.7378375795253374,0.6923028482112066,0.042764268517471817
-581.8238847988191,0.7235434319246491,0.733622032865507,0.6873463501011632,0.04350521996768487
-581.8750553071591,0.7199786977212422,0.7294074388464314,0.6823815903968824,0.0442553856528901
-581.9262258154986,0.7164228609649672,0.7251946648043107,0.6774093784885366,0.045014823519115184
-581.9773963238385,0.7128757617133125,0.7209845696194599,0.6724305160677839,0.04578359075501704
-582.0285668321781,0.7093372090671513,0.7167780035995388,0.6674457970372218,0.046561743765657956
-582.0797373405176,0.7058070043882034,0.7125758083659602,0.6624560074231008,0.04734933814620042
-582.1309078488575,0.7022849180815731,0.7083788167442727,0.6574619252922559,0.04814642865535789
-582.182078357197,0.6987707257118009,0.7041878526580108,0.6524643206726775,0.04895306918867433
-582.233248865537,0.6952641796259657,0.7000037310255148,0.6474639554771429,0.049769312751713
-582.2844193738765,0.6917650192725567,0.6958272576605353,0.6424615834308939,0.050595211432982526
-582.335589882216,0.6882729944189351,0.6916592291753926,0.6374579500019104,0.051430816376823216
-582.386760390556,0.6847878419338721,0.6875004328875156,0.6324537923347756,0.05227617775608108
-582.4379308988955,0.6813093038455752,0.6833516467288944,0.6274498391875872,0.05313134474464813
-582.4891014072355,0.6778371273416873,0.6792136391579783,0.6224468108713658,0.05399636548995359
-582.540271915575,0.6743710725084413,0.6750871690748674,0.6174454191929832,0.05487128708522519
-582.5914424239149,0.6709109020117878,0.6709729857385662,0.6124463674001422,0.05575615554176497
-582.6426129322545,0.6674564017351389,0.6668718286874094,0.6074503501297492,0.0566510157610012
-582.693783440594,0.6640073575619065,0.6627844276614532,0.602458053358227,0.057555911506567164
-582.7449539489339,0.6605635992307075,0.6587115025276852,0.597470154354807,0.05847088537621921
-582.7961244572734,0.6571249539004407,0.6546537632076306,0.5924873216372912,0.0593959787736804
-582.8472949656134,0.6536912925852096,0.6506119096069399,0.587510214929779,0.06033123188050203
-582.8984654739529,0.6502625043571436,0.6465866315478191,0.5825394851234124,0.06127668362774778
-582.9496359822924,0.6468385169841405,0.6425786087031746,0.5775757742387594,0.06223237166775632
-583.0008064906324,0.6434192788718419,0.6385885105333374,0.5726197153908924,0.06319833234578608
-583.0519769989719,0.6400047719622222,0.6346169962249714,0.5676719327566797,0.06417460067163273
-583.1031475073119,0.6365950272118965,0.6306647146317814,0.5627330415438049,0.06516121029131763
-583.1543180156514,0.6331901039543774,0.626732304217885,0.5578036479625852,0.06615819345864074
-583.2054885239913,0.6297901002189458,0.6228203930027267,0.5528843491991896,0.06716558100687811
-583.2566590323308,0.62639515531037,0.618929598508643,0.5479757333916305,0.06818340232035355
-583.3078295406704,0.6230054575480586,0.6150605277099777,0.5430783796071494,0.06921168530616922
-583.3590000490103,0.6196212262080355,0.6112137769846063,0.5381928578220633,0.07025045636588405
-583.4101705573498,0.6162427373201188,0.6073899320675085,0.5333197289036117,0.07129974036723778
-583.4613410656898,0.61287030045046,0.6035895680060408,0.5284595445933554,0.07235956061602641
-583.5125115740293,0.609504271600133,0.5998132491177601,0.5236128474931935,0.07342993882790765
-583.5636820823688,0.6061450557848523,0.5960615289497697,0.5187801710526833,0.0745108951004275
-583.6148525907088,0.6027931044552554,0.5923349502404387,0.5139620395587342,0.07560244788504554
-583.6660230990483,0.5994489051780305,0.58863404488315,0.5091589681272287,0.07670461395926231
-583.7171936073883,0.5961129996939423,0.5849593338917527,0.5043714626961343,0.07781740839895943
-583.7683641157278,0.5927859684395245,0.5813113273685477,0.49960002002116805,0.07894084455072066
-583.8195346240673,0.5894684253876439,0.5776905244738231,0.4948451276727249,0.08007493400443913
-583.8707051324072,0.5861610490041154,0.574097413397765,0.49010726403512866,0.08121968656597728
-583.9218756407467,0.5828645409722152,0.5705324713344193,0.48538689830777204,0.08237511022998825
-583.9730461490867,0.5795796442507065,0.5669961644573975,0.48068449050772366,0.08354121115301484
-584.0242166574262,0.576307148233275,0.5634889478981265,0.4760004914748454,0.08471799362662209
-584.0753871657662,0.5730478681107859,0.5600112657256738,0.4713353428781195,0.0859054600508953
-584.1265576741057,0.569802657769873,0.5565635509291578,0.4666894772245156,0.08710361090798314
-584.1777281824452,0.5665724072132216,0.5531462254017888,0.4620633178691063,0.0883124447360235
-584.2288986907852,0.5633580270812597,0.5497596999273247,0.45745727902746436,0.08953195810320123
-584.2800691991247,0.560160461550749,0.5464043741686356,0.4528717657899218,0.09076214558205484
-584.3312397074646,0.55698068059563,0.5430806366580939,0.4483071741372802,0.09200299972415464
-584.3824102158042,0.5538196748275871,0.5397888647905426,0.4437638909589903,0.09325451103489317
-584.4335807241437,0.550678447756894,0.5365294248179598,0.4392422940725726,0.09451666794872819
-584.4847512324836,0.5475580364301574,0.533302671846571,0.4347427522452942,0.09578945680461784
-584.5359217408231,0.5444594727345484,0.5301089498361108,0.43026562521768374,0.09707286182176798
-584.5870922491631,0.5413838117746994,0.5269485916009666,0.42581126372848693,0.09836686507582067
-584.6382627575026,0.5383321112349605,0.5238219188139221,0.4213800095420509,0.09967144647521226
-584.6894332658426,0.5353054339591179,0.5207292420116253,0.4169721954768983,0.100986583738068
-584.7406037741821,0.5323048376315218,0.5176708606026895,0.4125881454367522,0.10231225236927825
-584.7917742825216,0.52933139541483,0.5146470628775682,0.4082281744427809,0.10364842563812825
-584.8429447908616,0.526386159833957,0.5116581260208998,0.4038925886680366,0.10499507455620417
-584.8941152992011,0.5234701730949454,0.5087043161260456,0.39958168547368333,0.1063521678557032
-584.945285807541,0.5205844799835558,0.5057858882115625,0.3952957534466213,0.10771967196828214
-584.9964563158806,0.5177300994883697,0.5029030862402755,0.39103507243945906,0.10909755100415743
-585.0476268242201,0.5149080325399428,0.5000561431401582,0.3867999136116682,0.11048576673183104
-585.09879733256,0.5121192671702414,0.49724528082768,0.38259053947286803,0.11188427855815299
-585.1499678408995,0.5093647527154627,0.4944707102333484,0.3784072039278364,0.11329304350885305
-585.2011383492395,0.5066454281929323,0.491732631329205,0.3742501523228653,0.11471201620968076
-585.252308857579,0.5039621836053354,0.4890312331588901,0.3701196214943766,0.11614114886785451
-585.303479365919,0.5013158934770491,0.486366693869508,0.3660158398186281,0.11758039125422087
-585.3546498742585,0.4987073858975282,0.4837391807460699,0.3619390272636774,0.11902969068573356
-585.405820382598,0.4961374554198945,0.48114885024775955,0.3578893954424426,0.12048899200865801
-585.456990890938,0.4936068501623468,0.47859584804661515,0.35386714766776006,0.12195823758219611
-585.5081613992775,0.4911162769675973,0.47608030906837184,0.34987247900904395,0.12343736726266893
-585.5593319076174,0.48866640140287126,0.4736023575352416,0.3459055763501791,0.12492631838840354
-585.610502415957,0.48625783486131746,0.4711621070111772,0.34196661844951104,0.12642502576500722
-585.6616729242965,0.4838911474605979,0.4687596604489421,0.3380557760008462,0.1279334216514369
-585.7128434326364,0.4815668499848622,0.46639511023952873,0.33417321169632436,0.1294514357465454
-585.7640139409759,0.4792854067833373,0.4640685382636845,0.33031908029077767,0.13097899517624786
-585.8151844493159,0.477047217712302,0.4617800159453301,0.32649352866721454,0.13251602448145658
-585.8663549576554,0.47485263877283024,0.45952960430737416,0.32269669590425776,0.13406244560645741
-585.9175254659949,0.4727019692122016,0.45731735402928714,0.31892871334448103,0.13561817788814712
-585.9686959743349,0.47059544894418337,0.45514330550693494,0.3151897046644736,0.13718313804580237
-586.0198664826744,0.4685332456504408,0.45300748891443904,0.3114797859462529,0.13875724017152716
-586.0710369910144,0.46651549605602405,0.45090992426786286,0.307799065749674,0.14034039572152993
-586.1222074993539,0.46454225949444544,0.4488506214911792,0.3041476451866268,0.1419325135078935
-586.1733780076938,0.4626135437048588,0.4468295804839139,0.3005256179959736,0.14353349969128135
-586.2245485160333,0.4607292945131876,0.44484679119103804,0.29693307062023705,0.14514325777414203
-586.2757190243728,0.45888940357127894,0.4429022336745205,0.2933700822830024,0.1467616885948591
-586.3268895327128,0.4570937083569034,0.44099587818697167,0.28983672506780883,0.1483886903225039
-586.3780600410523,0.4553419818548832,0.43912768524716633,0.28633306399816694,0.15002415845234046
-586.4292305493923,0.45363394803540036,0.43729760571726173,0.2828591571183629,0.15166798580223986
-586.4804010577318,0.45196927669455994,0.4355055808821005,0.2794150555757912,0.1533200625096503
-586.5315715660713,0.45034757829495503,0.43375154253007825,0.276000803703851,0.15498027602956826
-586.5827420744113,0.44876841686425584,0.4320354130359577,0.27261643910614186,0.1566485111331569
-586.6339125827508,0.44723131257492793,0.430357105445435,0.2692619927416124,0.15832464990716366
-586.6850830910907,0.44573572626592434,0.42871652356128115,0.2659374890103254,0.16000857175429678
-586.7362535994303,0.4442810775007115,0.42711356203141154,0.2626429458405554,0.1617001533941972
-586.7874241077702,0.44286674714698676,0.42554810643838836,0.25937837477625386,0.16339926886547554
-586.8385946161097,0.44149206447808903,0.4240200333907942,0.2561437810657914,0.16510578952834384
-586.8897651244492,0.4401563303904599,0.42252921061600546,0.25293916375103126,0.16681958406831524
-586.9409356327892,0.43885879934561844,0.4210754970546859,0.24976451575742462,0.1685405185006023
-586.9921061411287,0.4375987025876222,0.41965874295682315,0.24661982398479274,0.17026845617537148
-587.0432766494687,0.43637522234588816,0.41827878997915596,0.24350506939848346,0.1720032577840136
-587.0944471578082,0.43518753569039753,0.4169354712842758,0.24042022712156166,0.17374478136605523
-587.1456176661477,0.43403477067649077,0.41562861164099413,0.2373652665271593,0.17549288231717589
-587.1967881744877,0.4329160502000726,0.41435802752625284,0.2343401513316397,0.1772474133979542
-587.2479586828272,0.43183046104099665,0.4131235272284169,0.23134483968825734,0.1790082247435006
-587.2991291911671,0.4307770848196808,0.41192491095180656,0.22837928428100876,0.18077516387413886
-587.3502996995066,0.4297549876782353,0.4107619709227164,0.22544343241930564,0.1825480757067518
-587.4014702078462,0.4287632177007449,0.4096344914965538,0.2225372261326313,0.18432680256726355
-587.4526407161861,0.4278008203915764,0.4085422492663376,0.21966060226580594,0.18611118420387268
-587.5038112245256,0.42686682835650713,0.4074850131724052,0.2168134925745519,0.18790105780119437
-587.5549817328656,0.42596028452018586,0.406462544613206,0.21399582382107082,0.1896962579954763
-587.6061522412051,0.4250802214883899,0.40547459755738224,0.21120751787022995,0.19149661689049335
-587.6573227495451,0.4242256770263323,0.40452091865681095,0.2084484917855347,0.1933019640746173
-587.7084932578846,0.423395691478944,0.4036012473608653,0.20571865792565228,0.19511212663855404
-587.7596637662241,0.42258932582889946,0.4027153160315829,0.20301792404067828,0.19692692919424568
-587.8108342745641,0.42180563847915514,0.40186285005992545,0.20034619336872733,0.19874619389453915
-587.8620047829036,0.4210437136298468,0.40104356798300017,0.19770336473255895,0.20056974045378226
-587.9131752912435,0.42030263806082807,0.40025718160213913,0.19508933263596978,0.20239738616951042
-587.964345799583,0.41958152950856786,0.39950339610198604,0.19250398736050667,0.20422894594482044
-588.0155163079226,0.4188795211878425,0.3987819101703343,0.18994721506175807,0.20606423231191728
-588.0666868162625,0.4181957669511717,0.39809241611886154,0.1874188978657747,0.20790305545642787
-588.117857324602,0.4175294490279726,0.39743460000464775,0.18491891396534454,0.20974522324264425
-588.169027832942,0.41687977286512345,0.39680814175238616,0.1824471377158695,0.21159054123985768
-588.2201983412815,0.41624598002555363,0.3962127152773999,0.18000343973136665,0.2134388127493743
-588.2713688496215,0.41562733013021796,0.3956479886092488,0.17758768697987162,0.21528983883271824
-588.322539357961,0.41502312149584014,0.39511362401606753,0.1751997428789146,0.217143418340494
-588.3737098663005,0.41443268339575906,0.3946092781294364,0.17283946739036068,0.21899934794241677
-588.4248803746405,0.4138553760599287,0.39413460206987744,0.17050671711512436,0.22085742215809415
-588.47605088298,0.41329059583435407,0.3936892415728855,0.1682013453875045,0.22271743338872207
-588.5272213913199,0.4127377803405269,0.3932728371154222,0.16592320236890776,0.22457917194985552
-588.5783918996594,0.4121963878376825,0.3928850240429393,0.16367213514144316,0.2264424261048372
-588.629562407999,0.4116659255996967,0.3925254326967775,0.16144798780074385,0.22830698209937467
-588.6807329163389,0.41114593443677844,0.3921936885420027,0.15925060154849574,0.23017262419684806
-588.7319034246784,0.4106359886954697,0.3918894122956033,0.15707981478443614,0.23203913471450824
-588.7830739330184,0.41013570141808126,0.3916122200549879,0.15493546319760462,0.23390629406072438
-588.8342444413579,0.40964471660353924,0.39136172342682285,0.15281737985730273,0.23577388077286118
-588.8854149496974,0.4091627195262565,0.39113752965608956,0.15072539530315474,0.23764167155627589
-588.9365854580374,0.4086894315766968,0.39093924175539924,0.14865933763472713,0.23950944132401317
-588.9877559663769,0.4082245973627853,0.3907664586344959,0.14661903260048065,0.2413769632373563
-589.0389264747168,0.40776801050708794,0.39061877522990546,0.14460430368585422,0.2432440087473923
-589.0900969830564,0.4073194930090676,0.390495782634738,0.14261497220091116,0.2451103476371679
-589.1412674913963,0.4068788900856487,0.390397068228562,0.1406508573669614,0.24697574806494169
-589.1924379997358,0.4064460804900886,0.39032221580736165,0.1387117764027108,0.24883997660799193
-589.2436085080753,0.4060209816714137,0.3902708057135088,0.1367975446093647,0.25070279830748515
-589.2947790164153,0.40560352913667574,0.390242414965746,0.1349079754551069,0.2525639767139802
-589.3459495247548,0.4051936816103879,0.39023661738913107,0.13304288065874928,0.2544232739337228
-589.3971200330948,0.4047914261939605,0.39025298374491757,0.13120207027237255,0.25628045067588606
-589.4482905414343,0.404396786104855,0.39029108186034267,0.12938535276335308,0.2581352663003306
-589.4994610497738,0.40400977940109684,0.3903504767582872,0.1275925350952586,0.25998747886636964
-589.5506315581138,0.4036304705756341,0.39043073078678153,0.12582342280800995,0.2618368451821126
-589.6018020664533,0.40325892154169724,0.39053140374832007,0.12407782009711973,0.2636831208545414
-589.6529725747932,0.40289521485025975,0.39065205302896794,0.12235552989184029,0.26552606034046866
-589.7041430831327,0.4025394511103209,0.3907922337272099,0.12065635393259502,0.2673654169979559
-589.7553135914727,0.4021917412497516,0.39095149878253926,0.11898009284719618,0.26920094313868415
-589.8064840998122,0.4018522013558585,0.3911293991037242,0.1173265462263244,0.2710323900807408
-589.8576546081517,0.4015209629942559,0.3913254836967606,0.11569551269778831,0.27285950820231336
-589.9088251164917,0.4011981525711223,0.39153929979245233,0.11408678999992589,0.27468204699586746
-589.9599956248312,0.40088391455066164,0.39177039297359767,0.11250017505398074,0.27649975512295794
-590.0111661331712,0.4005783804984882,0.39201830730178094,0.1109354640353046,0.2783123804698174
-590.0623366415107,0.40028168971937,0.3922825854436899,0.10939245244372833,0.2801196702033026
-590.1135071498502,0.39999398151807525,0.39256276879699353,0.10787093517266688,0.28192137082766766
-590.1646776581902,0.3997153823007823,0.3928583976157016,0.10637070657730166,0.283717228241741
-590.2158481665297,0.3994460287925414,0.3931690111349988,0.10489156054168501,0.28550698779665484
-590.2670186748696,0.39918603192122326,0.39349414769555496,0.10343329054463146,0.2872903943542645
-590.3181891832091,0.3989355077741348,0.39383334486722094,0.10199568972471726,0.2890671923458447
-590.3693596915491,0.3986945543805571,0.39418613957216847,0.10057855094397453,0.290837125831535
-590.4205301998886,0.39846326461033565,0.39455206820735705,0.09918166685068774,0.2925999385600104
-590.4717007082281,0.3982417158550083,0.39493066676639693,0.09780482994089082,0.29435537402884715
-590.5228712165681,0.39802996744808733,0.3953214709607073,0.09644783261887752,0.2961031755451708
-590.5740417249076,0.3978280684042133,0.39572401633997384,0.09511046725658939,0.29784308628672546
-590.6252122332476,0.3976360522597194,0.39613783841191974,0.09379252625176256,0.2995748493634982
-590.6763827415871,0.3974539241740414,0.39656247276127915,0.09249380208512731,0.30129820787949285
-590.7275532499266,0.39728168672689723,0.3969974551680552,0.09121408737630202,0.3030129049950942
-590.7787237582666,0.39711931670082556,0.39744232172495225,0.08995317493867494,0.3047186839896184
-590.8298942666061,0.39696677024062166,0.39789660895399315,0.08871085783315077,0.3064152883241834
-590.881064774946,0.39682399317220896,0.39835985392234047,0.08748692942065361,0.30810246170502786
-590.9322352832855,0.39669089004602426,0.39883159435720283,0.08628118341366328,0.3097799481468806
-590.983405791625,0.39656737057193997,0.3993113687599225,0.08509341392645364,0.31144749203680994
-591.034576299965,0.39645330834377773,0.39979871651912374,0.08392341552430865,0.3131048381981561
-591.0857468083045,0.3963485640567695,0.4002931780229402,0.08277098327160501,0.3147517319546762
-591.1369173166445,0.39625297518868574,0.4007942947703463,0.08163591277866292,0.3163879191950244
-591.188087824984,0.3961663637389895,0.4013016094814627,0.08051800024762451,0.3180131464371792
-591.239258333324,0.39608852333024663,0.40181466620695255,0.07941704251704645,0.31962716089324716
-591.2904288416635,0.39601923984586906,0.40233301043634756,0.07833283710553196,0.32122971053415666
-591.341599350003,0.3959582785315255,0.40285618920542265,0.07726518225409852,0.32282054415466516
-591.392769858343,0.3959053788357052,0.40338375120248976,0.07621387696753258,0.3243994114382982
-591.4439403666825,0.39586028278661545,0.4039152468736341,0.07517872105463422,0.32596606302234093
-591.4951108750224,0.39582269371669454,0.40445022852692536,0.07415951516726761,0.32752025056299877
-591.5462813833619,0.39579231753809885,0.4049882504354658,0.07315606083845409,0.3290617268003528
-591.5974518917014,0.3957688369455232,0.4055288689394017,0.072168160519238,0.33059024562350475
-591.6486224000414,0.3957519268945087,0.4060716425467603,0.0711956176145602,0.33210556213554115
-591.6997929083809,0.3957412571811608,0.40661613203314456,0.07023823651805317,0.3336074327184324
-591.7509634167209,0.39573647954355917,0.4071619005403165,0.06929582264568127,0.33509561509797625
-591.8021339250604,0.3957372431400657,0.4077085136735324,0.06836818246844795,0.33656986840842545
-591.8533044334004,0.39574317907101675,0.40825553959776445,0.06745512354391478,0.3380299532571907
-591.9044749417399,0.39575392875562043,0.40880254913263686,0.06655645454680845,0.33947563178916945
-591.9556454500794,0.3957691207144952,0.4093491158462133,0.06567198529846899,0.34090666775108536
-592.0068159584193,0.39578838346825945,0.40989481614749773,0.06480152679535323,0.3423228265554855
-592.0579864667588,0.3958113429578138,0.41043922937768323,0.06394489123651861,0.34372387534450566
-592.1091569750988,0.3958376251240586,0.4109819379001834,0.06310189205002299,0.3451095830535014
-592.1603274834383,0.3958668636470484,0.4115225271893091,0.06227234391844183,0.34647972047420833
-592.2114979917778,0.3958986896271193,0.4120605859177257,0.061456062803284736,0.347834060317782
-592.2626685001178,0.3959327444834796,0.4125957060425516,0.06065286596851109,0.34917237727738154
-592.3138390084573,0.3959686722150552,0.41312748289013773,0.05986257200307829,0.3504944480904005
-592.3650095167973,0.3960061194004901,0.41365551523956073,0.059085000842465,0.35180005160043676
-592.4161800251368,0.3960447558358895,0.41417940540469755,0.05831997378935711,0.35308896881868146
-592.4673505334763,0.39608425131735875,0.41469875931501343,0.05756731353329782,0.35436098298505664
-592.5185210418163,0.39612429369902863,0.41521318659493156,0.056826844169487786,0.3556158796287848
-592.5696915501558,0.3961645785741837,0.41572230064182136,0.056098391216675966,0.35685344662848645
-592.6208620584957,0.39620481701441607,0.41622571870263875,0.05538178163409026,0.3580734742718895
-592.6720325668352,0.39624473814934336,0.41672306194909414,0.054676843837582624,0.35927575531485256
-592.7232030751752,0.39628408400717285,0.41721395555147694,0.05398340771480148,0.36046008504001653
-592.7743735835147,0.396322622413291,0.41769802875098366,0.0533013046396075,0.3616262613147172
-592.8255440918542,0.3963601237728024,0.41817491493067616,0.05263036748555154,0.36277408464846567
-592.8767146001942,0.3963963894474265,0.4186442516849509,0.05197043063858283,0.3639033582497091
-592.9278851085337,0.3964312388569084,0.419105680887554,0.051321330008937516,0.36501388808195756
-592.9790556168737,0.3964645068993008,0.4195588487581747,0.05068290304216379,0.3661054829193519
-593.0302261252132,0.3964960542698356,0.4200034059275024,0.05005498872944222,0.3671779544014012
-593.0813966335527,0.3965257494028985,0.42043900750086627,0.049437427617041924,0.3682311170871654
-593.1325671418927,0.396553502008362,0.4208653131203421,0.048830061815069076,0.36926478850861405
-593.1837376502322,0.39657922695553455,0.4212819870253649,0.04823273500546312,0.3702787892232428
-593.2349081585721,0.3966028674906217,0.42168869811187387,0.04764529244920197,0.3712729428660129
-593.2860786669116,0.3966243823381366,0.422085119989889,0.04706758099286382,0.37224707620036623
-593.3372491752516,0.39664376117920763,0.4224709310396276,0.04649944907439482,0.3732010191685738
-593.3884196835911,0.39666099627468093,0.42284581446603847,0.04594074672826404,0.37413460494111545
-593.4395901919306,0.39667611600145375,0.42320945835185697,0.04539132558985941,0.3750476699653386
-593.4907607002706,0.39668916163501283,0.42356155570908693,0.04485103889926686,0.3759400540131611
-593.5419312086101,0.3967001899291527,0.42390180452894216,0.04431974150439381,0.3768116002278894
-593.5931017169501,0.3967092911740007,0.42422990783026965,0.043797289863404976,0.3776621551702057
-593.6442722252896,0.39671655050024857,0.424545573706374,0.043283542046603056,0.378491568863112
-593.6954427336291,0.3967220865749209,0.4248485153703289,0.042778357737626616,0.37929969483604337
-593.746613241969,0.3967260258041961,0.42513845119869664,0.04228159823409634,0.3800863901679413
-593.7977837503086,0.39672850749284233,0.4254151047736838,0.04179312644767565,0.3808515155293492
-593.8489542586485,0.39672969416308895,0.42567820492375297,0.0413128069035165,0.3815949352235775
-593.900124766988,0.3967297483371654,0.42592748576262385,0.040840505739214036,0.38231651722675086
-593.951295275328,0.3967288557547625,0.42616268672673785,0.04037609070314904,0.38301613322692984
-594.0024657836675,0.3967271969961352,0.4263835526111082,0.0399194311523686,0.38369365866208066
-594.053636292007,0.39672496811984587,0.4265898336036228,0.03947039804988831,0.3843489727570755
-594.104806800347,0.39672238324248255,0.42678128531774323,0.03902886396153389,0.38498195855955036
-594.1559773086865,0.3967196435820436,0.4269576688236235,0.03859470305229286,0.3855925029746717
-594.2071478170265,0.39671695809568114,0.42711875067766014,0.03816779108215203,0.38618049679884914
-594.258318325366,0.39671455379857273,0.4272643029504332,0.0377480054015311,0.38674583475224317
-594.3094888337055,0.39671263706815263,0.4273941032530853,0.037335224946209895,0.3872884155102164
-594.3606593420454,0.3967114297601626,0.4275079347620993,0.0369293302318583,0.387808141733582
-594.411829850385,0.3967111434114726,0.4276055862424947,0.036530203348142484,0.38830492009769324
-594.4630003587249,0.3967119947183887,0.42768685206944795,0.03613772795238572,0.3887786613204033
-594.5141708670644,0.39671417973947326,0.42775153224831686,0.03575178926288587,0.389229280188772
-594.5653413754039,0.3967179022724426,0.4277994324330952,0.0353722740517958,0.38965669558464044
-594.6165118837439,0.39672336095557703,0.4278303639432798,0.03499907063766735,0.39006083050895346
-594.6676823920834,0.39673073120969576,0.42784414377916297,0.03463206887763534,0.39044161210486866
-594.7188529004234,0.39674019361505364,0.42784059463555113,0.03427116015922183,0.3907989716796703
-594.7700234087629,0.3967518977952905,0.42781954491391005,0.033916237391855106,0.391132844725396
-594.8211939171028,0.3967660011131999,0.42778082873294165,0.03356719499801423,0.39144317093826847
-594.8723644254424,0.3967826351343961,0.42772428593759765,0.03322392890411395,0.39172989423682475
-594.9235349337819,0.3968019211056217,0.42764976210653005,0.03288633653104364,0.39199296277882745
-594.9747054421218,0.39682395705615797,0.4275571085579866,0.032554316784450366,0.3922323289768773
-595.0258759504613,0.3968488332761324,0.42744618235415927,0.03222777004474536,0.39244794951275497
-595.0770464588013,0.3968766142584931,0.42731684630397604,0.031906598156816825,0.39263978535050026
-595.1282169671408,0.39690735159759866,0.4271689689643675,0.03159070441953322,0.3928078017481753
-595.1793874754803,0.39694106851091043,0.427002424639983,0.031279993574961036,0.392951968268363
-595.2305579838203,0.396977780476736,0.4268170933813896,0.03097437179738003,0.39307225878735064
-595.2817284921598,0.3970174771762036,0.42661286098175333,0.03067374668207682,0.39316865150301755
-595.3328990004998,0.3970601147541085,0.4263896189719875,0.030378027233901414,0.39324112894142715
-595.3840695088393,0.39710564935524595,0.42614726461442326,0.030087123855664352,0.39328967796209996
-595.4352400171792,0.39715400358807806,0.4258857008949495,0.029800948336301564,0.39331428976198896
-595.4864105255187,0.3972050742638878,0.42560483651369707,0.02951941383890136,0.39331495987813675
-595.5375810338583,0.3972587427156505,0.4253045858742082,0.029242434888523065,0.3932916881890262
-595.5887515421982,0.3973148747980339,0.42498486907115574,0.02896992735988116,0.3932444789146156
-595.6399220505377,0.397373292510501,0.4246456118766026,0.02870180846487807,0.3931733406150656
-595.6910925588777,0.3974338152727969,0.4242867457247794,0.02843799673997175,0.3930782861881487
-595.7422630672172,0.39749623928720534,0.4239082076954631,0.028178412033446943,0.3929593328653572
-595.7934335755567,0.3975603349588308,0.42350994049587826,0.027922975492527723,0.39281650220669156
-595.8446040838967,0.3976258494753163,0.4230918924412075,0.02767160955039932,0.3926498200941492
-595.8957745922362,0.3976925119662796,0.4226540174336962,0.027424237913123498,0.3924593167239137
-595.9469451005762,0.39776004124246644,0.42219627494032,0.02718078554643452,0.39224502659722654
-595.9981156089157,0.39782811741885393,0.421718629969125,0.026941178662479182,0.3920069885099869
-596.0492861172552,0.39789642834957284,0.421221053044135,0.026705344706443007,0.391745245541033
-596.1004566255951,0.3979646154538312,0.4207035201789377,0.026473212343125246,0.3914598450391535
-596.1516271339347,0.3980323304697089,0.42016601284892774,0.026244711443447973,0.39115083860882083
-596.2027976422746,0.39809919675838834,0.41960851796216775,0.02601977307088693,0.3908182820946218
-596.2539681506141,0.39816481962302686,0.41903102782900115,0.025798329467882606,0.3904622355644596
-596.3051386589541,0.3982287940479097,0.4184335401302823,0.025580314042175867,0.3900827632914474
-596.3563091672936,0.39829070985788645,0.417816057884395,0.02536566135313915,0.3896799337345969
-596.4074796756331,0.3983501336603453,0.41717858941291974,0.025154307098048972,0.3892538195182118
-596.4586501839731,0.3984066294829564,0.4165211483050901,0.02494618809835534,0.38880449741007583
-596.5098206923126,0.3984597536142364,0.41584375338100965,0.02474124228593454,0.38833204829841617
-596.5609912006526,0.3985090442846762,0.415146428653579,0.024539408689313834,0.3878365571676062
-596.6121617089921,0.39855403456533095,0.41442920328930094,0.02434062741991998,0.387318113072722
-596.6633322173316,0.3985942652664095,0.413692111567799,0.024144839658302924,0.3867768091128371
-596.7145027256715,0.39862925656037745,0.412935192840217,0.023951987640385794,0.38621274240317227
-596.765673234011,0.3986585260399823,0.41215849148646194,0.023762014643728336,0.38562601404607466
-596.816843742351,0.3986815938776896,0.41136205687123384,0.023574864973792655,0.3850167291007822
-596.8680142506905,0.3986979828256827,0.4105459432990328,0.023390483950259208,0.38438499655211467
-596.9191847590305,0.3987072053172733,0.4097102099679476,0.023208817893345734,0.3837309292779429
-596.97035526737,0.3987087763654911,0.40885492092246845,0.0230298141101875,0.383054644015622
-597.0215257757095,0.3987022135630837,0.4079801450051224,0.02285342088123285,0.3823562613272306
-597.0726962840495,0.39868703192308064,0.4070859558071292,0.022679587446699363,0.38163590556377086
-597.123866792389,0.3986627619368192,0.4061724316180294,0.02250826399307862,0.3808937048282918
-597.175037300729,0.398628916037611,0.4052396553742208,0.022339401639679,0.38012979093788285
-597.2262078090685,0.39858502987622924,0.4042877146066231,0.022172952425248894,0.37934429938471526
-597.277378317408,0.39853063394401106,0.40331670138724934,0.022008869294638946,0.37853736929595144
-597.3285488257479,0.39846526647144737,0.4023267122749078,0.021847106085544844,0.377709143392704
-597.3797193340874,0.398388473428183,0.4013178482599765,0.021687617515319245,0.3768597679479983
-597.4308898424274,0.39829979820414485,0.4002902147081798,0.021530359167842354,0.3759893927436785
-597.4820603507669,0.39819880224728516,0.3992439213036104,0.02137528748049038,0.3750981710264611
-597.5332308591064,0.39808504442583836,0.3981790819907495,0.021222359731162634,0.3741862594629279
-597.5844013674464,0.3979580939269106,0.39709581491573226,0.02107153402540587,0.3732538180936674
-597.6355718757859,0.3978175302564797,0.3959942423667936,0.020922769283624333,0.3723010102865103
-597.6867423841259,0.3976629303408055,0.3948744907138151,0.02077602522836574,0.3713280026887904
-597.7379128924654,0.3974938865844555,0.3937366903472399,0.020631262371718993,0.37033496517886194
-597.7890834008053,0.3973099939717151,0.39258097561607325,0.020488442002785566,0.3693220708166287
-597.8402539091448,0.39711085264630563,0.39140748476530995,0.020347526175268752,0.3682894957933822
-597.8914244174844,0.39689607307081987,0.39021635987249936,0.020208477695143286,0.3672374193806971
-597.9425949258243,0.3966652657078509,0.38900774678372385,0.020071260108439744,0.3661660238786251
-597.9937654341638,0.3964180539185812,0.3877817950489156,0.019935837689132724,0.3650754945631239
-598.0449359425038,0.39615405848447555,0.3865386578564241,0.019802175427123165,0.36396601963264197
-598.0961064508433,0.3958729079261524,0.3852784919671284,0.019670239016346926,0.3628377901541225
-598.1472769591828,0.3955742307642301,0.38400145764779103,0.019539994842975448,0.3616910000081566
-598.1984474675228,0.39525766841791676,0.38270771860395103,0.019411409973740072,0.360525845833552
-598.2496179758623,0.39492285198754884,0.38139744191227326,0.019284452144369493,0.3593425269712448
-598.3007884842023,0.39456942031261644,0.38007079795225834,0.019159089748130843,0.35814124540746856
-598.3519589925418,0.3941970148123276,0.3787279603376285,0.01903529182450399,0.35692220571646555
-598.4031295008817,0.3938052743261725,0.37736910584705113,0.018913028047955582,0.35568561500243656
-598.4543000092212,0.3933938376936414,0.3759944143546014,0.018792268716849685,0.3544316828410928
-598.5054705175608,0.3929623437542243,0.3746040687596197,0.018672984742461908,0.35316062122049885
-598.5566410259007,0.3925104184488218,0.37319825491628594,0.018555147638125512,0.35187264448150146
-598.6078115342402,0.39203770061692406,0.3717771615628197,0.018438729508499247,0.3505679692576615
-598.6589820425802,0.3915438187791495,0.3703409802502008,0.018323703038947505,0.3492468144145943
-598.7101525509197,0.3910283911372449,0.36888990527075005,0.01821004148505972,0.3479094009890314
-598.7613230592592,0.39049103331323903,0.3674241335862157,0.018097718662278425,0.3465559521272783
-598.8124935675992,0.3899313660885966,0.36594386475570617,0.017986708935662385,0.34518669302338484
-598.8636640759387,0.3893489792881671,0.3644493008633705,0.017876987209774955,0.3438018508569366
-598.9148345842787,0.38874347821510763,0.36294064644571444,0.01776852891868825,0.3424016547303672
-598.9660050926182,0.3881144475348319,0.3614181084189092,0.01766131001612818,0.34098633560612207
-599.0171756009581,0.3874614693330356,0.359881896005704,0.017555306965730266,0.3395561262433148
-599.0683461092976,0.3867841076373891,0.35833222066239645,0.017450496731437396,0.33811126113430007
-599.1195166176371,0.38608192647556255,0.35676929600546553,0.017346856768010066,0.3366519764407965
-599.1706871259771,0.38535446923748284,0.35519333773823125,0.01724436501167282,0.33517850992989945
-599.2218576343166,0.38460128189279474,0.35360456357743086,0.017142999870887323,0.3336911009098846
-599.2730281426566,0.3838218871936817,0.3520031931795931,0.017042740217243117,0.332189990165691
-599.3241986509961,0.3830158053126092,0.35038944806758704,0.016943565376488463,0.3306754198944396
-599.3753691593356,0.382182546103171,0.3487635515569445,0.016845455119674193,0.32914763364061134
-599.4265396676756,0.3813216039406533,0.34712572868233554,0.016748389654432615,0.32760687623124396
-599.4777101760151,0.38043246288147065,0.3454762061240796,0.016652349616382196,0.3260533937110384
-599.528880684355,0.3795145992428837,0.34381521213456834,0.016557316060649113,0.32448743327726026
-599.5800511926946,0.3785674867624354,0.34214297646498926,0.01646327045352681,0.32290924321480347
-599.6312217010341,0.3775905733804892,0.34045973029193327,0.01637019466424743,0.3213190728310269
-599.682392209374,0.37658331219684443,0.3387657061442773,0.01627807095688589,0.31971717239073244
-599.7335627177135,0.3755451511518647,0.3370611378302184,0.01618688198238742,0.31810379305117203
-599.7847332260535,0.37447551238873417,0.33534626036433174,0.016096610770710014,0.31647918679696274
-599.835903734393,0.37337383610866265,0.33362130989504923,0.016007240723101366,0.3148436063752889
-599.887074242733,0.37223954961427025,0.3318865236321161,0.01591875560448471,0.31319730523097244
-599.9382447510725,0.3710720569907157,0.3301421397745306,0.01583113953597835,0.3115405374418933
-599.989415259412,0.3698707958594908,0.32838839743851744,0.01574437698752356,0.30987355765433494
-600.040585767752,0.36863517804490814,0.3266255365859391,0.015658452770639875,0.3081966210186403
-600.0917562760915,0.367364623110434,0.32485379795301483,0.01557335203129882,0.30650998312505706
-600.1429267844314,0.3660585557789706,0.3230734229792099,0.015489060242907866,0.30481389993964303
-600.194097292771,0.36471639819370216,0.3212846537367095,0.0154055631994226,0.30310862774062797
-600.2452678011105,0.36333759571527424,0.3194877328600263,0.015322847008563609,0.30139442305480374
-600.2964383094504,0.36192157564630706,0.3176829034761546,0.015240898085155854,0.29967154259433976
-600.3476088177899,0.3604678014054716,0.3158704091351378,0.015159703144582027,0.29794024319389684
-600.3987793261299,0.3589757338317211,0.31405049374090516,0.015079249196341713,0.2962007817479045
-600.4499498344694,0.35744485440175205,0.31222340148280003,0.014999523537733404,0.29445341514840767
-600.5011203428094,0.3558746574908508,0.31038937676732054,0.014920513747636071,0.2926984002230255
-600.5522908511489,0.3542646581120468,0.30854866415060855,0.014842207680412011,0.29093599367353756
-600.6034613594884,0.35261439449583126,0.3067015082712033,0.014764593459907983,0.28916645201463637
-600.6546318678284,0.3509234280901564,0.3048481537834844,0.014687659473571098,0.2873900315132543
-600.7058023761679,0.3491913461401538,0.30298884529166087,0.014611394366671304,0.2856069881283306
-600.7569728845078,0.3474177616881344,0.3011238272841593,0.014535787036622515,0.2838175774508778
-600.8081433928473,0.3456023264721779,0.2992533440688393,0.014460826627418308,0.28202205464476204
-600.8593139011869,0.34374472060726147,0.2973776397085605,0.014386502524160634,0.2802206743877409
-600.9104844095268,0.341844657744695,0.2954969579575293,0.01431280434769737,0.27841369081317296
-600.9616549178663,0.3399018928112755,0.29361154219827934,0.014239721949360493,0.2766013574522599
-601.0128254262063,0.3379162245890045,0.29172163537913254,0.014167245405797467,0.2747839271766761
-601.0639959345458,0.33588749055565265,0.28982747995257546,0.01409536501391078,0.27296165214200574
-601.1151664428853,0.33381557720363114,0.2879293178140648,0.01402407128588494,0.2711347837315209
-601.1663369512253,0.3317004097211201,0.2860273902416955,0.01395335494431604,0.2693035725007205
-601.2175074595648,0.3295419752095298,0.2841219378365796,0.013883206917435845,0.26746826812248475
-601.2686779679048,0.3273403020457576,0.2822132004637809,0.013813618334423319,0.2656291193326986
-601.3198484762443,0.32509547536049493,0.2803014171942423,0.01374458052081769,0.2637863738767656
-601.3710189845842,0.3228076421976638,0.27838682624719435,0.013676084994012724,0.2619402784565227
-601.4221894929237,0.32047699861582657,0.27646966493360203,0.0136081234588506,0.26009107867809245
-601.4733600012632,0.3181038000070581,0.274550169600135,0.013540687803295228,0.2582390190001808
-601.5245305096032,0.31568836625638147,0.2726285755741003,0.01347377009419894,0.2563843426832424
-601.5757010179427,0.3132310765823319,0.2707051171091784,0.013407362573155241,0.25452729173936417
-601.6268715262827,0.3107323669572392,0.2687800273318051,0.013341457652430423,0.25266810688271574
-601.6780420346222,0.308192748165253,0.2668535381886362,0.013276047910987639,0.2508070274809896
-601.7292125429617,0.30561278516459944,0.2649258803945941,0.013211126090584498,0.24894429150735067
-601.7803830513017,0.30299311256588857,0.26299728338193423,0.013146685091957652,0.24708013549331767
-601.8315535596412,0.3003344346321147,0.261067975250171,0.013082717971087125,0.24521479448242495
-601.8827240679811,0.29763751238006636,0.25913818271670025,0.013019217935533598,0.2433485019845077
-601.9338945763207,0.29490318163835205,0.2572081310685581,0.01295617834086166,0.24148148993103752
-601.9850650846606,0.29213233498937463,0.25527804411479205,0.012893592687130098,0.23961398863100303
-602.0362355930001,0.28932594498679287,0.2533481441400024,0.012831454615466182,0.2377462267278773
-602.0874061013396,0.2864850280394701,0.25141865185853013,0.012769757904705309,0.23587843115716586
-602.1385766096796,0.28361068052752547,0.24948978636972838,0.012708496468108715,0.2340108271049607
-602.1897471180191,0.2807040633240264,0.2475617651141526,0.012647664350152481,0.23214363796734117
-602.2409176263591,0.27776639147611665,0.24563480383050507,0.012587255723381253,0.23027708531046484
-602.2920881346986,0.2747989471036062,0.24370911651376928,0.012527264885339002,0.2284113888317713
-602.3432586430381,0.2718030665003815,0.24178491537402527,0.0124676862555595,0.22654676632180681
-602.3944291513781,0.2687801504532771,0.23986241079638088,0.012408514372628774,0.22468343362709314
-602.4455996597176,0.2657316539232041,0.2379418113018521,0.012349743891312886,0.22282160461388026
-602.4967701680575,0.26265908088571416,0.23602332350902622,0.01229136957974487,0.2209614911326224
-602.547940676397,0.25956399207015346,0.2341071520969408,0.012233386316682545,0.21910330298359929
-602.5991111847366,0.2564479972205087,0.2321934997686681,0.012175789088820601,0.21724724788318853
-602.6502816930765,0.25331275251568935,0.23028256721603765,0.012118572988168763,0.21539353143120993
-602.701452201416,0.25015996056952744,0.22837455308532656,0.012061733209489637,0.21354235707917796
-602.752622709756,0.24699135495247024,0.22646965394375304,0.012005265047790254,0.21169392609930382
-602.8037932180955,0.24380872340904153,0.22456806424719902,0.0119491638958787,0.20984843755466137
-602.8549637264355,0.24061386658235462,0.2226699763086376,0.011893425241969242,0.2080060882700094
-602.906134234775,0.2374086367098814,0.2207755802678098,0.01183804466735091,0.20616707280379992
-602.9573047431145,0.23419490666683726,0.2188850640616265,0.011783017844102978,0.20433158342086455
-603.0084752514545,0.23097456996618093,0.21699861339572007,0.011728340532868755,0.20249981006619236
-603.059645759794,0.22774953817889662,0.21511641171697501,0.011674008580681633,0.20067194033963442
-603.1108162681339,0.22452174609342995,0.21323864018687205,0.011620017918837608,0.1988481594713755
-603.1619867764734,0.22129314139681613,0.21136547765606256,0.011566364560825288,0.1970286502985783
-603.213157284813,0.21806566661665452,0.20949710063967228,0.011513044600298008,0.1952135932427153
-603.2643277931529,0.21484129007772382,0.20763368329374934,0.011460054209099001,0.19340316628799137
-603.3154983014924,0.2116219620467771,0.20577539739268833,0.011407389635333914,0.19159754496069545
-603.3666688098324,0.20840963537028548,0.20392241230746339,0.011355047201484952,0.18979690230931948
-603.4178393181719,0.20520625257584835,0.2020748949850815,0.011303023302577504,0.18800140888584502
-603.4690098265119,0.2020137510316292,0.20023300992874118,0.011251314404383789,0.18621123272769843
-603.5201803348514,0.19883404230861226,0.19839691917922114,0.011199917041677488,0.18442653934088468
-603.5713508431909,0.19566901991975633,0.19656678229698563,0.011148827816524149,0.1826474916838025
-603.6225213515308,0.19252055158084083,0.19474275634541346,0.011098043396617921,0.1808742501521366
-603.6736918598704,0.18939048179018392,0.1929249958749812,0.011047560513659191,0.17910697256466304
-603.7248623682103,0.18628061377061686,0.19111365290823557,0.010997375961767702,0.1773458141498089
-603.7760328765498,0.18319271204920204,0.18930887692595474,0.010947486595941601,0.17559092753335417
-603.8272033848893,0.18012851277610464,0.18751081485400833,0.010897889330548098,0.17384246272680126
-603.8783738932293,0.17708970050713127,0.1857196110513144,0.010848581137856085,0.17210056711679936
-603.9295444015688,0.17407790820373004,0.18393540729872576,0.010799559046605381,0.17036538545546143
-603.9807149099088,0.1710947172329904,0.18215834278868065,0.010750820140607523,0.16863705985141417
-604.0318854182483,0.1681416547879255,0.1803885541160097,0.010702361557388143,0.1669157297619626
-604.0830559265883,0.16522019130775395,0.17862617526939994,0.010654180486856735,0.16520153198588425
-604.1342264349278,0.16233173531846412,0.17687133762401538,0.010606274170016859,0.16349460065733956
-604.1853969432673,0.15947763085309621,0.17512416993477825,0.010558639897702707,0.1617950672404166
-604.2365674516072,0.15665914971258846,0.1733847983306966,0.010511275009351983,0.16010306052468565
-604.2877379599468,0.15387750694408472,0.17165334631007156,0.0104641768918101,0.1584187066216025
-604.3389084682867,0.15113382730460134,0.1699299347364245,0.010417342978160767,0.15674212896160478
-604.3900789766262,0.14842916589877064,0.1682146818355192,0.010370770746592812,0.1550734482922674
-604.4412494849657,0.14576452107743054,0.16650770319301036,0.010324457719289894,0.15341278267706152
-604.4924199933057,0.14314078284326603,0.16480911175309304,0.010278401461353004,0.15176024749508107
-604.5435905016452,0.14055878960460355,0.1631190178179887,0.010232599579750758,0.150115955441579
-604.5947610099852,0.13801927400133443,0.16143752904811007,0.010187049722292849,0.14848001652915827
-604.6459315183247,0.13552291191955573,0.15976475046327068,0.010141749576636203,0.14685253808997553
-604.6971020266642,0.13307027347692937,0.15810078444447911,0.010096696869310988,0.14523362477850915
-604.7482725350042,0.13066185913873332,0.1564457307366823,0.010051889364776044,0.1436233785752473
-604.7994430433437,0.12829808423955386,0.15479968645229716,0.010007324864498969,0.14202189879113924
-604.8506135516836,0.12597928414272155,0.15316274607537395,0.009963001206056418,0.14042928207265856
-604.9017840600231,0.12370570134172161,0.1515350014667476,0.00991891626226389,0.13884562240782475
-604.9529545683631,0.12147750351821932,0.14991654186971304,0.009875067940322177,0.1372710111327319
-605.0041250767026,0.1192947706434704,0.14830745391667874,0.009831454180992544,0.13570553693902723
-605.0552955850421,0.1171575052971928,0.14670782163633833,0.009788072957787908,0.13414928588189146
-605.1064660933821,0.11506563782700246,0.14511772646171092,0.009744922276189262,0.1326023413888627
-605.1576366017216,0.11301900313095205,0.1435372472388913,0.009702000172882908,0.13106478426934942
-605.2088071100616,0.11101736903442809,0.14196646023635992,0.009659304715014121,0.12953669272468685
-605.2599776184011,0.10906043371043306,0.1404054391551931,0.009616833999466385,0.12801814235906775
-605.3111481267406,0.10714780762155993,0.13885425513973843,0.009574586152154178,0.1265092061909253
-605.3623186350806,0.10527904189688929,0.13731297678909554,0.00953255932733841,0.12500995466509818
-605.4134891434201,0.1034536128536819,0.1357816701692473,0.00949075170696013,0.12352045566562822
-605.46465965176,0.10167094005540409,0.13426039882569415,0.00944916149998843,0.12204077452904677
-605.5158301600995,0.09993036309426641,0.13274922379692047,0.00940778694179131,0.1205709740584702
-605.5670006684395,0.09823118286671051,0.13124820362825854,0.00936662629351762,0.11911111453808194
-605.618171176779,0.09657262287764026,0.12975739438657005,0.00932567784150142,0.11766125374840966
-605.6693416851185,0.0949538705159085,0.12827684967531597,0.009284939896676978,0.11622144698198002
-605.7205121934585,0.0933740486774199,0.12680662065033635,0.009244410794013098,0.1147917470596643
-605.771682701798,0.09183223898259227,0.1253467560361923,0.009204088891962748,0.1133722043475706
-605.822853210138,0.09032748435607454,0.12389730214292777,0.009163972571923957,0.11196286677434485
-605.8740237184775,0.08885877870787501,0.12245830288356424,0.009124060237720638,0.11056377984918464
-605.925194226817,0.08742508757110476,0.12102979979192473,0.009084350315092126,0.10917498668017364
-605.976364735157,0.08602534036282392,0.11961183204109854,0.009044841251200095,0.10779652799323948
-606.0275352434965,0.08465844586234914,0.11820443646240172,0.009005531514148792,0.10642844215159397
-606.0787057518364,0.08332327415322822,0.11680764756469676,0.008966419592514829,0.10507076517552297
-606.1298762601759,0.0820186901595731,0.11542149755437119,0.008927503994894911,0.10372353076281732
-606.1810467685154,0.08074352784888053,0.11404601635558685,0.008888783249460668,0.10238677030946722
-606.2322172768554,0.0794966263480832,0.11268123163109821,0.008850255903529025,0.10106051293091022
-606.2833877851949,0.07827679898693445,0.11132716880349995,0.008811920523144194,0.0997447854836968
-606.3345582935349,0.07708287199377731,0.10998385107677182,0.008773775692667674,0.09843961258744519
-606.3857288018744,0.07591365869836514,0.10865129945840814,0.008735820014384424,0.09714501664736475
-606.4368993102144,0.07476797501016925,0.10732953278174698,0.00869805210811438,0.09586101787697364
-606.4880698185539,0.07364464973725057,0.10601856772886672,0.00866047061083985,0.09458763432136791
-606.5392403268934,0.07254252200654175,0.10471841885366978,0.008623074176338067,0.09332488188067276
-606.5904108352333,0.07146044900300093,0.10342909860543525,0.008585861474827027,0.09207277433394927
-606.6415813435729,0.0703972930710221,0.10215061735270771,0.008548831192620912,0.09083132336342783
-606.6927518519128,0.06935194493189648,0.1008829834073959,0.008511982031791638,0.0896005385789453
-606.7439223602523,0.06832332626353037,0.09962620304935425,0.008475312709844422,0.08838042754285087
-606.7950928685918,0.06731037422213765,0.09838028055109162,0.00843882195939733,0.08717099579503533
-606.8462633769318,0.06631206723941908,0.09714521820287897,0.008402508527872691,0.08597224687834731
-606.8974338852713,0.0653274043848188,0.09592101633812684,0.008366371177196888,0.08478418236427099
-606.9486043936113,0.06435543890185742,0.09470767335891273,0.008330408683505076,0.0836068018787487
-606.9997749019508,0.06339523951236314,0.09350518576191816,0.008294619836858629,0.08244010312840057
-607.0509454102908,0.062445934271676495,0.09231354816442575,0.008259003440965171,0.08128408192680162
-607.1021159186303,0.06150668735118897,0.09113275333070836,0.008223558312911198,0.0801387322211382
-607.1532864269698,0.06057670419777893,0.08996279219846619,0.008188283282897163,0.07900404611891006
-607.2044569353097,0.05965523927296532,0.08880365390556583,0.008153177193982857,0.07788001391492401
-607.2556274436492,0.05874159605290775,0.0876553258169602,0.008118238901839582,0.07676662411846166
-607.3067979519892,0.057835124448688484,0.08651779355167663,0.008083467274505908,0.07566386348051175
-607.3579684603287,0.05693523112518422,0.0853910410101163,0.008048861192154559,0.07457171702130277
-607.4091389686682,0.056041356283604696,0.08427505040134751,0.00801441954686096,0.0734901680578276
-607.4603094770082,0.05515301493697956,0.08316980227063404,0.007980141242380962,0.07241919823159412
-607.5114799853477,0.05426975563467149,0.08207527552708409,0.007946025193934546,0.07135878753649058
-607.5626504936877,0.05339119399870931,0.0809914474713116,0.007912070327992182,0.07030891434666045
-607.6138210020272,0.05251698434689075,0.07991829382334258,0.0078782755820714,0.06926955544461222
-607.6649915103671,0.05164684291024377,0.07885578875045313,0.007844639904533953,0.06824068604926022
-607.7161620187067,0.05078053493443698,0.07780390489523664,0.007811162254393066,0.06722227984418461
-607.7673325270462,0.04991787210006168,0.07676261340359208,0.007777841601121325,0.0662143090058118
-607.8185030353861,0.04905872800093943,0.07573188395286075,0.007744676924466568,0.06521674423173522
-607.8696735437256,0.04820301750637861,0.07471168478000302,0.007711667214272558,0.0642295547690715
-607.9208440520656,0.04735069934089239,0.07370198270971531,0.007678811470301446,0.0632527084427549
-607.9720145604051,0.04650179930166004,0.07270274318270391,0.007646108702065179,0.06228617168397976
-608.0231850687446,0.04565636640332218,0.07171393028383287,0.0076135579286569655,0.06132990955851694
-608.0743555770846,0.04481450383459592,0.07073550677036179,0.007581158178589963,0.06038388579511286
-608.1255260854241,0.04397636637855689,0.06976743410017083,0.007548908489640091,0.059448062813871785
-608.1766965937641,0.043142132035742096,0.0688096724598787,0.007516807908690075,0.05852240175452967
-608.2278671021036,0.042312027821329146,0.0678621807930588,0.007484855491581685,0.05760686250481814
-608.2790376104431,0.04148632202598251,0.06692491682828615,0.007453050302967532,0.05670140372865965
-608.330208118783,0.040665300998392113,0.06599783710721983,0.007421391416169407,0.05580598289439146
-608.3813786271226,0.039849305261324394,0.06508089701262372,0.007389877913040221,0.054920556302924535
-608.4325491354625,0.039038683076699554,0.06417405079623649,0.0073585088838266,0.054045079115750926
-608.483719643802,0.038233821402206714,0.06327725160668607,0.007327283427039123,0.05317950538298799
-608.534890152142,0.03743514073186804,0.06239045151718728,0.00729620064932133,0.05232378807120699
-608.5860606604815,0.03664306155970572,0.06151360155327165,0.007265259665326394,0.05147787909128629
-608.637231168821,0.03585803791607497,0.06064665172029381,0.007234459597592762,0.050641729326042086
-608.688401677161,0.035080539309638586,0.059789551030904386,0.007203799576425529,0.04981528865781989
-608.7395721855005,0.034311045567931096,0.05894224753239973,0.00717327873978073,0.04899850599596004
-608.7907426938405,0.03355005199679455,0.05810468833386769,0.007142896233149764,0.048191329304058964
-608.84191320218,0.03279805906150687,0.057276819633309106,0.0071126512094506125,0.04739370562719953
-608.8930837105195,0.03205556464762807,0.056458586744501854,0.007082542828917685,0.04660558111892521
-608.9442542188594,0.03132308985817949,0.055649934123788394,0.007052570258996953,0.04582690106813248
-608.995424727199,0.03060113773815698,0.05485080539670163,0.007022732674243583,0.04505760992579909
-609.0465952355389,0.029890211332556392,0.05406114338435279,0.006993029256219342,0.04429765133147449
-609.0977657438784,0.029190821425527362,0.0532808901297528,0.006963459193396361,0.04354696813969748
-609.1489362522184,0.028503455583758178,0.052509986923840304,0.006934021681058982,0.04280550244612236
-609.2001067605579,0.027828598794219204,0.05174837433143408,0.006904715921211986,0.04207319561356313
-609.2512772688974,0.027166717985855304,0.05099599221688843,0.006875541122487141,0.04134998829774232
-609.3024477772374,0.026518280087611347,0.05025277976961818,0.0068464965000543925,0.04063582047290482
-609.3536182855769,0.02588371591238122,0.049518675529416446,0.006817581275535119,0.039930631457222365
-609.4047887939169,0.0252634459541871,0.04879361741149551,0.00678879467691477,0.03923435993792178
-609.4559593022564,0.024657867489589806,0.04807754273140872,0.006760135938461314,0.03854694399628844
-609.5071298105959,0.02406735973712468,0.047370388229652144,0.006731604300641649,0.037868321132351536
-609.5583003189358,0.023492278697865708,0.04667209009610363,0.006703199010042451,0.037198428289402216
-609.6094708272753,0.022932944256835893,0.04598258399422701,0.0066749193192927134,0.03653720187827533
-609.6606413356153,0.02238964534244311,0.04530180508497722,0.00664676448698549,0.03588457780133277
-609.7118118439548,0.02186266314394145,0.04462968805055491,0.006618733777605083,0.03524049147629086
-609.7629823522943,0.021352227256226458,0.0439661671178219,0.006590826461452037,0.0346048778597109
-609.8141528606343,0.02085854663645026,0.04331117608152672,0.006563041814572259,0.0339776714702955
-609.8653233689738,0.020381788966278135,0.04266464832727228,0.006535379118687562,0.033358806411925755
-609.9164938773138,0.019922103869349877,0.042026516854166515,0.006507837661125292,0.03274821639638226
-609.9676643856533,0.019479591954664657,0.04139671429729567,0.006480416734753016,0.03214583476588369
-610.0188348939932,0.019054325454324443,0.04077517294983886,0.006453115637910725,0.03155159451526917
-610.0700054023328,0.018646345643816075,0.040161824785001986,0.00642593367434823,0.03096542831399479
-610.1211759106723,0.018255649943421628,0.03955660147759404,0.006398870153160289,0.030387268527774784
-610.1723464190122,0.017882207396525965,0.03895943442538155,0.006371924388725381,0.02981704723999721
-610.2235169273517,0.017525956089898837,0.0383702547701618,0.006345095700645717,0.029254696272857122
-610.2746874356917,0.017186792834823137,0.03778899341849992,0.006318383413686063,0.0287001472081549
-610.3258579440312,0.016864583485966644,0.03721558106225981,0.006291786857717323,0.02815333140788353
-610.3770284523707,0.016559155202228216,0.03664994819876802,0.006265305367657651,0.027614180034451402
-610.4281989607107,0.016270311925045366,0.036092025150739615,0.006238938283417077,0.027082624070663572
-610.4793694690502,0.01599781632036877,0.03554174208591008,0.006212684949843162,0.026558594339407954
-610.5305399773902,0.015741410416405685,0.03499902903632361,0.006186544716665359,0.026042021522999288
-610.5817104857297,0.015500787226722742,0.034463815917398534,0.006160516938443911,0.02553283618229566
-610.6328809940696,0.015275634605450717,0.03393603254661686,0.006134600974515972,0.025030968775441927
-610.6840515024091,0.015065596551515625,0.03341560866199101,0.006108796188946419,0.024536349676385627
-610.7352220107487,0.01487029384638213,0.0329024739401585,0.00608310195047611,0.024048909193023427
-610.7863925190886,0.014689326633771479,0.0323965580142217,0.006057517632473372,0.023568577585089366
-610.8375630274281,0.014522261521071859,0.03189779049128335,0.006032042612886323,0.023095285081738064
-610.8887335357681,0.014368659956235602,0.031406100969633303,0.006006676274193809,0.022628961898780532
-610.9399040441076,0.01422804469144613,0.03092141905569716,0.005981418003360561,0.02216953825567764
-610.9910745524471,0.014099930739733084,0.0304436743806133,0.005956267191789766,0.021716944392164574
-611.0422450607871,0.013983807316946827,0.029972796616547774,0.0059312232352786865,0.021271110584610127
-611.0934155691266,0.013879163638937726,0.02950871549270198,0.005906285533975023,0.020831967162067998
-611.1445860774666,0.013785460544658942,0.02905136081097221,0.005881453492331826,0.020399444521981423
-611.1957565858061,0.013702151133909856,0.02860066246136464,0.005856726519066428,0.01997347314563925
-611.2469270941456,0.013628688506489848,0.028156550437042297,0.005832104027116786,0.01955398361326655
-611.2980976024855,0.013564499965019025,0.027718954849106518,0.0058075854336007236,0.01914090661884683
-611.349268110825,0.013509020551271275,0.027287805941071275,0.005783170159775794,0.01873417298463652
-611.400438619165,0.013461677567866703,0.026863034102993413,0.0057588576309976856,0.018333713675336767
-611.4516091275045,0.013421893157989561,0.02644456988535531,0.005734647276682455,0.017939459812013895
-611.5027796358445,0.013389094624259957,0.026032344012582444,0.005710538530265954,0.01755134268565753
-611.553950144184,0.013362706689580065,0.025626287396317123,0.005686530829167298,0.017169293770490864
-611.6051206525235,0.01334215149713414,0.02522633114833383,0.005662623614749701,0.016793244736925166
-611.6562911608635,0.013326866668413996,0.02483240659318984,0.0056388163322840384,0.016423127464246838
-611.707461669203,0.013316292404629376,0.024444445280574427,0.005615108430912936,0.01605887405300253
-611.758632177543,0.01330987406642588,0.02406237899732365,0.005591499363613308,0.015700416837051378
-611.8098026858825,0.013307062173884958,0.02368613977918916,0.005567988587162596,0.015347688395367601
-611.860973194222,0.01330733304426734,0.023315659922258883,0.005544575562102345,0.015000621563497574
-611.9121437025619,0.013310165574551681,0.02295087199411676,0.005521259752704429,0.01465914944475337
-611.9633142109014,0.013315048980588344,0.022591708844708035,0.005498040626937704,0.014323205421111367
-612.0144847192414,0.013321493115971117,0.022238103616880653,0.0054749176564331346,0.013992723163788554
-612.0656552275809,0.013329023312601345,0.02188998975668466,0.005451890316452435,0.013667636643573264
-612.1168257359209,0.013337177800970015,0.02154730102333291,0.005428958085853917,0.013347880140820029
-612.1679962442604,0.01334552060874739,0.02120997149892532,0.005406120447062044,0.013033388255204312
-612.2191667525999,0.013353631241911294,0.0208779355978429,0.005383376886034356,0.012724095915149584
-612.2703372609399,0.013361102105029192,0.020551128075890518,0.005360726892230895,0.012419938387000663
-612.3215077692794,0.013367553979565745,0.020229484039159057,0.005338169958583992,0.012120851283916104
-612.3726782776193,0.01337262828472904,0.019912938952581352,0.005315705581466488,0.0118267705744559
-612.4238487859589,0.013375992236906435,0.01960142864825605,0.005293333260663353,0.011537632590933735
-612.4750192942984,0.013377320791639072,0.01929488933345607,0.005271052499340692,0.011253374037456416
-612.5261898026383,0.013376330179954932,0.01899325759839525,0.005248862804017134,0.010973931997719155
-612.5773603109778,0.01337273921259992,0.018696470423726554,0.005226763684535601,0.010699243942531992
-612.6285308193178,0.013366300236653004,0.018404465187748714,0.00520475465403342,0.010429247737056333
-612.6797013276573,0.013356799135526204,0.01811717967339025,0.005182835228915831,0.010163881647815457
-612.7308718359973,0.013344016633195687,0.017834552074891933,0.0051610049288266235,0.009903084349406347
-612.7820423443368,0.013327787627714095,0.01755652100427358,0.0051392632766222805,0.009646794930992339
-612.8332128526763,0.013307947017134074,0.017283025497508812,0.005117609798343548,0.009394952902506302
-612.8843833610163,0.013284358076405467,0.017014005020473913,0.005096044023189257,0.009147498200625694
-612.9355538693558,0.013256909877657394,0.016749399474647923,0.005074565483490456,0.008904371194498504
-612.9867243776957,0.013225509551044465,0.01648914920254375,0.005053173714682963,0.008665512691201825
-613.0378948860352,0.013190077125310933,0.016233194992932628,0.0050318682552830795,0.008430863940990586
-613.0890653943748,0.013150571324969957,0.015981478085794323,0.005010648646860757,0.008200366642274606
-613.1402359027147,0.013106958613688479,0.015733940177054668,0.004989514434014951,0.007973962946380754
-613.1914064110542,0.013059220933441007,0.015490523423089528,0.004968465164349281,0.007751595462081285
-613.2425769193942,0.013007358284227543,0.015251170444977365,0.004947500388446073,0.00753320725987233
-613.2937474277337,0.01295139646322736,0.015015824332557829,0.00492661965984351,0.007318741876055355
-613.3449179360732,0.012891371586491441,0.014784428648234742,0.004905822535010252,0.007108143316565528
-613.3960884444132,0.012827340407814193,0.014556927430580659,0.0048851085733221875,0.006901356060599507
-613.4472589527527,0.012759364840425872,0.014333265197723911,0.004864477337039446,0.006698325064025502
-613.4984294610927,0.012687530015018086,0.014113386950502349,0.004843928391281829,0.006498995762561556
-613.5495999694322,0.012611923642000367,0.013897238175436817,0.004823461304007241,0.006303314074770612
-613.6007704777721,0.012532659228961523,0.013684764847466377,0.004803075645987479,0.006111226404819934
-613.6519409861116,0.012449839964618653,0.013475913432510988,0.004782770990787125,0.005922679645064899
-613.7031114944512,0.012363605153739838,0.013270630889805644,0.0047625469147400176,0.0057376211784066645
-613.7542820027911,0.01227407604306767,0.013068864674056772,0.0047424029969277345,0.005555998880470075
-613.8054525111306,0.01218139967652401,0.012870562737404865,0.004722338819158312,0.005377761121587589
-613.8566230194706,0.012085720518312798,0.012675673531179522,0.004702353965943417,0.005202856768577143
-613.9077935278101,0.01198719593122761,0.012484146007494576,0.0046824480244783955,0.005031235186357216
-613.9589640361496,0.01188598069834409,0.012295929620633942,0.004662620584619914,0.004862846239355064
-614.0101345444896,0.011782239921609596,0.012110974328275301,0.004642871238865557,0.00469764029275078
-614.0613050528291,0.011676136123253557,0.011929230592537102,0.004623199582333648,0.00453556821354449
-614.112475561169,0.011567829245787475,0.011750649380836534,0.004603605212741543,0.004376581371436029
-614.1636460695086,0.011457494710030418,0.011575182166602506,0.004584087730386719,0.004220631639556825
-614.2148165778485,0.011345300197647668,0.011402780929797077,0.004564646738125327,0.0040676713950127865
-614.265987086188,0.011231408230868658,0.011233398157299535,0.00454528184135369,0.003917653519286881
-614.3171575945275,0.011115989071076594,0.011066986843108088,0.004525992647987398,0.0037705313984617264
-614.3683281028675,0.01099920524050091,0.01090350048840132,0.004506778768442368,0.0036262589232999875
-614.419498611207,0.010881227000524818,0.010742893101446913,0.004487639815616042,0.0034847904891719098
-614.470669119547,0.01076220139507018,0.010585119197347007,0.004468575404867095,0.0033460809958209482
-614.5218396278865,0.010642288366648498,0.010430133797659552,0.004449585153997885,0.003210085847002705
-614.573010136226,0.010521640118617495,0.010277892429856068,0.0044306686832345215,0.0030767609499625834
-614.624180644566,0.010400403694899031,0.01012835112665483,0.004411825615208838,0.002946062714787028
-614.6753511529055,0.010278726139414973,0.009981466425217949,0.004393055574940508,0.002817948053618477
-614.7265216612454,0.010156744177215477,0.009837195366203099,0.0043743581898176755,0.00269237437972646
-614.777692169585,0.010034581634761059,0.00969549549270598,0.004355733089580286,0.0025692996064667303
-614.8288626779245,0.00991238039653773,0.009556324849057617,0.004337179906301045,0.002448682146097609
-614.8800331862644,0.00979025139041637,0.00941964197951213,0.004318698274368248,0.002330480908484919
-614.9312036946039,0.009668308123985784,0.009285405926814934,0.004300287830468753,0.0022146552996872193
-614.9823742029439,0.00954666668455271,0.009153576230642885,0.004281948213569482,0.002101165220414439
-615.0335447112834,0.009425422521680465,0.009024112925949563,0.004263679064901535,0.001989971064389064
-615.0847152196234,0.009304676244368218,0.008896976541182008,0.004245480027941855,0.0018810337165811896
-615.1358857279629,0.009184512983307575,0.008772128096409409,0.004227350748397658,0.0017743145513527884
-615.1870562363024,0.009065030767779777,0.008649529101331172,0.004209290874188577,0.001669775430483631
-615.2382267446424,0.008946304409604724,0.008529141553196087,0.004191300055430593,0.0015673787011065295
-615.2893972529819,0.008828411300320235,0.008410927934623747,0.004173377944420091,0.0014670871935446917
-615.3405677613218,0.008711415932874502,0.008294851211321091,0.004155524195616487,0.0013688642190456423
-615.3917382696613,0.008595398278523271,0.008180874829723513,0.004137738465627384,0.0012726735674371656
-615.4429087780009,0.008480415091060947,0.008068962714531806,0.0041200204131914935,0.0011784795046813489
-615.4940792863408,0.008366530863435718,0.007959079266174198,0.004102369699163286,0.0010862467703519497
-615.5452497946803,0.00825379976972406,0.007851189358185441,0.00408478598649778,0.0009959405750286985
-615.5964203030203,0.00814227340428452,0.0077452583344965725,0.0040672689402339035,0.0009075265976037053
-615.6475908113598,0.00803201110062943,0.007641252006662266,0.0040498182274803386,0.0008209709825229635
-615.6987613196998,0.007923054134245633,0.007539136650998871,0.004032433517399016,0.0007362403369408923
-615.7499318280393,0.007815454099491671,0.007438879005666088,0.004015114481191221,0.0006533017278159046
-615.8011023363788,0.0077092625907261,0.007340446267666206,0.00399786079208151,0.0005721226789257329
-615.8522728447188,0.007604518303717827,0.007243806089786675,0.0039806721253033295,0.0004926711678243821
-615.9034433530583,0.007501272832825404,0.007148926577479063,0.003963548158084721,0.0004149156227353781
-615.9546138613982,0.0073995726129715235,0.007055776285668893,0.0039464885696326585,0.00033882491937727195
-616.0057843697377,0.007299461499360952,0.006964324215520203,0.003929493041119787,0.00026436837774145234
-616.0569548780772,0.00720099108635224,0.006874539811131893,0.003912561255669017,0.00019151575880391267
-616.1081253864172,0.007104202649432225,0.00678639295618951,0.0038956928983397486,0.00012023726119079819
-616.1592958947567,0.0070091581018311665,0.006699853970566168,0.0038788876561142225,5.050351779298289e-05
-616.2104664030967,0.006915901298753831,0.006614893606867638,0.0038621452178824937,-1.7714407673819453e-05
-616.2616369114362,0.006824488993994623,0.00653148304694328,0.003845465274429765,-8.444502414544893e-05
-616.3128074197762,0.006734980521065873,0.0064495938983413995,0.0038288475184214614,-0.00014971641673902506
-616.3639779281157,0.006647435213479914,0.006369198190735519,0.0038122916443907944,-0.00021355625031423825
-616.4151484364552,0.006561914984467002,0.0062902683723007665,0.0037957973487242167,-0.0002759917730824138
-616.4663189447951,0.006478484326975326,0.006212777306061113,0.003779364329648494,-0.0003370498202463442
-616.5174894531347,0.006397218052824781,0.00613669826620197,0.003762992287217853,-0.0003967568176748461
-616.5686599614746,0.00631818323468148,0.0060620049343438065,0.003746680923299804,-0.00045513878561496014
-616.6198304698141,0.006241459843801175,0.005988671395795862,0.003730429941563256,-0.0005122213424263566
-616.6710009781536,0.006167125271721689,0.005916672135771793,0.0037142390474645642,-0.0005680297083517352
-616.7221714864936,0.006095259489698773,0.005845982035586027,0.003698107948235133,-0.0006225887093080705
-616.7733419948331,0.0060259502081419615,0.005776576368825968,0.0036820363528691272,-0.0006759227807021217
-616.8245125031731,0.005959292876614568,0.005708430797495992,0.0036660239721098566,-0.0007280559712728287
-616.8756830115126,0.005895367466372345,0.005641521368150619,0.0036500705184384055,-0.0007790119469467489
-616.9268535198521,0.00583427716613239,0.005575824508000343,0.0036341757060602393,-0.0008288139947188601
-616.9780240281921,0.0057761174254580185,0.005511317021007172,0.0036183392508933334,-0.0008774850265451252
-617.0291945365316,0.005720988853348401,0.00544797608396546,0.0036025608705563916,-0.0009250475832498959
-617.0803650448715,0.005668989479084782,0.005385779242564261,0.0035868402843557755,-0.0009715238384504783
-617.131535553211,0.005620225071102185,0.005324704407447126,0.003571177213274631,-0.001016935602486468
-617.182706061551,0.0055747962383997825,0.005264729850253589,0.003555571379959871,-0.001061304326365245
-617.2338765698905,0.005532806169694671,0.005205834199661695,0.0035400225087115034,-0.0011046511057087726
-617.28504707823,0.005494370952293586,0.005147996437416286,0.003524530325469954,-0.0011469966847126307
-617.33621758657,0.0054595808763239885,0.005091195894358198,0.003509094557804887,-0.0011883614601056521
-617.3873880949095,0.005428546869656759,0.005035412246450209,0.003493714934904108,-0.001228765485112862
-617.4385586032495,0.005401377280444851,0.00498062551079655,0.003478391187561202,-0.001268228473423615
-617.489729111589,0.005378164978533651,0.004926816041669791,0.0034631230481652936,-0.0013067698031544652
-617.5408996199285,0.005359007993204404,0.004873964526531754,0.0034479102506888913,-0.001344408520816101
-617.5920701282685,0.005344004353738351,0.004822051982062056,0.00343275253067715,-0.001381163345274058
-617.643240636608,0.005333246929980883,0.004771059750190647,0.00341764962523724,-0.0014170526717055569
-617.6944111449479,0.005326815693187749,0.004720969494131186,0.0034026012730264533,-0.0014520945755542298
-617.7455816532874,0.005324800933486411,0.004671763194427952,0.003387607214242414,-0.0014863068164734255
-617.7967521616274,0.00532728004241469,0.004623423145003507,0.003372667190611247,-0.0015197068422667028
-617.8479226699669,0.005334314933202848,0.00457593194922256,0.003357780945377947,-0.001552311792814349
-617.8990931783064,0.005345977837952851,0.004529272515959609,0.0033429482232948554,-0.001584138503994209
-617.9502636866464,0.005362322930741178,0.004483428055682383,0.003328168770611551,-0.0016152035115881308
-618.0014341949859,0.005383396646490521,0.004438382076547703,0.003313442335064812,-0.001645523055176071
-618.0526047033259,0.00540924026068772,0.004394118380506936,0.003298768665867357,-0.0016751130820193841
-618.1037752116654,0.005439889889383759,0.004350621059432127,0.0032841475136986347,-0.0017039892509254704
-618.1549457200049,0.005475361010886203,0.00430787449125182,0.00326957863069373,-0.0017321669361008729
-618.2061162283449,0.005515663944066762,0.004265863336107468,0.0032550617704336644,-0.0017596612309851586
-618.2572867366844,0.0055608064280792185,0.004224572532527294,0.003240596687935774,-0.0017864869520674426
-618.3084572450243,0.0056107652454622245,0.0041839872936149,0.0032261831396428694,-0.001812658642686933
-618.3596277533638,0.005665532657061999,0.004144093103262752,0.003211820883414407,-0.001838190576810617
-618.4107982617033,0.005725069967109629,0.004104875712380373,0.0031975096785158284,-0.0018630967627944186
-618.4619687700433,0.005789325581246565,0.0040663211351471325,0.003183249285609244,-0.0018873909471210748
-618.5131392783828,0.00585824790511426,0.004028415645286722,0.0031690394667441943,-0.0019110866181164354
-618.5643097867228,0.005931762126892817,0.003991145772360738,0.003154879985347222,-0.0019341970096454462
-618.6154802950623,0.006009788275326484,0.003954498298090584,0.003140770606213417,-0.0019567351047817955
-618.6666508034023,0.0060922257414160914,0.003918460252697936,0.0031267110954960194,-0.001978713639457046
-618.7178213117418,0.0061789687567266145,0.0038830189112750743,0.003112701220698111,-0.002000145106081999
-618.7689918200813,0.006269883175925825,0.003848161790175549,0.003098740750662491,-0.002021041757145905
-618.8201623284212,0.0063648503319890595,0.003813876643433928,0.00308482945556289,-0.002041415608787925
-618.8713328367608,0.006463705122968962,0.0037801514592118537,0.0030709671068952396,-0.002061278444342349
-618.9225033451007,0.006566300504943668,0.0037469744562680534,0.003057153477467788,-0.0020806418178586977
-618.9736738534402,0.0066724481585044735,0.0037143340804603573,0.0030433883413931322,-0.0020995170575917373
-619.0248443617797,0.006781964923678529,0.0036822190012712193,0.0030296714740784716,-0.002117915269466215
-619.0760148701197,0.006894657321621277,0.0036506181083647035,0.00301600265221717,-0.0021358473405114296
-619.1271853784592,0.007010308656026809,0.003619520508172293,0.0030023816537803794,-0.002153323942267049
-619.1783558867992,0.007128699650871295,0.0035889155205052615,0.0029888082580075063,-0.002170355534161207
-619.2295263951387,0.0072495903923874795,0.0035587926752009727,0.0029752822453985865,-0.002186952366856576
-619.2806969034787,0.007372743546526038,0.003529141708794897,0.0029618033977047713,-0.002203124485568837
-619.3318674118182,0.007497903721212154,0.0034999525612274414,0.0029483714979208248,-0.002218881733352346
-619.3830379201577,0.007624802625781371,0.0034712153725776017,0.002934986330275879,-0.0022342337543572394
-619.4342084284976,0.00775317712900509,0.003442920479830388,0.0029216476802254505,-0.0022491899970540252
-619.4853789368372,0.007882746041629217,0.0034150584136756076,0.0029083553344435233,-0.002263759717426879
-619.5365494451771,0.008013210116374172,0.00338761989533585,0.002895109080813514,-0.002277951982136627
-619.5877199535166,0.008144298482857568,0.0033605958334301258,0.002881908708421066,-0.002291775671649903
-619.6388904618561,0.00827569641549226,0.003333977320865975,0.0028687540075451406,-0.0023052394833381284
-619.6900609701961,0.008407099507562804,0.0033077556317664156,0.002855644769650358,-0.002318351934542905
-619.7412314785356,0.008538211091507548,0.0032819222184293797,0.002842580787379385,-0.002331121365608968
-619.7924019868756,0.008668716441739341,0.0032564687083175684,0.002829561854544221,-0.0023435559428856153
-619.8435724952151,0.008798298252953106,0.0032313869010846623,0.002816587766119301,-0.002355663661693601
-619.8947430035546,0.008926644379279623,0.0032066687656311043,0.0028036583182329045,-0.002367452349260763
-619.9459135118946,0.009053455573439307,0.003182306437195292,0.002790773308159788,-0.002378929667623459
-619.9970840202341,0.009178399051819516,0.0031582922144779662,0.0027779325343138804,-0.0023901031164948773
-620.048254528574,0.009301178146858595,0.0031346185567977364,0.002765135796239882,-0.002400980036101108
-620.0994250369135,0.009421480712687322,0.0031112780812832283,0.002752382894606643,-0.0024115676099823774
-620.1505955452535,0.009539004922308183,0.003088263560095239,0.0027396736311987697,-0.002421872867762494
-620.201766053593,0.009653446369005742,0.003065567917685729,0.0027270078089101217,-0.0024319026878833554
-620.2529365619325,0.009764513544654196,0.003043184228087165,0.0027143852317356386,-0.0024416638003074364
-620.3041070702725,0.009871930419435305,0.0030211057122374496,0.0027018057047643895,-0.002451162789185903
-620.355277578612,0.009975400325787418,0.0029993257353382575,0.002689269034172649,-0.0024604060954933537
-620.406448086952,0.010074667871635712,0.0029778378042448887,0.0026767750272159124,-0.0024694000196299865
-620.4576185952915,0.010169464766315736,0.0029566355648924666,0.002664323492222657,-0.002478150723989153
-620.508789103631,0.010259540777188525,0.002935712799752612,0.002651914238586467,-0.002486664235492818
-620.559959611971,0.010344655990486826,0.002915063425325361,0.0026395470767593466,-0.0024949464480929482
-620.6111301203105,0.010424588550468879,0.0028946814896642693,0.002627221818245058,-0.0025030031252397515
-620.6623006286504,0.010499119181110851,0.0028745611699328585,0.0026149382755914345,-0.0025108399023175388
-620.7134711369899,0.010568044084696474,0.0028546967699968465,0.00260269626238438,-0.0025184622890464963
-620.7646416453299,0.010631180101252897,0.002835082718046449,0.002590495593240177,-0.00252587567185269
-620.8158121536694,0.010688354389678982,0.002815713564254359,0.0025783360837995845,-0.0025330853162041883
-620.8669826620089,0.010739409587181155,0.0027965839784637896,0.0025662175507203673,-0.0025400963689155404
-620.9181531703489,0.010784203809273404,0.00277768874791084,0.0025541398116709422,-0.0025469138604190655
-620.9693236786884,0.01082260807005936,0.0027590227749792573,0.002542102685324102,-0.002553542707003807
-621.0204941870284,0.010854516601103996,0.0027405810749857756,0.002530105991349675,-0.002559987713022862
-621.0716646953679,0.01087983911227985,0.002722358774000074,0.0025181495504088855,-0.0025662535730677743
-621.1228352037074,0.010898498212049098,0.002704351106694158,0.0025062331841471243,-0.002572344874111929
-621.1740057120473,0.010910431987181484,0.002686553414225156,0.0024943567151878595,-0.002578266097621666
-621.2251762203869,0.010915604321626023,0.0026689611421496138,0.002482519967126572,-0.002584021621635921
-621.2763467287268,0.010914002316793077,0.002651569838367599,0.002470722764523706,-0.0025896157228150695
-621.3275172370663,0.010905615653810935,0.002634375151100293,0.0024589649328992263,-0.0025950525784578966
-621.3786877454063,0.010890464970423019,0.002617372826896039,0.0024472462987255553,-0.0026003362684884792
-621.4298582537458,0.010868591542116165,0.0026005587086695803,0.0024355666894222265,-0.002605470777411609
-621.4810287620853,0.010840041803813072,0.002583928733769503,0.0024239259333490196,-0.0026104599962384796
-621.5321992704253,0.010804887987615704,0.002567478932077476,0.0024123238598001864,-0.002615307724381673
-621.5833697787648,0.010763217803933595,0.0025512054241374877,0.0024007602989987117,-0.0026200176715201868
-621.6345402871048,0.0107151396009197,0.0025351044193134315,0.002389235082089596,-0.0026245934594351272
-621.6857107954443,0.010660764306444899,0.002519172213978412,0.0023777480411347252,-0.002629038623815276
-621.7368813037838,0.010600228645559345,0.00250340518973118,0.002366299009106242,-0.002633356616034025
-621.7880518121237,0.010533689981056615,0.0024877998116430455,0.002354887819880984,-0.002637550804896901
-621.8392223204633,0.010461305675730281,0.002472352626533558,0.002343514308234975,-0.0026416244783603795
-621.8903928288032,0.010383256309835267,0.002457060261273311,0.0023321783098369316,-0.0026455808452225836
-621.9415633371427,0.010299730202780275,0.0024419194211170565,0.0023208796612433284,-0.0026494230367852347
-621.9927338454822,0.010210928572563647,0.0024269268880627724,0.0023096181998920177,-0.002653154108488208
-622.0439043538222,0.010117070695209215,0.0024120795192397594,0.0022983937640968653,-0.0026567770415160683
-622.0950748621617,0.010018378426458743,0.002397374245324166,0.002287206193042442,-0.0026602947443772383
-622.1462453705017,0.009915086520643625,0.002382808068980348,0.002276055326777771,-0.0026637100544563853
-622.1974158788412,0.00980744005096697,0.002368378063331032,0.002264941006211579,-0.0026670257395395103
-622.2485863871811,0.009695684090631889,0.0023540813704519942,0.002253863073106028,-0.0026702444993129963
-622.2997568955207,0.009580086930302833,0.002339915199895086,0.00224282137007206,-0.002673368966835937
-622.3509274038602,0.00946090396205462,0.002325876827235327,0.0022318157405632993,-0.0026764017099869357
-622.4020979122001,0.009338411215705488,0.002311963592644991,0.0022208460288709853,-0.0026793452328849566
-622.4532684205396,0.009212874402201964,0.002298172899493084,0.0022099120801189324,-0.0026822019772848116
-622.5044389288796,0.009084572131080215,0.002284502212968709,0.0021990137402575715,-0.0026849743239478253
-622.5556094372191,0.008953790751030184,0.0022709490587311007,0.002188150856059472,-0.0026876645939873335
-622.6067799455586,0.008820795972998402,0.0022575110215823434,0.0021773232751134543,-0.0026902750501900732
-622.6579504538986,0.008685876725392741,0.002244185744165544,0.0021665308458197106,-0.0026928078983131294
-622.7091209622381,0.008549303878595585,0.0022309709256869187,0.0021557734173849627,-0.0026952652883570063
-622.7602914705781,0.008411356042143098,0.0022178643206603207,0.0021450508398166827,-0.002697649315815325
-622.8114619789176,0.00827230666613559,0.0022048637376768797,0.0021343629639188166,-0.0026999620229008997
-622.8626324872575,0.008132426620955441,0.0021919670381957816,0.002123709641285981,-0.0027022053997491626
-622.913802995597,0.0079919738783954,0.0021791721353596537,0.0021130907242992536,-0.002704381385598563
-622.9649735039366,0.007851208989966135,0.002166476992830638,0.002102506066120552,-0.0027064918699488765
-623.0161440122765,0.007710382188306613,0.0021538796236497556,0.0020919555206880074,-0.002708538693697215
-623.067314520616,0.007569735966902013,0.0021413780891180764,0.002081438942711365,-0.0027105236502522516
-623.118485028956,0.007429510239519587,0.0021289704976983318,0.002070956187666496,-0.002712448486627127
-623.1696555372955,0.00728992170246524,0.002116655003939399,0.0020605071117913236,-0.002714314904510888
-623.220826045635,0.007151197370916591,0.002104429807420092,0.0020500915720804117,-0.002716124561319282
-623.271996553975,0.0070135358831540495,0.002092293151714679,0.0020397094262804964,-0.00271787907122478
-623.3231670623145,0.006877133297740105,0.002080243323378751,0.0020293605328860734,-0.0027195800061662855
-623.3743375706545,0.006742170194929678,0.0020682786509540366,0.0020190447511340636,-0.00272122889683899
-623.425508078994,0.006608819415823908,0.002056397503994625,0.0020087619409999307,-0.002722827233664269
-623.4766785873335,0.006477240902934295,0.0020445982921110137,0.001998511963192428,-0.002724376467740377
-623.5278490956734,0.006347579120464779,0.0020328794640344272,0.00198829467914931,-0.0027258780117738455
-623.579019604013,0.006219955315157948,0.0020212395066999795,0.0019781099510330596,-0.0027273332409920425
-623.6301901123529,0.006094501052628103,0.0020096769443474264,0.00196795764172576,-0.0027287434940372964
-623.6813606206924,0.00597131178243856,0.001998190337641759,0.001957837614825339,-0.002730110073842543
-623.7325311290324,0.005850477794716779,0.001986778282810192,0.001947749734640417,-0.002731434248489187
-623.7837016373719,0.005732081640436439,0.0019754394107985187,0.0019376938661866063,-0.0027327172520470503
-623.8348721457114,0.005616174913956089,0.001964172386443416,0.001927669875181523,-0.0027339602853970702
-623.8860426540514,0.005502811789352204,0.0019529759076629349,0.0019176776280406985,-0.0027351645170367264
-623.9372131623909,0.005392023223239915,0.0019418487046639087,0.0019077169918735423,-0.002736331083868596
-623.9883836707309,0.005283827273644714,0.0019307895391649783,0.00189778783447843,-0.0027374610919724146
-624.0395541790704,0.0051782368391562385,0.0019197972036374797,0.0018878900243391636,-0.0027385556173606467
-624.0907246874099,0.00507523902118485,0.0019088705205609438,0.001878023430620135,-0.0027396157067181535
-624.1418951957498,0.004974808022551275,0.0018980083416953865,0.0018681879231623928,-0.0027406423781259695
-624.1930657040893,0.004876920625794166,0.0018872095473691573,0.0018583833724797462,-0.002741636621769551
-624.2442362124293,0.004781527816272902,0.0018764730457811224,0.001848609649754022,-0.002742599400631863
-624.2954067207688,0.0046885728401930785,0.0018657977723193016,0.0018388666268316562,-0.002743531651171317
-624.3465772291088,0.00459799120460651,0.0018551826888927717,0.0018291541762189274,-0.0027444342839851184
-624.3977477374483,0.004509700358539517,0.001844626783279585,0.001819472171078604,-0.002745308184457981
-624.4489182457878,0.004423617751018421,0.0018341290684875462,0.0018098204852253206,-0.002746154213396737
-624.5000887541278,0.004339637613608198,0.001823688582129944,0.0018001989931218597,-0.002746973207650879
-624.5512592624673,0.004257659337309676,0.0018133043858150253,0.0017906075698754342,-0.0027477659807193717
-624.6024297708072,0.004177577153687831,0.001802975564548078,0.0017810460912331644,-0.002748533323344049
-624.6536002791468,0.004099259497128361,0.0017927012261481716,0.0017715144335788608,-0.002749276004089652
-624.7047707874863,0.004022587700606605,0.0017824805006765383,0.0017620124739285447,-0.002749994769910969
-624.7559412958262,0.003947430198508263,0.001772312539878681,0.0017525400899268567,-0.0027506903467071388
-624.8071118041657,0.003873647686065251,0.0017621965166390338,0.0017430971598434894,-0.0027513634398634184
-624.8582823125057,0.003801108597663271,0.0017521316244470462,0.001733683562568799,-0.0027520147347807155
-624.9094528208452,0.003729665889380457,0.0017421170768767238,0.001724299177610715,-0.0027526448973929545
-624.9606233291847,0.0036591776767308,0.0017321521070766785,0.0017149438850904007,-0.0027532545746726854
-625.0117938375247,0.003589509814382072,0.0017222359672727536,0.001705617565738803,-0.0027538443951250122
-625.0629643458642,0.003520504939540699,0.0017123679282820413,0.0016963201008932025,-0.002754414969270124
-625.1141348542042,0.0034520314865923805,0.0017025472790372386,0.0016870513724929676,-0.002754966890114692
-625.1653053625437,0.003383952730486962,0.0016927733261233196,0.0016778112630765813,-0.002755500733612224
-625.2164758708836,0.0033161242070205064,0.0016830453933235913,0.001668599655777371,-0.002756017059112742
-625.2676463792232,0.0032484220897324957,0.0016733628211776995,0.0016594164343205734,-0.002756516409801836
-625.3188168875627,0.0031807122332907028,0.0016637249665487088,0.0016502614830191998,-0.0027569993131294542
-625.3699873959026,0.0031128708112346097,0.0016541312022012047,0.0016411346867707438,-0.002757466281228502
-625.4211579042421,0.003044797214565046,0.0016445809163893568,0.0016320359310539154,-0.002757917811323521
-625.4723284125821,0.0029763701965394218,0.001635073512453874,0.0016229651019245756,-0.0027583543861296645
-625.5234989209216,0.0029074943075944213,0.001625608408429811,0.001613922086012924,-0.002758776474242076
-625.5746694292611,0.0028380792576025837,0.0016161850366624825,0.0016049067705194982,-0.002759184530515979
-625.6258399376011,0.0027680450753081575,0.0016068028434333827,0.0015959190432119894,-0.0027595789964375696
-625.6770104459406,0.00269731436917332,0.0015974612885951167,0.0015869587924220965,-0.002759960300485943
-625.7281809542806,0.002625835544839522,0.0015881598452142883,0.0015780259070415892,-0.0027603288584862637
-625.7793514626201,0.0025535570079482143,0.0015788979992242915,0.0015691202765196126,-0.0027606850739542842
-625.83052197096,0.00248043490329463,0.0015696752490851865,0.0015602417908587118,-0.002761029338432488
-625.8816924792995,0.002406453752571205,0.0015604911054532098,0.00155139034061218,-0.002761362031817933
-625.932862987639,0.002331598077470374,0.0015513450908571122,0.0015425658168802142,-0.0027616835226820643
-625.984033495979,0.0022558730374279924,0.0015422367393832866,0.0015337681113069116,-0.0027619941685825882
-626.0352040043185,0.002179281212161987,0.0015331655963686098,0.0015249971160772578,-0.0027622943163676107
-626.0863745126585,0.002101863877159198,0.0015241312181001154,0.001516252723913382,-0.0027625843024722298
-626.137545020998,0.0020236545687526814,0.0015151331715232675,0.001507534828071979,-0.002762864453207674
-626.1887155293375,0.0019447152001726966,0.001506171033956343,0.0014988433223406118,-0.0027631350850432315
-626.2398860376775,0.0018651154238032844,0.0014972443928126969,0.0014901781010347886,-0.002763396504881054
-626.291056546017,0.0017849274717464134,0.0014883528453300122,0.001481539058995078,-0.0027636490103240285
-626.342227054357,0.0017042648515908914,0.0014794959983055532,0.0014729260915834655,-0.0027638928899368755
-626.3933975626965,0.0016232255926179617,0.00147067346783927,0.001464339094680887,-0.00276412842350058
-626.4445680710364,0.0015419489995957066,0.0014618848790821592,0.0014557779646835593,-0.002764355882260363
-626.4957385793759,0.0014605563192667162,0.001453129865992242,0.0014472425985005478,-0.0027645755291672686
-626.5469090877154,0.001379215233296275,0.0014444080710955998,0.0014387328935502167,-0.00276478761911358
-626.5980795960554,0.0012980753653241747,0.0014357191452542858,0.0014302487477574626,-0.0027649923991621395
-626.6492501043949,0.0012173224550411919,0.0014270627474401811,0.0014217900595509636,-0.002765190108769745
-626.7004206127349,0.0011371396624201757,0.001418438544513886,0.001413356727859689,-0.0027653809800047653
-626.7515911210744,0.0010577307851773949,0.0014098462110104762,0.0014049486521105722,-0.0027655652377590583
-626.8027616294139,0.0009792996210291176,0.0014012854289296357,0.0013965657322250612,-0.002765743099954388
-626.8539321377539,0.0009020654459991773,0.0013927558875320091,0.0013882078686164516,-0.0027659147777434052
-626.9051026460934,0.0008262604347010448,0.0013842572831408444,0.0013798749621872337,-0.002766080475705352
-626.9562731544333,0.0007521270806199,0.0013757893189480573,0.0013715669143257087,-0.002766240392036614
-627.0074436627729,0.0006798949786512863,0.0013673517048264972,0.0013632836269037454,-0.0027663947187362104
-627.0586141711124,0.000609829839741731,0.0013589441571460292,0.0013550250022734442,-0.0027665436417863777
-627.1097846794523,0.0005421844762481243,0.0013505663985951912,0.0013467909432645611,-0.0027666873413283327
-627.1609551877918,0.0004772194396811386,0.0013422181580075615,0.0013385813531819365,-0.0027668259918333378
-627.2121256961318,0.0004152081801410837,0.0013338991701920002,0.0013303961358022338,-0.0027669597622691964
-627.2632962044713,0.0003564164085744871,0.001325609175768481,0.0013222351953717658,-0.002767088816262248
-627.3144667128113,0.00030112015479958585,0.0013173479210071425,0.0013140984366031973,-0.002767213312255017
-627.3656372211508,0.0002495954486346172,0.0013091151576727915,0.0013059857646734083,-0.0027673334036595796
-627.4168077294903,0.0002021080010261086,0.0013009106428724959,0.0012978970852203097,-0.0027674492390067766
-627.4679782378303,0.0001589390012281521,0.0012927341389079787,0.00128983230434038,-0.002767560962091364
-627.5191487461698,0.00012035931962313004,0.001284585413131999,0.0012817913285862281,-0.0027676687121131914
-627.5703192545097,8.663724687549724e-05,0.0012764642378078968,0.0012737740649634622,-0.0027677726238145286
-627.6214897628493,5.803849393178111e-05,0.0012683703899739984,0.0012657804209286372,-0.0027678728276136016
-627.6726602711888,3.482361230265416e-05,0.0012603036513106577,0.001257810304386159,-0.0027679694497344644
-627.7238307795287,1.7250573780861422e-05,0.0012522638080116025,0.0012498636236859119,-0.002768062612333272
-627.7750012878682,5.564451569510706e-06,0.0012442506506588204,0.0012419402876209097,-0.0027681524336210525
-627.8261717962082,0.0,0.0012362639741001383,0.0012340402054242488,-0.002768239027983073
-627.8773423045477,7.971328395822013e-07,0.001228303577331237,0.0012261632867671406,-0.0027683225060948667
-627.9285128128877,8.1699666762357e-06,0.0012203692633797765,0.001218309441755837,-0.0027684029750350233
-627.9796833212272,2.2327458662083985e-05,0.0012124608391938419,0.0012104785809296885,-0.002768480538394809
-628.0308538295667,4.347340651339565e-05,0.0012045781155324317,0.0012026706152581767,-0.0027685552963847074
-628.0820243379067,7.179097020301968e-05,0.0011967209068596703,0.0011948854561386582,-0.0027686273459379507
-628.1331948462462,0.00010745041111416778,0.0011888890312419654,0.0011871230153941222,-0.00276869678081112
-628.1843653545861,0.00015061167175834194,0.0011810823102473438,0.0011793832052702786,-0.0027687636916818976
-628.2355358629256,0.0002014140569036244,0.00117330056884862,0.001171665938433685,-0.0027688281662440277
-628.2867063712652,0.00025998655244638776,0.0011655436353282572,0.00116397112796887,-0.0027688902892995756
-628.3378768796051,0.00032643234710373007,0.0011578113411865828,0.0011562986873761582,-0.0027689501428485377
-628.3890473879446,0.00040085204987482176,0.0011501035210525743,0.0011486485305694971,-0.0027690078061758856
-628.4402178962846,0.0004833153131437041,0.0011424200125964954,0.0011410205718736352,-0.002769063355936103
-628.4913884046241,0.0005738763109868535,0.0011347606564460029,0.0011334147260223192,-0.002769116866235279
-628.5425589129636,0.0006725763188911093,0.0011271252961036426,0.00112583090815551,-0.00276916840871083
-628.5937294213036,0.0007794282354461086,0.001119513777867323,0.0011182690338172653,-0.002769218052608905
-628.6448999296431,0.0008944320606518514,0.0011119259507530854,0.001110729018953658,-0.0027692658648595355
-628.696070437983,0.0010175645770469908,0.0011043616664193926,0.0011032107799100262,-0.0027693119101495963
-628.7472409463226,0.00114878192942676,0.0010968207790945797,0.0010957142334292458,-0.002769356250993629
-628.7984114546625,0.001288027363996755,0.0010893031455053337,0.001088239296648955,-0.002769398947802584
-628.849581963002,0.0014352054311936601,0.001081808624808262,0.0010807858870998449,-0.0027694400589505456
-628.9007524713415,0.0015902181017362327,0.0010743370785224653,0.0010733539227029852,-0.0027694796408394826
-628.9519229796815,0.0017529389694460273,0.0010668883704646973,0.0010659433217678196,-0.002769517747962085
-629.003093488021,0.0019232235701191066,0.0010594623666863928,0.0010585540029901673,-0.0027695544329627373
-629.054263996361,0.0021008990626543316,0.0010520589354118806,0.0010511858854495956,-0.002769589746696678
-629.1054345047005,0.0022857822870788534,0.001044677946979352,0.0010438388886077807,-0.0027696237382873914
-629.15660501304,0.002477666865958476,0.0010373192737825783,0.0010365129323059046,-0.002769656455182289
-629.20777552138,0.0026763232043976555,0.0010299827902149638,0.0010292079367627176,-0.0027696879432067166
-629.2589460297195,0.0028815036494753577,0.0010226683726152412,0.0010219238225726143,-0.002769718246616336
-629.3101165380594,0.003092945069962982,0.0010153758992141036,0.0010146605107030772,-0.0027697474081479364
-629.361287046399,0.0033103611171705818,0.0010081052500833625,0.0010074179224930997,-0.0027697754690687
-629.4124575547389,0.003533452543818573,0.0010008563070855784,0.0010001959796505978,-0.002769802469223982
-629.4636280630784,0.003761894305448096,0.0009936289538261798,0.0009929946042508534,-0.0027698284470836364
-629.5147985714179,0.003995358777882365,0.000986423075606055,0.0009858137187340218,-0.0027698534397869296
-629.5659690797579,0.004233489960047392,0.000979238559376156,0.0009786532459032794,-0.002769877483186086
-629.6171395880974,0.004475913792843698,0.0009720752936934625,0.000971513108922998,-0.0027699006118884983
-629.6683100964374,0.004722261376607654,0.0009649331686776047,0.000964393231316283,-0.002769922859297641
-629.7194806047769,0.004972130275342581,0.0009578120759697146,0.0009572935369634812,-0.0027699442576527293
-629.7706511131164,0.005225112893615941,0.0009507119086915724,0.000950213950099759,-0.0027699648380671493
-629.8218216214564,0.005480796476559341,0.0009436325614065725,0.0009431543953133149,-0.002769984630565705
-629.8729921297959,0.005738747631560971,0.0009365739300818666,0.0009361147975436111,-0.0027700036641207073
-629.9241626381358,0.00599853038629109,0.0009295359120510037,0.0009290950820789808,-0.00277002196668694
-629.9753331464754,0.006259695869830322,0.0009225184059786225,0.0009220951745552014,-0.0027700395652355417
