ppm,Intensity
10547.8,-15
10546.6,-15
10545.4,-15
10544.1,-15
10542.9,-15
10541.7,-15
10540.4,-15
10539.2,-15
10538,-15
10536.8,-15
10535.5,-15
10534.3,-15
10533.1,-15
10531.9,-15
10530.6,-15
10529.4,-15
10528.2,-15
10527,-15
10525.7,-15
10524.5,-15
10523.3,-15
10522,-15
10520.8,-15
10519.6,-15
10518.4,-15
10517.1,-15
10515.9,-15
10514.7,-15
10513.5,-15
10512.2,-15
10511,-15
10509.8,-15
10508.5,-15
10507.3,-15
10506.1,-15
10504.9,-15
10503.6,-15
10502.4,-15
10501.2,-15
10500,-15
10498.7,-15
10497.5,-15
10496.3,-15
10495.1,-15
10493.8,-15
10492.6,-15
10491.4,-15
10490.1,-15
10488.9,-15
10487.7,-15
10486.5,-15
10485.2,-15
10484,-15
10482.8,-15
10481.6,-15
10480.3,-15
10479.1,-15
10477.9,-15
10476.6,-15
10475.4,-15
10474.2,-15
10473,-15
10471.7,-15
10470.5,-15
10469.3,-15
10468.1,-15
10466.8,-15
10465.6,-15
10464.4,-15
10463.2,-15
10461.9,-15
10460.7,-15
10459.5,-15
10458.2,-15
10457,-15
10455.8,-15
10454.6,-15
10453.3,-15
10452.1,-15
10450.9,-15
10449.7,-15
10448.4,-15
10447.2,-15
10446,-15
10444.7,-15
10443.5,-15
10442.3,-15
10441.1,-15
10439.8,-15
10438.6,-15
10437.4,-15
10436.2,-15
10434.9,-15
10433.7,-15
10432.5,-15
10431.3,-15
10430,-15
10428.8,-15
10427.6,-15
10426.3,-15
10425.1,-15
10423.9,-15
10422.7,-15
10421.4,-15
10420.2,-15
10419,-15
10417.8,-15
10416.5,-15
10415.3,-15
10414.1,-15
10412.8,-15
10411.6,-15
10410.4,-15
10409.2,-15
10407.9,-15
10406.7,-15
10405.5,-15
10404.3,-15
10403,-15
10401.8,-15
10400.6,-15
10399.4,-15
10398.1,-15
10396.9,-15
10395.7,-15
10394.4,-15
10393.2,-15
10392,-15
10390.8,-15
10389.5,-15
10388.3,-15
10387.1,-15
10385.9,-15
10384.6,-15
10383.4,-15
10382.2,-15
10381,-15
10379.7,-15
10378.5,-15
10377.3,-15
10376,-15
10374.8,-15
10373.6,-15
10372.4,-15
10371.1,-15
10369.9,-15
10368.7,-15
10367.5,-15
10366.2,-15
10365,-15
10363.8,-15
10362.5,-15
10361.3,-15
10360.1,-15
10358.9,-15
10357.6,-15
10356.4,-15
10355.2,-15
10354,-15
10352.7,-15
10351.5,-15
10350.3,-15
10349.1,-15
10347.8,-15
10346.6,-15
10345.4,-15
10344.1,-15
10342.9,-15
10341.7,-15
10340.5,-15
10339.2,-15
10338,-15
10336.8,-15
10335.6,-15
10334.3,-15
10333.1,-15
10331.9,-15
10330.6,-15
10329.4,-15
10328.2,-15
10327,-15
10325.7,-15
10324.5,-15
10323.3,-15
10322.1,-15
10320.8,-15
10319.6,-15
10318.4,-15
10317.2,-15
10315.9,-15
10314.7,-15
10313.5,-15
10312.2,-15
10311,-15
10309.8,-15
10308.6,-15
10307.3,-15
10306.1,-15
10304.9,-15
10303.7,-15
10302.4,-15
10301.2,-15
10300,-15
10298.7,-15
10297.5,-15
10296.3,-15
10295.1,-15
10293.8,-15
10292.6,-15
10291.4,-15
10290.2,-15
10288.9,-15
10287.7,-15
10286.5,-15
10285.3,-15
10284,-15
10282.8,-15
10281.6,-15
10280.3,-15
10279.1,-15
10277.9,-15
10276.7,-15
10275.4,-15
10274.2,-15
10273,-15
10271.8,-15
10270.5,-15
10269.3,-15
10268.1,-15
10266.8,-15
10265.6,-15
10264.4,-15
10263.2,-15
10261.9,-15
10260.7,-15
10259.5,-15
10258.3,-15
10257,-15
10255.8,-15
10254.6,-15
10253.4,-15
10252.1,-15
10250.9,-15
10249.7,-15
10248.4,-15
10247.2,-15
10246,-15
10244.8,-15
10243.5,-15
10242.3,-15
10241.1,-15
10239.9,-15
10238.6,-15
10237.4,-15
10236.2,-15
10235,-15
10233.7,-15
10232.5,-15
10231.3,-15
10230,-15
10228.8,-15
10227.6,-15
10226.4,-15
10225.1,-15
10223.9,-15
10222.7,-15
10221.5,-15
10220.2,-15
10219,-15
10217.8,-15
10216.5,-15
10215.3,-15
10214.1,-15
10212.9,-15
10211.6,-15
10210.4,-15
10209.2,-15
10208,-15
10206.7,-15
10205.5,-15
10204.3,-15
10203.1,-15
10201.8,-15
10200.6,-15
10199.4,-15
10198.1,-15
10196.9,-15
10195.7,-15
10194.5,-15
10193.2,-15
10192,-15
10190.8,-15
10189.6,-15
10188.3,-15
10187.1,-15
10185.9,-15
10184.6,-15
10183.4,-15
10182.2,-15
10181,-15
10179.7,-15
10178.5,-15
10177.3,-15
10176.1,-15
10174.8,-15
10173.6,-15
10172.4,-15
10171.2,-15
10169.9,-15
10168.7,-15
10167.5,-15
10166.2,-15
10165,-15
10163.8,-15
10162.6,-15
10161.3,-15
10160.1,-15
10158.9,-15
10157.7,-15
10156.4,-15
10155.2,-15
10154,-15
10152.7,-15
10151.5,-15
10150.3,-15
10149.1,-15
10147.8,-15
10146.6,-15
10145.4,-15
10144.2,-15
10142.9,-15
10141.7,-15
10140.5,-15
10139.3,-15
10138,-15
10136.8,-15
10135.6,-15
10134.3,-15
10133.1,-15
10131.9,-15
10130.7,-15
10129.4,-15
10128.2,-15
10127,-15
10125.8,-15
10124.5,-15
10123.3,-15
10122.1,-15
10120.8,-15
10119.6,-15
10118.4,-15
10117.2,-15
10115.9,-15
10114.7,-15
10113.5,-15
10112.3,-15
10111,-15
10109.8,-15
10108.6,-15
10107.4,-15
10106.1,-15
10104.9,-15
10103.7,-15
10102.4,-15
10101.2,-15
10100,-15
10098.8,-15
10097.5,-15
10096.3,-15
10095.1,-15
10093.9,-15
10092.6,-15
10091.4,-15
10090.2,-15
10089,-15
10087.7,-15
10086.5,-15
10085.3,-15
10084,-15
10082.8,-15
10081.6,-15
10080.4,-15
10079.1,-15
10077.9,-15
10076.7,-15
10075.5,-15
10074.2,-15
10073,-15
10071.8,-15
10070.5,-15
10069.3,-15
10068.1,-15
10066.9,-15
10065.6,-15
10064.4,-15
10063.2,-15
10062,-15
10060.7,-15
10059.5,-15
10058.3,-15
10057.1,-15
10055.8,-15
10054.6,-15
10053.4,-15
10052.1,-15
10050.9,-15
10049.7,-15
10048.5,-15
10047.2,-15
10046,-15
10044.8,-15
10043.6,-15
10042.3,-15
10041.1,-15
10039.9,-15
10038.6,-15
10037.4,-15
10036.2,-15
10035,-15
10033.7,-15
10032.5,-15
10031.3,-15
10030.1,-15
10028.8,-15
10027.6,-15
10026.4,-15
10025.2,-15
10023.9,-15
10022.7,-15
10021.5,-15
10020.2,-15
10019,-15
10017.8,-15
10016.6,-15
10015.3,-15
10014.1,-15
10012.9,-15
10011.7,-15
10010.4,-15
10009.2,-15
10008,-15
10006.7,-15
10005.5,-15
10004.3,-15
10003.1,-15
10001.8,-15
10000.6,-15
9999.39,-15
9998.16,-15
9996.93,-15
9995.71,-15
9994.48,-15
9993.25,-15
9992.03,-15
9990.8,-15
9989.57,-15
9988.34,-15
9987.12,-15
9985.89,-15
9984.66,-15
9983.44,-15
9982.21,-15
9980.98,-15
9979.76,-15
9978.53,-15
9977.3,-15
9976.08,-15
9974.85,-15
9973.62,-15
9972.4,-15
9971.17,-15
9969.94,-15
9968.71,-15
9967.49,-15
9966.26,-15
9965.03,-15
9963.81,-15
9962.58,-15
9961.35,-15
9960.13,-15
9958.9,-15
9957.67,-15
9956.45,-15
9955.22,-15
9953.99,-15
9952.77,-15
9951.54,-15
9950.31,-15
9949.08,-15
9947.86,-15
9946.63,-15
9945.4,-15
9944.18,-15
9942.95,-15
9941.72,-15
9940.5,-15
9939.27,-15
9938.04,-15
9936.82,-15
9935.59,-15
9934.36,-15
9933.13,-15
9931.91,-15
9930.68,-15
9929.45,-15
9928.23,-15
9927,-15
9925.77,-15
9924.55,-15
9923.32,-15
9922.09,-15
9920.87,-15
9919.64,-15
9918.41,-15
9917.19,-15
9915.96,-15
9914.73,-15
9913.5,-15
9912.28,-15
9911.05,-15
9909.82,-15
9908.6,-15
9907.37,-15
9906.14,-15
9904.92,-15
9903.69,-15
9902.46,-15
9901.24,-15
9900.01,-15
9898.78,-15
9897.55,-15
9896.33,-15
9895.1,-15
9893.87,-15
9892.65,-15
9891.42,-15
9890.19,-15
9888.97,-15
9887.74,-15
9886.51,-15
9885.29,-15
9884.06,-15
9882.83,-15
9881.61,-15
9880.38,-15
9879.15,-15
9877.92,-15
9876.7,-15
9875.47,-15
9874.24,-15
9873.02,-15
9871.79,-15
9870.56,-15
9869.34,-15
9868.11,-15
9866.88,-15
9865.66,-15
9864.43,-15
9863.2,-15
9861.98,-15
9860.75,-15
9859.52,-15
9858.29,-15
9857.07,-15
9855.84,-15
9854.61,-15
9853.39,-15
9852.16,-15
9850.93,-15
9849.71,-15
9848.48,-15
9847.25,-15
9846.03,-15
9844.8,-15
9843.57,-15
9842.34,-15
9841.12,-15
9839.89,-15
9838.66,-15
9837.44,-15
9836.21,-15
9834.98,-15
9833.76,-15
9832.53,-15
9831.3,-15
9830.08,-15
9828.85,-15
9827.62,-15
9826.4,-15
9825.17,-15
9823.94,-15
9822.71,-15
9821.49,-15
9820.26,-15
9819.03,-15
9817.81,-15
9816.58,-15
9815.35,-15
9814.13,-15
9812.9,-15
9811.67,-15
9810.45,-15
9809.22,-15
9807.99,-15
9806.76,-15
9805.54,-15
9804.31,-15
9803.08,-15
9801.86,-15
9800.63,-15
9799.4,-15
9798.18,-15
9796.95,-15
9795.72,-15
9794.5,-15
9793.27,-15
9792.04,-15
9790.82,-15
9789.59,-15
9788.36,-15
9787.13,-15
9785.91,-15
9784.68,-15
9783.45,-15
9782.23,-15
9781,-15
9779.77,-15
9778.55,-15
9777.32,-15
9776.09,-15
9774.87,-15
9773.64,-15
9772.41,-15
9771.19,-15
9769.96,-15
9768.73,-15
9767.5,-15
9766.28,-15
9765.05,-15
9763.82,-15
9762.6,-15
9761.37,-15
9760.14,-15
9758.92,-15
9757.69,-15
9756.46,-15
9755.24,-15
9754.01,-15
9752.78,-15
9751.55,-15
9750.33,-15
9749.1,-15
9747.87,-15
9746.65,-15
9745.42,-15
9744.19,-15
9742.97,-15
9741.74,-15
9740.51,-15
9739.29,-15
9738.06,-15
9736.83,-15
9735.61,-15
9734.38,-15
9733.15,-15
9731.92,-15
9730.7,-15
9729.47,-15
9728.24,-15
9727.02,-15
9725.79,-15
9724.56,-15
9723.34,-15
9722.11,-15
9720.88,-15
9719.66,-15
9718.43,-15
9717.2,-15
9715.97,-15
9714.75,-15
9713.52,-15
9712.29,-15
9711.07,-15
9709.84,-15
9708.61,-15
9707.39,-15
9706.16,-15
9704.93,-15
9703.71,-15
9702.48,-15
9701.25,-15
9700.03,-15
9698.8,-15
9697.57,-15
9696.34,-15
9695.12,-15
9693.89,-15
9692.66,-15
9691.44,-15
9690.21,-15
9688.98,-15
9687.76,-15
9686.53,-15
9685.3,-15
9684.08,-15
9682.85,-15
9681.62,-15
9680.4,-15
9679.17,-15
9677.94,-15
9676.71,-15
9675.49,-15
9674.26,-15
9673.03,-15
9671.81,-15
9670.58,-15
9669.35,-15
9668.13,-15
9666.9,-15
9665.67,-15
9664.45,-15
9663.22,-15
9661.99,-15
9660.76,-15
9659.54,-15
9658.31,-15
9657.08,-15
9655.86,-15
9654.63,-15
9653.4,-15
9652.18,-15
9650.95,-15
9649.72,-15
9648.5,-15
9647.27,-15
9646.04,-15
9644.82,-15
9643.59,-15
9642.36,-15
9641.13,-15
9639.91,-15
9638.68,-15
9637.45,-15
9636.23,-15
9635,-15
9633.77,-15
9632.55,-15
9631.32,-15
9630.09,-15
9628.87,-15
9627.64,-15
9626.41,-15
9625.19,-15
9623.96,-15
9622.73,-15
9621.5,-15
9620.28,-15
9619.05,-15
9617.82,-15
9616.6,-15
9615.37,-15
9614.14,-15
9612.92,-15
9611.69,-15
9610.46,-15
9609.24,-15
9608.01,-15
9606.78,-15
9605.55,-15
9604.33,-15
9603.1,-15
9601.87,-15
9600.65,-15
9599.42,-15
9598.19,-15
9596.97,-15
9595.74,-15
9594.51,-15
9593.29,-15
9592.06,-15
9590.83,-15
9589.61,-15
9588.38,-15
9587.15,-15
9585.92,-15
9584.7,-15
9583.47,-15
9582.24,-15
9581.02,-15
9579.79,-15
9578.56,-15
9577.34,-15
9576.11,-15
9574.88,-15
9573.66,-15
9572.43,-15
9571.2,-15
9569.97,-15
9568.75,-15
9567.52,-15
9566.29,-15
9565.07,-15
9563.84,-15
9562.61,-15
9561.39,-15
9560.16,-15
9558.93,-15
9557.71,-15
9556.48,-15
9555.25,-15
9554.03,-15
9552.8,-15
9551.57,-15
9550.34,-15
9549.12,-15
9547.89,-15
9546.66,-15
9545.44,-15
9544.21,-15
9542.98,-15
9541.76,-15
9540.53,-15
9539.3,-15
9538.08,-15
9536.85,-15
9535.62,-15
9534.4,-15
9533.17,-15
9531.94,-15
9530.71,-15
9529.49,-15
9528.26,-15
9527.03,-15
9525.81,-15
9524.58,-15
9523.35,-15
9522.13,-15
9520.9,-15
9519.67,-15
9518.45,-15
9517.22,-15
9515.99,-15
9514.76,-15
9513.54,-15
9512.31,-15
9511.08,-15
9509.86,-15
9508.63,-15
9507.4,-15
9506.18,-15
9504.95,-15
9503.72,-15
9502.5,-15
9501.27,-15
9500.04,-15
9498.82,-15
9497.59,-15
9496.36,-15
9495.13,-15
9493.91,-15
9492.68,-15
9491.45,-15
9490.23,-15
9489,-15
9487.77,-15
9486.55,-15
9485.32,-15
9484.09,-15
9482.87,-15
9481.64,-15
9480.41,-15
9479.18,-15
9477.96,-15
9476.73,-15
9475.5,-15
9474.28,-15
9473.05,-15
9471.82,-15
9470.6,-15
9469.37,-15
9468.14,-15
9466.92,-15
9465.69,-15
9464.46,-15
9463.24,-15
9462.01,-15
9460.78,-15
9459.55,-15
9458.33,-15
9457.1,-15
9455.87,-15
9454.65,-15
9453.42,-15
9452.19,-15
9450.97,-15
9449.74,-15
9448.51,-15
9447.29,-15
9446.06,-15
9444.83,-15
9443.61,-15
9442.38,-15
9441.15,-15
9439.92,-15
9438.7,-15
9437.47,-15
9436.24,-15
9435.02,-15
9433.79,-15
9432.56,-15
9431.34,-15
9430.11,-15
9428.88,-15
9427.66,-15
9426.43,-15
9425.2,-15
9423.97,-15
9422.75,-15
9421.52,-15
9420.29,-15
9419.07,-15
9417.84,-15
9416.61,-15
9415.39,-15
9414.16,-15
9412.93,-15
9411.71,-15
9410.48,-15
9409.25,-15
9408.03,-15
9406.8,-15
9405.57,-15
9404.34,-15
9403.12,-15
9401.89,-15
9400.66,-15
9399.44,-15
9398.21,-15
9396.98,-15
9395.76,-15
9394.53,-15
9393.3,-15
9392.08,-15
9390.85,-15
9389.62,-15
9388.39,-15
9387.17,-15
9385.94,-15
9384.71,-15
9383.49,-15
9382.26,-15
9381.03,-15
9379.81,-15
9378.58,-15
9377.35,-15
9376.13,-15
9374.9,-15
9373.67,-15
9372.45,-15
9371.22,-15
9369.99,-15
9368.76,-15
9367.54,-15
9366.31,-15
9365.08,-15
9363.86,-15
9362.63,-15
9361.4,-15
9360.18,-15
9358.95,-15
9357.72,-15
9356.5,-15
9355.27,-15
9354.04,-15
9352.82,-15
9351.59,-15
9350.36,-15
9349.13,-15
9347.91,-15
9346.68,-15
9345.45,-15
9344.23,-15
9343,-15
9341.77,-15
9340.55,-15
9339.32,-15
9338.09,-15
9336.87,-15
9335.64,-15
9334.41,-15
9333.18,-15
9331.96,-15
9330.73,-15
9329.5,-15
9328.28,-15
9327.05,-15
9325.82,-15
9324.6,-15
9323.37,-15
9322.14,-15
9320.92,-15
9319.69,-15
9318.46,-15
9317.24,-15
9316.01,-15
9314.78,-15
9313.55,-15
9312.33,-15
9311.1,-15
9309.87,-15
9308.65,-15
9307.42,-15
9306.19,-15
9304.97,-15
9303.74,-15
9302.51,-15
9301.29,-15
9300.06,-15
9298.83,-15
9297.6,-15
9296.38,-15
9295.15,-15
9293.92,-15
9292.7,-15
9291.47,-15
9290.24,-15
9289.02,-15
9287.79,-15
9286.56,-15
9285.34,-15
9284.11,-15
9282.88,-15
9281.66,-15
9280.43,-15
9279.2,-15
9277.97,-15
9276.75,-15
9275.52,-15
9274.29,-15
9273.07,-15
9271.84,-15
9270.61,-15
9269.39,-15
9268.16,-15
9266.93,-15
9265.71,-15
9264.48,-15
9263.25,-15
9262.03,-15
9260.8,-15
9259.57,-15
9258.34,-15
9257.12,-15
9255.89,-15
9254.66,-15
9253.44,-15
9252.21,-15
9250.98,-15
9249.76,-15
9248.53,-15
9247.3,-15
9246.08,-15
9244.85,-15
9243.62,-15
9242.39,-15
9241.17,-15
9239.94,-15
9238.71,-15
9237.49,-15
9236.26,-15
9235.03,-15
9233.81,-15
9232.58,-15
9231.35,-15
9230.13,-15
9228.9,-15
9227.67,-15
9226.45,-15
9225.22,-15
9223.99,-15
9222.76,-15
9221.54,-15
9220.31,-15
9219.08,-15
9217.86,-15
9216.63,-15
9215.4,-15
9214.18,-15
9212.95,-15
9211.72,-15
9210.5,-15
9209.27,-15
9208.04,-15
9206.81,-15
9205.59,-15
9204.36,-15
9203.13,-15
9201.91,-15
9200.68,-15
9199.45,-15
9198.23,-15
9197,-15
9195.77,-15
9194.55,-15
9193.32,-15
9192.09,-15
9190.87,-15
9189.64,-15
9188.41,-15
9187.18,-15
9185.96,-15
9184.73,-15
9183.5,-15
9182.28,-15
9181.05,-15
9179.82,-15
9178.6,-15
9177.37,-15
9176.14,-15
9174.92,-15
9173.69,-15
9172.46,-15
9171.24,-15
9170.01,-15
9168.78,-15
9167.55,-15
9166.33,-15
9165.1,-15
9163.87,-15
9162.65,-15
9161.42,-15
9160.19,-15
9158.97,-15
9157.74,-15
9156.51,-15
9155.29,-15
9154.06,-15
9152.83,-15
9151.6,-15
9150.38,-15
9149.15,-15
9147.92,-15
9146.7,-15
9145.47,-15
9144.24,-15
9143.02,-15
9141.79,-15
9140.56,-15
9139.34,-15
9138.11,-15
9136.88,-15
9135.66,-15
9134.43,-15
9133.2,-15
9131.97,-15
9130.75,-15
9129.52,-15
9128.29,-15
9127.07,-15
9125.84,-15
9124.61,-15
9123.39,-15
9122.16,-15
9120.93,-15
9119.71,-15
9118.48,-15
9117.25,-15
9116.02,-15
9114.8,-15
9113.57,-15
9112.34,-15
9111.12,-15
9109.89,-15
9108.66,-15
9107.44,-15
9106.21,-15
9104.98,-15
9103.76,-15
9102.53,-15
9101.3,-15
9100.08,-15
9098.85,-15
9097.62,-15
9096.39,-15
9095.17,-15
9093.94,-15
9092.71,-15
9091.49,-15
9090.26,-15
9089.03,-15
9087.81,-15
9086.58,-15
9085.35,-15
9084.13,-15
9082.9,-15
9081.67,-15
9080.45,-15
9079.22,-15
9077.99,-15
9076.76,-15
9075.54,-15
9074.31,-15
9073.08,-15
9071.86,-15
9070.63,-15
9069.4,-15
9068.18,-15
9066.95,-15
9065.72,-15
9064.5,-15
9063.27,-15
9062.04,-15
9060.81,-15
9059.59,-15
9058.36,-15
9057.13,-15
9055.91,-15
9054.68,-15
9053.45,-15
9052.23,-15
9051,-15
9049.77,-15
9048.55,-15
9047.32,-15
9046.09,-15
9044.87,-15
9043.64,-15
9042.41,-15
9041.18,-15
9039.96,-15
9038.73,-15
9037.5,-15
9036.28,-15
9035.05,-15
9033.82,-15
9032.6,-15
9031.37,-15
9030.14,-15
9028.92,-15
9027.69,-15
9026.46,-15
9025.23,-15
9024.01,-15
9022.78,-15
9021.55,-15
9020.33,-15
9019.1,-15
9017.87,-15
9016.65,-15
9015.42,-15
9014.19,-15
9012.97,-15
9011.74,-15
9010.51,-15
9009.29,-15
9008.06,-15
9006.83,-15
9005.6,-15
9004.38,-15
9003.15,-15
9001.92,-15
9000.7,-15
8999.47,-15
8998.24,-15
8997.02,-15
8995.79,-15
8994.56,-15
8993.34,-15
8992.11,-15
8990.88,-15
8989.66,-15
8988.43,-15
8987.2,-15
8985.97,-15
8984.75,-15
8983.52,-15
8982.29,-15
8981.07,-15
8979.84,-15
8978.61,-15
8977.39,-15
8976.16,-15
8974.93,-15
8973.71,-15
8972.48,-15
8971.25,-15
8970.02,-15
8968.8,-15
8967.57,-15
8966.34,-15
8965.12,-15
8963.89,-15
8962.66,-15
8961.44,-15
8960.21,-15
8958.98,-15
8957.76,-15
8956.53,-15
8955.3,-15
8954.08,-15
8952.85,-15
8951.62,-15
8950.39,-15
8949.17,-15
8947.94,-15
8946.71,-15
8945.49,-15
8944.26,-15
8943.03,-15
8941.81,-15
8940.58,-15
8939.35,-15
8938.13,-15
8936.9,-15
8935.67,-15
8934.44,-15
8933.22,-15
8931.99,-15
8930.76,-15
8929.54,-15
8928.31,-15
8927.08,-15
8925.86,-15
8924.63,-15
8923.4,-15
8922.18,-15
8920.95,-15
8919.72,-15
8918.5,-15
8917.27,-15
8916.04,-15
8914.81,-15
8913.59,-15
8912.36,-15
8911.13,-15
8909.91,-15
8908.68,-15
8907.45,-15
8906.23,-15
8905,-15
8903.77,-15
8902.55,-15
8901.32,-15
8900.09,-15
8898.87,-15
8897.64,-15
8896.41,-15
8895.18,-15
8893.96,-15
8892.73,-15
8891.5,-15
8890.28,-15
8889.05,-15
8887.82,-15
8886.6,-15
8885.37,-15
8884.14,-15
8882.92,-15
8881.69,-15
8880.46,-15
8879.23,-15
8878.01,-15
8876.78,-15
8875.55,-15
8874.33,-15
8873.1,-15
8871.87,-15
8870.65,-15
8869.42,-15
8868.19,-15
8866.97,-15
8865.74,-15
8864.51,-15
8863.29,-15
8862.06,-15
8860.83,-15
8859.6,-15
8858.38,-15
8857.15,-15
8855.92,-15
8854.7,-15
8853.47,-15
8852.24,-15
8851.02,-15
8849.79,-15
8848.56,-15
8847.34,-15
8846.11,-15
8844.88,-15
8843.65,-15
8842.43,-15
8841.2,-15
8839.97,-15
8838.75,-15
8837.52,-15
8836.29,-15
8835.07,-15
8833.84,-15
8832.61,-15
8831.39,-15
8830.16,-15
8828.93,-15
8827.71,-15
8826.48,-15
8825.25,-15
8824.02,-15
8822.8,-15
8821.57,-15
8820.34,-15
8819.12,-15
8817.89,-15
8816.66,-15
8815.44,-15
8814.21,-15
8812.98,-15
8811.76,-15
8810.53,-15
8809.3,-15
8808.08,-15
8806.85,-15
8805.62,-15
8804.39,-15
8803.17,-15
8801.94,-15
8800.71,-15
8799.49,-15
8798.26,-15
8797.03,-15
8795.81,-15
8794.58,-15
8793.35,-15
8792.13,-15
8790.9,-15
8789.67,-15
8788.44,-15
8787.22,-15
8785.99,-15
8784.76,-15
8783.54,-15
8782.31,-15
8781.08,-15
8779.86,-15
8778.63,-15
8777.4,-15
8776.18,-15
8774.95,-15
8773.72,-15
8772.5,-15
8771.27,-15
8770.04,-15
8768.81,-15
8767.59,-15
8766.36,-15
8765.13,-15
8763.91,-15
8762.68,-15
8761.45,-15
8760.23,-15
8759,-15
8757.77,-15
8756.55,-15
8755.32,-15
8754.09,-15
8752.87,-15
8751.64,-15
8750.41,-15
8749.18,-15
8747.96,-15
8746.73,-15
8745.5,-15
8744.28,-15
8743.05,-15
8741.82,-15
8740.6,-15
8739.37,-15
8738.14,-15
8736.92,-15
8735.69,-15
8734.46,-15
8733.23,-15
8732.01,-15
8730.78,-15
8729.55,-15
8728.33,-15
8727.1,-15
8725.87,-15
8724.65,-15
8723.42,-15
8722.19,-15
8720.97,-15
8719.74,-15
8718.51,-15
8717.29,-15
8716.06,-15
8714.83,-15
8713.6,-15
8712.38,-15
8711.15,-15
8709.92,-15
8708.7,-15
8707.47,-15
8706.24,-15
8705.02,-15
8703.79,-15
8702.56,-15
8701.33,-15
8700.11,-15
8698.88,-15
8697.65,-15
8696.43,-15
8695.2,-15
8693.97,-15
8692.75,-15
8691.52,-15
8690.29,-15
8689.07,-15
8687.84,-15
8686.61,-15
8685.39,-15
8684.16,-15
8682.93,-15
8681.71,-15
8680.48,-15
8679.25,-15
8678.02,-15
8676.8,-15
8675.57,-15
8674.34,-15
8673.12,-15
8671.89,-15
8670.66,-15
8669.44,-15
8668.21,-15
8666.98,-15
8665.76,-15
8664.53,-15
8663.3,-15
8662.08,-15
8660.85,-15
8659.62,-15
8658.39,-15
8657.17,-15
8655.94,-15
8654.71,-15
8653.49,-15
8652.26,-15
8651.03,-15
8649.81,-15
8648.58,-15
8647.35,-15
8646.13,-15
8644.9,-15
8643.67,-15
8642.44,-15
8641.22,-15
8639.99,-15
8638.76,-15
8637.54,-15
8636.31,-15
8635.08,-15
8633.86,-15
8632.63,-15
8631.4,-15
8630.18,-15
8628.95,-15
8627.72,-15
8626.5,-15
8625.27,-15
8624.04,-15
8622.81,-15
8621.59,-15
8620.36,-15
8619.13,-15
8617.91,-15
8616.68,-15
8615.45,-15
8614.23,-15
8613,-15
8611.77,-15
8610.54,-15
8609.32,-15
8608.09,-15
8606.86,-15
8605.64,-15
8604.41,-15
8603.18,-15
8601.96,-15
8600.73,-15
8599.5,-15
8598.28,-15
8597.05,-15
8595.82,-15
8594.6,-15
8593.37,-15
8592.14,-15
8590.92,-15
8589.69,-15
8588.46,-15
8587.23,-15
8586.01,-15
8584.78,-15
8583.55,-15
8582.33,-15
8581.1,-15
8579.87,-15
8578.65,-15
8577.42,-15
8576.19,-15
8574.97,-15
8573.74,-15
8572.51,-15
8571.29,-15
8570.06,-15
8568.83,-15
8567.6,-15
8566.38,-15
8565.15,-15
8563.92,-15
8562.7,-15
8561.47,-15
8560.24,-15
8559.02,-15
8557.79,-15
8556.56,-15
8555.33,-15
8554.11,-15
8552.88,-15
8551.65,-15
8550.43,-15
8549.2,-15
8547.97,-15
8546.75,-15
8545.52,-15
8544.29,-15
8543.07,-15
8541.84,-15
8540.61,-15
8539.39,-15
8538.16,-15
8536.93,-15
8535.71,-15
8534.48,-15
8533.25,-15
8532.02,-15
8530.8,-15
8529.57,-15
8528.34,-15
8527.12,-15
8525.89,-15
8524.66,-15
8523.44,-15
8522.21,-15
8520.98,-15
8519.75,-15
8518.53,-15
8517.3,-15
8516.07,-15
8514.85,-15
8513.62,-15
8512.39,-15
8511.17,-15
8509.94,-15
8508.71,-15
8507.49,-15
8506.26,-15
8505.03,-15
8503.81,-15
8502.58,-15
8501.35,-15
8500.13,-15
8498.9,-15
8497.67,-15
8496.44,-15
8495.22,-15
8493.99,-15
8492.76,-15
8491.54,-15
8490.31,-15
8489.08,-15
8487.86,-15
8486.63,-15
8485.4,-15
8484.18,-15
8482.95,-15
8481.72,-15
8480.5,-15
8479.27,-15
8478.04,-15
8476.81,-15
8475.59,-15
8474.36,-15
8473.13,-15
8471.91,-15
8470.68,-15
8469.45,-15
8468.23,-15
8467,-15
8465.77,-15
8464.54,-15
8463.32,-15
8462.09,-15
8460.86,-15
8459.64,-15
8458.41,-15
8457.18,-15
8455.96,-15
8454.73,-15
8453.5,-15
8452.28,-15
8451.05,-15
8449.82,-15
8448.6,-15
8447.37,-15
8446.14,-15
8444.92,-15
8443.69,-15
8442.46,-15
8441.23,-15
8440.01,-15
8438.78,-15
8437.55,-15
8436.33,-15
8435.1,-15
8433.87,-15
8432.65,-15
8431.42,-15
8430.19,-15
8428.96,-15
8427.74,-15
8426.51,-15
8425.28,-15
8424.06,-15
8422.83,-15
8421.6,-15
8420.38,-15
8419.15,-15
8417.92,-15
8416.7,-15
8415.47,-15
8414.24,-15
8413.02,-15
8411.79,-15
8410.56,-15
8409.33,-15
8408.11,-15
8406.88,-15
8405.65,-15
8404.43,-15
8403.2,-15
8401.97,-15
8400.75,-15
8399.52,-15
8398.29,-15
8397.07,-15
8395.84,-15
8394.61,-15
8393.39,-15
8392.16,-15
8390.93,-15
8389.71,-15
8388.48,-15
8387.25,-15
8386.02,-15
8384.8,-15
8383.57,-15
8382.34,-15
8381.12,-15
8379.89,-15
8378.66,-15
8377.44,-15
8376.21,-15
8374.98,-15
8373.75,-15
8372.53,-15
8371.3,-15
8370.07,-15
8368.85,-15
8367.62,-15
8366.39,-15
8365.17,-15
8363.94,-15
8362.71,-15
8361.49,-15
8360.26,-15
8359.03,-15
8357.81,-15
8356.58,-15
8355.35,-15
8354.13,-15
8352.9,-15
8351.67,-15
8350.44,-15
8349.22,-15
8347.99,-15
8346.76,-15
8345.54,-15
8344.31,-15
8343.08,-15
8341.86,-15
8340.63,-15
8339.4,-15
8338.17,-15
8336.95,-15
8335.72,-15
8334.49,-15
8333.27,-15
8332.04,-15
8330.81,-15
8329.59,-15
8328.36,-15
8327.13,-15
8325.91,-15
8324.68,-15
8323.45,-15
8322.23,-15
8321,-15
8319.77,-15
8318.54,-15
8317.32,-15
8316.09,-15
8314.86,-15
8313.64,-15
8312.41,-15
8311.18,-15
8309.96,-15
8308.73,-15
8307.5,-15
8306.28,-15
8305.05,-15
8303.82,-15
8302.6,-15
8301.37,-15
8300.14,-15
8298.92,-15
8297.69,-15
8296.46,-15
8295.23,-15
8294.01,-15
8292.78,-15
8291.55,-15
8290.33,-15
8289.1,-15
8287.87,-15
8286.65,-15
8285.42,-15
8284.19,-15
8282.96,-15
8281.74,-15
8280.51,-15
8279.28,-15
8278.06,-15
8276.83,-15
8275.6,-15
8274.38,-15
8273.15,-15
8271.92,-15
8270.7,-15
8269.47,-15
8268.24,-15
8267.02,-15
8265.79,-15
8264.56,-15
8263.33,-15
8262.11,-15
8260.88,-15
8259.65,-15
8258.43,-15
8257.2,-15
8255.97,-15
8254.75,-15
8253.52,-15
8252.29,-15
8251.07,-15
8249.84,-15
8248.61,-15
8247.38,-15
8246.16,-15
8244.93,-15
8243.7,-15
8242.48,-15
8241.25,-15
8240.02,-15
8238.8,-15
8237.57,-15
8236.34,-15
8235.12,-15
8233.89,-15
8232.66,-15
8231.44,-15
8230.21,-15
8228.98,-15
8227.75,-15
8226.53,-15
8225.3,-15
8224.07,-15
8222.85,-15
8221.62,-15
8220.39,-15
8219.17,-15
8217.94,-15
8216.71,-15
8215.49,-15
8214.26,-15
8213.03,-15
8211.81,-15
8210.58,-15
8209.35,-15
8208.13,-15
8206.9,-15
8205.67,-15
8204.44,-15
8203.22,-15
8201.99,-15
8200.76,-15
8199.54,-15
8198.31,-15
8197.08,-15
8195.86,-15
8194.63,-15
8193.4,-15
8192.17,-15
8190.95,4.25
8189.72,23.375
8188.49,42.625
8187.27,61.75
8186.04,81
8184.81,100.125
8183.59,119.375
8182.36,138.5
8181.13,157.75
8179.91,176.875
8178.68,196.125
8177.45,215.25
8176.23,234.5
8175,253.625
8173.77,272.875
8172.54,292
8171.32,201.5
8170.09,111.125
8168.86,20.625
8167.64,-69.75
8166.41,-160.25
8165.18,-250.75
8163.96,-341.125
8162.73,-431.625
8161.5,-390.5
8160.28,-349.375
8159.05,-308.25
8157.82,-267.125
8156.6,-226
8155.37,-184.875
8154.14,-143.75
8152.91,-102.75
8151.69,133
8150.46,368.75
8149.23,604.5
8148.01,840.25
8146.78,725.125
8145.55,610
8144.33,-121597
8143.1,-131536
8141.87,-146781
8140.65,-162026
8139.42,-178674
8138.19,-195323
8136.96,-194078
8135.74,-192834
8134.51,-177556
8133.28,-162278
8132.06,-163446
8130.83,-164613
8129.6,-185428
8128.38,-206243
8127.15,-240565
8125.92,-274887
8124.7,-309209
8123.47,-343530
8122.24,-372765
8121.02,-402000
8119.79,-422815
8118.56,-443629
8117.33,-453042
8116.11,-462454
8114.88,-471866
8113.65,-481279
8112.43,-492168
8111.2,-503058
8109.97,-513948
8108.75,-524838
8107.52,-520992
8106.29,-517147
8105.07,-513301
8103.84,-509455
8102.61,-515346
8101.39,-521236
8100.16,-527126
8098.93,-533017
8097.7,-533995
8096.48,-534974
8095.25,-535952
8094.02,-536931
8092.8,-550342
8091.57,-563753
8090.34,-577165
8089.12,-590576
8087.89,-585919
8086.66,-581262
8085.44,-576606
8084.21,-571949
8082.98,-581589
8081.75,-591228
8080.53,-614902
8079.3,-638575
8078.07,-668213
8076.85,-697851
8075.62,-727488
8074.39,-757126
8073.17,-775851
8071.94,-794577
8070.71,-799269
8069.49,-803960
8068.26,-799004
8067.03,-794048
8065.81,-789091
8064.58,-784135
8063.35,-784617
8062.12,-785099
8060.9,-785580
8059.67,-786062
8058.44,-782509
8057.22,-778956
8055.99,-775403
8054.76,-771850
8053.54,-788953
8052.31,-806056
8051.08,-837192
8049.86,-868328
8048.63,-893676
8047.4,-919023
8046.17,-930337
8044.95,-941651
8043.72,-941212
8042.49,-940773
8041.27,-948753
8040.04,-956734
8038.81,-981731
8037.59,-1.01E+06
8036.36,-1.02E+06
8035.13,-1.03E+06
8033.91,-1.01E+06
8032.68,-982639
8031.45,-959632
8030.23,-936624
8029,-938702
8027.77,-940779
8026.54,-951277
8025.32,-961775
8024.09,-971352
8022.86,-980929
8021.64,-998925
8020.41,-1.02E+06
8019.18,-1.04E+06
8017.96,-1.06E+06
8016.73,-1.07E+06
8015.5,-1.08E+06
8014.28,-1.09E+06
8013.05,-1.10E+06
8011.82,-1.12E+06
8010.6,-1.14E+06
8009.37,-1.15E+06
8008.14,-1.16E+06
8006.91,-1.15E+06
8005.69,-1.13E+06
8004.46,-1.11E+06
8003.23,-1.09E+06
8002.01,-1.06E+06
8000.78,-1.04E+06
7999.55,-1.04E+06
7998.33,-1.04E+06
7997.1,-1.07E+06
7995.87,-1.10E+06
7994.65,-1.13E+06
7993.42,-1.16E+06
7992.19,-1.17E+06
7990.96,-1.19E+06
7989.74,-1.16E+06
7988.51,-1.14E+06
7987.28,-1.10E+06
7986.06,-1.06E+06
7984.83,-1.05E+06
7983.6,-1.03E+06
7982.38,-1.03E+06
7981.15,-1.03E+06
7979.92,-1.04E+06
7978.7,-1.04E+06
7977.47,-1.04E+06
7976.24,-1.03E+06
7975.02,-1.04E+06
7973.79,-1.04E+06
7972.56,-1.06E+06
7971.33,-1.08E+06
7970.11,-1.10E+06
7968.88,-1.13E+06
7967.65,-1.14E+06
7966.43,-1.15E+06
7965.2,-1.14E+06
7963.97,-1.13E+06
7962.75,-1.11E+06
7961.52,-1.09E+06
7960.29,-1.08E+06
7959.07,-1.06E+06
7957.84,-1.06E+06
7956.61,-1.07E+06
7955.38,-1.08E+06
7954.16,-1.10E+06
7952.93,-1.11E+06
7951.7,-1.12E+06
7950.48,-1.11E+06
7949.25,-1.11E+06
7948.02,-1.11E+06
7946.8,-1.12E+06
7945.57,-1.13E+06
7944.34,-1.14E+06
7943.12,-1.15E+06
7941.89,-1.15E+06
7940.66,-1.14E+06
7939.44,-1.14E+06
7938.21,-1.14E+06
7936.98,-1.13E+06
7935.75,-1.13E+06
7934.53,-1.14E+06
7933.3,-1.13E+06
7932.07,-1.12E+06
7930.85,-1.11E+06
7929.62,-1.09E+06
7928.39,-1.10E+06
7927.17,-1.10E+06
7925.94,-1.11E+06
7924.71,-1.12E+06
7923.49,-1.12E+06
7922.26,-1.13E+06
7921.03,-1.14E+06
7919.81,-1.14E+06
7918.58,-1.17E+06
7917.35,-1.19E+06
7916.12,-1.20E+06
7914.9,-1.21E+06
7913.67,-1.19E+06
7912.44,-1.17E+06
7911.22,-1.15E+06
7909.99,-1.13E+06
7908.76,-1.13E+06
7907.54,-1.12E+06
7906.31,-1.11E+06
7905.08,-1.10E+06
7903.86,-1.08E+06
7902.63,-1.05E+06
7901.4,-1.03E+06
7900.17,-999907
7898.95,-993844
7897.72,-987781
7896.49,-987967
7895.27,-988154
7894.04,-984130
7892.81,-980106
7891.59,-978275
7890.36,-976444
7889.13,-988647
7887.91,-1.00E+06
7886.68,-1.01E+06
7885.45,-1.02E+06
7884.23,-1.01E+06
7883,-1.01E+06
7881.77,-976346
7880.54,-946535
7879.32,-912515
7878.09,-878494
7876.86,-859418
7875.64,-840341
7874.41,-846524
7873.18,-852708
7871.96,-884415
7870.73,-916122
7869.5,-939409
7868.28,-962696
7867.05,-952609
7865.82,-942523
7864.59,-924016
7863.37,-905509
7862.14,-891212
7860.91,-876916
7859.69,-862619
7858.46,-848322
7857.23,-838082
7856.01,-827842
7854.78,-817602
7853.55,-807362
7852.33,-793701
7851.1,-780040
7849.87,-762169
7848.65,-744298
7847.42,-726735
7846.19,-709171
7844.96,-700027
7843.74,-690883
7842.51,-694282
7841.28,-697681
7840.06,-701079
7838.83,-704478
7837.6,-696688
7836.38,-688899
7835.15,-681109
7833.92,-673319
7832.7,-682721
7831.47,-692122
7830.24,-709944
7829.02,-727765
7827.79,-738131
7826.56,-748498
7825.33,-739217
7824.11,-729936
7822.88,-703903
7821.65,-677869
7820.43,-647626
7819.2,-617382
7817.97,-593717
7816.75,-570052
7815.52,-560420
7814.29,-550789
7813.07,-568435
7811.84,-586081
7810.61,-612147
7809.38,-638213
7808.16,-655246
7806.93,-672278
7805.7,-669663
7804.48,-667048
7803.25,-638822
7802.02,-610596
7800.8,-568336
7799.57,-526076
7798.34,-500597
7797.12,-475117
7795.89,-480511
7794.66,-485905
7793.44,-495860
7792.21,-505816
7790.98,-490510
7789.75,-475205
7788.53,-449111
7787.3,-423017
7786.07,-410957
7784.85,-398897
7783.62,-402450
7782.39,-406002
7781.17,-409554
7779.94,-413106
7778.71,-399709
7777.49,-386311
7776.26,-358880
7775.03,-331448
7773.8,-301035
7772.58,-270622
7771.35,-248628
7770.12,-226635
7768.9,-228060
7767.67,-229486
7766.44,-256171
7765.22,-282857
7763.99,-312700
7762.76,-342544
7761.54,-352740
7760.31,-362936
7759.08,-351852
7757.86,-340768
7756.63,-321263
7755.4,-301759
7754.17,-284096
7752.95,-266434
7751.72,-244561
7750.49,-222688
7749.27,-193799
7748.04,-164909
7746.81,-127600
7745.59,-90290.3
7744.36,-59120.4
7743.13,-27950.5
7741.91,-22041.1
7740.68,-16131.6
7739.45,-30899.8
7738.23,-45667.9
7737,-56226
7735.77,-66784.1
7734.54,-65676.8
7733.32,-64569.4
7732.09,-55041.9
7730.86,-45514.5
7729.64,-30461.3
7728.41,-15408
7727.18,-354.875
7725.96,14698.4
7724.73,17472.1
7723.5,20246
7722.28,23019.8
7721.05,25793.6
7719.82,35787.1
7718.59,45780.5
7717.37,64194.1
7716.14,82607.6
7714.91,88040.1
7713.69,93472.8
7712.46,84871.6
7711.23,76270.6
7710.01,74861.8
7708.78,73453
7707.55,72044.1
7706.33,70635.3
7705.1,58350.4
7703.87,46065.5
7702.65,33780.8
7701.42,21495.9
7700.19,31840.1
7698.96,42184.4
7697.74,60948.9
7696.51,79713.3
7695.28,80058.6
7694.06,80404
7692.83,55488.9
7691.6,30573.9
7690.38,6711.25
7689.15,-17151.3
7687.92,-4526.5
7686.7,8098.13
7685.47,48614.6
7684.24,89131.1
7683.01,129648
7681.79,170164
7680.56,196543
7679.33,222921
7678.11,229653
7676.88,236385
7675.65,223996
7674.43,211607
7673.2,199218
7671.97,186829
7670.75,181106
7669.52,175383
7668.29,169660
7667.07,163937
7665.84,148565
7664.61,133194
7663.38,117823
7662.16,102452
7660.93,108087
7659.7,113723
7658.48,133392
7657.25,153061
7656.02,157819
7654.8,162577
7653.57,158915
7652.34,155253
7651.12,164441
7649.89,173629
7648.66,208077
7647.44,242525
7646.21,275920
7644.98,309316
7643.75,317451
7642.53,325586
7641.3,316152
7640.07,306717
7638.85,288863
7637.62,271008
7636.39,256311
7635.17,241615
7633.94,240951
7632.71,240288
7631.49,240019
7630.26,239751
7629.03,219835
7627.8,199920
7626.58,175092
7625.35,150265
7624.12,150698
7622.9,151131
7621.67,170597
7620.44,190063
7619.22,201109
7617.99,212155
7616.76,206361
7615.54,200566
7614.31,194772
7613.08,188978
7611.85,186780
7610.63,184581
7609.4,182383
7608.17,180185
7606.95,192722
7605.72,205259
7604.49,231829
7603.27,258400
7602.04,279774
7600.81,301148
7599.59,291648
7598.36,282148
7597.13,250018
7595.91,217889
7594.68,185760
7593.45,153631
7592.22,145885
7591,138139
7589.77,161267
7588.54,184395
7587.32,225240
7586.09,266086
7584.86,292897
7583.64,319709
7582.41,317511
7581.18,315313
7579.96,287854
7578.73,260395
7577.5,231183
7576.28,201970
7575.05,186791
7573.82,171611
7572.59,171781
7571.37,171951
7570.14,180541
7568.91,189131
7567.69,185442
7566.46,181753
7565.23,158416
7564.01,135080
7562.78,115318
7561.55,95555.8
7560.33,112281
7559.1,129006
7557.87,159940
7556.65,190875
7555.42,196548
7554.19,202222
7552.96,182197
7551.74,162171
7550.51,142146
7549.28,122121
7548.06,111744
7546.83,101367
7545.6,82569.3
7544.38,63772
7543.15,43417.9
7541.92,23063.6
7540.7,27969.9
7539.47,32876.3
7538.24,46728.9
7537.01,60581.5
7535.79,66014
7534.56,71446.6
7533.33,77230
7532.11,83013.3
7530.88,88796.6
7529.65,94580
7528.43,96328.8
7527.2,98077.5
7525.97,91406
7524.75,84734.6
7523.52,73584.5
7522.29,62434.4
7521.06,65317.9
7519.84,68201.4
7518.61,76347.4
7517.38,84493.4
7516.16,78605.9
7514.93,72718.4
7513.7,54025.3
7512.48,35332.1
7511.25,30672.5
7510.02,26012.9
7508.8,45561.3
7507.57,65109.5
7506.34,84657.9
7505.12,104206
7503.89,108668
7502.66,113131
7501.43,117593
7500.21,122055
7498.98,129850
7497.75,137646
7496.53,145441
7495.3,153236
7494.07,157523
7492.85,161810
7491.62,140836
7490.39,119862
7489.17,89591.5
7487.94,59320.8
7486.71,43083.4
7485.49,26846.1
7484.26,27131.3
7483.03,27416.3
7481.8,36121.5
7480.58,44826.6
7479.35,57917.4
7478.12,71008
7476.9,84098.8
7475.67,97189.4
7474.44,102299
7473.22,107408
7471.99,98483.1
7470.76,89558.6
7469.54,76248.8
7468.31,62938.8
7467.08,63662.4
7465.85,64386
7464.63,71972.9
7463.4,79559.8
7462.17,73113.1
7460.95,66666.4
7459.72,56185.1
7458.49,45703.8
7457.27,49256
7456.04,52808.3
7454.81,59430.4
7453.59,66052.4
7452.36,72674.5
7451.13,79296.6
7449.91,81533.3
7448.68,83769.8
7447.45,77586.3
7446.22,71402.8
7445,58487.5
7443.77,45572.3
7442.54,41077
7441.32,36581.9
7440.09,41559.5
7438.86,46537
7437.64,51514.5
7436.41,56492
7435.18,48839.4
7433.96,41186.8
7432.73,33534
7431.5,25881.4
7430.27,30157.3
7429.05,34433
7427.82,38708.9
7426.59,42984.8
7425.37,45440.6
7424.14,47896.5
7422.91,50352.4
7421.69,52808.3
7420.46,46668.5
7419.23,40528.9
7418.01,25969
7416.78,11409.3
7415.55,-16921
7414.33,-45251.3
7413.1,-73581.6
7411.87,-101912
7410.64,-107613
7409.42,-113314
7408.19,-110595
7406.96,-107876
7405.74,-106835
7404.51,-105793
7403.28,-96331.3
7402.06,-86869.6
7400.83,-66882.8
7399.6,-46895.9
7398.38,-26909
7397.15,-6922.13
7395.92,4118.38
7394.7,15158.9
7393.47,26199.3
7392.24,37239.8
7391.01,54069.1
7389.79,70898.4
7388.56,73694.1
7387.33,76489.9
7386.11,62555
7384.88,48620.1
7383.65,34685.3
7382.43,20750.4
7381.2,18568.5
7379.97,16386.8
7378.75,22625.1
7377.52,28863.5
7376.29,20980.5
7375.06,13097.6
7373.84,-20045.8
7372.61,-53189
7371.38,-86595.5
7370.16,-120002
7368.93,-122535
7367.7,-125067
7366.48,-87779.6
7365.25,-50492
7364.02,-8994.25
7362.8,32503.4
7361.57,54617.3
7360.34,76731.1
7359.12,90424.8
7357.89,104119
7356.66,120356
7355.43,136593
7354.21,144410
7352.98,152227
7351.75,158817
7350.53,165406
7349.3,171995
7348.07,178584
7346.85,168048
7345.62,157512
7344.39,138556
7343.17,119599
7341.94,109239
7340.71,98877.9
7339.48,96937.3
7338.26,94996.6
7337.03,99458.9
7335.8,103921
7334.58,99963.3
7333.35,96005.4
7332.12,93801.6
7330.9,91597.9
7329.67,97814.4
7328.44,104031
7327.22,100599
7325.99,97167.5
7324.76,79702.3
7323.54,62237
7322.31,61963
7321.08,61688.9
7319.85,81061.8
7318.63,100435
7317.4,126824
7316.17,153214
7314.95,171184
7313.72,189153
7312.49,197036
7311.27,204919
7310.04,208592
7308.81,212265
7307.59,202145
7306.36,192026
7305.13,167873
7303.91,143720
7302.68,133512
7301.45,123305
7300.22,138358
7299,153411
7297.77,157413
7296.54,161415
7295.32,145770
7294.09,130124
7292.86,118689
7291.64,107254
7290.41,115466
7289.18,123678
7287.96,152639
7286.73,181599
7285.5,218980
7284.27,256361
7283.05,277252
7281.82,298144
7280.59,305001
7279.37,311859
7278.14,316086
7276.91,320312
7275.69,316119
7274.46,311925
7273.23,295452
7272.01,278979
7270.78,254086
7269.55,229193
7268.33,214079
7267.1,198966
7265.87,197886
7264.64,196806
7263.42,185201
7262.19,173596
7260.96,147957
7259.74,122318
7258.51,99223.1
7257.28,76128.1
7256.06,61453.1
7254.83,46778.3
7253.6,44031.8
7252.38,41285.4
7251.15,46959.1
7249.92,52632.9
7248.69,62423.4
7247.47,72214
7246.24,90424.8
7245.01,108636
7243.79,132109
7242.56,155582
7241.33,159409
7240.11,163235
7238.88,151537
7237.65,139838
7236.43,136560
7235.2,133282
7233.97,145353
7232.75,157424
7231.52,173705
7230.29,189986
7229.06,197299
7227.84,204612
7226.61,197891
7225.38,191171
7224.16,176819
7222.93,162467
7221.7,156536
7220.48,150605
7219.25,154146
7218.02,157687
7216.8,152808
7215.57,147930
7214.34,145857
7213.12,143785
7211.89,155747
7210.66,167708
7209.43,187032
7208.21,206355
7206.98,211645
7205.75,216935
7204.53,187141
7203.3,157347
7202.07,113520
7200.85,69692.4
7199.62,53054.9
7198.39,36417.5
7197.17,56267.3
7195.94,76117.1
7194.71,103949
7193.48,131780
7192.26,145578
7191.03,159376
7189.8,151246
7188.58,143117
7187.35,130777
7186.12,118437
7184.9,116272
7183.67,114106
7182.44,116151
7181.22,118196
7179.99,113750
7178.76,109304
7177.54,90825
7176.31,72345.6
7175.08,60970.8
7173.85,49595.9
7172.63,63481.4
7171.4,77367
7170.17,86450.5
7168.95,95533.9
7167.72,79356.9
7166.49,63179.9
7165.27,42091.3
7164.04,21002.5
7162.81,19560.8
7161.59,18119
7160.36,33232.5
7159.13,48346
7157.9,55039.4
7156.68,61732.8
7155.45,58690.3
7154.22,55647.9
7153,56815.5
7151.77,57983.1
7150.54,68689.3
7149.32,79395.3
7148.09,90101.4
7146.86,100807
7145.64,115461
7144.41,130114
7143.18,136346
7141.96,142579
7140.73,140436
7139.5,138292
7138.27,136149
7137.05,134006
7135.82,130020
7134.59,126035
7133.37,122050
7132.14,118064
7130.91,107194
7129.69,96323.3
7128.46,81242.6
7127.23,66162.1
7126.01,57747.4
7124.78,49332.8
7123.55,54951.6
7122.33,60570.6
7121.1,78534.6
7119.87,96498.8
7118.64,118673
7117.42,140847
7116.19,149689
7114.96,158532
7113.74,147727
7112.51,136922
7111.28,122477
7110.06,108033
7108.83,97797.9
7107.6,87563.3
7106.38,81801.9
7105.15,76040.4
7103.92,78699.1
7102.69,81357.8
7101.47,82262.3
7100.24,83166.8
7099.01,75651.1
7097.79,68135.5
7096.56,55269.6
7095.33,42403.6
7094.11,33747.8
7092.88,25092
7091.65,23650.3
7090.43,22208.5
7089.2,12346.6
7087.97,2484.75
7086.75,-18165.4
7085.52,-38815.6
7084.29,-51045.6
7083.06,-63275.6
7081.84,-68927.5
7080.61,-74579.3
7079.38,-88651.3
7078.16,-102723
7076.93,-110655
7075.7,-118588
7074.48,-106873
7073.25,-95158.1
7072.02,-69760.8
7070.8,-44363.3
7069.57,-18965.8
7068.34,6431.75
7067.11,29899.5
7065.89,53367.4
7064.66,68415.1
7063.43,83462.9
7062.21,87459.1
7060.98,91455.4
7059.75,70191.3
7058.53,48927.1
7057.3,17839.5
7056.07,-13248.3
7054.85,-30302.3
7053.62,-47356.4
7052.39,-45788.5
7051.17,-44220.8
7049.94,-34232.8
7048.71,-24244.8
7047.48,-13993.8
7046.26,-3742.63
7045.03,10718.5
7043.8,25179.6
7042.58,39706.6
7041.35,54233.5
7040.12,49113.5
7038.9,43993.4
7037.67,25892.3
7036.44,7791.25
7035.22,-6099.88
7033.99,-19990.9
7032.76,-17260.9
7031.54,-14531
7030.31,7846
7029.08,30223
7027.85,51284.3
7026.63,72345.6
7025.4,73759.9
7024.17,75174.3
7022.95,52578
7021.72,29981.8
7020.49,-1034.63
7019.27,-32051
7018.04,-47279.6
7016.81,-62508.3
7015.59,-52476.4
7014.36,-42444.6
7013.13,-33289.9
7011.9,-24135.1
7010.68,-29014
7009.45,-33892.9
7008.22,-43683.5
7007,-53474.1
7005.77,-54844.6
7004.54,-56215
7003.32,-50481
7002.09,-44747
7000.86,-47433.1
6999.64,-50119.3
6998.41,-55787.5
6997.18,-61455.8
6995.96,-58703.8
6994.73,-55951.9
6993.5,-41644.3
6992.27,-27336.6
6991.05,-13028.9
6989.82,1278.75
6988.59,8043.38
6987.37,14808
6986.14,29992.8
6984.91,45177.5
6983.69,64396.9
6982.46,83616.4
6981.23,83188.8
6980.01,82761.1
6978.78,67072
6977.55,51383
6976.32,35693.9
6975.1,20004.8
6973.87,18754.9
6972.64,17505
6971.42,24675.4
6970.19,31845.6
6968.96,36384.6
6967.74,40923.6
6966.51,37042.4
6965.28,33161.3
6964.06,36121.5
6962.83,39081.6
6961.6,56075.5
6960.38,73069.3
6959.15,84800.4
6957.92,96531.6
6956.69,83002.4
6955.47,69473.1
6954.24,53553.8
6953.01,37634.5
6951.79,35748.8
6950.56,33862.9
6949.33,48905.1
6948.11,63947.4
6946.88,83199.8
6945.65,102452
6944.43,110390
6943.2,118328
6941.97,126265
6940.75,134203
6939.52,157315
6938.29,180426
6937.06,203538
6935.84,226649
6934.61,239658
6933.38,252666
6932.16,246028
6930.93,239389
6929.7,208630
6928.48,177872
6927.25,155533
6926.02,133194
6924.8,127696
6923.57,122198
6922.34,112489
6921.11,102781
6919.89,91055.3
6918.66,79329.5
6917.43,92864.3
6916.21,106399
6914.98,126117
6913.75,145836
6912.53,145907
6911.3,145978
6910.07,136752
6908.85,127526
6907.62,118300
6906.39,109074
6905.17,96076.6
6903.94,83079.1
6902.71,89728.6
6901.48,96378.1
6900.26,117587
6899.03,138797
6897.8,151586
6896.58,164375
6895.35,156059
6894.12,147743
6892.9,125394
6891.67,103044
6890.44,65345.3
6889.22,27646.5
6887.99,-14262.4
6886.76,-56171.1
6885.53,-76678.9
6884.31,-97186.5
6883.08,-81206.9
6881.85,-65227.3
6880.63,-37055.9
6879.4,-8884.63
6878.17,5253.13
6876.95,19390.9
6875.72,27432.8
6874.49,35474.6
6873.27,51936.6
6872.04,68398.6
6870.81,77931.6
6869.59,87464.6
6868.36,88577.4
6867.13,89690.3
6865.9,95078.9
6864.68,100468
6863.45,110066
6862.22,119665
6861,126545
6859.77,133425
6858.54,140304
6857.32,147184
6856.09,142481
6854.86,137777
6853.64,119040
6852.41,100303
6851.18,87267.3
6849.96,74231.4
6848.73,80842.5
6847.5,87453.6
6846.27,95248.9
6845.05,103044
6843.82,106629
6842.59,110214
6841.37,118711
6840.14,127208
6838.91,131495
6837.69,135782
6836.46,119764
6835.23,103746
6834.01,87727.8
6832.78,71709.8
6831.55,83144.9
6830.32,94580
6829.1,131276
6827.87,167971
6826.64,198330
6825.42,228688
6824.19,245013
6822.96,261338
6821.74,273278
6820.51,285217
6819.28,283123
6818.06,281029
6816.83,266031
6815.6,251032
6814.38,236034
6813.15,221036
6811.92,218141
6810.69,215247
6809.47,226386
6808.24,237525
6807.01,242261
6805.79,246998
6804.56,237701
6803.33,228403
6802.11,228754
6800.88,229105
6799.65,249103
6798.43,269101
6797.2,283814
6795.97,298527
6794.75,313241
6793.52,327954
6792.29,342492
6791.06,357030
6789.84,351921
6788.61,346812
6787.38,322494
6786.16,298176
6784.93,287893
6783.7,277609
6782.48,282761
6781.25,287914
6780.02,301488
6778.8,315061
6777.57,319907
6776.34,324753
6775.11,315565
6773.89,306377
6772.66,285261
6771.43,264145
6770.21,251449
6768.98,238753
6767.75,244388
6766.53,250024
6765.3,264079
6764.07,278135
6762.85,286226
6761.62,294317
6760.39,277148
6759.17,259979
6757.94,241976
6756.71,223974
6755.48,231232
6754.26,238490
6753.03,248993
6751.8,259496
6750.58,250353
6749.35,241209
6748.12,232855
6746.9,224500
6745.67,220356
6744.44,216212
6743.22,205577
6741.99,194942
6740.76,192727
6739.53,190513
6738.31,209381
6737.08,228250
6735.85,242908
6734.63,257567
6733.4,249158
6732.17,240748
6730.95,218306
6729.72,195863
6728.49,178858
6727.27,161854
6726.04,153269
6724.81,144684
6723.58,152589
6722.36,160494
6721.13,182432
6719.9,204371
6718.68,217999
6717.45,231627
6716.22,219994
6715,208362
6713.77,186730
6712.54,165099
6711.32,151887
6710.09,138676
6708.86,134850
6707.64,131024
6706.41,127197
6705.18,123371
6703.96,118317
6702.73,113262
6701.5,99787.8
6700.27,86313.4
6699.05,78540.1
6697.82,70766.9
6696.59,82640.5
6695.37,94514.3
6694.14,119720
6692.91,144926
6691.69,156098
6690.46,167270
6689.23,156426
6688.01,145583
6686.78,126320
6685.55,107057
6684.32,102529
6683.1,98000.8
6681.87,101893
6680.64,105785
6679.42,96279.4
6678.19,86773.9
6676.96,68848.1
6675.74,50922.5
6674.51,37206.9
6673.28,23491.3
6672.06,23809.3
6670.83,24127.1
6669.6,40496
6668.38,56864.9
6667.15,81653.8
6665.92,106443
6664.69,116847
6663.47,127252
6662.24,129236
6661.01,131221
6659.79,141001
6658.56,150780
6657.33,174593
6656.11,198407
6654.88,217133
6653.65,235859
6652.43,234938
6651.2,234017
6649.97,218536
6648.74,203055
6647.52,187574
6646.29,172094
6645.06,167313
6643.84,162533
6642.61,166173
6641.38,169813
6640.16,163367
6638.93,156920
6637.7,136440
6636.48,115959
6635.25,98636.6
6634.02,81313.9
6632.79,83638.3
6631.57,85962.5
6630.34,95391.4
6629.11,104820
6627.89,105829
6626.66,106838
6625.43,101005
6624.21,95172.1
6622.98,89339.4
6621.75,83506.6
6620.53,91000.4
6619.3,98494.1
6618.07,114408
6616.85,130322
6615.62,130623
6614.39,130925
6613.17,111579
6611.94,92233.8
6610.71,79203.4
6609.48,66173
6608.26,72789.6
6607.03,79406.3
6605.8,85408.9
6604.58,91411.5
6603.35,83380.6
6602.12,75349.6
6600.9,67318.8
6599.67,59287.8
6598.44,55467
6597.22,51646.1
6595.99,46685
6594.76,41723.9
6593.53,36762.9
6592.31,31801.8
6591.08,26489.9
6589.85,21177.9
6588.63,15866
6587.4,10554
6586.17,23134.9
6584.95,35715.8
6583.72,67943.6
6582.49,100172
6581.27,126633
6580.04,153094
6578.81,159907
6577.58,166721
6576.36,157221
6575.13,147721
6573.9,142431
6572.68,137141
6571.45,144131
6570.22,151120
6569,153899
6567.77,156679
6566.54,143670
6565.32,130662
6564.09,117653
6562.86,104645
6561.64,102973
6560.41,101301
6559.18,108049
6557.95,114797
6556.73,115757
6555.5,116716
6554.27,98028.1
6553.05,79340.5
6551.82,60674.8
6550.59,42009
6549.37,42990.3
6548.14,43971.5
6546.91,47759.5
6545.69,51547.4
6544.46,46915.3
6543.23,42283.1
6542,44563.5
6540.78,46844
6539.55,68771.4
6538.32,90698.9
6537.1,110258
6535.87,129818
6534.64,135343
6533.42,140869
6532.19,134970
6530.96,129072
6529.74,127384
6528.51,125695
6527.28,130410
6526.06,135124
6524.83,139838
6523.6,144553
6522.38,141505
6521.15,138457
6519.92,143829
6518.69,149201
6517.47,167028
6516.24,184855
6515.01,194262
6513.79,203669
6512.56,196850
6511.33,190030
6510.11,169177
6508.88,148324
6507.65,138698
6506.43,129072
6505.2,139093
6503.97,149114
6502.74,165241
6501.52,181369
6500.29,177850
6499.06,174330
6497.84,163268
6496.61,152205
6495.38,155177
6494.16,158148
6492.93,172521
6491.7,186895
6490.48,201268
6489.25,215642
6488.02,221683
6486.79,227724
6485.57,237975
6484.34,248226
6483.11,259200
6481.89,270175
6480.66,272730
6479.43,275284
6478.21,276523
6476.98,277762
6475.75,270581
6474.53,263400
6473.3,238150
6472.07,212901
6470.85,179231
6469.62,145561
6468.39,143467
6467.16,141373
6465.94,164540
6464.71,187706
6463.48,195830
6462.26,203954
6461.03,192431
6459.8,180908
6458.58,167544
6457.35,154179
6456.12,154848
6454.9,155516
6453.67,171184
6452.44,186851
6451.22,198308
6449.99,209765
6448.76,213591
6447.53,217418
6446.31,212824
6445.08,208230
6443.85,195304
6442.63,182378
6441.4,177872
6440.17,173365
6438.95,173947
6437.72,174528
6436.49,170899
6435.27,167270
6434.04,160045
6432.81,152819
6431.58,149804
6430.36,146789
6429.13,142897
6427.9,139005
6426.68,143533
6425.45,148061
6424.22,163591
6423,179121
6421.77,175005
6420.54,170888
6419.32,133967
6418.09,97046.9
6416.86,60126.5
6415.64,23206.3
6414.41,9616.63
6413.18,-3972.88
6411.95,2084.63
6410.73,8142
6409.5,24900.1
6408.27,41658.1
6407.05,58416.3
6405.82,75174.3
6404.59,91230.6
6403.37,107287
6402.14,123343
6400.91,139400
6399.69,144580
6398.46,149761
6397.23,129680
6396,109600
6394.78,80837
6393.55,52073.6
6392.32,37343.9
6391.1,22614.1
6389.87,16480
6388.64,10345.8
6387.42,4211.5
6386.19,-1922.63
6384.96,-1171.63
6383.74,-420.625
6382.51,8750.5
6381.28,17921.6
6380.06,27706.8
6378.83,37491.9
6377.6,51487.1
6376.37,65482.4
6375.15,80552
6373.92,95621.6
6372.69,110691
6371.47,125761
6370.24,136445
6369.01,147129
6367.79,162023
6366.56,176918
6365.33,181791
6364.11,186664
6362.88,171891
6361.65,157117
6360.43,141730
6359.2,126342
6357.97,119375
6356.74,112407
6355.52,111821
6354.29,111234
6353.06,119068
6351.84,126901
6350.61,140787
6349.38,154672
6348.16,168558
6346.93,182443
6345.7,188408
6344.48,194372
6343.25,196126
6342.02,197880
6340.79,211125
6339.57,224369
6338.34,246033
6337.11,267697
6335.89,265855
6334.66,264014
6333.43,225684
6332.21,187355
6330.98,154289
6329.75,121222
6328.53,113416
6327.3,105610
6326.07,106969
6324.85,108329
6323.62,118108
6322.39,127888
6321.16,138983
6319.94,150078
6318.71,156964
6317.48,163849
6316.26,166699
6315.03,169550
6313.8,172401
6312.58,175251
6311.35,179944
6310.12,184636
6308.9,189329
6307.67,194021
6306.44,208099
6305.21,222176
6303.99,236253
6302.76,250331
6301.53,257041
6300.31,263750
6299.08,245200
6297.85,226649
6296.63,201345
6295.4,176041
6294.17,167050
6292.95,174900
6291.72,193802
6290.49,221123
6289.27,257742
6288.04,294361
6286.81,322209
6285.58,333217
6284.36,326682
6283.13,303308
6281.9,269408
6280.68,235508
6279.45,211782
6278.22,204897
6277,210730
6275.77,233403
6274.54,266776
6273.32,300150
6272.09,330892
6270.86,353214
6269.64,363959
6268.41,357863
6267.18,341944
6265.95,317604
6264.73,282038
6263.5,238051
6262.27,195819
6261.05,153587
6259.82,124862
6258.59,96136.9
6257.37,81182.4
6256.14,66227.9
6254.91,65306.9
6253.69,64386
6252.46,69780.1
6251.23,75174.3
6250,80568.4
6248.78,85962.5
6247.55,105544
6246.32,125125
6245.1,144706
6243.87,164287
6242.64,165274
6241.42,166261
6240.19,147601
6238.96,128940
6237.74,102035
6236.51,75130.4
6235.28,56645.5
6234.06,38160.8
6232.83,33797.1
6231.6,29433.6
6230.37,33490.1
6229.15,37546.8
6227.92,45643.5
6226.69,53740.1
6225.47,64994.4
6224.24,76248.8
6223.01,82328.1
6221.79,71567.1
6220.56,49754.9
6219.33,19522.4
6218.11,-16849.8
6216.88,-53222
6215.65,-76086.8
6214.42,-98951.6
6213.2,-107783
6211.97,-116614
6210.74,-117025
6209.52,-117437
6208.29,-122343
6207.06,-127249
6205.84,-140575
6204.61,-153902
6203.38,-158808
6202.16,-163714
6200.93,-154587
6199.7,-145460
6198.48,-135280
6197.25,-125100
6196.02,-128954
6194.79,-132808
6193.57,-142801
6192.34,-152795
6191.11,-162788
6189.89,-172781
6188.66,-177973
6187.43,-183164
6186.21,-178181
6184.98,-156358
6183.75,-120325
6182.53,-84293.1
6181.3,-52821.8
6180.07,-38190.6
6178.85,-38031.8
6177.62,-54713
6176.39,-77007.8
6175.16,-99302.5
6173.94,-109318
6172.71,-119333
6171.48,-120928
6170.26,-122524
6169.03,-127715
6167.8,-132906
6166.58,-129678
6165.35,-126449
6164.12,-110765
6162.9,-95081.5
6161.67,-79397.9
6160.44,-63714.3
6159.21,-61187.1
6157.99,-58660
6156.76,-70166.4
6155.53,-81672.8
6154.31,-102126
6153.08,-122579
6151.85,-134611
6150.63,-146644
6149.4,-133564
6148.17,-120484
6146.95,-87757.6
6145.72,-55031
6144.49,-34320.5
6143.27,-13610
6142.04,-6933.13
6140.81,-256.125
6139.58,-3753.63
6138.36,-7251
6137.13,-14958.5
6135.9,-22666
6134.68,-32390.9
6133.45,-42115.6
6132.22,-51840.5
6131,-61565.4
6129.77,-62497.3
6128.54,-63429.1
6127.32,-64361.1
6126.09,-65293
6124.86,-66926.6
6123.63,-68560.3
6122.41,-61773.6
6121.18,-54987.1
6119.95,-45657
6118.73,-36326.9
6117.5,-41030.3
6116.27,-45733.8
6115.05,-52191.4
6113.82,-58649
6112.59,-56686.5
6111.37,-54724
6110.14,-50212.4
6108.91,-45700.9
6107.69,-27155.6
6106.46,-8610.5
6105.23,19056.4
6104,46723.4
6102.78,60356.8
6101.55,73990.1
6100.32,59468.8
6099.1,44947.3
6097.87,22005.6
6096.64,-935.875
6095.42,-21246.3
6094.19,-41556.5
6092.96,-53446.8
6091.74,-65336.9
6090.51,-66066
6089.28,-66795
6088.06,-67524.1
6086.83,-68253.3
6085.6,-64947.6
6084.37,-61642.1
6083.15,-58336.5
6081.92,-55031
6080.69,-43283.4
6079.47,-31535.8
6078.24,-19788
6077.01,-8040.38
6075.79,8619
6074.56,25278.4
6073.33,50357.9
6072.11,75437.4
6070.88,79137.6
6069.65,82837.9
6068.42,50050.9
6067.2,17263.9
6065.97,-11664
6064.74,-40591.8
6063.52,-38645.6
6062.29,-36699.6
6061.06,-14163.6
6059.84,8372.25
6058.61,16874.6
6057.38,25377
6056.16,16863.6
6054.93,8350.38
6053.7,-8583.13
6052.48,-25516.6
6051.25,-51725.4
6050.02,-77934.1
6048.79,-104143
6047.57,-130352
6046.34,-140948
6045.11,-151545
6043.89,-131267
6042.66,-110990
6041.43,-76854.3
6040.21,-42718.8
6038.98,-22616.8
6037.75,-2514.75
6036.53,-2673.63
6035.3,-2832.63
6034.07,-7201.75
6032.84,-11570.8
6031.62,-12552
6030.39,-13533.3
6029.16,-6094.38
6027.94,1344.5
6026.71,15186.3
6025.48,29027.9
6024.26,28836.1
6023.03,28644.3
6021.8,-3561.75
6020.58,-35767.6
6019.35,-67973.6
6018.12,-100180
6016.9,-103354
6015.67,-106528
6014.44,-109702
6013.21,-112876
6011.99,-123110
6010.76,-133345
6009.53,-147790
6008.31,-162234
6007.08,-167645
6005.85,-173055
6004.63,-170046
6003.4,-167036
6002.17,-171394
6000.95,-175753
5999.72,-188531
5998.49,-201309
5997.27,-196019
5996.04,-190729
5994.81,-177019
5993.58,-163309
5992.36,-156478
5991.13,-149648
5989.9,-142818
5988.68,-135987
5987.45,-112843
5986.22,-89698.3
5985,-80587.4
5983.77,-71476.5
5982.54,-97975.9
5981.32,-124475
5980.09,-170622
5978.86,-216768
5977.63,-249231
5976.41,-281695
5975.18,-283285
5973.95,-284875
5972.73,-263090
5971.5,-241305
5970.27,-211100
5969.05,-180895
5967.82,-160162
5966.59,-139430
5965.37,-138344
5964.14,-137259
5962.91,-141348
5961.69,-145438
5960.46,-129880
5959.23,-114323
5958,-83240.6
5956.78,-52158.5
5955.55,-46336.8
5954.32,-40515
5953.1,-68406.8
5951.87,-96298.4
5950.64,-119980
5949.42,-143662
5948.19,-138750
5946.96,-133838
5945.74,-124716
5944.51,-115595
5943.28,-112876
5942.05,-110157
5940.83,-99017.4
5939.6,-87878.3
5938.37,-69459.3
5937.15,-51040.1
5935.92,-32621.1
5934.69,-14202
5933.47,-16022
5932.24,-17842
5931.01,-44922.4
5929.79,-72002.8
5928.56,-92943.5
5927.33,-113884
5926.11,-103951
5924.88,-94018
5923.65,-78822.3
5922.42,-63626.5
5921.2,-68077.8
5919.97,-72529
5918.74,-76278.6
5917.52,-80028.3
5916.29,-69744.3
5915.06,-59460.3
5913.84,-58057
5912.61,-56653.6
5911.38,-69283.8
5910.16,-81914
5908.93,-105508
5907.7,-129102
5906.48,-144276
5905.25,-159450
5904.02,-145679
5902.79,-131909
5901.57,-122348
5900.34,-112788
5899.11,-125857
5897.89,-138925
5896.66,-147784
5895.43,-156643
5894.21,-148815
5892.98,-140987
5891.75,-133159
5890.53,-125330
5889.3,-126712
5888.07,-128093
5886.84,-137895
5885.62,-147696
5884.39,-165567
5883.16,-183438
5881.94,-192889
5880.71,-202340
5879.48,-189687
5878.26,-177035
5877.03,-150350
5875.8,-123664
5874.58,-103814
5873.35,-83964.3
5872.12,-72534.5
5870.9,-61104.9
5869.67,-71076.4
5868.44,-81047.9
5867.21,-121893
5865.99,-162739
5864.76,-211039
5863.53,-259340
5862.31,-287994
5861.08,-316647
5859.85,-332408
5858.63,-348168
5857.4,-359718
5856.17,-371269
5854.95,-368237
5853.72,-365206
5852.49,-348141
5851.26,-331076
5850.04,-317256
5848.81,-303436
5847.58,-303650
5846.36,-303864
5845.13,-315129
5843.9,-326394
5842.68,-337659
5841.45,-348925
5840.22,-337648
5839,-326372
5837.77,-301062
5836.54,-275753
5835.32,-260305
5834.09,-244857
5832.86,-233619
5831.63,-222381
5830.41,-218687
5829.18,-214992
5827.95,-225331
5826.73,-235669
5825.5,-259954
5824.27,-284239
5823.05,-304313
5821.82,-324388
5820.59,-329464
5819.37,-334540
5818.14,-325583
5816.91,-316625
5815.69,-316921
5814.46,-317218
5813.23,-337161
5812,-357104
5810.78,-375906
5809.55,-394709
5808.32,-382638
5807.1,-370567
5805.87,-334727
5804.64,-298886
5803.42,-258836
5802.19,-218785
5800.96,-196715
5799.74,-174645
5798.51,-183449
5797.28,-192253
5796.05,-209877
5794.83,-227501
5793.6,-231092
5792.37,-234683
5791.15,-236870
5789.92,-239057
5788.69,-237034
5787.47,-235011
5786.24,-220534
5785.01,-206056
5783.79,-187369
5782.56,-168681
5781.33,-161483
5780.1,-154286
5778.88,-161121
5777.65,-167957
5776.42,-174048
5775.2,-180138
5773.97,-182018
5772.74,-183899
5771.52,-186919
5770.29,-189940
5769.06,-184540
5767.84,-179140
5766.61,-150147
5765.38,-121153
5764.16,-83739.5
5762.93,-46325.8
5761.7,-31365.8
5760.47,-16405.8
5759.25,-26706.1
5758.02,-37006.6
5756.79,-51243
5755.57,-65479.4
5754.34,-71295.6
5753.11,-77111.9
5751.89,-60123.6
5750.66,-43135.3
5749.43,-12113.5
5748.21,18908.4
5746.98,42387.3
5745.75,65866
5744.53,64084.5
5743.3,62302.9
5742.07,41049.6
5740.84,19796.5
5739.62,-5666.75
5738.39,-31130
5737.16,-58654.5
5735.94,-86178.9
5734.71,-109493
5733.48,-132808
5732.26,-135247
5731.03,-137687
5729.8,-109252
5728.58,-80817.6
5727.35,-37209.4
5726.12,6398.75
5724.9,41586.9
5723.67,76775
5722.44,93105.4
5721.21,109436
5719.99,121556
5718.76,133677
5717.53,144723
5716.31,155769
5715.08,158394
5713.85,161020
5712.63,153384
5711.4,145748
5710.17,124078
5708.95,102408
5707.72,73897
5706.49,45385.8
5705.26,25294.8
5704.04,5203.75
5702.81,-6818
5701.58,-18839.8
5700.36,-39281.5
5699.13,-59723.4
5697.9,-92000.6
5696.68,-124278
5695.45,-136908
5694.22,-149538
5693,-131646
5691.77,-113753
5690.54,-81826.3
5689.31,-49899.9
5688.09,-34375.3
5686.86,-18850.6
5685.63,-22973
5684.41,-27095.4
5683.18,-41041.3
5681.95,-54987.1
5680.73,-54899.4
5679.5,-54811.6
5678.27,-49708.1
5677.05,-44604.5
5675.82,-47921
5674.59,-51237.5
5673.37,-61307.6
5672.14,-71377.9
5670.91,-77238
5669.68,-83098.1
5668.46,-88958.3
5667.23,-94818.3
5666,-114712
5664.78,-134606
5663.55,-143185
5662.32,-151764
5661.1,-129469
5659.87,-107174
5658.64,-70391.1
5657.42,-33607.9
5656.19,-16471.5
5654.96,664.75
5653.74,-1319.63
5652.51,-3304.13
5651.28,-5288.5
5650.05,-7273
5648.83,-12919.3
5647.6,-18565.6
5646.37,-32632
5645.15,-46698.5
5643.92,-62519.1
5642.69,-78339.9
5641.47,-94160.5
5640.24,-109981
5639.01,-114169
5637.79,-118357
5636.56,-102899
5635.33,-87439.8
5634.1,-74085.9
5632.88,-60732.1
5631.65,-61411.9
5630.42,-62091.6
5629.2,-76300.6
5627.97,-90509.6
5626.74,-104719
5625.52,-118928
5624.29,-120331
5623.06,-121734
5621.84,-114718
5620.61,-107701
5619.38,-105004
5618.16,-102307
5616.93,-85575.9
5615.7,-68845.3
5614.47,-26503.4
5613.25,15838.6
5612.02,44146.9
5610.79,72455.3
5609.57,64013.1
5608.34,55571.1
5607.11,33095.5
5605.89,10619.9
5604.66,-7996.63
5603.43,-26613
5602.21,-53649.5
5600.98,-80686.1
5599.75,-113775
5598.52,-146863
5597.3,-160305
5596.07,-173746
5594.84,-170172
5593.62,-166598
5592.39,-167234
5591.16,-167870
5589.94,-174119
5588.71,-180368
5587.48,-182408
5586.26,-184447
5585.03,-176136
5583.8,-167826
5582.58,-145482
5581.35,-123138
5580.12,-100355
5578.89,-77572.4
5577.67,-68823.4
5576.44,-60074.3
5575.21,-54131.9
5573.99,-48189.6
5572.76,-28213.6
5571.53,-8237.75
5570.31,7352.63
5569.08,22943
5567.85,13273
5566.63,3603
5565.4,-25012.3
5564.17,-53627.6
5562.95,-90663
5561.72,-127699
5560.49,-149692
5559.26,-171685
5558.04,-174031
5556.81,-176377
5555.58,-179075
5554.36,-181772
5553.13,-188679
5551.9,-195586
5550.68,-189644
5549.45,-183701
5548.22,-181969
5547,-180237
5545.77,-197625
5544.54,-215014
5543.31,-232402
5542.09,-249791
5540.86,-251665
5539.63,-253540
5538.41,-246995
5537.18,-240450
5535.95,-230220
5534.73,-219991
5533.5,-223796
5532.27,-227600
5531.05,-248376
5529.82,-269153
5528.59,-281509
5527.37,-293865
5526.14,-266576
5524.91,-239287
5523.68,-193404
5522.46,-147521
5521.23,-119185
5520,-107690
5518.78,-108123
5517.55,-125396
5516.32,-143371
5515.1,-161346
5513.87,-175813
5512.64,-173439
5511.42,-157734
5510.19,-142028
5508.96,-124218
5507.73,-123247
5506.51,-137714
5505.28,-152181
5504.05,-168752
5502.83,-168484
5501.6,-149281
5500.37,-130078
5499.15,-114383
5497.92,-115529
5496.69,-127551
5495.47,-139572
5494.24,-138613
5493.01,-137654
5491.79,-122661
5490.56,-107668
5489.33,-101095
5488.1,-94522.3
5486.88,-105842
5485.65,-117162
5484.42,-135850
5483.2,-154538
5481.97,-165030
5480.74,-158682
5479.52,-140406
5478.29,-105289
5477.06,-67979.1
5475.84,-30669.5
5474.61,-13708.6
5473.38,-13588.1
5472.16,-35745.8
5470.93,-57903.5
5469.7,-76903.6
5468.47,-95903.8
5467.25,-99730
5466.02,-103556
5464.79,-107383
5463.57,-111209
5462.34,-114509
5461.11,-117809
5459.89,-112689
5458.66,-107569
5457.43,-106133
5456.21,-104697
5454.98,-117294
5453.75,-129891
5452.52,-134507
5451.3,-139123
5450.07,-129705
5448.84,-120287
5447.62,-122096
5446.39,-123905
5445.16,-145361
5443.94,-166817
5442.71,-185220
5441.48,-203622
5440.26,-202378
5439.03,-201134
5437.8,-188048
5436.58,-174963
5435.35,-157668
5434.12,-140373
5432.89,-124656
5431.67,-108940
5430.44,-107257
5429.21,-105574
5427.99,-111960
5426.76,-118347
5425.53,-120523
5424.31,-122699
5423.08,-110864
5421.85,-99028.4
5420.63,-74212
5419.4,-49395.6
5418.17,-20281.4
5416.94,-8007.5
5415.72,-13275.6
5414.49,-35384
5413.26,-84506.9
5412.04,-133630
5410.81,-183104
5409.58,-215737
5408.36,-230127
5407.13,-216450
5405.9,-187687
5404.68,-158923
5403.45,-136020
5402.22,-129957
5401,-139682
5399.77,-149407
5398.54,-161938
5397.31,-174470
5396.09,-172968
5394.86,-171466
5393.63,-160930
5392.41,-150393
5391.18,-153891
5389.95,-157388
5388.73,-175621
5387.5,-193854
5386.27,-198053
5385.05,-202252
5383.82,-197768
5382.59,-193284
5381.37,-202833
5380.14,-212382
5378.91,-221230
5377.68,-230078
5376.46,-219279
5375.23,-208479
5374,-196014
5372.78,-183548
5371.55,-179502
5370.32,-175457
5369.1,-175007
5367.87,-174558
5366.64,-169898
5365.42,-165238
5364.19,-158693
5362.96,-152148
5361.73,-159636
5360.51,-167124
5359.28,-188207
5358.05,-209291
5356.83,-230374
5355.6,-251457
5354.37,-273593
5353.15,-295729
5351.92,-317864
5350.69,-340000
5349.47,-356435
5348.24,-372869
5347.01,-375270
5345.79,-377671
5344.56,-376740
5343.33,-375808
5342.1,-370666
5340.88,-365524
5339.65,-349944
5338.42,-334365
5337.2,-318785
5335.97,-303206
5334.74,-297888
5333.52,-292571
5332.29,-287254
5331.06,-281936
5329.84,-291003
5328.61,-300070
5327.38,-316505
5326.15,-332939
5324.93,-342982
5323.7,-336185
5322.47,-319213
5321.25,-302241
5320.02,-279656
5318.79,-257071
5317.57,-242905
5316.34,-228740
5315.11,-226153
5313.89,-223565
5312.66,-228346
5311.43,-233126
5310.21,-229135
5308.98,-208304
5307.75,-172738
5306.52,-137171
5305.3,-105376
5304.07,-90421.9
5302.84,-87395.9
5301.62,-101210
5300.39,-120112
5299.16,-139013
5297.94,-144934
5296.71,-150854
5295.48,-147302
5294.26,-143749
5293.03,-140197
5291.8,-136645
5290.58,-133970
5289.35,-131295
5288.12,-142653
5286.89,-154012
5285.67,-171367
5284.44,-188723
5283.21,-201517
5281.99,-197472
5280.76,-183866
5279.53,-170260
5278.31,-159811
5277.08,-149363
5275.85,-139353
5274.63,-129343
5273.4,-105300
5272.17,-81256.1
5270.94,-55546.3
5269.72,-29836.3
5268.49,-23773.4
5267.26,-17710.4
5266.04,-12042.1
5264.81,-6374
5263.58,13327.9
5262.36,33029.8
5261.13,57994.1
5259.9,82958.5
5258.68,99502.8
5257.45,116047
5256.22,123294
5255,130541
5253.77,123755
5252.54,116968
5251.31,106673
5250.09,96378.1
5248.86,101871
5247.63,124204
5246.41,164836
5245.18,205467
5243.95,235924
5242.73,249541
5241.5,246757
5240.27,227132
5239.05,212769
5237.82,198407
5236.59,198955
5235.36,216343
5234.14,237240
5232.91,258137
5231.68,278595
5230.46,282213
5229.23,271096
5228,259979
5226.78,248884
5225.55,254629
5224.32,272302
5223.1,306816
5221.87,349048
5220.64,391280
5219.42,423338
5218.19,438556
5216.96,429653
5215.73,403911
5214.51,373607
5213.28,343303
5212.05,332296
5210.83,338128
5209.6,366064
5208.37,410840
5207.15,456339
5205.92,484998
5204.69,491555
5203.47,481271
5202.24,453094
5201.01,424917
5199.79,404108
5198.56,383299
5197.33,365296
5196.1,347294
5194.88,338764
5193.65,330234
5192.42,335037
5191.2,356679
5189.97,394109
5188.74,431539
5187.52,476491
5186.29,521442
5185.06,549553
5183.84,560823
5182.61,548237
5181.38,518810
5180.15,483770
5178.93,448730
5177.7,424742
5176.47,400753
5175.25,402025
5174.02,403297
5172.79,413164
5171.57,423031
5170.34,417111
5169.11,394350
5167.89,357572
5166.66,320795
5165.43,284017
5164.21,247239
5162.98,232389
5161.75,234379
5160.52,257770
5159.3,281161
5158.07,311393
5156.84,341626
5155.62,357825
5154.39,374024
5153.16,374610
5151.94,375197
5150.71,367363
5149.48,359529
5148.26,356608
5147.03,353686
5145.8,350764
5144.58,347842
5143.35,343605
5142.12,339367
5140.89,339340
5139.67,339312
5138.44,338583
5137.21,337854
5135.99,328705
5134.76,319556
5133.53,301109
5132.31,282663
5131.08,268426
5129.85,254190
5128.63,250166
5127.4,246143
5126.17,242119
5124.94,238095
5123.72,222582
5122.49,207068
5121.26,192607
5120.04,178146
5118.81,183858
5117.58,206410
5116.36,243698
5115.13,280985
5113.9,309502
5112.68,321178
5111.45,315313
5110.22,292607
5109,265351
5107.77,238095
5106.54,209787
5105.31,181479
5104.09,163169
5102.86,144860
5101.63,146197
5100.41,147535
5099.18,153170
5097.95,158806
5096.73,154267
5095.5,132887
5094.27,104491
5093.05,76095.3
5091.82,55066.8
5090.59,34038.4
5089.36,38769.3
5088.14,43500
5086.91,56651
5085.68,69802
5084.46,71024.5
5083.23,72246.9
5082,73469.4
5080.78,74691.9
5079.55,92754.6
5078.32,110817
5077.1,128880
5075.87,146943
5074.64,150007
5073.42,153072
5072.19,142102
5070.96,131133
5069.73,118004
5068.51,104875
5067.28,95956
5066.05,87037
5064.83,91011.4
5063.6,94985.8
5062.37,107380
5061.15,119775
5059.92,127784
5058.69,135793
5057.47,129768
5056.24,123744
5055.01,108246
5053.79,92749.1
5052.56,85672
5051.33,78594.9
5050.1,86028.4
5048.88,93461.8
5047.65,81248.1
5046.42,69034.5
5045.2,34367.3
5043.97,-300
5042.74,-26547.3
5041.52,-52794.4
5040.29,-55623
5039.06,-58451.6
5037.84,-47246.8
5036.61,-36041.8
5035.38,-14136.3
5034.15,7769.25
5032.93,21254.6
5031.7,34740
5030.47,26298
5029.25,17855.9
5028.02,9413.88
5026.79,971.75
5025.57,13053.8
5024.34,25135.8
5023.11,51251.4
5021.89,77367
5020.66,85502.1
5019.43,93637.1
5018.21,82125.3
5016.98,70613.4
5015.75,58048.9
5014.52,45484.5
5013.3,41340.3
5012.07,37195.9
5010.84,38051.1
5009.62,38906.3
5008.39,31341.3
5007.16,23776.3
5005.94,15158.9
5004.71,6541.38
5003.48,11957.4
5002.26,17373.5
5001.03,31999.1
4999.8,46624.8
4998.57,52830.1
4997.35,59035.6
4996.12,63486.9
4994.89,67938.3
4993.67,80809.6
4992.44,93681
4991.21,118722
4989.99,143763
4988.76,160384
4987.53,177005
4986.31,164507
4985.08,152008
4983.85,114249
4982.63,76489.9
4981.4,49694.5
4980.17,22899.3
4978.94,15750.9
4977.72,8602.5
4976.49,6892.13
4975.26,5181.88
4974.04,-4948.63
4972.81,-15079.1
4971.58,-28279.5
4970.36,-41479.8
4969.13,-54680.1
4967.9,-67880.5
4966.68,-70380.1
4965.45,-72879.9
4964.22,-61346
4963,-49812.3
4961.77,-38453.8
4960.54,-27095.4
4959.31,-35384
4958.09,-43672.5
4956.86,-66696.4
4955.63,-89720.1
4954.41,-93097
4953.18,-96473.9
4951.95,-73757
4950.73,-51040.1
4949.5,-42356.9
4948.27,-33673.6
4947.05,-46742.4
4945.82,-59811.1
4944.59,-64459.8
4943.36,-69108.4
4942.14,-48584.3
4940.91,-28060.3
4939.68,12110.9
4938.46,52282
4937.23,91751.4
4936,131221
4934.78,145430
4933.55,159639
4932.32,147743
4931.1,135848
4929.87,109918
4928.64,83989.1
4927.42,69549.9
4926.19,55110.6
4924.96,54705
4923.73,54299.4
4922.51,56086.4
4921.28,57873.5
4920.05,55450.5
4918.83,53027.5
4917.6,46657.6
4916.37,40287.6
4915.15,33917.8
4913.92,27547.9
4912.69,27251.8
4911.47,26955.8
4910.24,35079.9
4909.01,43204
4907.78,52994.6
4906.56,62785.3
4905.33,68365.8
4904.1,73946.3
4902.88,79088.3
4901.65,84230.3
4900.42,97792.4
4899.2,111355
4897.97,118514
4896.74,125673
4895.52,113186
4894.29,100698
4893.06,85239
4891.83,69780.1
4890.61,68354.8
4889.38,66929.5
4888.15,81292
4886.93,95654.5
4885.7,129664
4884.47,163673
4883.25,208559
4882.02,253444
4880.79,287103
4879.57,303921
4878.34,306092
4877.11,291423
4875.89,271140
4874.66,250857
4873.43,239257
4872.21,227658
4870.98,220268
4869.75,212879
4868.52,201542
4867.3,190206
4866.07,187289
4864.84,184373
4863.62,192947
4862.39,201520
4861.16,196060
4859.94,190600
4858.71,177773
4857.48,164945
4856.26,157731
4855.03,167357
4853.8,190962
4852.57,231407
4851.35,287640
4850.12,343873
4848.89,394142
4847.67,427570
4846.44,432230
4845.21,420049
4843.99,401729
4842.76,383408
4841.53,383683
4840.31,383957
4839.08,380372
4837.85,376786
4836.63,364781
4835.4,352776
4834.17,342634
4832.94,332493
4831.72,330772
4830.49,329050
4829.26,325575
4828.04,322099
4826.81,327044
4825.58,331989
4824.36,352721
4823.13,373453
4821.9,402606
4820.68,431759
4819.45,455298
4818.22,478837
4816.99,493956
4815.77,509075
4814.54,508351
4813.31,507627
4812.09,487257
4810.86,466886
4809.63,437043
4808.41,407200
4807.18,388583
4805.95,386807
4804.73,396960
4803.5,423952
4802.27,450945
4801.04,477938
4799.82,495896
4798.59,513855
4797.36,527603
4796.14,541352
4794.91,544838
4793.68,548325
4792.46,532164
4791.23,516004
4790,501948
4788.78,487893
4787.55,493484
4786.32,499076
4785.1,519139
4783.87,539203
4782.64,563477
4781.42,587750
4780.19,609305
4778.96,630860
4777.73,643994
4776.51,657129
4775.28,665549
4774.05,673969
4772.83,682389
4771.6,690809
4770.37,707562
4769.15,724315
4767.92,741067
4766.69,757820
4765.47,772292
4764.24,786764
4763.01,797026
4761.78,807288
4760.56,815357
4759.33,823427
4758.1,817462
4756.88,811498
4755.65,801828
4754.42,792158
4753.2,796522
4751.97,800885
4750.74,821300
4749.52,841714
4748.29,866339
4747.06,890963
4745.83,903922
4744.61,916881
4743.38,914053
4742.15,894384
4740.93,858839
4739.7,823295
4738.47,786698
4737.25,750101
4736.02,728272
4734.79,706444
4733.57,709875
4732.34,713307
4731.11,750244
4729.89,787181
4728.66,838151
4727.43,889121
4726.2,925444
4724.98,961767
4723.75,978443
4722.52,995118
4721.3,996357
4720.07,997596
4718.84,979188
4717.62,960780
4716.39,932658
4715.16,904536
4713.94,901675
4712.71,898813
4711.48,937351
4710.26,975888
4709.03,1.02E+06
4707.8,1.07E+06
4706.57,1.09E+06
4705.35,1.11E+06
4704.12,1.12E+06
4702.89,1.13E+06
4701.67,1.12E+06
4700.44,1.11E+06
4699.21,1.09E+06
4697.99,1.07E+06
4696.76,1.06E+06
4695.53,1.04E+06
4694.31,1.04E+06
4693.08,1.04E+06
4691.85,1.04E+06
4690.63,1.04E+06
4689.4,1.03E+06
4688.17,1.02E+06
4686.94,1.01E+06
4685.72,1.01E+06
4684.49,1.02E+06
4683.26,1.03E+06
4682.04,1.02E+06
4680.81,1.01E+06
4679.58,996588
4678.36,983760
4677.13,990667
4675.9,997574
4674.68,1.02E+06
4673.45,1.04E+06
4672.22,1.06E+06
4670.99,1.08E+06
4669.77,1.09E+06
4668.54,1.10E+06
4667.31,1.08E+06
4666.09,1.07E+06
4664.86,1.04E+06
4663.63,1.01E+06
4662.41,989527
4661.18,964332
4659.95,934928
4658.73,905523
4657.5,881074
4656.27,856625
4655.04,840596
4653.82,824567
4652.59,821782
4651.36,818997
4650.14,830246
4648.91,841495
4647.68,844499
4646.46,847503
4645.23,830860
4644,814217
4642.78,806696
4641.55,799175
4640.32,822528
4639.1,845880
4637.87,861010
4636.64,876140
4635.41,866010
4634.19,855879
4632.96,829084
4631.73,802289
4630.51,775493
4629.28,748698
4628.05,741462
4626.83,734226
4625.6,752250
4624.37,770274
4623.15,788650
4621.92,807025
4620.69,805753
4619.47,804481
4618.24,805918
4617.01,807354
4615.78,808790
4614.56,810226
4613.33,800962
4612.1,791698
4610.88,774013
4609.65,756329
4608.42,745135
4607.2,733941
4605.97,731167
4604.74,728393
4603.52,731759
4602.29,735125
4601.06,738491
4599.83,741857
4598.61,736627
4597.38,731397
4596.15,717747
4594.93,704097
4593.7,680712
4592.47,657326
4591.25,647974
4590.02,638622
4588.79,643918
4587.57,649213
4586.34,650298
4585.11,651384
4583.89,651154
4582.66,650923
4581.43,670340
4580.2,689757
4578.98,714738
4577.75,739719
4576.52,745052
4575.3,750386
4574.07,750808
4572.84,751230
4571.62,760073
4570.39,768915
4569.16,766793
4567.94,764672
4566.71,741149
4565.48,700786
4564.25,652091
4563.03,603396
4561.8,563822
4560.57,541089
4559.35,540568
4558.12,540047
4556.89,544789
4555.67,549531
4554.44,550238
4553.21,550945
4551.99,560072
4550.76,569200
4549.53,580432
4548.31,591664
4547.08,598687
4545.85,605709
4544.62,602820
4543.4,599931
4542.17,597042
4540.94,594153
4539.72,599421
4538.49,604689
4537.26,604344
4536.04,587158
4534.81,547694
4533.58,491390
4532.36,431227
4531.13,371063
4529.9,334143
4528.68,325290
4527.45,333277
4526.22,358104
4524.99,385387
4523.77,412671
4522.54,426973
4521.31,441275
4520.09,439241
4518.86,437207
4517.63,426754
4516.41,416300
4515.18,400057
4513.95,383814
4512.73,375992
4511.5,368169
4510.27,368459
4509.04,368750
4507.82,369041
4506.59,369331
4505.36,376375
4504.14,383419
4502.91,393621
4501.68,403823
4500.46,395364
4499.23,370066
4498,323366
4496.78,276666
4495.55,233649
4494.32,190633
4493.1,163405
4491.87,153017
4490.64,163723
4489.41,174429
4488.19,190398
4486.96,206366
4485.73,208214
4484.51,210061
4483.28,211908
4482.05,213756
4480.83,208871
4479.6,203987
4478.37,199103
4477.15,194218
4475.92,195386
4474.69,196554
4473.46,196669
4472.24,196784
4471.01,176112
4469.78,138599
4468.56,107402
4467.33,76204.9
4466.1,61058.5
4464.88,62752.4
4463.65,69007.1
4462.42,75262
4461.2,82267.8
4459.97,89273.6
4458.74,82245.9
4457.52,75218.1
4456.29,52578
4455.06,29937.9
4453.83,7297.88
4452.61,-15342.3
4451.38,-28071.1
4450.15,-40800
4448.93,-37741.1
4447.7,-17842
4446.47,11354.4
4445.25,40550.8
4444.02,65186.3
4442.79,72981.5
4441.57,63739.1
4440.34,37656.4
4439.11,346.875
4437.89,-36962.8
4436.66,-66203
4435.43,-95443.3
4434.2,-105037
4432.98,-114630
4431.75,-105190
4430.52,-95750.3
4429.3,-72276.9
4428.07,-48803.5
4426.84,-28136.9
4425.62,-7470.38
4424.39,-6450.63
4423.16,-5431
4421.94,-19404.4
4420.71,-33377.6
4419.48,-38930.8
4418.25,-44483.9
4417.03,-37845.4
4415.8,-31206.8
4414.57,-16148.1
4413.35,-1089.38
4412.12,12565.9
4410.89,26221.3
4409.67,35666.5
4408.44,45111.8
4407.21,51487.1
4405.99,57862.5
4404.76,50204.4
4403.53,42546.3
4402.31,17653.1
4401.08,-7240.13
4399.85,-40553.4
4398.62,-73866.6
4397.4,-106478
4396.17,-139090
4394.94,-166088
4393.72,-176246
4392.49,-173423
4391.26,-153759
4390.04,-117256
4388.81,-80751.9
4387.58,-50563.3
4386.36,-20374.6
4385.13,1393.88
4383.9,23162.4
4382.67,36373.6
4381.45,49584.9
4380.22,48762.6
4378.99,47940.4
4377.77,33259.9
4376.54,18579.5
4375.31,17932.6
4374.09,17285.8
4372.86,31637.3
4371.63,45988.8
4370.41,60340.4
4369.18,74691.9
4367.95,83605.4
4366.73,92518.9
4365.5,101432
4364.27,110346
4363.04,117790
4361.82,125235
4360.59,132679
4359.36,140123
4358.14,144059
4356.91,147995
4355.68,151931
4354.46,155867
4353.23,160856
4352,165844
4350.78,170833
4349.55,175821
4348.32,189405
4347.1,202989
4345.87,216573
4344.64,230158
4343.41,243912
4342.19,257666
4340.96,261947
4339.73,266228
4338.51,259107
4337.28,235146
4336.05,207676
4334.83,180207
4333.6,160017
4332.37,156668
4331.15,170860
4329.92,201893
4328.69,240293
4327.46,278694
4326.24,302359
4325.01,309184
4323.78,302787
4322.56,296389
4321.33,280519
4320.1,264649
4318.88,249043
4317.65,233436
4316.42,223091
4315.2,212747
4313.97,215296
4312.74,234686
4311.52,268810
4310.29,302935
4309.06,339954
4307.83,360132
4306.61,368383
4305.38,359793
4304.15,343276
4302.93,326759
4301.7,317610
4300.47,308460
4299.25,309047
4298.02,309634
4296.79,310220
4295.57,310807
4294.34,310253
4293.11,309699
4291.88,314408
4290.66,319117
4289.43,336544
4288.2,370811
4286.98,408587
4285.75,446362
4284.52,474029
4283.3,484856
4282.07,474281
4280.84,463707
4279.62,450501
4278.39,437295
4277.16,438123
4275.94,438951
4274.71,449229
4273.48,459508
4272.25,469786
4271.03,480065
4269.8,486659
4268.57,493254
4267.35,491429
4266.12,489603
4264.89,493610
4263.67,497618
4262.44,521272
4261.21,544926
4259.99,563844
4258.76,582762
4257.53,587646
4256.31,592531
4255.08,603138
4253.85,613745
4252.62,624353
4251.4,634960
4250.17,637761
4248.94,640563
4247.72,634944
4246.49,629325
4245.26,616886
4244.04,604448
4242.81,597272
4241.58,590097
4240.36,600024
4239.13,626792
4237.9,663734
4236.67,700677
4235.45,726743
4234.22,752809
4232.99,764842
4231.77,776875
4230.54,796977
4229.31,817079
4228.09,850162
4226.86,883245
4225.63,909020
4224.41,917956
4223.18,909349
4221.95,883903
4220.73,852316
4219.5,820730
4218.27,798265
4217.04,792640
4215.82,804909
4214.59,817177
4213.36,830498
4212.14,843819
4210.91,851439
4209.68,859059
4208.46,858258
4207.23,857458
4206,851746
4204.78,846034
4203.55,844532
4202.32,843030
4201.09,859859
4199.87,876688
4198.64,901938
4197.41,927187
4196.19,954805
4194.96,982422
4193.73,1.01E+06
4192.51,1.04E+06
4191.28,1.06E+06
4190.05,1.06E+06
4188.83,1.04E+06
4187.6,1.01E+06
4186.37,975038
4185.15,936671
4183.92,916898
4182.69,897125
4181.46,891210
4180.24,885295
4179.01,879380
4177.78,873465
4176.56,862989
4175.33,852513
4174.1,853264
4172.88,870856
4171.65,899849
4170.42,945683
4169.2,990464
4167.97,1.04E+06
4166.74,1.06E+06
4165.52,1.07E+06
4164.29,1.06E+06
4163.06,1.03E+06
4161.83,996769
4160.61,961076
4159.38,932751
4158.15,904427
4156.93,892767
4155.7,881107
4154.47,873657
4153.25,866207
4152.02,844285
4150.79,822363
4149.57,792021
4148.34,761679
4147.11,735703
4145.88,709727
4144.66,709012
4143.43,708297
4142.2,710388
4140.98,712479
4139.75,704396
4138.52,679473
4137.3,649199
4136.07,618926
4134.84,598826
4133.62,595568
4132.39,607658
4131.16,636588
4129.94,659555
4128.71,682521
4127.48,682946
4126.25,655303
4125.03,606962
4123.8,558620
4122.57,511155
4121.35,463690
4120.12,437627
4118.89,428404
4117.67,430407
4116.44,432411
4115.21,439677
4113.99,446943
4112.76,442544
4111.53,438145
4110.3,425326
4109.08,412506
4107.85,414918
4106.62,417330
4105.4,445003
4104.17,472675
4102.94,492980
4101.72,513285
4100.49,502716
4099.26,492147
4098.04,471842
4096.81,451537
4095.58,439652
4094.36,427768
4093.13,412024
4091.9,396280
4090.67,366502
4089.45,336725
4088.22,302101
4086.99,267478
4085.77,252502
4084.54,237525
4083.31,251318
4082.09,265110
4080.86,274692
4079.63,284274
4078.41,269035
4077.18,253795
4075.95,234346
4074.73,214896
4073.5,221408
4072.27,227921
4071.04,254080
4069.82,280240
4068.59,297225
4067.36,314211
4066.14,317163
4064.91,320115
4063.68,316138
4062.46,312161
4061.23,303974
4060,295786
4058.78,286459
4057.55,277132
4056.32,276224
4055.09,275317
4053.87,284496
4052.64,293676
4051.41,311275
4050.19,328875
4048.96,356802
4047.73,384730
4046.51,404237
4045.28,423744
4044.05,417991
4042.83,412238
4041.6,398064
4040.37,383891
4039.15,374454
4037.92,365017
4036.69,341546
4035.46,318076
4034.24,283027
4033.01,247979
4031.78,221351
4030.56,194723
4029.33,197672
4028.1,200621
4026.88,211991
4025.65,223360
4024.42,228063
4023.2,232767
4021.97,229050
4020.74,225333
4019.51,231967
4018.29,238600
4017.06,253653
4015.83,268706
4014.61,271129
4013.38,273552
4012.15,261941
4010.93,250331
4009.7,248127
4008.47,245923
4007.25,257753
4006.02,269583
4004.79,273870
4003.57,278157
4002.34,274023
4001.11,269890
3999.88,273563
3998.66,277236
3997.43,280909
3996.2,284581
3994.98,275712
3993.75,266842
3992.52,262183
3991.3,257523
3990.07,278760
3988.84,299996
3987.62,335267
3986.39,370537
3985.16,388879
3983.94,407222
3982.71,405917
3981.48,404612
3980.25,391116
3979.03,377620
3977.8,364123
3976.57,350627
3975.35,343797
3974.12,336966
3972.89,330136
3971.67,323305
3970.44,312243
3969.21,301181
3967.99,315379
3966.76,329577
3965.53,373070
3964.3,416563
3963.08,451636
3961.85,486709
3960.62,494328
3959.4,501948
3958.17,489921
3956.94,477894
3955.72,461393
3954.49,444893
3953.26,436813
3952.04,428733
3950.81,431852
3949.58,434971
3948.36,441248
3947.13,447524
3945.9,442487
3944.67,420608
3943.45,386802
3942.22,336155
3940.99,284982
3939.77,233808
3938.54,204036
3937.31,191105
3936.09,195364
3934.86,216464
3933.63,248790
3932.41,281117
3931.18,305878
3929.95,330640
3928.72,330141
3927.5,329642
3926.27,320197
3925.04,310752
3923.82,305517
3922.59,300282
3921.36,296011
3920.14,291741
3918.91,283260
3917.68,274780
3916.46,267527
3915.23,260275
3914,267056
3912.78,273837
3911.55,284351
3910.32,294865
3909.09,285733
3907.87,276600
3906.64,264310
3905.41,252019
3904.19,261130
3902.96,287081
3901.73,316014
3900.51,344948
3899.28,353181
3898.05,333348
3896.83,292464
3895.6,234740
3894.37,168596
3893.15,119292
3891.92,93823.5
3890.69,96422
3889.46,128140
3888.24,176698
3887.01,234729
3885.78,292760
3884.56,335004
3883.33,360407
3882.1,371951
3880.88,366656
3879.65,350134
3878.42,333611
3877.2,319194
3875.97,304777
3874.74,300534
3873.51,313131
3872.29,335086
3871.06,357041
3869.83,368821
3868.61,363761
3867.38,346773
3866.15,312945
3864.93,278064
3863.7,260023
3862.47,260489
3861.25,260955
3860.02,262473
3858.79,263992
3857.57,249371
3856.34,234751
3855.11,220131
3853.88,205511
3852.66,197645
3851.43,189778
3850.2,181912
3848.98,174045
3847.75,175827
3846.52,177608
3845.3,193424
3844.07,209239
3842.84,232334
3841.62,255429
3840.39,278524
3839.16,301619
3837.93,312786
3836.71,323952
3835.48,326699
3834.25,329445
3833.03,328656
3831.8,327866
3830.57,327077
3829.35,326287
3828.12,310938
3826.89,295589
3825.67,261645
3824.44,227702
3823.21,196302
3821.99,181742
3820.76,184724
3819.53,204546
3818.3,240244
3817.08,275942
3815.85,302518
3814.62,312254
3813.4,295962
3812.17,279670
3810.94,258115
3809.72,253401
3808.49,260264
3807.26,283967
3806.04,307671
3804.81,331375
3803.58,347447
3802.35,363520
3801.13,382751
3799.9,401981
3798.67,417791
3797.45,416760
3796.22,403801
3794.99,374002
3793.77,340787
3792.54,307572
3791.31,273305
3790.09,239038
3788.86,217226
3787.63,195413
3786.41,193248
3785.18,191083
3783.95,218213
3782.72,245342
3781.5,286506
3780.27,327669
3779.04,356202
3777.82,384735
3776.59,393621
3775.36,402507
3774.14,397491
3772.91,392475
3771.68,373426
3770.46,354377
3769.23,326205
3768,298034
3766.78,278283
3765.55,258532
3764.32,256059
3763.09,253587
3761.87,265148
3760.64,276710
3759.41,297042
3758.19,317374
3756.96,346126
3755.73,374879
3754.51,408927
3753.28,442974
3752.05,462989
3750.83,483003
3749.6,475652
3748.37,468301
3747.14,452529
3745.92,436758
3744.69,443506
3743.46,450254
3742.24,493490
3741.01,536725
3739.78,581715
3738.56,626705
3737.33,646434
3736.1,666163
3734.88,663592
3733.65,661021
3732.42,650030
3731.2,639039
3729.97,628662
3728.74,618284
3727.51,612117
3726.29,605950
3725.06,604804
3723.83,603659
3722.61,616547
3721.38,629434
3720.15,642410
3718.93,655386
3717.7,659941
3716.47,664496
3715.25,679402
3714.02,694307
3712.79,723246
3711.56,752184
3710.34,786912
3709.11,821640
3707.88,842334
3706.66,863028
3705.43,857606
3704.2,852184
3702.98,846763
3701.75,841341
3700.52,852585
3699.3,863828
3698.07,883491
3696.84,903155
3695.62,921196
3694.39,939236
3693.16,965697
3691.93,992158
3690.71,1.03E+06
3689.48,1.07E+06
3688.25,1.08E+06
3687.03,1.09E+06
3685.8,1.08E+06
3684.57,1.06E+06
3683.35,1.05E+06
3682.12,1.04E+06
3680.89,1.05E+06
3679.67,1.07E+06
3678.44,1.08E+06
3677.21,1.09E+06
3675.99,1.10E+06
3674.76,1.12E+06
3673.53,1.13E+06
3672.3,1.14E+06
3671.08,1.16E+06
3669.85,1.18E+06
3668.62,1.21E+06
3667.4,1.23E+06
3666.17,1.23E+06
3664.94,1.23E+06
3663.72,1.22E+06
3662.49,1.20E+06
3661.26,1.20E+06
3660.04,1.19E+06
3658.81,1.20E+06
3657.58,1.21E+06
3656.35,1.24E+06
3655.13,1.27E+06
3653.9,1.29E+06
3652.67,1.31E+06
3651.45,1.29E+06
3650.22,1.28E+06
3648.99,1.24E+06
3647.77,1.20E+06
3646.54,1.18E+06
3645.31,1.15E+06
3644.09,1.14E+06
3642.86,1.13E+06
3641.63,1.14E+06
3640.41,1.14E+06
3639.18,1.14E+06
3637.95,1.14E+06
3636.72,1.15E+06
3635.5,1.15E+06
3634.27,1.15E+06
3633.04,1.15E+06
3631.82,1.16E+06
3630.59,1.16E+06
3629.36,1.16E+06
3628.14,1.17E+06
3626.91,1.16E+06
3625.68,1.15E+06
3624.46,1.13E+06
3623.23,1.11E+06
3622,1.10E+06
3620.77,1.09E+06
3619.55,1.09E+06
3618.32,1.10E+06
3617.09,1.11E+06
3615.87,1.12E+06
3614.64,1.12E+06
3613.41,1.12E+06
3612.19,1.10E+06
3610.96,1.09E+06
3609.73,1.07E+06
3608.51,1.05E+06
3607.28,1.05E+06
3606.05,1.05E+06
3604.83,1.06E+06
3603.6,1.06E+06
3602.37,1.05E+06
3601.14,1.04E+06
3599.92,1.02E+06
3598.69,1.00E+06
3597.46,978536
3596.24,956121
3595.01,933705
3593.78,911290
3592.56,888962
3591.33,866635
3590.1,848517
3588.88,830400
3587.65,828771
3586.42,827143
3585.2,839549
3583.97,851954
3582.74,859009
3581.51,866065
3580.29,847859
3579.06,829654
3577.83,806844
3576.61,784034
3575.38,761224
3574.15,738414
3572.93,720866
3571.7,703319
3570.47,699805
3569.25,696291
3568.02,703917
3566.79,711542
3565.56,719167
3564.34,726792
3563.11,741698
3561.88,756603
3560.66,767298
3559.43,777993
3558.2,755824
3556.98,733656
3555.75,697453
3554.52,661251
3553.3,646713
3552.07,632175
3550.84,642898
3549.62,653620
3548.39,666887
3547.16,680153
3545.93,684999
3544.71,689845
3543.48,681710
3542.25,673574
3541.03,657019
3539.8,640464
3538.57,629478
3537.35,618493
3536.12,615927
3534.89,613362
3533.67,619129
3532.44,624895
3531.21,622242
3529.98,619589
3528.76,605709
3527.53,591829
3526.3,573739
3525.08,555649
3523.85,529752
3522.62,503856
3521.4,486380
3520.17,468904
3518.94,464567
3517.72,460231
3516.49,455895
3515.26,451559
3514.04,433014
3512.81,414469
3511.58,395924
3510.35,377378
3509.13,354799
3507.9,332219
3506.67,309639
3505.45,287059
3504.22,268251
3502.99,249443
3501.77,234845
3500.54,220246
3499.31,210735
3498.09,201224
3496.86,211360
3495.63,221496
3494.41,251367
3493.18,281238
3491.95,291461
3490.72,301685
3489.5,279368
3488.27,257052
3487.04,243155
3485.82,229259
3484.59,235886
3483.36,242514
3482.14,240721
3480.91,238929
3479.68,223102
3478.46,207276
3477.23,191450
3476,175624
3474.77,172516
3473.55,169408
3472.32,169457
3471.09,169506
3469.87,158329
3468.64,130311
3467.41,91417
3466.19,35682.9
3464.96,-21103.8
3463.73,-61050
3462.51,-79595.1
3461.28,-70073.1
3460.05,-30510.6
3458.83,9052
3457.6,54578.9
3456.37,83265.5
3455.14,92042
3453.92,83978.1
3452.69,51706.4
3451.46,2594.38
3450.24,-49324.4
3449.01,-101243
3447.78,-142987
3446.56,-167892
3445.33,-180692
3444.1,-176652
3442.88,-166998
3441.65,-157344
3440.42,-142549
3439.19,-127753
3437.97,-112958
3436.74,-98162.3
3435.51,-88541.6
3434.29,-78920.9
3433.06,-65090.1
3431.83,-51259.4
3430.61,-33657.1
3429.38,-16054.9
3428.15,-14240.4
3426.93,-29266.3
3425.7,-61044.5
3424.47,-92822.9
3423.25,-121093
3422.02,-132523
3420.79,-131563
3419.56,-130604
3418.34,-133153
3417.11,-152542
3415.88,-181317
3414.66,-210091
3413.43,-224130
3412.2,-221329
3410.98,-199495
3409.75,-177660
3408.52,-150563
3407.3,-123467
3406.07,-103474
3404.84,-83481.9
3403.61,-71909.6
3402.39,-60337.4
3401.16,-59701.5
3399.93,-59065.6
3398.71,-66849.9
3397.48,-74634.1
3396.25,-91715.6
3395.03,-108797
3393.8,-125879
3392.57,-142960
3391.35,-151358
3390.12,-159756
3388.89,-148508
3387.67,-137259
3386.44,-117415
3385.21,-97570.3
3383.98,-87198.5
3382.76,-76826.9
3381.53,-80116
3380.3,-100245
3379.08,-129497
3377.85,-158748
3376.62,-177474
3375.4,-179360
3374.17,-152477
3372.94,-108753
3371.72,-60469
3370.49,-12184.8
3369.26,10137.4
3368.04,15619.3
3366.81,7418.38
3365.58,-782.5
3364.35,-1615.63
3363.13,-2448.88
3361.9,12823.5
3360.67,28096
3359.45,57402
3358.22,86708.1
3356.99,116716
3355.77,146724
3354.54,168311
3353.31,189899
3352.09,202189
3350.86,214479
3349.63,201509
3348.4,188539
3347.18,173113
3345.95,157687
3344.72,162610
3343.5,184373
3342.27,203417
3341.04,205621
3339.82,196948
3338.59,171436
3337.36,150396
3336.14,129357
3334.91,126912
3333.68,124467
3332.46,132065
3331.23,139663
3330,143051
3328.77,146439
3327.55,145529
3326.32,144619
3325.09,157742
3323.87,170866
3322.64,205560
3321.41,240255
3320.19,274950
3318.96,309645
3317.73,320307
3316.51,330969
3315.28,321984
3314.05,312999
3312.82,297239
3311.6,281479
3310.37,285365
3309.14,289252
3307.92,328047
3306.69,366842
3305.46,405637
3304.24,444433
3303.01,450622
3301.78,456811
3300.56,443353
3299.33,429895
3298.1,424331
3296.88,418766
3295.65,421623
3294.42,424479
3293.19,417752
3291.97,411026
3290.74,412720
3289.51,414414
3288.29,444877
3287.06,475339
3285.83,514222
3284.61,553105
3283.38,577011
3282.15,600918
3280.93,610791
3279.7,620663
3278.47,628080
3277.25,635497
3276.02,634494
3274.79,633491
3273.56,632312
3272.34,631134
3271.11,638375
3269.88,645617
3268.66,654613
3267.43,663608
3266.2,658571
3264.98,653533
3263.75,658296
3262.52,663060
3261.3,687471
3260.07,711882
3258.84,739625
3257.61,767369
3256.39,786693
3255.16,806016
3253.93,822621
3252.71,839225
3251.48,855830
3250.25,872434
3249.03,878075
3247.8,883716
3246.57,885147
3245.35,886578
3244.12,896089
3242.89,905600
3241.67,923531
3240.44,941462
3239.21,964480
3237.98,987499
3236.76,1.01E+06
3235.53,1.03E+06
3234.3,1.05E+06
3233.08,1.07E+06
3231.85,1.09E+06
3230.62,1.11E+06
3229.4,1.12E+06
3228.17,1.14E+06
3226.94,1.15E+06
3225.72,1.16E+06
3224.49,1.19E+06
3223.26,1.22E+06
3222.03,1.25E+06
3220.81,1.28E+06
3219.58,1.31E+06
3218.35,1.33E+06
3217.13,1.35E+06
3215.9,1.37E+06
3214.67,1.39E+06
3213.45,1.40E+06
3212.22,1.42E+06
3210.99,1.43E+06
3209.77,1.45E+06
3208.54,1.48E+06
3207.31,1.50E+06
3206.09,1.52E+06
3204.86,1.53E+06
3203.63,1.54E+06
3202.4,1.57E+06
3201.18,1.59E+06
3199.95,1.62E+06
3198.72,1.65E+06
3197.5,1.68E+06
3196.27,1.70E+06
3195.04,1.72E+06
3193.82,1.74E+06
3192.59,1.77E+06
3191.36,1.80E+06
3190.14,1.84E+06
3188.91,1.87E+06
3187.68,1.89E+06
3186.46,1.91E+06
3185.23,1.92E+06
3184,1.93E+06
3182.77,1.93E+06
3181.55,1.94E+06
3180.32,1.95E+06
3179.09,1.95E+06
3177.87,1.95E+06
3176.64,1.95E+06
3175.41,1.96E+06
3174.19,1.96E+06
3172.96,1.98E+06
3171.73,2.00E+06
3170.51,2.02E+06
3169.28,2.04E+06
3168.05,2.06E+06
3166.82,2.07E+06
3165.6,2.09E+06
3164.37,2.10E+06
3163.14,2.12E+06
3161.92,2.13E+06
3160.69,2.14E+06
3159.46,2.15E+06
3158.24,2.15E+06
3157.01,2.14E+06
3155.78,2.12E+06
3154.56,2.10E+06
3153.33,2.09E+06
3152.1,2.07E+06
3150.88,2.06E+06
3149.65,2.05E+06
3148.42,2.05E+06
3147.19,2.06E+06
3145.97,2.08E+06
3144.74,2.09E+06
3143.51,2.10E+06
3142.29,2.11E+06
3141.06,2.10E+06
3139.83,2.09E+06
3138.61,2.07E+06
3137.38,2.05E+06
3136.15,2.04E+06
3134.93,2.02E+06
3133.7,2.00E+06
3132.47,1.97E+06
3131.24,1.94E+06
3130.02,1.90E+06
3128.79,1.86E+06
3127.56,1.81E+06
3126.34,1.78E+06
3125.11,1.74E+06
3123.88,1.72E+06
3122.66,1.69E+06
3121.43,1.69E+06
3120.2,1.69E+06
3118.98,1.70E+06
3117.75,1.71E+06
3116.52,1.69E+06
3115.3,1.67E+06
3114.07,1.63E+06
3112.84,1.58E+06
3111.61,1.55E+06
3110.39,1.52E+06
3109.16,1.52E+06
3107.93,1.51E+06
3106.71,1.51E+06
3105.48,1.50E+06
3104.25,1.48E+06
3103.03,1.45E+06
3101.8,1.41E+06
3100.57,1.36E+06
3099.35,1.33E+06
3098.12,1.29E+06
3096.89,1.29E+06
3095.67,1.28E+06
3094.44,1.29E+06
3093.21,1.29E+06
3091.98,1.29E+06
3090.76,1.28E+06
3089.53,1.27E+06
3088.3,1.26E+06
3087.08,1.25E+06
3085.85,1.24E+06
3084.62,1.21E+06
3083.4,1.19E+06
3082.17,1.14E+06
3080.94,1.09E+06
3079.72,1.05E+06
3078.49,1.00E+06
3077.26,975433
3076.03,948117
3074.81,946061
3073.58,944006
3072.35,943353
3071.13,942701
3069.9,928015
3068.67,913329
3067.45,892175
3066.22,871020
3064.99,849866
3063.77,828711
3062.54,806592
3061.31,784473
3060.09,770773
3058.86,757074
3057.63,739954
3056.4,722834
3055.18,701505
3053.95,680175
3052.72,675685
3051.5,671195
3050.27,675126
3049.04,679056
3047.82,672412
3046.59,665768
3045.36,654914
3044.14,644060
3042.91,644784
3041.68,645507
3040.45,650441
3039.23,655375
3038,660396
3036.77,665417
3035.55,678859
3034.32,692300
3033.09,700041
3031.87,707781
3030.64,701488
3029.41,695195
3028.19,687038
3026.96,678881
3025.73,670724
3024.51,662567
3023.28,638271
3022.05,613976
3020.82,589680
3019.6,565384
3018.37,565384
3017.14,565384
3015.92,579418
3014.69,593452
3013.46,603100
3012.24,612748
3011.01,608362
3009.78,603977
3008.56,592081
3007.33,580185
3006.1,576710
3004.88,573234
3003.65,581161
3002.42,589088
3001.19,582981
2999.97,576874
2998.74,556383
2997.51,535892
2996.29,515401
2995.06,494910
2993.83,478453
2992.61,461996
2991.38,470800
2990.15,479604
2988.93,497683
2987.7,515763
2986.47,514195
2985.24,512627
2984.02,491237
2982.79,469846
2981.56,448456
2980.34,427066
2979.11,412166
2977.88,397267
2976.66,390787
2975.43,384308
2974.2,383091
2972.98,381874
2971.75,380657
2970.52,379440
2969.3,377537
2968.07,375635
2966.84,365313
2965.61,354991
2964.39,334845
2963.16,314699
2961.93,314200
2960.71,313701
2959.48,335217
2958.25,356734
2957.03,378250
2955.8,399766
2954.57,416897
2953.35,434028
2952.12,437125
2950.89,440223
2949.66,431194
2948.44,422165
2947.21,432784
2945.98,443402
2944.76,480333
2943.53,517265
2942.3,540162
2941.08,563060
2939.85,542892
2938.62,522725
2937.4,482910
2936.17,443095
2934.94,417665
2933.72,392234
2932.49,392064
2931.26,391894
2930.03,405676
2928.81,419457
2927.58,424818
2926.35,430180
2925.13,414140
2923.9,398100
2922.67,368026
2921.45,337953
2920.22,321387
2918.99,304820
2917.77,313515
2916.54,322209
2915.31,329500
2914.08,336791
2912.86,335661
2911.63,334532
2910.4,344761
2909.18,354991
2907.95,384867
2906.72,414743
2905.5,435673
2904.27,456602
2903.04,446658
2901.82,436714
2900.59,408702
2899.36,380689
2898.14,352677
2896.91,324665
2895.68,293670
2894.45,262676
2893.23,245715
2892,228754
2890.77,229143
2889.55,229533
2888.32,238342
2887.09,247151
2885.87,266486
2884.64,285820
2883.41,313575
2882.19,341330
2880.96,355226
2879.73,369123
2878.51,363372
2877.28,357622
2876.05,343977
2874.82,330333
2873.6,325109
2872.37,319885
2871.14,325427
2869.92,330969
2868.69,336511
2867.46,342053
2866.24,350928
2865.01,359804
2863.78,354645
2862.56,349487
2861.33,335294
2860.1,321102
2858.88,326556
2857.65,332011
2856.42,347288
2855.19,362566
2853.97,369424
2852.74,376282
2851.51,375942
2850.29,375602
2849.06,366842
2847.83,358082
2846.61,357041
2845.38,355999
2844.15,374605
2842.93,393210
2841.7,404360
2840.47,415510
2839.24,401400
2838.02,387290
2836.79,381249
2835.56,375208
2834.34,394427
2833.11,413646
2831.88,429796
2830.66,445946
2829.43,448062
2828.2,450178
2826.98,441418
2825.75,432658
2824.52,423898
2823.29,415137
2822.07,414271
2820.84,413405
2819.61,412539
2818.39,411673
2817.16,415192
2815.93,418712
2814.71,408197
2813.48,397683
2812.25,374429
2811.03,351175
2809.8,327921
2808.57,304667
2807.35,279659
2806.12,254650
2804.89,229642
2803.66,204634
2802.44,193484
2801.21,182334
2799.98,213284
2798.76,244235
2797.53,283957
2796.3,323678
2795.08,326912
2793.85,330147
2792.62,305928
2791.4,281709
2790.17,257490
2788.94,233271
2787.72,214490
2786.49,195710
2785.26,185349
2784.03,174988
2782.81,176994
2781.58,179001
2780.35,189427
2779.13,199854
2777.9,209754
2776.67,219654
2775.45,229555
2774.22,239455
2772.99,241735
2771.77,244016
2770.54,226649
2769.31,209283
2768.08,183671
2766.86,158060
2765.63,152096
2764.4,146132
2763.18,146482
2761.95,146833
2760.72,138764
2759.5,130695
2758.27,122274
2757.04,113854
2755.82,105434
2754.59,97014
2753.36,92540.8
2752.14,88067.6
2750.91,83594.4
2749.68,79121.3
2748.45,64824.5
2747.23,50527.8
2746,22197.5
2744.77,-6132.75
2743.55,-27446.3
2742.32,-48759.8
2741.09,-50426.3
2739.87,-52092.6
2738.64,-40251.9
2737.41,-28411
2736.19,-16570.3
2734.96,-4729.38
2733.73,1048.5
2732.5,6826.38
2731.28,4184.13
2730.05,1541.88
2728.82,19072.9
2727.6,36603.9
2726.37,73781.9
2725.14,110960
2723.92,136122
2722.69,161283
2721.46,172412
2720.24,183540
2719.01,194142
2717.78,204744
2716.56,223766
2715.33,242788
2714.1,270625
2712.87,298462
2711.65,326298
2710.42,354135
2709.19,363027
2707.97,371918
2706.74,380810
2705.51,389702
2704.29,422626
2703.06,455550
2701.83,480054
2700.61,504558
2699.38,511520
2698.15,518482
2696.93,533864
2695.7,549246
2694.47,567626
2693.24,586007
2692.02,604388
2690.79,622769
2689.56,644044
2688.34,665319
2687.11,686594
2685.88,707869
2684.66,731337
2683.43,754805
2682.2,782483
2680.98,810161
2679.75,840031
2678.52,869902
2677.29,908193
2676.07,946483
2674.84,984621
2673.61,1.02E+06
2672.39,1.05E+06
2671.16,1.06E+06
2669.93,1.06E+06
2668.71,1.06E+06
2667.48,1.07E+06
2666.25,1.07E+06
2665.03,1.10E+06
2663.8,1.14E+06
2662.57,1.21E+06
2661.35,1.27E+06
2660.12,1.35E+06
2658.89,1.40E+06
2657.66,1.44E+06
2656.44,1.48E+06
2655.21,1.52E+06
2653.98,1.56E+06
2652.76,1.62E+06
2651.53,1.67E+06
2650.3,1.72E+06
2649.08,1.75E+06
2647.85,1.76E+06
2646.62,1.77E+06
2645.4,1.78E+06
2644.17,1.78E+06
2642.94,1.77E+06
2641.72,1.77E+06
2640.49,1.76E+06
2639.26,1.74E+06
2638.03,1.74E+06
2636.81,1.73E+06
2635.58,1.74E+06
2634.35,1.74E+06
2633.13,1.75E+06
2631.9,1.77E+06
2630.67,1.79E+06
2629.45,1.80E+06
2628.22,1.81E+06
2626.99,1.82E+06
2625.77,1.81E+06
2624.54,1.78E+06
2623.31,1.73E+06
2622.08,1.68E+06
2620.86,1.62E+06
2619.63,1.59E+06
2618.4,1.57E+06
2617.18,1.56E+06
2615.95,1.56E+06
2614.72,1.55E+06
2613.5,1.52E+06
2612.27,1.50E+06
2611.04,1.47E+06
2609.82,1.43E+06
2608.59,1.41E+06
2607.36,1.41E+06
2606.14,1.41E+06
2604.91,1.41E+06
2603.68,1.40E+06
2602.45,1.39E+06
2601.23,1.37E+06
2600,1.35E+06
2598.77,1.33E+06
2597.55,1.31E+06
2596.32,1.29E+06
2595.09,1.26E+06
2593.87,1.23E+06
2592.64,1.20E+06
2591.41,1.16E+06
2590.19,1.10E+06
2588.96,1.03E+06
2587.73,965429
2586.5,894877
2585.28,841166
2584.05,804997
2582.82,785668
2581.6,785985
2580.37,786303
2579.14,796094
2577.92,805885
2576.69,816854
2575.46,827823
2574.24,847212
2573.01,866602
2571.78,885640
2570.56,904679
2569.33,913543
2568.1,905567
2566.87,887329
2565.65,869091
2564.42,830153
2563.19,791215
2561.97,733332
2560.74,675449
2559.51,618268
2558.29,577927
2557.06,555676
2555.83,561492
2554.61,588008
2553.38,614524
2552.15,638935
2550.93,646505
2549.7,630920
2548.47,598495
2547.24,558263
2546.02,518032
2544.79,492536
2543.56,483880
2542.34,493994
2541.11,504108
2539.88,516327
2538.66,511706
2537.43,492591
2536.2,473475
2534.98,453308
2533.75,433140
2532.52,421919
2531.29,410697
2530.07,407896
2528.84,405095
2527.61,417270
2526.39,429445
2525.16,455654
2523.93,481863
2522.71,517106
2521.48,552349
2520.25,579171
2519.03,605994
2517.8,619266
2516.57,632537
2515.34,641599
2514.12,650660
2512.89,660511
2511.66,670362
2510.44,680213
2509.21,690064
2507.98,699761
2506.76,709459
2505.53,719156
2504.3,728854
2503.08,729429
2501.85,730005
2500.62,722160
2499.4,714316
2498.17,712622
2496.94,710928
2495.71,700814
2494.49,690700
2493.26,662254
2492.03,633809
2490.81,601154
2489.58,585338
2488.35,584872
2487.13,601247
2485.9,617621
2484.67,633995
2483.45,634143
2482.22,634291
2480.99,626019
2479.77,617747
2478.54,615088
2477.31,612430
2476.08,608719
2474.86,605007
2473.63,584982
2472.4,548117
2471.18,489148
2469.95,413339
2468.72,336654
2467.5,276808
2466.27,245030
2465.04,241319
2463.82,265499
2462.59,306520
2461.36,348242
2460.14,373125
2458.91,373832
2457.68,357699
2456.45,320164
2455.23,282630
2454,249832
2452.77,233874
2451.55,229845
2450.32,242656
2449.09,261432
2447.87,280207
2446.64,291615
2445.41,303022
2444.19,313378
2442.96,323733
2441.73,342508
2440.5,361284
2439.28,371595
2438.05,381906
2436.82,378184
2435.6,374462
2434.37,363899
2433.14,353335
2431.92,351192
2430.69,349048
2429.46,348220
2428.24,347393
2427.01,346565
2425.78,345737
2424.56,356312
2423.33,366886
2422.1,391494
2420.87,416102
2419.65,433217
2418.42,450331
2417.19,451658
2415.97,436144
2414.74,411333
2413.51,386522
2412.29,360659
2411.06,334795
2409.83,320159
2408.61,305522
2407.38,299306
2406.15,293089
2404.92,289680
2403.7,286270
2402.47,278650
2401.24,271030
2400.02,255122
2398.79,239214
2397.56,227515
2396.34,215817
2395.11,208416
2393.88,201016
2392.66,198878
2391.43,196740
2390.2,204952
2388.98,230004
2387.75,270844
2386.52,311684
2385.29,354892
2384.07,398100
2382.84,425520
2381.61,436100
2380.39,429725
2379.16,423349
2377.93,415921
2376.71,408493
2375.48,403521
2374.25,398549
2373.03,393577
2371.8,388605
2370.57,366442
2369.34,344279
2368.12,309135
2366.89,273991
2365.66,243933
2364.44,230717
2363.21,227674
2361.98,224632
2360.76,216371
2359.53,208109
2358.3,180201
2357.08,152293
2355.85,119824
2354.62,87355
2353.4,66814.4
2352.17,63114.1
2350.94,79850.3
2349.71,124654
2348.49,190156
2347.26,255659
2346.03,320811
2344.81,369123
2343.58,393928
2342.35,390666
2341.13,367736
2339.9,327965
2338.67,277318
2337.45,226671
2336.22,188654
2334.99,167478
2333.77,167703
2332.54,167927
2331.31,173371
2330.08,178814
2328.86,175838
2327.63,172861
2326.4,176024
2325.18,179187
2323.95,182350
2322.72,185513
2321.5,184093
2320.27,182674
2319.04,172834
2317.82,162994
2316.59,160697
2315.36,158400
2314.13,163471
2312.91,168541
2311.68,167165
2310.45,148949
2309.23,115998
2308,83046.3
2306.77,48165.1
2305.55,30124.3
2304.32,29625.5
2303.09,45966.9
2301.87,64572.4
2300.64,83177.8
2299.41,102836
2298.19,122494
2296.96,133030
2295.73,143566
2294.5,145682
2293.28,147798
2292.05,146932
2290.82,146066
2289.6,145200
2288.37,144333
2287.14,126802
2285.92,109271
2284.69,77706.9
2283.46,46142.3
2282.24,16310
2281.01,-13522.3
2279.78,-34934.5
2278.55,-56346.6
2277.33,-74075
2276.1,-91803.3
2274.87,-108479
2273.65,-125155
2272.42,-123850
2271.19,-105705
2269.97,-72825.1
2268.74,-39944.9
2267.51,-17063.6
2266.29,-11022.5
2265.06,-26382.8
2263.83,-41742.9
2262.61,-45821.4
2261.38,-49899.9
2260.15,-40997.4
2258.92,-32094.9
2257.7,-27402.4
2256.47,-39550.1
2255.24,-67485.8
2254.02,-95421.4
2252.79,-130198
2251.56,-164975
2250.34,-185719
2249.11,-206462
2247.88,-203699
2246.66,-200936
2245.43,-184140
2244.2,-167343
2242.98,-151994
2241.75,-136645
2240.52,-129716
2239.29,-122787
2238.07,-106736
2236.84,-90685
2235.61,-61653
2234.39,-32621.1
2233.16,-4466.25
2231.93,6848.25
2230.71,-2185.75
2229.48,-11219.9
2228.25,-29025
2227.03,-29989.8
2225.8,-9553.38
2224.57,10883
2223.34,36658.6
2222.12,62434.4
2220.89,68563.1
2219.66,74691.9
2218.44,82925.6
2217.21,91159.4
2215.98,113427
2214.76,135694
2213.53,177784
2212.3,219874
2211.08,270383
2209.85,320893
2208.62,364036
2207.4,407178
2206.17,436287
2204.94,465395
2203.71,491193
2202.49,516991
2201.26,551208
2200.03,585426
2198.81,632625
2197.58,679824
2196.35,741056
2195.13,802289
2193.9,867643
2192.67,932998
2191.45,984319
2190.22,1.04E+06
2188.99,1.06E+06
2187.76,1.09E+06
2186.54,1.12E+06
2185.31,1.15E+06
2184.08,1.20E+06
2182.86,1.25E+06
2181.63,1.32E+06
2180.4,1.39E+06
2179.18,1.47E+06
2177.95,1.55E+06
2176.72,1.64E+06
2175.5,1.73E+06
2174.27,1.81E+06
2173.04,1.87E+06
2171.82,1.90E+06
2170.59,1.91E+06
2169.36,1.91E+06
2168.13,1.91E+06
2166.91,1.93E+06
2165.68,1.95E+06
2164.45,2.00E+06
2163.23,2.04E+06
2162,2.10E+06
2160.77,2.15E+06
2159.55,2.20E+06
2158.32,2.25E+06
2157.09,2.29E+06
2155.87,2.34E+06
2154.64,2.37E+06
2153.41,2.41E+06
2152.19,2.43E+06
2150.96,2.44E+06
2149.73,2.48E+06
2148.5,2.52E+06
2147.28,2.58E+06
2146.05,2.64E+06
2144.82,2.68E+06
2143.6,2.73E+06
2142.37,2.74E+06
2141.14,2.76E+06
2139.92,2.78E+06
2138.69,2.80E+06
2137.46,2.85E+06
2136.24,2.90E+06
2135.01,2.96E+06
2133.78,3.02E+06
2132.55,3.07E+06
2131.33,3.12E+06
2130.1,3.15E+06
2128.87,3.19E+06
2127.65,3.24E+06
2126.42,3.29E+06
2125.19,3.34E+06
2123.97,3.39E+06
2122.74,3.42E+06
2121.51,3.45E+06
2120.29,3.46E+06
2119.06,3.48E+06
2117.83,3.49E+06
2116.61,3.51E+06
2115.38,3.50E+06
2114.15,3.49E+06
2112.92,3.45E+06
2111.7,3.41E+06
2110.47,3.37E+06
2109.24,3.34E+06
2108.02,3.32E+06
2106.79,3.30E+06
2105.56,3.27E+06
2104.34,3.25E+06
2103.11,3.22E+06
2101.88,3.20E+06
2100.66,3.18E+06
2099.43,3.16E+06
2098.2,3.13E+06
2096.97,3.09E+06
2095.75,3.02E+06
2094.52,2.96E+06
2093.29,2.89E+06
2092.07,2.83E+06
2090.84,2.79E+06
2089.61,2.74E+06
2088.39,2.70E+06
2087.16,2.66E+06
2085.93,2.61E+06
2084.71,2.55E+06
2083.48,2.49E+06
2082.25,2.44E+06
2081.03,2.39E+06
2079.8,2.35E+06
2078.57,2.30E+06
2077.34,2.26E+06
2076.12,2.20E+06
2074.89,2.14E+06
2073.66,2.08E+06
2072.44,2.02E+06
2071.21,1.99E+06
2069.98,1.95E+06
2068.76,1.93E+06
2067.53,1.90E+06
2066.3,1.85E+06
2065.08,1.79E+06
2063.85,1.72E+06
2062.62,1.64E+06
2061.4,1.57E+06
2060.17,1.49E+06
2058.94,1.42E+06
2057.71,1.35E+06
2056.49,1.31E+06
2055.26,1.26E+06
2054.03,1.24E+06
2052.81,1.23E+06
2051.58,1.23E+06
2050.35,1.22E+06
2049.13,1.21E+06
2047.9,1.20E+06
2046.67,1.18E+06
2045.45,1.17E+06
2044.22,1.14E+06
2042.99,1.12E+06
2041.76,1.08E+06
2040.54,1.03E+06
2039.31,990481
2038.08,947711
2036.86,924063
2035.63,900414
2034.4,896412
2033.18,892410
2031.95,899548
2030.72,906685
2029.5,888562
2028.27,870439
2027.04,828108
2025.82,785777
2024.59,747656
2023.36,709535
2022.13,682203
2020.91,654870
2019.68,635958
2018.45,617045
2017.23,608658
2016,600271
2014.77,600304
2013.55,600337
2012.32,605632
2011.09,610928
2009.87,624643
2008.64,638359
2007.41,653237
2006.18,668114
2004.96,674572
2003.73,681030
2002.5,673805
2001.28,666580
2000.05,645321
1998.82,624062
1997.6,603505
1996.37,582948
1995.14,593265
1993.92,603582
1992.69,625126
1991.46,646669
1990.24,642953
1989.01,639236
1987.78,618432
1986.55,597629
1985.33,585245
1984.1,572862
1982.87,577318
1981.65,581775
1980.42,577812
1979.19,573848
1977.97,552957
1976.74,532066
1975.51,502754
1974.29,473443
1973.06,432904
1971.83,392366
1970.6,360248
1969.38,328129
1968.15,321118
1966.92,314107
1965.7,326742
1964.47,339378
1963.24,344295
1962.02,349213
1960.79,328869
1959.56,308526
1958.34,283359
1957.11,258192
1955.88,241445
1954.66,224698
1953.43,207249
1952.2,189800
1950.97,180771
1949.75,171743
1948.52,157046
1947.29,142349
1946.07,102392
1944.84,62434.4
1943.61,15109.5
1942.39,-32215.5
1941.16,-59893.4
1939.93,-87571.3
1938.71,-99812.3
1937.48,-112053
1936.25,-110261
1935.03,-108468
1933.8,-104220
1932.57,-99971.3
1931.34,-104143
1930.12,-108315
1928.89,-116126
1927.66,-123938
1926.44,-117716
1925.21,-111494
1923.98,-95097.9
1922.76,-78701.6
1921.53,-48271.9
1920.3,-17842
1919.08,22235.9
1917.85,62313.8
1916.62,88358.1
1915.39,114403
1914.17,111415
1912.94,108427
1911.71,101230
1910.49,94031.9
1909.26,101246
1908.03,108460
1906.81,135321
1905.58,162182
1904.35,184395
1903.13,206607
1901.9,209173
1900.67,211738
1899.45,204656
1898.22,197573
1896.99,198911
1895.76,200248
1894.54,211585
1893.31,222921
1892.08,229697
1890.86,219632
1889.63,192026
1888.4,164419
1887.18,136812
1885.95,109206
1884.72,105281
1883.5,118196
1882.27,129006
1881.04,139816
1879.81,128875
1878.59,101093
1877.36,64890.3
1876.13,28688
1874.91,25815.5
1873.68,51010.3
1872.45,103220
1871.23,172269
1870,237207
1868.77,285305
1867.55,305336
1866.32,297299
1865.09,265757
1863.87,217374
1862.64,176709
1861.41,152885
1860.18,156690
1858.96,177334
1857.73,197979
1856.5,218624
1855.28,215587
1854.05,212550
1852.82,205303
1851.6,198056
1850.37,202211
1849.14,206366
1847.92,214732
1846.69,223097
1845.46,246724
1844.24,270351
1843.01,306958
1841.78,343566
1840.55,370438
1839.33,380470
1838.1,374714
1836.87,368958
1835.65,362676
1834.42,356394
1833.19,369759
1831.97,383123
1830.74,407995
1829.51,432866
1828.29,456685
1827.06,480503
1825.83,494323
1824.6,491302
1823.38,466881
1822.15,442459
1820.92,417248
1819.7,392037
1818.47,388227
1817.24,401257
1816.02,422357
1814.79,443457
1813.56,449821
1812.34,439345
1811.11,396812
1809.88,354278
1808.66,311393
1807.43,285349
1806.2,282811
1804.97,308340
1803.75,361234
1802.52,414129
1801.29,466585
1800.07,519041
1798.84,549043
1797.61,562205
1796.39,555720
1795.16,532395
1793.93,509069
1792.71,485744
1791.48,468005
1790.25,450265
1789.02,440946
1787.8,431627
1786.57,420729
1785.34,409831
1784.12,403143
1782.89,396455
1781.66,396170
1780.44,395885
1779.21,391390
1777.98,386895
1776.76,372839
1775.53,358784
1774.3,344728
1773.08,330673
1771.85,312868
1770.62,295063
1769.39,273048
1768.17,251032
1766.94,236999
1765.71,222965
1764.49,217352
1763.26,211738
1762.03,206388
1760.81,201038
1759.58,205862
1758.35,227526
1757.13,259716
1755.9,291905
1754.67,316727
1753.45,341549
1752.22,339044
1750.99,336539
1749.76,308773
1748.54,281007
1747.31,245085
1746.08,209162
1744.86,192886
1743.63,176611
1742.4,176123
1741.18,175635
1739.95,170937
1738.72,166239
1737.5,167944
1736.27,169649
1735.04,185387
1733.81,201126
1732.59,209343
1731.36,217560
1730.13,206131
1728.91,194701
1727.68,180728
1726.45,166754
1725.23,156991
1724,147228
1722.77,142903
1721.55,138578
1720.32,153899
1719.09,169221
1717.87,213049
1716.64,256876
1715.41,309124
1714.18,361371
1712.96,393731
1711.73,426090
1710.5,433189
1709.28,440288
1708.05,440371
1706.82,440453
1705.6,448955
1704.37,457457
1703.14,468240
1701.92,479023
1700.69,498226
1699.46,517429
1698.23,554876
1697.01,592322
1695.78,649416
1694.55,706509
1693.33,766783
1692.1,827056
1690.87,873295
1689.65,919535
1688.42,961476
1687.19,1.00E+06
1685.97,1.05E+06
1684.74,1.10E+06
1683.51,1.15E+06
1682.29,1.20E+06
1681.06,1.27E+06
1679.83,1.33E+06
1678.6,1.41E+06
1677.38,1.49E+06
1676.15,1.57E+06
1674.92,1.64E+06
1673.7,1.73E+06
1672.47,1.81E+06
1671.24,1.91E+06
1670.02,2.01E+06
1668.79,2.09E+06
1667.56,2.18E+06
1666.34,2.24E+06
1665.11,2.29E+06
1663.88,2.34E+06
1662.66,2.39E+06
1661.43,2.44E+06
1660.2,2.49E+06
1658.97,2.54E+06
1657.75,2.60E+06
1656.52,2.67E+06
1655.29,2.74E+06
1654.07,2.82E+06
1652.84,2.91E+06
1651.61,2.98E+06
1650.39,3.06E+06
1649.16,3.11E+06
1647.93,3.16E+06
1646.71,3.19E+06
1645.48,3.23E+06
1644.25,3.24E+06
1643.02,3.25E+06
1641.8,3.24E+06
1640.57,3.24E+06
1639.34,3.24E+06
1638.12,3.24E+06
1636.89,3.27E+06
1635.66,3.30E+06
1634.44,3.34E+06
1633.21,3.38E+06
1631.98,3.42E+06
1630.76,3.45E+06
1629.53,3.48E+06
1628.3,3.52E+06
1627.08,3.56E+06
1625.85,3.61E+06
1624.62,3.66E+06
1623.39,3.70E+06
1622.17,3.74E+06
1620.94,3.77E+06
1619.71,3.79E+06
1618.49,3.81E+06
1617.26,3.81E+06
1616.03,3.82E+06
1614.81,3.81E+06
1613.58,3.81E+06
1612.35,3.82E+06
1611.13,3.83E+06
1609.9,3.86E+06
1608.67,3.88E+06
1607.44,3.89E+06
1606.22,3.89E+06
1604.99,3.87E+06
1603.76,3.85E+06
1602.54,3.82E+06
1601.31,3.78E+06
1600.08,3.74E+06
1598.86,3.70E+06
1597.63,3.66E+06
1596.4,3.62E+06
1595.18,3.58E+06
1593.95,3.55E+06
1592.72,3.49E+06
1591.5,3.44E+06
1590.27,3.38E+06
1589.04,3.32E+06
1587.81,3.26E+06
1586.59,3.21E+06
1585.36,3.17E+06
1584.13,3.12E+06
1582.91,3.08E+06
1581.68,3.04E+06
1580.45,2.98E+06
1579.23,2.92E+06
1578,2.84E+06
1576.77,2.77E+06
1575.55,2.69E+06
1574.32,2.61E+06
1573.09,2.54E+06
1571.86,2.47E+06
1570.64,2.40E+06
1569.41,2.33E+06
1568.18,2.26E+06
1566.96,2.19E+06
1565.73,2.13E+06
1564.5,2.06E+06
1563.28,1.99E+06
1562.05,1.93E+06
1560.82,1.86E+06
1559.6,1.80E+06
1558.37,1.75E+06
1557.14,1.69E+06
1555.92,1.66E+06
1554.69,1.63E+06
1553.46,1.60E+06
1552.23,1.58E+06
1551.01,1.54E+06
1549.78,1.50E+06
1548.55,1.46E+06
1547.33,1.42E+06
1546.1,1.39E+06
1544.87,1.36E+06
1543.65,1.32E+06
1542.42,1.29E+06
1541.19,1.25E+06
1539.97,1.22E+06
1538.74,1.18E+06
1537.51,1.14E+06
1536.29,1.11E+06
1535.06,1.07E+06
1533.83,1.03E+06
1532.6,997158
1531.38,954131
1530.15,911103
1528.92,860709
1527.7,810314
1526.47,766234
1525.24,738995
1524.02,726491
1522.79,713987
1521.56,701483
1520.34,672138
1519.11,628059
1517.88,583979
1516.65,534637
1515.43,502135
1514.2,481561
1512.97,477828
1511.75,469885
1510.52,461942
1509.29,439263
1508.07,399744
1506.84,353472
1505.61,307200
1504.39,281627
1503.16,284121
1501.93,311174
1500.71,355067
1499.48,398610
1498.25,442152
1497.02,472692
1495.8,486391
1494.57,489916
1493.34,493440
1492.12,484686
1490.89,475931
1489.66,459809
1488.44,443687
1487.21,445107
1485.98,463367
1484.76,504782
1483.53,563038
1482.3,613225
1481.07,663411
1479.85,698862
1478.62,717473
1477.39,724885
1476.17,732296
1474.94,730235
1473.71,728174
1472.49,720148
1471.26,712123
1470.03,714272
1468.81,733261
1467.58,763652
1466.35,794044
1465.13,814261
1463.9,817638
1462.67,797158
1461.44,759837
1460.22,705676
1458.99,651515
1457.76,603407
1456.54,555298
1455.31,524029
1454.08,509601
1452.86,508855
1451.63,524950
1450.4,541045
1449.18,557140
1447.95,559727
1446.72,562315
1445.5,550868
1444.27,539422
1443.04,520609
1441.81,501795
1440.59,493155
1439.36,501356
1438.13,527039
1436.91,552721
1435.68,586824
1434.45,620927
1433.23,639943
1432,642119
1430.77,621140
1429.55,583321
1428.32,535020
1427.09,486720
1425.86,445787
1424.64,404854
1423.41,358482
1422.18,312111
1420.96,266793
1419.73,221474
1418.5,197732
1417.28,190831
1416.05,195858
1414.82,217725
1413.6,249328
1412.37,280931
1411.14,313586
1409.92,346241
1408.69,362276
1407.46,378310
1406.23,390135
1405.01,401959
1403.78,415099
1402.55,428239
1401.33,421732
1400.1,415225
1398.87,402409
1397.65,389592
1396.42,386950
1395.19,401148
1393.97,430695
1392.74,460242
1391.51,494000
1390.29,527757
1389.06,551340
1387.83,558083
1386.6,552897
1385.38,530871
1384.15,500512
1382.92,470153
1381.7,454530
1380.47,455747
1379.24,466722
1378.02,477697
1376.79,475690
1375.56,473684
1374.34,454135
1373.11,434587
1371.88,424511
1370.65,414436
1369.43,421025
1368.2,444454
1366.97,471392
1365.75,498330
1364.52,513340
1363.29,511509
1362.07,482663
1360.84,453818
1359.61,422417
1358.39,391017
1357.16,384878
1355.93,378738
1354.71,384088
1353.48,389439
1352.25,403209
1351.02,416979
1349.8,454344
1348.57,491708
1347.34,524862
1346.12,558017
1344.89,569156
1343.66,580295
1342.44,583014
1341.21,585733
1339.98,582225
1338.76,578716
1337.53,561174
1336.3,543632
1335.07,529248
1333.85,514864
1332.62,514513
1331.39,514162
1330.17,512057
1328.94,509952
1327.71,488200
1326.49,466448
1325.26,439082
1324.03,411717
1322.81,400139
1321.58,405402
1320.35,420685
1319.13,435969
1317.9,438271
1316.67,440573
1315.44,428930
1314.22,417286
1312.99,405643
1311.76,393999
1310.54,385864
1309.31,377729
1308.08,365384
1306.86,353039
1305.63,348325
1304.4,343610
1303.18,351877
1301.95,360143
1300.72,370734
1299.49,364485
1298.27,343501
1297.04,322516
1295.81,299076
1294.59,292475
1293.36,297804
1292.13,319972
1290.91,336264
1289.68,352557
1288.45,351307
1287.23,350057
1286,346000
1284.77,358784
1283.55,387355
1282.32,415927
1281.09,449350
1279.86,482773
1278.64,496549
1277.41,510325
1276.18,500945
1274.96,491566
1273.73,473766
1272.5,455966
1271.28,446412
1270.05,436857
1268.82,441335
1267.6,445814
1266.37,455204
1265.14,464595
1263.92,465565
1262.69,466535
1261.46,452661
1260.23,438786
1259.01,429473
1257.78,436999
1256.55,456103
1255.33,475208
1254.1,485190
1252.87,478332
1251.65,457616
1250.42,436900
1249.19,423552
1247.97,410204
1246.74,414748
1245.51,419293
1244.28,419627
1243.06,419962
1241.83,407934
1240.6,395907
1239.38,379670
1238.15,363433
1236.92,353072
1235.7,342711
1234.47,346384
1233.24,350057
1232.02,365746
1230.79,381435
1229.56,392914
1228.34,404393
1227.11,408592
1225.88,412791
1224.65,425411
1223.43,438030
1222.2,463433
1220.97,488836
1219.75,521606
1218.52,554377
1217.29,570307
1216.07,569397
1214.84,547086
1213.61,524775
1212.39,499481
1211.16,474188
1209.93,457315
1208.7,440442
1207.48,429708
1206.25,418975
1205.02,416661
1203.8,414348
1202.57,425367
1201.34,436385
1200.12,447404
1198.89,458422
1197.66,479703
1196.44,500983
1195.21,538052
1193.98,591960
1192.76,649904
1191.53,707847
1190.3,761580
1189.07,815313
1187.85,861065
1186.62,889976
1185.39,903100
1184.17,916224
1182.94,935004
1181.71,953785
1180.49,989406
1179.26,1.04E+06
1178.03,1.11E+06
1176.81,1.19E+06
1175.58,1.29E+06
1174.35,1.39E+06
1173.13,1.50E+06
1171.9,1.61E+06
1170.67,1.70E+06
1169.44,1.78E+06
1168.22,1.87E+06
1166.99,1.95E+06
1165.76,2.04E+06
1164.54,2.13E+06
1163.31,2.23E+06
1162.08,2.32E+06
1160.86,2.41E+06
1159.63,2.50E+06
1158.4,2.57E+06
1157.18,2.64E+06
1155.95,2.71E+06
1154.72,2.77E+06
1153.49,2.86E+06
1152.27,2.96E+06
1151.04,3.08E+06
1149.81,3.20E+06
1148.59,3.32E+06
1147.36,3.44E+06
1146.13,3.55E+06
1144.91,3.64E+06
1143.68,3.70E+06
1142.45,3.74E+06
1141.23,3.76E+06
1140,3.79E+06
1138.77,3.83E+06
1137.55,3.88E+06
1136.32,3.94E+06
1135.09,4.01E+06
1133.86,4.07E+06
1132.64,4.13E+06
1131.41,4.20E+06
1130.18,4.27E+06
1128.96,4.36E+06
1127.73,4.45E+06
1126.5,4.53E+06
1125.28,4.59E+06
1124.05,4.62E+06
1122.82,4.64E+06
1121.6,4.64E+06
1120.37,4.64E+06
1119.14,4.65E+06
1117.91,4.66E+06
1116.69,4.68E+06
1115.46,4.69E+06
1114.23,4.70E+06
1113.01,4.71E+06
1111.78,4.73E+06
1110.55,4.74E+06
1109.33,4.77E+06
1108.1,4.81E+06
1106.87,4.84E+06
1105.65,4.87E+06
1104.42,4.90E+06
1103.19,4.92E+06
1101.97,4.95E+06
1100.74,4.97E+06
1099.51,5.00E+06
1098.28,5.04E+06
1097.06,5.06E+06
1095.83,5.08E+06
1094.6,5.09E+06
1093.38,5.08E+06
1092.15,5.05E+06
1090.92,5.01E+06
1089.7,4.96E+06
1088.47,4.91E+06
1087.24,4.87E+06
1086.02,4.82E+06
1084.79,4.76E+06
1083.56,4.70E+06
1082.34,4.65E+06
1081.11,4.59E+06
1079.88,4.54E+06
1078.65,4.49E+06
1077.43,4.44E+06
1076.2,4.38E+06
1074.97,4.32E+06
1073.75,4.26E+06
1072.52,4.18E+06
1071.29,4.08E+06
1070.07,3.98E+06
1068.84,3.87E+06
1067.61,3.77E+06
1066.39,3.68E+06
1065.16,3.59E+06
1063.93,3.51E+06
1062.7,3.41E+06
1061.48,3.32E+06
1060.25,3.22E+06
1059.02,3.12E+06
1057.8,3.03E+06
1056.57,2.94E+06
1055.34,2.86E+06
1054.12,2.79E+06
1052.89,2.73E+06
1051.66,2.67E+06
1050.44,2.62E+06
1049.21,2.57E+06
1047.98,2.50E+06
1046.76,2.43E+06
1045.53,2.36E+06
1044.3,2.29E+06
1043.07,2.24E+06
1041.85,2.20E+06
1040.62,2.16E+06
1039.39,2.12E+06
1038.17,2.06E+06
1036.94,1.98E+06
1035.71,1.88E+06
1034.49,1.78E+06
1033.26,1.68E+06
1032.03,1.59E+06
1030.81,1.51E+06
1029.58,1.45E+06
1028.35,1.40E+06
1027.12,1.35E+06
1025.9,1.31E+06
1024.67,1.26E+06
1023.44,1.20E+06
1022.22,1.14E+06
1020.99,1.07E+06
1019.76,1.01E+06
1018.54,967726
1017.31,924600
1016.08,902393
1014.86,880186
1013.63,856926
1012.4,833667
1011.18,802513
1009.95,754520
1008.72,701965
1007.49,649410
1006.27,608932
1005.04,568454
1003.81,542010
1002.59,515565
1001.36,482455
1000.13,449344
998.906,416234
997.68,383123
996.453,364748
995.226,346373
993.999,326945
992.772,307518
991.545,265636
990.318,206914
989.091,144684
987.864,82454.1
986.637,37064.4
985.411,8514.75
984.184,8734.13
982.957,25793.6
981.73,63903.5
980.503,102014
979.276,149596
978.049,197179
976.822,247656
975.595,298133
974.369,339137
973.142,380141
971.915,402551
970.688,408121
969.461,404568
968.234,401016
967.007,403472
965.78,422768
964.553,452239
963.327,481709
962.1,508812
960.873,535914
959.646,558806
958.419,581698
957.192,594504
955.965,607310
954.738,600468
953.511,593627
952.284,569156
951.058,544685
949.831,511794
948.604,478903
947.377,444038
946.15,409173
944.923,384483
943.696,376633
942.469,383430
941.242,390228
940.016,402288
938.789,414348
937.562,422286
936.335,430224
935.108,429741
933.881,429259
932.654,417637
931.427,406016
930.2,385974
928.974,365932
927.747,346252
926.52,326573
925.293,320926
924.066,315280
922.839,313493
921.612,311706
920.385,288517
919.158,248489
917.932,201180
916.705,153872
915.478,111124
914.251,85217
913.024,69834.9
911.797,71293.1
910.57,83978.1
909.343,96663.1
908.116,117725
906.889,138786
905.663,168267
904.436,197749
903.209,220915
901.982,244081
900.755,247601
899.528,251120
898.301,237887
897.074,224654
895.847,203000
894.621,181347
893.394,171622
892.167,161897
890.94,166206
889.713,170515
888.486,171524
887.259,172532
886.032,153894
884.805,135256
883.579,116003
882.352,96750.9
881.125,98899.8
879.898,117889
878.671,160121
877.444,202354
876.217,248796
874.99,295238
873.763,332471
872.536,352864
871.31,361328
870.083,352951
868.856,338019
867.629,323086
866.402,326748
865.175,330410
863.948,338633
862.721,346855
861.494,346658
860.268,346461
859.041,346439
857.814,346417
856.587,360429
855.36,374440
854.133,399152
852.906,423865
851.679,448577
850.452,473289
849.226,486265
847.999,499240
846.772,492569
845.545,485897
844.318,482208
843.091,478519
841.864,483250
840.637,487980
839.41,477976
838.184,467972
836.957,439373
835.73,410774
834.503,380070
833.276,366206
832.049,375498
830.822,401630
829.595,448769
828.368,495907
827.141,535678
825.915,575449
824.688,601713
823.461,627976
822.234,640206
821.007,652436
819.78,648177
818.553,643918
817.326,639658
816.099,635399
814.873,649208
813.646,663016
812.419,676825
811.192,690634
809.965,692476
808.738,694318
807.511,696160
806.284,698002
805.057,696335
803.831,694669
802.604,693002
801.377,691336
800.15,677127
798.923,662918
797.696,648709
796.469,634500
795.242,623799
794.015,613099
792.789,602398
791.562,591697
790.335,599657
789.108,607617
787.881,615576
786.654,623536
785.427,627987
784.2,632439
782.973,636890
781.746,641341
780.52,637679
779.293,634017
778.066,630355
776.839,626694
775.612,633557
774.385,640420
773.158,647283
771.931,654147
770.704,637378
769.478,620609
768.251,603840
767.024,587071
765.797,571530
764.57,555988
763.343,540447
762.116,524906
760.889,523092
759.662,521277
758.436,539110
757.209,556942
755.982,579950
754.755,602957
753.528,621754
752.301,640552
751.074,650315
749.847,660078
748.62,655808
747.393,651537
746.167,638321
744.94,625104
743.713,607677
742.486,590250
741.259,565543
740.032,540837
738.805,516130
737.578,491423
736.351,467593
735.125,443764
733.898,415724
732.671,387684
731.444,367155
730.217,346625
728.99,340129
727.763,333633
726.536,337750
725.309,341867
724.083,341774
722.856,341681
721.629,328519
720.402,315357
719.175,306405
717.948,297453
716.721,303938
715.494,310423
714.267,316908
713.041,323393
711.814,324528
710.587,325663
709.36,335217
708.133,344772
706.906,359151
705.679,373530
704.452,383699
703.225,393868
701.998,411843
700.772,429818
699.545,461827
698.318,493835
697.091,542596
695.864,591357
694.637,661520
693.41,748522
692.183,845869
690.956,943216
689.73,1.03E+06
688.503,1.09E+06
687.276,1.14E+06
686.049,1.19E+06
684.822,1.26E+06
683.595,1.34E+06
682.368,1.45E+06
681.141,1.55E+06
679.914,1.67E+06
678.688,1.79E+06
677.461,1.93E+06
676.234,2.09E+06
675.007,2.26E+06
673.78,2.45E+06
672.553,2.65E+06
671.326,2.84E+06
670.099,3.04E+06
668.872,3.23E+06
667.646,3.40E+06
666.419,3.57E+06
665.192,3.73E+06
663.965,3.89E+06
662.738,4.07E+06
661.511,4.26E+06
660.284,4.48E+06
659.057,4.73E+06
657.83,5.01E+06
656.603,5.31E+06
655.377,5.61E+06
654.15,5.92E+06
652.923,6.23E+06
651.696,6.54E+06
650.469,6.87E+06
649.242,7.22E+06
648.015,7.59E+06
646.788,7.98E+06
645.561,8.36E+06
644.335,8.75E+06
643.108,9.12E+06
641.881,9.49E+06
640.654,9.85E+06
639.427,1.02E+07
638.2,1.05E+07
636.973,1.09E+07
635.746,1.12E+07
634.519,1.15E+07
633.293,1.18E+07
632.066,1.21E+07
630.839,1.24E+07
629.612,1.28E+07
628.385,1.31E+07
627.158,1.34E+07
625.931,1.38E+07
624.704,1.41E+07
623.477,1.44E+07
622.25,1.47E+07
621.024,1.49E+07
619.797,1.52E+07
618.57,1.54E+07
617.343,1.57E+07
616.116,1.59E+07
614.889,1.62E+07
613.662,1.64E+07
612.435,1.67E+07
611.208,1.69E+07
609.982,1.71E+07
608.755,1.72E+07
607.528,1.74E+07
606.301,1.76E+07
605.074,1.77E+07
603.847,1.79E+07
602.62,1.81E+07
601.393,1.82E+07
600.166,1.84E+07
598.94,1.86E+07
597.713,1.88E+07
596.486,1.90E+07
595.259,1.92E+07
594.032,1.94E+07
592.805,1.97E+07
591.578,1.99E+07
590.351,2.02E+07
589.124,2.05E+07
587.898,2.08E+07
586.671,2.10E+07
585.444,2.13E+07
584.217,2.15E+07
582.99,2.16E+07
581.763,2.17E+07
580.536,2.18E+07
579.309,2.18E+07
578.082,2.18E+07
576.855,2.17E+07
575.629,2.17E+07
574.402,2.17E+07
573.175,2.16E+07
571.948,2.16E+07
570.721,2.16E+07
569.494,2.15E+07
568.267,2.15E+07
567.04,2.14E+07
565.813,2.14E+07
564.587,2.13E+07
563.36,2.12E+07
562.133,2.11E+07
560.906,2.10E+07
559.679,2.09E+07
558.452,2.07E+07
557.225,2.06E+07
555.998,2.04E+07
554.771,2.02E+07
553.545,2.00E+07
552.318,1.98E+07
551.091,1.96E+07
549.864,1.93E+07
548.637,1.91E+07
547.41,1.88E+07
546.183,1.85E+07
544.956,1.83E+07
543.729,1.80E+07
542.503,1.77E+07
541.276,1.74E+07
540.049,1.71E+07
538.822,1.68E+07
537.595,1.66E+07
536.368,1.63E+07
535.141,1.60E+07
533.914,1.58E+07
532.687,1.56E+07
531.461,1.53E+07
530.234,1.51E+07
529.007,1.48E+07
527.78,1.46E+07
526.553,1.43E+07
525.326,1.40E+07
524.099,1.37E+07
522.872,1.34E+07
521.645,1.31E+07
520.418,1.28E+07
519.192,1.25E+07
517.965,1.22E+07
516.738,1.20E+07
515.511,1.18E+07
514.284,1.16E+07
513.057,1.14E+07
511.83,1.12E+07
510.603,1.11E+07
509.376,1.09E+07
508.15,1.08E+07
506.923,1.07E+07
505.696,1.05E+07
504.469,1.04E+07
503.242,1.02E+07
502.015,1.01E+07
500.788,9.98E+06
499.561,9.86E+06
498.334,9.76E+06
497.108,9.65E+06
495.881,9.54E+06
494.654,9.42E+06
493.427,9.28E+06
492.2,9.11E+06
490.973,8.90E+06
489.746,8.66E+06
488.519,8.39E+06
487.292,8.13E+06
486.065,7.87E+06
484.839,7.63E+06
483.612,7.42E+06
482.385,7.24E+06
481.158,7.09E+06
479.931,6.97E+06
478.704,6.88E+06
477.477,6.81E+06
476.25,6.77E+06
475.023,6.75E+06
473.797,6.73E+06
472.57,6.72E+06
471.343,6.69E+06
470.116,6.67E+06
468.889,6.65E+06
467.662,6.64E+06
466.435,6.65E+06
465.208,6.67E+06
463.981,6.69E+06
462.755,6.72E+06
461.528,6.73E+06
460.301,6.74E+06
459.074,6.77E+06
457.847,6.81E+06
456.62,6.88E+06
455.393,6.98E+06
454.166,7.10E+06
452.939,7.23E+06
451.712,7.36E+06
450.486,7.50E+06
449.259,7.66E+06
448.032,7.81E+06
446.805,7.96E+06
445.578,8.11E+06
444.351,8.25E+06
443.124,8.36E+06
441.897,8.46E+06
440.67,8.52E+06
439.444,8.56E+06
438.217,8.58E+06
436.99,8.55E+06
435.763,8.50E+06
434.536,8.43E+06
433.309,8.34E+06
432.082,8.25E+06
430.855,8.16E+06
429.628,8.07E+06
428.402,7.97E+06
427.175,7.90E+06
425.948,7.82E+06
424.721,7.76E+06
423.494,7.70E+06
422.267,7.62E+06
421.04,7.52E+06
419.813,7.39E+06
418.586,7.23E+06
417.359,7.06E+06
416.133,6.89E+06
414.906,6.73E+06
413.679,6.57E+06
412.452,6.43E+06
411.225,6.29E+06
409.998,6.15E+06
408.771,6.01E+06
407.544,5.88E+06
406.317,5.74E+06
405.091,5.60E+06
403.864,5.46E+06
402.637,5.31E+06
401.41,5.16E+06
400.183,5.03E+06
398.956,4.90E+06
397.729,4.77E+06
396.502,4.65E+06
395.275,4.54E+06
394.049,4.44E+06
392.822,4.36E+06
391.595,4.29E+06
390.368,4.24E+06
389.141,4.20E+06
387.914,4.17E+06
386.687,4.14E+06
385.46,4.12E+06
384.233,4.09E+06
383.007,4.05E+06
381.78,4.02E+06
380.553,3.98E+06
379.326,3.95E+06
378.099,3.92E+06
376.872,3.90E+06
375.645,3.90E+06
374.418,3.89E+06
373.191,3.90E+06
371.965,3.91E+06
370.738,3.90E+06
369.511,3.89E+06
368.284,3.87E+06
367.057,3.85E+06
365.83,3.84E+06
364.603,3.83E+06
363.376,3.83E+06
362.149,3.83E+06
360.922,3.83E+06
359.696,3.82E+06
358.469,3.82E+06
357.242,3.82E+06
356.015,3.83E+06
354.788,3.86E+06
353.561,3.90E+06
352.334,3.94E+06
351.107,3.98E+06
349.88,4.01E+06
348.654,4.04E+06
347.427,4.06E+06
346.2,4.06E+06
344.973,4.05E+06
343.746,4.03E+06
342.519,3.99E+06
341.292,3.93E+06
340.065,3.87E+06
338.838,3.80E+06
337.612,3.74E+06
336.385,3.68E+06
335.158,3.61E+06
333.931,3.58E+06
332.704,3.54E+06
331.477,3.51E+06
330.25,3.48E+06
329.023,3.43E+06
327.796,3.39E+06
326.569,3.33E+06
325.343,3.27E+06
324.116,3.21E+06
322.889,3.15E+06
321.662,3.07E+06
320.435,2.99E+06
319.208,2.89E+06
317.981,2.79E+06
316.754,2.70E+06
315.527,2.61E+06
314.301,2.53E+06
313.074,2.45E+06
311.847,2.39E+06
310.62,2.32E+06
309.393,2.27E+06
308.166,2.22E+06
306.939,2.17E+06
305.712,2.12E+06
304.485,2.05E+06
303.259,1.98E+06
302.032,1.89E+06
300.805,1.81E+06
299.578,1.74E+06
298.351,1.66E+06
297.124,1.61E+06
295.897,1.56E+06
294.67,1.53E+06
293.443,1.50E+06
292.217,1.51E+06
290.99,1.51E+06
289.763,1.52E+06
288.536,1.53E+06
287.309,1.51E+06
286.082,1.49E+06
284.855,1.46E+06
283.628,1.44E+06
282.401,1.42E+06
281.174,1.41E+06
279.948,1.40E+06
278.721,1.39E+06
277.494,1.36E+06
276.267,1.34E+06
275.04,1.31E+06
273.813,1.28E+06
272.586,1.26E+06
271.359,1.25E+06
270.132,1.23E+06
268.906,1.22E+06
267.679,1.20E+06
266.452,1.18E+06
265.225,1.15E+06
263.998,1.12E+06
262.771,1.07E+06
261.544,1.03E+06
260.317,981118
259.09,936375
257.864,911279
256.637,886183
255.41,877927
254.183,869672
252.956,869836
251.729,870001
250.502,865955
249.275,861909
248.048,843830
246.822,825751
245.595,797497
244.368,769244
243.141,726957
241.914,684670
240.687,640256
239.46,595842
238.233,565461
237.006,535081
235.779,513910
234.553,492739
233.326,467358
232.099,441977
230.872,419139
229.645,396302
228.418,387498
227.191,378694
225.964,373662
224.737,368629
223.511,363597
222.284,358565
221.057,348769
219.83,338972
218.603,329176
217.376,319380
216.149,307479
214.922,295578
213.695,275257
212.469,254936
211.242,227422
210.015,199909
208.788,186429
207.561,172949
206.334,174730
205.107,176512
203.88,169873
202.653,163235
201.426,130678
200.2,98121.4
198.973,65564.5
197.746,33007.8
196.519,29746
195.292,26484.4
194.065,42869.6
192.838,59254.9
191.611,75464.8
190.384,91674.6
189.158,99464.4
187.931,107254
186.704,107676
185.477,108098
184.25,108520
183.023,108943
181.796,121266
180.569,133589
179.342,145912
178.116,158235
176.889,178277
175.662,198319
174.435,238008
173.208,277696
171.981,320630
170.754,363564
169.527,381238
168.3,398911
167.074,400095
165.847,401279
164.62,416497
163.393,431715
162.166,471995
160.939,512276
159.712,560977
158.485,609678
157.258,643643
156.031,677609
154.805,703155
153.578,728700
152.351,769770
151.124,810840
149.897,882784
148.67,954728
147.443,1.05E+06
146.216,1.14E+06
144.989,1.23E+06
143.763,1.32E+06
142.536,1.40E+06
141.309,1.48E+06
140.082,1.55E+06
138.855,1.63E+06
137.628,1.70E+06
136.401,1.77E+06
135.174,1.84E+06
133.947,1.90E+06
132.721,1.97E+06
131.494,2.05E+06
130.267,2.14E+06
129.04,2.23E+06
127.813,2.30E+06
126.586,2.37E+06
125.359,2.43E+06
124.132,2.49E+06
122.905,2.56E+06
121.679,2.63E+06
120.452,2.73E+06
119.225,2.83E+06
117.998,2.94E+06
116.771,3.05E+06
115.544,3.16E+06
114.317,3.27E+06
113.09,3.36E+06
111.863,3.45E+06
110.636,3.52E+06
109.41,3.59E+06
108.183,3.64E+06
106.956,3.69E+06
105.729,3.74E+06
104.502,3.79E+06
103.275,3.84E+06
102.048,3.88E+06
100.821,3.92E+06
99.5944,3.97E+06
98.3676,4.01E+06
97.1407,4.05E+06
95.9138,4.11E+06
94.6869,4.16E+06
93.46,4.20E+06
92.2331,4.25E+06
91.0062,4.28E+06
89.7793,4.31E+06
88.5524,4.33E+06
87.3255,4.36E+06
86.0986,4.39E+06
84.8717,4.42E+06
83.6448,4.46E+06
82.418,4.49E+06
81.1911,4.53E+06
79.9642,4.56E+06
78.7373,4.59E+06
77.5104,4.63E+06
76.2835,4.65E+06
75.0566,4.67E+06
73.8297,4.69E+06
72.6028,4.71E+06
71.3759,4.73E+06
70.149,4.75E+06
68.9221,4.76E+06
67.6953,4.77E+06
66.4684,4.77E+06
65.2415,4.77E+06
64.0146,4.77E+06
62.7877,4.77E+06
61.5608,4.78E+06
60.3339,4.78E+06
59.107,4.79E+06
57.8801,4.81E+06
56.6532,4.82E+06
55.4263,4.83E+06
54.1994,4.81E+06
52.9725,4.80E+06
51.7457,4.76E+06
50.5188,4.71E+06
49.2919,4.66E+06
48.065,4.60E+06
46.8381,4.54E+06
45.6112,4.48E+06
44.3843,4.39E+06
43.1574,4.30E+06
41.9305,4.21E+06
40.7036,4.12E+06
39.4767,4.04E+06
38.2498,3.96E+06
37.0229,3.90E+06
35.7961,3.84E+06
34.5692,3.79E+06
33.3423,3.74E+06
32.1154,3.69E+06
30.8885,3.64E+06
29.6616,3.58E+06
28.4347,3.53E+06
27.2078,3.45E+06
25.9809,3.38E+06
24.754,3.30E+06
23.5271,3.21E+06
22.3002,3.11E+06
21.0733,3.02E+06
19.8465,2.93E+06
18.6196,2.83E+06
17.3927,2.74E+06
16.1658,2.66E+06
14.9389,2.58E+06
13.712,2.50E+06
12.4851,2.44E+06
11.2582,2.37E+06
10.0313,2.33E+06
8.80443,2.28E+06
7.57753,2.24E+06
6.35064,2.21E+06
5.12375,2.17E+06
3.89686,2.13E+06
2.66997,2.08E+06
1.44307,2.03E+06
0.216182,1.98E+06
-1.01071,1.92E+06
-2.2376,1.88E+06
-3.46449,1.84E+06
-4.69139,1.82E+06
-5.91828,1.80E+06
-7.14517,1.75E+06
-8.37206,1.70E+06
-9.59896,1.62E+06
-10.8258,1.54E+06
-12.0527,1.48E+06
-13.2796,1.42E+06
-14.5065,1.39E+06
-15.7334,1.37E+06
-16.9603,1.36E+06
-18.1872,1.34E+06
-19.4141,1.31E+06
-20.641,1.28E+06
-21.8679,1.24E+06
-23.0948,1.19E+06
-24.3217,1.14E+06
-25.5486,1.09E+06
-26.7754,1.03E+06
-28.0023,967556
-29.2292,913433
-30.4561,859311
-31.683,830449
-32.9099,801587
-34.1368,786737
-35.3637,771886
-36.5906,743002
-37.8175,714118
-39.0444,679884
-40.2713,645650
-41.4981,615626
-42.725,585601
-43.9519,563647
-45.1788,541692
-46.4057,533770
-47.6326,525849
-48.8595,526699
-50.0864,527549
-51.3133,528398
-52.5402,529248
-53.7671,527642
-54.994,526036
-56.2209,528639
-57.4478,531243
-58.6746,544460
-59.9015,557677
-61.1284,584927
-62.3553,612178
-63.5822,659601
-64.8091,707025
-66.036,762868
-67.2629,818712
-68.4898,863154
-69.7167,907595
-70.9436,926776
-72.1705,945957
-73.3973,951741
-74.6242,957524
-75.8511,963307
-77.078,969091
-78.3049,970488
-79.5318,971886
-80.7587,953637
-81.9856,935388
-83.2125,899597
-84.4394,863806
-85.6663,819595
-86.8932,775384
-88.1201,740996
-89.3469,706608
-90.5738,686254
-91.8007,665900
-93.0276,658954
-94.2545,652009
-95.4814,659097
-96.7083,666185
-97.9352,662923
-99.1621,659661
-100.389,631139
-101.616,602617
-102.843,568175
-104.07,533732
-105.297,499290
-106.523,464847
-107.75,425931
-108.977,387016
-110.204,352310
-111.431,317604
-112.658,294520
-113.885,271436
-115.112,239932
-116.339,208427
-117.565,162012
-118.792,115598
-120.019,88829.6
-121.246,62061.6
-122.473,66299.1
-123.7,70536.6
-124.927,78984.1
-126.154,87431.8
-127.381,75793.8
-128.607,64155.8
-129.834,52517.8
-131.061,40879.8
-132.288,48378.9
-133.515,55878.1
-134.742,63377.3
-135.969,70876.5
-137.196,70657.3
-138.423,70437.9
-139.65,70218.6
-140.876,69999.4
-142.103,92496.9
-143.33,114995
-144.557,137492
-145.784,159990
-147.011,169682
-148.238,179374
-149.465,189065
-150.692,198757
-151.918,212221
-153.145,225684
-154.372,225114
-155.599,224544
-156.826,210467
-158.053,196389
-159.28,190732
-160.507,185075
-161.734,180558
-162.96,176041
-164.187,163103
-165.414,150166
-166.641,149158
-167.868,148149
-169.095,166787
-170.322,185426
-171.549,198363
-172.776,211300
-174.003,204590
-175.229,197880
-176.456,203450
-177.683,209019
-178.91,245463
-180.137,281906
-181.364,311421
-182.591,340935
-183.818,345189
-185.045,349443
-186.271,327735
-187.498,306027
-188.725,275898
-189.952,245770
-191.179,235683
-192.406,225597
-193.633,240770
-194.86,255944
-196.087,271469
-197.313,286993
-198.54,288485
-199.767,289976
-200.994,288309
-202.221,286643
-203.448,299010
-204.675,311377
-205.902,336374
-207.129,361371
-208.355,377949
-209.582,394526
-210.809,386155
-212.036,377784
-213.263,355380
-214.49,332975
-215.717,325306
-216.944,317637
-218.171,329615
-219.398,341593
-220.624,359360
-221.851,377126
-223.078,386473
-224.305,395819
-225.532,393588
-226.759,391357
-227.986,375092
-229.213,358828
-230.44,343089
-231.666,327351
-232.893,320033
-234.12,312714
-235.347,303028
-236.574,293341
-237.801,283655
-239.028,273969
-240.255,276561
-241.482,279154
-242.708,277537
-243.935,275920
-245.162,265795
-246.389,255670
-247.616,259579
-248.843,263487
-250.07,287553
-251.297,311618
-252.524,344104
-253.75,376589
-254.977,396444
-256.204,416300
-257.431,416508
-258.658,416716
-259.885,402014
-261.112,387312
-262.339,381029
-263.566,374747
-264.793,391796
-266.019,408844
-267.246,425893
-268.473,442942
-269.7,427910
-270.927,412879
-272.154,383814
-273.381,354749
-274.608,347349
-275.835,339948
-277.061,336758
-278.288,333567
-279.515,323799
-280.742,314030
-281.969,304261
-283.196,294493
-284.423,292706
-285.65,290918
-286.877,289131
-288.103,287344
-289.33,293495
-290.557,299646
-291.784,305796
-293.011,311947
-294.238,330377
-295.465,348807
-296.692,381271
-297.919,413734
-299.146,434708
-300.372,455681
-301.599,451395
-302.826,447108
-304.053,437120
-305.28,427132
-306.507,421354
-307.734,415576
-308.961,415861
-310.188,416146
-311.414,424851
-312.641,433557
-313.868,439894
-315.095,446231
-316.322,432921
-317.549,419611
-318.776,400950
-320.003,382290
-321.23,388890
-322.456,395491
-323.683,423492
-324.91,451493
-326.137,471074
-327.364,490656
-328.591,504810
-329.818,518964
-331.045,541538
-332.272,564113
-333.498,600370
-334.725,636627
-335.952,672884
-337.179,709141
-338.406,739258
-339.633,769375
-340.86,799493
-342.087,829610
-343.314,854728
-344.54,879846
-345.767,909174
-346.994,938502
-348.221,971218
-349.448,1.00E+06
-350.675,1.03E+06
-351.902,1.05E+06
-353.129,1.08E+06
-354.356,1.11E+06
-355.583,1.16E+06
-356.809,1.20E+06
-358.036,1.24E+06
-359.263,1.27E+06
-360.49,1.30E+06
-361.717,1.32E+06
-362.944,1.35E+06
-364.171,1.38E+06
-365.398,1.42E+06
-366.625,1.46E+06
-367.851,1.50E+06
-369.078,1.54E+06
-370.305,1.61E+06
-371.532,1.67E+06
-372.759,1.77E+06
-373.986,1.87E+06
-375.213,1.96E+06
-376.44,2.06E+06
-377.667,2.12E+06
-378.893,2.18E+06
-380.12,2.22E+06
-381.347,2.26E+06
-382.574,2.30E+06
-383.801,2.35E+06
-385.028,2.42E+06
-386.255,2.48E+06
-387.482,2.56E+06
-388.709,2.63E+06
-389.936,2.68E+06
-391.162,2.73E+06
-392.389,2.78E+06
-393.616,2.82E+06
-394.843,2.89E+06
-396.07,2.95E+06
-397.297,3.04E+06
-398.524,3.12E+06
-399.751,3.22E+06
-400.978,3.32E+06
-402.204,3.43E+06
-403.431,3.53E+06
-404.658,3.62E+06
-405.885,3.70E+06
-407.112,3.75E+06
-408.339,3.80E+06
-409.566,3.84E+06
-410.793,3.87E+06
-412.02,3.90E+06
-413.246,3.94E+06
-414.473,3.97E+06
-415.7,4.01E+06
-416.927,4.04E+06
-418.154,4.08E+06
-419.381,4.12E+06
-420.608,4.16E+06
-421.835,4.21E+06
-423.062,4.25E+06
-424.289,4.30E+06
-425.515,4.35E+06
-426.742,4.41E+06
-427.969,4.46E+06
-429.196,4.51E+06
-430.423,4.55E+06
-431.65,4.57E+06
-432.877,4.58E+06
-434.104,4.57E+06
-435.331,4.57E+06
-436.557,4.58E+06
-437.784,4.59E+06
-439.011,4.63E+06
-440.238,4.66E+06
-441.465,4.67E+06
-442.692,4.69E+06
-443.919,4.68E+06
-445.146,4.67E+06
-446.373,4.66E+06
-447.599,4.66E+06
-448.826,4.68E+06
-450.053,4.70E+06
-451.28,4.71E+06
-452.507,4.73E+06
-453.734,4.73E+06
-454.961,4.73E+06
-456.188,4.73E+06
-457.415,4.72E+06
-458.641,4.72E+06
-459.868,4.72E+06
-461.095,4.71E+06
-462.322,4.69E+06
-463.549,4.66E+06
-464.776,4.62E+06
-466.003,4.58E+06
-467.23,4.54E+06
-468.457,4.50E+06
-469.684,4.45E+06
-470.91,4.42E+06
-472.137,4.38E+06
-473.364,4.35E+06
-474.591,4.33E+06
-475.818,4.30E+06
-477.045,4.26E+06
-478.272,4.20E+06
-479.499,4.14E+06
-480.726,4.07E+06
-481.952,4.00E+06
-483.179,3.94E+06
-484.406,3.88E+06
-485.633,3.83E+06
-486.86,3.79E+06
-488.087,3.73E+06
-489.314,3.67E+06
-490.541,3.60E+06
-491.768,3.53E+06
-492.994,3.46E+06
-494.221,3.38E+06
-495.448,3.33E+06
-496.675,3.27E+06
-497.902,3.23E+06
-499.129,3.18E+06
-500.356,3.15E+06
-501.583,3.12E+06
-502.81,3.08E+06
-504.036,3.03E+06
-505.263,2.96E+06
-506.49,2.89E+06
-507.717,2.82E+06
-508.944,2.76E+06
-510.171,2.73E+06
-511.398,2.71E+06
-512.625,2.70E+06
-513.852,2.67E+06
-515.078,2.62E+06
-516.305,2.55E+06
-517.532,2.48E+06
-518.759,2.40E+06
-519.986,2.34E+06
-521.213,2.29E+06
-522.44,2.26E+06
-523.667,2.25E+06
-524.894,2.24E+06
-526.121,2.23E+06
-527.347,2.21E+06
-528.574,2.17E+06
-529.801,2.12E+06
-531.028,2.07E+06
-532.255,2.00E+06
-533.482,1.94E+06
-534.709,1.88E+06
-535.936,1.81E+06
-537.163,1.76E+06
-538.389,1.72E+06
-539.616,1.70E+06
-540.843,1.68E+06
-542.07,1.67E+06
-543.297,1.65E+06
-544.524,1.62E+06
-545.751,1.57E+06
-546.978,1.50E+06
-548.205,1.44E+06
-549.432,1.37E+06
-550.658,1.32E+06
-551.885,1.28E+06
-553.112,1.27E+06
-554.339,1.26E+06
-555.566,1.25E+06
-556.793,1.23E+06
-558.02,1.19E+06
-559.247,1.16E+06
-560.474,1.14E+06
-561.7,1.14E+06
-562.927,1.17E+06
-564.154,1.21E+06
-565.381,1.26E+06
-566.608,1.29E+06
-567.835,1.30E+06
-569.062,1.29E+06
-570.289,1.27E+06
-571.516,1.27E+06
-572.742,1.26E+06
-573.969,1.27E+06
-575.196,1.28E+06
-576.423,1.28E+06
-577.65,1.29E+06
-578.877,1.30E+06
-580.104,1.32E+06
-581.331,1.34E+06
-582.558,1.37E+06
-583.784,1.40E+06
-585.011,1.43E+06
-586.238,1.45E+06
-587.465,1.47E+06
-588.692,1.48E+06
-589.919,1.47E+06
-591.146,1.46E+06
-592.373,1.44E+06
-593.6,1.42E+06
-594.827,1.41E+06
-596.053,1.39E+06
-597.28,1.38E+06
-598.507,1.38E+06
-599.734,1.38E+06
-600.961,1.39E+06
-602.188,1.39E+06
-603.415,1.39E+06
-604.642,1.39E+06
-605.869,1.37E+06
-607.095,1.36E+06
-608.322,1.34E+06
-609.549,1.32E+06
-610.776,1.30E+06
-612.003,1.28E+06
-613.23,1.26E+06
-614.457,1.24E+06
-615.684,1.21E+06
-616.911,1.19E+06
-618.137,1.17E+06
-619.364,1.15E+06
-620.591,1.13E+06
-621.818,1.12E+06
-623.045,1.10E+06
-624.272,1.09E+06
-625.499,1.07E+06
-626.726,1.05E+06
-627.953,1.02E+06
-629.18,989231
-630.406,960161
-631.633,931090
-632.86,898599
-634.087,866108
-635.314,825197
-636.541,784286
-637.768,748725
-638.995,713164
-640.221,697251
-641.448,681337
-642.675,674364
-643.902,667391
-645.129,656208
-646.356,645025
-647.583,628667
-648.81,612309
-650.037,604371
-651.264,596434
-652.49,602091
-653.717,607748
-654.944,604985
-656.171,602223
-657.398,571743
-658.625,541264
-659.852,519205
-661.079,497146
-662.306,505303
-663.532,513460
-664.759,530037
-665.986,546614
-667.213,548456
-668.44,550298
-669.667,538107
-670.894,525915
-672.121,520302
-673.348,514688
-674.575,517495
-675.801,520302
-677.028,527845
-678.255,535388
-679.482,542931
-680.709,550474
-681.936,551055
-683.163,551636
-684.39,526957
-685.617,502277
-686.843,452513
-688.07,402748
-689.297,361404
-690.524,320060
-691.751,299152
-692.978,278244
-694.205,276984
-695.432,275723
-696.659,294109
-697.885,312495
-699.112,330881
-700.339,349267
-701.566,351756
-702.793,354245
-704.02,356734
-705.247,359222
-706.474,364693
-707.701,370164
-708.927,361602
-710.154,353039
-711.381,314480
-712.608,275920
-713.835,237361
-715.062,198801
-716.289,200413
-717.516,202025
-718.743,228897
-719.969,255769
-721.196,272340
-722.423,288912
-723.65,280223
-724.877,271535
-726.104,259337
-727.331,247140
-728.558,254590
-729.785,262040
-731.012,265192
-732.238,268344
-733.465,240622
-734.692,212901
-735.919,169742
-737.146,126583
-738.373,97458
-739.6,68332.9
-740.827,61639.5
-742.054,54946.1
-743.28,67899.9
-744.507,80853.5
-745.734,103280
-746.961,125706
-748.188,143922
-749.415,162139
-750.642,158164
-751.869,154190
-753.096,146005
-754.323,137821
-755.549,147003
-756.776,156185
-758.003,165367
-759.23,174550
-760.457,164046
-761.684,153543
-762.911,130059
-764.138,106574
-765.365,91685.6
-766.591,93637.1
-767.818,115937
-769.045,138238
-770.272,158784
-771.499,162489
-772.726,156021
-773.953,149552
-775.18,145276
-776.407,141001
-777.633,132515
-778.86,124029
-780.087,112363
-781.314,100698
-782.541,108679
-783.768,116661
-784.995,135782
-786.222,154903
-787.449,169813
-788.675,184724
-789.902,195951
-791.129,207178
-792.356,214194
-793.583,221211
-794.81,218492
-796.037,215773
-797.264,208844
-798.491,201915
-799.717,209107
-800.944,216299
-802.171,230859
-803.398,245419
-804.625,250418
-805.852,238578
-807.079,205336
-808.306,172094
-809.533,139992
-810.76,107890
-811.986,101049
-813.213,94207.3
-814.44,101750
-815.667,109293
-816.894,130870
-818.121,152447
-819.348,185294
-820.575,218141
-821.802,235201
-823.028,235420
-824.255,213186
-825.482,190951
-826.709,173278
-827.936,172444
-829.163,196959
-830.39,238315
-831.617,289844
-832.844,341374
-834.07,373607
-835.297,389000
-836.524,377378
-837.751,365757
-838.978,351745
-840.205,337734
-841.432,343369
-842.659,349004
-843.886,373760
-845.112,398516
-846.339,423273
-847.566,448029
-848.793,457567
-850.02,467106
-851.247,468224
-852.474,469342
-853.701,469057
-854.928,468772
-856.155,472697
-857.381,476622
-858.608,485788
-859.835,494953
-861.062,499909
-862.289,504865
-863.516,508241
-864.743,511618
-865.97,523415
-867.197,535212
-868.423,566788
-869.65,598363
-870.877,638359
-872.104,678355
-873.331,707123
-874.558,735892
-875.785,750627
-877.012,765363
-878.239,786632
-879.466,807902
-880.692,848819
-881.919,889735
-883.146,938019
-884.373,986304
-885.6,1.02E+06
-886.827,1.05E+06
-888.054,1.07E+06
-889.281,1.09E+06
-890.508,1.13E+06
-891.734,1.16E+06
-892.961,1.20E+06
-894.188,1.25E+06
-895.415,1.29E+06
-896.642,1.32E+06
-897.869,1.36E+06
-899.096,1.39E+06
-900.323,1.44E+06
-901.55,1.48E+06
-902.776,1.54E+06
-904.003,1.60E+06
-905.23,1.66E+06
-906.457,1.72E+06
-907.684,1.77E+06
-908.911,1.82E+06
-910.138,1.85E+06
-911.365,1.88E+06
-912.592,1.91E+06
-913.818,1.94E+06
-915.045,1.99E+06
-916.272,2.04E+06
-917.499,2.09E+06
-918.726,2.15E+06
-919.953,2.20E+06
-921.18,2.26E+06
-922.407,2.32E+06
-923.634,2.39E+06
-924.86,2.44E+06
-926.087,2.49E+06
-927.314,2.53E+06
-928.541,2.57E+06
-929.768,2.60E+06
-930.995,2.62E+06
-932.222,2.63E+06
-933.449,2.64E+06
-934.676,2.65E+06
-935.903,2.65E+06
-937.129,2.67E+06
-938.356,2.69E+06
-939.583,2.72E+06
-940.81,2.75E+06
-942.037,2.78E+06
-943.264,2.82E+06
-944.491,2.86E+06
-945.718,2.90E+06
-946.945,2.94E+06
-948.171,2.98E+06
-949.398,3.03E+06
-950.625,3.08E+06
-951.852,3.13E+06
-953.079,3.18E+06
-954.306,3.20E+06
-955.533,3.22E+06
-956.76,3.22E+06
-957.987,3.22E+06
-959.214,3.23E+06
-960.44,3.25E+06
-961.667,3.26E+06
-962.894,3.27E+06
-964.121,3.26E+06
-965.348,3.25E+06
-966.575,3.23E+06
-967.802,3.22E+06
-969.029,3.23E+06
-970.255,3.24E+06
-971.482,3.26E+06
-972.709,3.27E+06
-973.936,3.28E+06
-975.163,3.29E+06
-976.39,3.29E+06
-977.617,3.30E+06
-978.844,3.29E+06
-980.071,3.29E+06
-981.298,3.27E+06
-982.524,3.25E+06
-983.751,3.21E+06
-984.978,3.18E+06
-986.205,3.13E+06
-987.432,3.08E+06
-988.659,3.02E+06
-989.886,2.96E+06
-991.113,2.92E+06
-992.34,2.89E+06
-993.566,2.86E+06
-994.793,2.83E+06
-996.02,2.78E+06
-997.247,2.72E+06
-998.474,2.66E+06
-999.701,2.59E+06
-1000.93,2.53E+06
-1002.15,2.47E+06
-1003.38,2.41E+06
-1004.61,2.35E+06
-1005.84,2.30E+06
-1007.06,2.24E+06
-1008.29,2.19E+06
-1009.52,2.14E+06
-1010.74,2.08E+06
-1011.97,2.02E+06
-1013.2,1.95E+06
-1014.42,1.87E+06
-1015.65,1.81E+06
-1016.88,1.75E+06
-1018.1,1.70E+06
-1019.33,1.66E+06
-1020.56,1.62E+06
-1021.78,1.58E+06
-1023.01,1.55E+06
-1024.24,1.52E+06
-1025.47,1.49E+06
-1026.69,1.47E+06
-1027.92,1.43E+06
-1029.15,1.39E+06
-1030.37,1.33E+06
-1031.6,1.27E+06
-1032.83,1.21E+06
-1034.05,1.15E+06
-1035.28,1.12E+06
-1036.51,1.09E+06
-1037.73,1.09E+06
-1038.96,1.09E+06
-1040.19,1.08E+06
-1041.42,1.08E+06
-1042.64,1.05E+06
-1043.87,1.01E+06
-1045.1,964908
-1046.32,916541
-1047.55,876595
-1048.78,836649
-1050,830383
-1051.23,824117
-1052.46,837499
-1053.68,850880
-1054.91,851324
-1056.14,851768
-1057.36,826951
-1058.59,802135
-1059.82,757321
-1061.05,712507
-1062.27,659272
-1063.5,606038
-1064.73,569030
-1065.95,532022
-1067.18,514661
-1068.41,497300
-1069.63,481167
-1070.86,465033
-1072.09,448900
-1073.31,432767
-1074.54,418640
-1075.77,404514
-1077,404420
-1078.22,404327
-1079.45,426512
-1080.68,448697
-1081.9,478250
-1083.13,507803
-1084.36,531654
-1085.58,538666
-1086.81,528135
-1088.04,500764
-1089.26,465587
-1090.49,430410
-1091.72,398741
-1092.94,383913
-1094.17,374062
-1095.4,364211
-1096.63,352255
-1097.85,340299
-1099.08,335799
-1100.31,348138
-1101.53,375213
-1102.76,402288
-1103.99,428924
-1105.21,438720
-1106.44,430975
-1107.67,406388
-1108.89,371628
-1110.12,336867
-1111.35,311229
-1112.57,302430
-1113.8,308318
-1115.03,314205
-1116.26,335179
-1117.48,356153
-1118.71,391160
-1119.94,426167
-1121.16,455561
-1122.39,468114
-1123.62,460494
-1124.84,436034
-1126.07,405961
-1127.3,375887
-1128.52,355287
-1129.75,334686
-1130.98,333732
-1132.21,332778
-1133.43,337964
-1134.66,343150
-1135.89,332548
-1137.11,305106
-1138.34,259595
-1139.57,214085
-1140.79,168574
-1142.02,123064
-1143.25,97989.8
-1144.47,89756
-1145.7,91696.6
-1146.93,93637.1
-1148.15,92595.6
-1149.38,91554
-1150.61,74724.8
-1151.84,41055.1
-1153.06,5088.63
-1154.29,-30877.9
-1155.52,-52109.1
-1156.74,-56500.1
-1157.97,-43787.6
-1159.2,-31075.3
-1160.42,-13100.1
-1161.65,4874.88
-1162.88,8290
-1164.1,11705.3
-1165.33,1086.88
-1166.56,-9531.5
-1167.79,-8133.63
-1169.01,-6735.75
-1170.24,3082.25
-1171.47,12900.3
-1172.69,7763.75
-1173.92,2627.25
-1175.15,-10929.4
-1176.37,-24486
-1177.6,-30324.3
-1178.83,-36162.4
-1180.05,-50420.8
-1181.28,-64679
-1182.51,-84528.9
-1183.73,-104379
-1184.96,-114054
-1186.19,-106889
-1187.42,-85866.4
-1188.64,-64843.5
-1189.87,-42768
-1191.1,-20692.6
-1192.32,-14377.5
-1193.55,-8062.38
-1194.78,-15780.9
-1196,-23499.3
-1197.23,-26481.4
-1198.46,-29463.5
-1199.68,-24025.5
-1200.91,-18587.5
-1202.14,-19135.8
-1203.36,-19683.9
-1204.59,-11812
-1205.82,-3940
-1207.05,1826.88
-1208.27,7593.88
-1209.5,13360.8
-1210.73,19127.6
-1211.95,34235.8
-1213.18,49343.8
-1214.41,64451.8
-1215.63,79559.8
-1216.86,78441.4
-1218.09,77323.1
-1219.31,80414.9
-1220.54,83506.6
-1221.77,94492.4
-1223,105478
-1224.22,108044
-1225.45,110609
-1226.68,97649.9
-1227.9,84690.8
-1229.13,71731.6
-1230.36,58772.5
-1231.58,57182.8
-1232.81,55593
-1234.04,73650.3
-1235.26,91707.5
-1236.49,114150
-1237.72,136593
-1238.94,139389
-1240.17,142185
-1241.4,133227
-1242.63,124270
-1243.85,129346
-1245.08,134422
-1246.31,143445
-1247.53,152469
-1248.76,147458
-1249.99,142448
-1251.21,133359
-1252.44,124270
-1253.67,119391
-1254.89,114512
-1256.12,100775
-1257.35,87037
-1258.58,59265.9
-1259.8,31494.8
-1261.03,13722.6
-1262.26,-4049.63
-1263.48,-2174.88
-1264.71,-300
-1265.94,7889.88
-1267.16,16079.8
-1268.39,32689.8
-1269.62,49299.9
-1270.84,76972.3
-1272.07,104645
-1273.3,121792
-1274.52,110872
-1275.75,75744.4
-1276.98,23776.3
-1278.21,-32752.6
-1279.43,-89281.6
-1280.66,-132742
-1281.89,-148135
-1283.11,-141074
-1284.34,-117173
-1285.57,-85203.1
-1286.79,-53232.9
-1288.02,-30384.5
-1289.25,-24376.4
-1290.47,-25648.1
-1291.7,-26920
-1292.93,-20824.1
-1294.16,-14728.3
-1295.38,-12140.9
-1296.61,-9553.38
-1297.84,-20999.5
-1299.06,-32445.6
-1300.29,-37313.6
-1301.52,-42181.5
-1302.74,-33015.8
-1303.97,-23850.1
-1305.2,-15386.1
-1306.42,-6922.13
-1307.65,-18105.1
-1308.88,-29288.1
-1310.1,-48222.5
-1311.33,-67156.9
-1312.56,-77671
-1313.79,-88185.3
-1315.01,-84315
-1316.24,-80444.9
-1317.47,-76574.6
-1318.69,-72704.5
-1319.92,-67781.8
-1321.15,-62859
-1322.37,-57936.4
-1323.6,-53013.6
-1324.83,-52827.3
-1326.05,-52640.9
-1327.28,-52454.5
-1328.51,-52268.1
-1329.73,-64141.8
-1330.96,-76015.5
-1332.19,-107536
-1333.42,-139057
-1334.64,-173209
-1335.87,-207361
-1337.1,-215200
-1338.32,-194972
-1339.55,-157202
-1340.78,-119432
-1342,-85521.1
-1343.23,-68450.5
-1344.46,-72430.4
-1345.68,-93250.5
-1346.91,-113018
-1348.14,-132786
-1349.37,-145723
-1350.59,-141820
-1351.82,-122129
-1353.05,-102438
-1354.27,-74590.3
-1355.5,-46742.4
-1356.73,-23104.6
-1357.95,533.25
-1359.18,12856.4
-1360.41,25179.6
-1361.63,23469.4
-1362.86,21759
-1364.09,20399.5
-1365.31,19040
-1366.54,13470.4
-1367.77,7900.88
-1369,-1001.75
-1370.22,-9904.25
-1371.45,-3720.75
-1372.68,2462.88
-1373.9,20487.1
-1375.13,55351.9
-1376.36,104952
-1377.58,154552
-1378.81,205292
-1380.04,239192
-1381.26,261163
-1382.49,266294
-1383.72,269495
-1384.95,272697
-1386.17,283266
-1387.4,293835
-1388.63,300035
-1389.85,306235
-1391.08,312435
-1392.31,318635
-1393.53,341500
-1394.76,364364
-1395.99,401263
-1397.21,438161
-1398.44,491111
-1399.67,544060
-1400.89,597009
-1402.12,633118
-1403.35,642914
-1404.58,635870
-1405.8,613038
-1407.03,590206
-1408.26,577921
-1409.48,582477
-1410.71,609486
-1411.94,664562
-1413.16,745337
-1414.39,826113
-1415.62,912852
-1416.84,982751
-1418.07,1.03E+06
-1419.3,1.06E+06
-1420.52,1.07E+06
-1421.75,1.07E+06
-1422.98,1.06E+06
-1424.21,1.05E+06
-1425.43,1.05E+06
-1426.66,1.05E+06
-1427.89,1.06E+06
-1429.11,1.09E+06
-1430.34,1.13E+06
-1431.57,1.17E+06
-1432.79,1.20E+06
-1434.02,1.24E+06
-1435.25,1.27E+06
-1436.47,1.30E+06
-1437.7,1.32E+06
-1438.93,1.35E+06
-1440.16,1.38E+06
-1441.38,1.42E+06
-1442.61,1.46E+06
-1443.84,1.53E+06
-1445.06,1.59E+06
-1446.29,1.66E+06
-1447.52,1.70E+06
-1448.74,1.73E+06
-1449.97,1.73E+06
-1451.2,1.74E+06
-1452.42,1.75E+06
-1453.65,1.77E+06
-1454.88,1.79E+06
-1456.1,1.81E+06
-1457.33,1.83E+06
-1458.56,1.82E+06
-1459.79,1.81E+06
-1461.01,1.80E+06
-1462.24,1.80E+06
-1463.47,1.81E+06
-1464.69,1.83E+06
-1465.92,1.87E+06
-1467.15,1.92E+06
-1468.37,1.97E+06
-1469.6,2.01E+06
-1470.83,2.05E+06
-1472.05,2.07E+06
-1473.28,2.08E+06
-1474.51,2.08E+06
-1475.74,2.07E+06
-1476.96,2.07E+06
-1478.19,2.06E+06
-1479.42,2.07E+06
-1480.64,2.07E+06
-1481.87,2.07E+06
-1483.1,2.08E+06
-1484.32,2.09E+06
-1485.55,2.09E+06
-1486.78,2.10E+06
-1488,2.10E+06
-1489.23,2.10E+06
-1490.46,2.09E+06
-1491.68,2.08E+06
-1492.91,2.08E+06
-1494.14,2.05E+06
-1495.37,2.03E+06
-1496.59,2.00E+06
-1497.82,1.97E+06
-1499.05,1.94E+06
-1500.27,1.92E+06
-1501.5,1.90E+06
-1502.73,1.89E+06
-1503.95,1.88E+06
-1505.18,1.88E+06
-1506.41,1.87E+06
-1507.63,1.87E+06
-1508.86,1.86E+06
-1510.09,1.85E+06
-1511.31,1.83E+06
-1512.54,1.81E+06
-1513.77,1.80E+06
-1515,1.78E+06
-1516.22,1.75E+06
-1517.45,1.72E+06
-1518.68,1.67E+06
-1519.9,1.62E+06
-1521.13,1.56E+06
-1522.36,1.51E+06
-1523.58,1.48E+06
-1524.81,1.45E+06
-1526.04,1.43E+06
-1527.26,1.40E+06
-1528.49,1.37E+06
-1529.72,1.34E+06
-1530.95,1.30E+06
-1532.17,1.27E+06
-1533.4,1.24E+06
-1534.63,1.21E+06
-1535.85,1.18E+06
-1537.08,1.16E+06
-1538.31,1.13E+06
-1539.53,1.11E+06
-1540.76,1.08E+06
-1541.99,1.05E+06
-1543.21,1.01E+06
-1544.44,976919
-1545.67,943457
-1546.89,909996
-1548.12,884955
-1549.35,859914
-1550.58,838732
-1551.8,817550
-1553.03,804788
-1554.26,792027
-1555.48,769792
-1556.71,747558
-1557.94,711290
-1559.16,675022
-1560.39,646472
-1561.62,617923
-1562.84,597793
-1564.07,577664
-1565.3,564398
-1566.53,551132
-1567.75,546286
-1568.98,541440
-1570.21,521157
-1571.43,500874
-1572.66,466557
-1573.89,432241
-1575.11,412484
-1576.34,392728
-1577.57,392618
-1578.79,392508
-1580.02,390995
-1581.25,389482
-1582.47,373936
-1583.7,358389
-1584.93,334061
-1586.16,309732
-1587.38,293824
-1588.61,277916
-1589.84,266305
-1591.06,254694
-1592.29,257117
-1593.52,259540
-1594.74,283540
-1595.97,307539
-1597.2,335749
-1598.42,363959
-1599.65,375942
-1600.88,387926
-1602.1,391489
-1603.33,395052
-1604.56,386138
-1605.79,377225
-1607.01,359891
-1608.24,342558
-1609.47,331188
-1610.69,319819
-1611.92,322483
-1613.15,325147
-1614.37,336100
-1615.6,347053
-1616.83,366426
-1618.05,385799
-1619.28,391927
-1620.51,398056
-1621.74,390151
-1622.96,382246
-1624.19,370745
-1625.42,359244
-1626.64,351954
-1627.87,344663
-1629.1,336758
-1630.32,328853
-1631.55,316738
-1632.78,304623
-1634,302112
-1635.23,299602
-1636.46,301301
-1637.68,303001
-1638.91,300314
-1640.14,297628
-1641.37,308976
-1642.59,320323
-1643.82,324171
-1645.05,328020
-1646.27,306608
-1647.5,285195
-1648.73,255714
-1649.95,226233
-1651.18,210785
-1652.41,195337
-1653.63,202167
-1654.86,208998
-1656.09,229862
-1657.32,250725
-1658.54,264748
-1659.77,278771
-1661,278760
-1662.22,278749
-1663.45,275498
-1664.68,272247
-1665.9,268997
-1667.13,265746
-1668.36,246883
-1669.58,228020
-1670.81,209157
-1672.04,190293
-1673.26,182613
-1674.49,174933
-1675.72,167253
-1676.95,159573
-1678.17,144525
-1679.4,129478
-1680.63,128463
-1681.85,127449
-1683.08,169194
-1684.31,210938
-1685.53,261103
-1686.76,311267
-1687.99,335470
-1689.21,359672
-1690.44,358614
-1691.67,357556
-1692.9,340140
-1694.12,322724
-1695.35,296888
-1696.58,271052
-1697.8,256443
-1699.03,241834
-1700.26,252485
-1701.48,263136
-1702.71,290453
-1703.94,317769
-1705.16,339471
-1706.39,344334
-1707.62,336917
-1708.84,312660
-1710.07,289455
-1711.3,266250
-1712.53,255588
-1713.75,261766
-1714.98,283732
-1716.21,305698
-1717.43,336785
-1718.66,367873
-1719.89,390540
-1721.11,413208
-1722.34,424462
-1723.57,435716
-1724.79,432937
-1726.02,430158
-1727.25,415450
-1728.47,400742
-1729.7,386034
-1730.93,388167
-1732.16,399596
-1733.38,427866
-1734.61,455084
-1735.84,482301
-1737.06,488468
-1738.29,477795
-1739.52,449580
-1740.74,404525
-1741.97,364189
-1743.2,323854
-1744.42,299306
-1745.65,291598
-1746.88,295819
-1748.11,316881
-1749.33,336889
-1750.56,356898
-1751.79,362435
-1753.01,351131
-1754.24,318426
-1755.47,285722
-1756.69,241439
-1757.92,197157
-1759.15,163049
-1760.37,128940
-1761.6,115674
-1762.83,130475
-1764.05,164923
-1765.28,199371
-1766.51,231364
-1767.74,246515
-1768.96,240266
-1770.19,234017
-1771.42,228338
-1772.64,222658
-1773.87,231013
-1775.1,239367
-1776.32,245616
-1777.55,251866
-1778.78,249695
-1780,247524
-1781.23,243868
-1782.46,240211
-1783.69,250588
-1784.91,260966
-1786.14,270817
-1787.37,280667
-1788.59,276485
-1789.82,272302
-1791.05,251849
-1792.27,231396
-1793.5,210944
-1794.73,190491
-1795.95,183896
-1797.18,177301
-1798.41,179127
-1799.63,180952
-1800.86,186220
-1802.09,191488
-1803.32,205177
-1804.54,218865
-1805.77,223431
-1807,227998
-1808.22,216776
-1809.45,188715
-1810.68,151619
-1811.9,114523
-1813.13,81988.3
-1814.36,66293.6
-1815.58,74105.3
-1816.81,98757.3
-1818.04,133584
-1819.26,168410
-1820.49,184932
-1821.72,184614
-1822.95,179735
-1824.17,174856
-1825.4,175065
-1826.63,175273
-1827.85,175481
-1829.08,175690
-1830.31,176863
-1831.53,178036
-1832.76,187629
-1833.99,197222
-1835.21,198922
-1836.44,200621
-1837.67,188287
-1838.9,175953
-1840.12,167324
-1841.35,158696
-1842.58,164101
-1843.8,169506
-1845.03,180349
-1846.26,191192
-1847.48,202036
-1848.71,212879
-1849.94,221617
-1851.16,230355
-1852.39,230673
-1853.62,230991
-1854.84,227625
-1856.07,224259
-1857.3,225103
-1858.53,225947
-1859.75,239592
-1860.98,253236
-1862.21,271091
-1863.43,288945
-1864.66,288556
-1865.89,288167
-1867.11,262517
-1868.34,236867
-1869.57,202710
-1870.79,168552
-1872.02,154042
-1873.25,139531
-1874.47,154579
-1875.7,169627
-1876.93,176254
-1878.16,182882
-1879.38,172625
-1880.61,162369
-1881.84,156322
-1883.06,150276
-1884.29,162648
-1885.52,175021
-1886.74,191604
-1887.97,208186
-1889.2,220383
-1890.42,232581
-1891.65,253198
-1892.88,273815
-1894.11,303730
-1895.33,333644
-1896.56,359349
-1897.79,385053
-1899.01,397261
-1900.24,409469
-1901.47,413257
-1902.69,417045
-1903.92,410747
-1905.15,404448
-1906.37,402359
-1907.6,400271
-1908.83,408795
-1910.05,417319
-1911.28,421634
-1912.51,425948
-1913.74,414123
-1914.96,402299
-1916.19,390475
-1917.42,378650
-1918.64,389850
-1919.87,401049
-1921.1,437509
-1922.32,473969
-1923.55,519024
-1924.78,564080
-1926,600715
-1927.23,637350
-1928.46,663811
-1929.69,690272
-1930.91,702700
-1932.14,715127
-1933.37,724397
-1934.59,733667
-1935.82,756970
-1937.05,780273
-1938.27,819496
-1939.5,858719
-1940.73,889521
-1941.95,920324
-1943.18,934111
-1944.41,947898
-1945.63,953264
-1946.86,958631
-1948.09,959262
-1949.32,959892
-1950.54,960522
-1951.77,961153
-1953,972659
-1954.22,984166
-1955.45,1.00E+06
-1956.68,1.02E+06
-1957.9,1.05E+06
-1959.13,1.08E+06
-1960.36,1.10E+06
-1961.58,1.13E+06
-1962.81,1.14E+06
-1964.04,1.16E+06
-1965.27,1.16E+06
-1966.49,1.17E+06
-1967.72,1.19E+06
-1968.95,1.21E+06
-1970.17,1.24E+06
-1971.4,1.27E+06
-1972.63,1.30E+06
-1973.85,1.34E+06
-1975.08,1.37E+06
-1976.31,1.40E+06
-1977.53,1.41E+06
-1978.76,1.42E+06
-1979.99,1.42E+06
-1981.21,1.42E+06
-1982.44,1.40E+06
-1983.67,1.39E+06
-1984.9,1.39E+06
-1986.12,1.38E+06
-1987.35,1.39E+06
-1988.58,1.40E+06
-1989.8,1.40E+06
-1991.03,1.41E+06
-1992.26,1.43E+06
-1993.48,1.44E+06
-1994.71,1.46E+06
-1995.94,1.47E+06
-1997.16,1.48E+06
-1998.39,1.49E+06
-1999.62,1.50E+06
-2000.84,1.52E+06
-2002.07,1.53E+06
-2003.3,1.55E+06
-2004.53,1.56E+06
-2005.75,1.57E+06
-2006.98,1.56E+06
-2008.21,1.56E+06
-2009.43,1.55E+06
-2010.66,1.53E+06
-2011.89,1.51E+06
-2013.11,1.49E+06
-2014.34,1.47E+06
-2015.57,1.45E+06
-2016.79,1.45E+06
-2018.02,1.45E+06
-2019.25,1.45E+06
-2020.48,1.46E+06
-2021.7,1.47E+06
-2022.93,1.47E+06
-2024.16,1.47E+06
-2025.38,1.46E+06
-2026.61,1.44E+06
-2027.84,1.41E+06
-2029.06,1.37E+06
-2030.29,1.32E+06
-2031.52,1.28E+06
-2032.74,1.25E+06
-2033.97,1.23E+06
-2035.2,1.24E+06
-2036.42,1.26E+06
-2037.65,1.28E+06
-2038.88,1.30E+06
-2040.11,1.30E+06
-2041.33,1.27E+06
-2042.56,1.25E+06
-2043.79,1.23E+06
-2045.01,1.21E+06
-2046.24,1.21E+06
-2047.47,1.22E+06
-2048.69,1.23E+06
-2049.92,1.24E+06
-2051.15,1.24E+06
-2052.37,1.22E+06
-2053.6,1.19E+06
-2054.83,1.14E+06
-2056.06,1.09E+06
-2057.28,1.04E+06
-2058.51,991533
-2059.74,947931
-2060.96,913450
-2062.19,878969
-2063.42,858522
-2064.64,838074
-2065.87,821661
-2067.1,805249
-2068.32,774802
-2069.55,744356
-2070.78,701981
-2072,659607
-2073.23,636879
-2074.46,614151
-2075.69,596203
-2076.91,578256
-2078.14,552941
-2079.37,527625
-2080.59,507573
-2081.82,504360
-2083.05,516936
-2084.27,529511
-2085.5,544279
-2086.73,559047
-2087.95,548555
-2089.18,538063
-2090.41,515116
-2091.64,492169
-2092.86,469222
-2094.09,446274
-2095.32,424599
-2096.54,402924
-2097.77,389669
-2099,376414
-2100.22,370351
-2101.45,364288
-2102.68,358225
-2103.9,352162
-2105.13,342854
-2106.36,333545
-2107.58,324237
-2108.81,314929
-2110.04,301762
-2111.27,288594
-2112.49,267007
-2113.72,245419
-2114.95,219665
-2116.17,193911
-2117.4,176578
-2118.63,159244
-2119.85,153664
-2121.08,148083
-2122.31,150923
-2123.53,153762
-2124.76,158707
-2125.99,163652
-2127.21,168596
-2128.44,173541
-2129.67,184450
-2130.9,195359
-2132.12,206268
-2133.35,217176
-2134.58,209683
-2135.8,202189
-2137.03,180662
-2138.26,159135
-2139.48,146203
-2140.71,133271
-2141.94,128760
-2143.16,124248
-2144.39,109211
-2145.62,94174.4
-2146.84,65104.1
-2148.07,36033.8
-2149.3,4507.5
-2150.53,-27018.6
-2151.75,-44511.3
-2152.98,-62003.9
-2154.21,-67129.4
-2155.43,-72255
-2156.66,-68960.4
-2157.89,-65665.8
-2159.11,-52196.9
-2160.34,-38727.9
-2161.57,-33679.1
-2162.79,-28630.3
-2164.02,-41298.9
-2165.25,-53967.5
-2166.48,-86283
-2167.7,-118599
-2168.93,-142845
-2170.16,-167091
-2171.38,-175550
-2172.61,-167168
-2173.84,-148913
-2175.06,-130659
-2176.29,-130999
-2177.52,-131339
-2178.74,-165184
-2179.97,-199029
-2181.2,-232874
-2182.43,-266719
-2183.65,-281618
-2184.88,-296518
-2186.11,-297384
-2187.33,-298250
-2188.56,-292275
-2189.79,-286300
-2191.01,-271904
-2192.24,-257509
-2193.47,-255371
-2194.69,-253233
-2195.92,-265129
-2197.15,-277024
-2198.37,-285236
-2199.6,-293448
-2200.83,-282013
-2202.06,-270578
-2203.28,-239496
-2204.51,-208413
-2205.74,-177331
-2206.96,-146249
-2208.19,-142357
-2209.42,-138465
-2210.64,-154220
-2211.87,-169975
-2213.1,-181251
-2214.32,-192527
-2215.55,-195383
-2216.78,-198239
-2218,-198464
-2219.23,-198689
-2220.46,-190493
-2221.69,-182298
-2222.91,-176208
-2224.14,-170117
-2225.37,-164027
-2226.59,-157937
-2227.82,-140268
-2229.05,-122600
-2230.27,-113353
-2231.5,-104105
-2232.73,-111916
-2233.95,-119728
-2235.18,-127540
-2236.41,-135351
-2237.64,-139655
-2238.86,-143958
-2240.09,-148261
-2241.32,-152564
-2242.54,-155026
-2243.77,-157487
-2245,-151528
-2246.22,-145569
-2247.45,-121542
-2248.68,-97515.4
-2249.9,-65068.3
-2251.13,-32621.1
-2252.36,-15484.8
-2253.58,1651.5
-2254.81,-859.125
-2256.04,-3369.88
-2257.27,1136.25
-2258.49,5642.25
-2259.72,29795.4
-2260.95,53948.5
-2262.17,82136.3
-2263.4,110324
-2264.63,118865
-2265.85,127405
-2267.08,118053
-2268.31,108701
-2269.53,90929.1
-2270.76,73156.9
-2271.99,45188.5
-2273.22,17220
-2274.44,-19168.6
-2275.67,-55557.3
-2276.9,-75456.4
-2278.12,-95355.5
-2279.35,-78767.4
-2280.58,-62179.3
-2281.8,-39977.8
-2283.03,-17776.3
-2284.26,-20835.1
-2285.48,-23894
-2286.71,-33092.5
-2287.94,-42291.1
-2289.16,-37456.1
-2290.39,-32621.1
-2291.62,-11165.1
-2292.85,10290.9
-2294.07,31746.9
-2295.3,53203
-2296.53,59748.3
-2297.75,66293.6
-2298.98,81259.1
-2300.21,96224.6
-2301.43,114523
-2302.66,132822
-2303.89,142700
-2305.11,152578
-2306.34,165263
-2307.57,177948
-2308.79,199053
-2310.02,220159
-2311.25,238084
-2312.48,256010
-2313.7,254289
-2314.93,252567
-2316.16,229269
-2317.38,205972
-2318.61,182674
-2319.84,159376
-2321.06,168618
-2322.29,177861
-2323.52,206750
-2324.74,235639
-2325.97,254267
-2327.2,272894
-2328.43,271875
-2329.65,270855
-2330.88,265883
-2332.11,260911
-2333.33,260149
-2334.56,259387
-2335.79,267308
-2337.01,275229
-2338.24,274731
-2339.47,274232
-2340.69,265576
-2341.92,256920
-2343.15,267911
-2344.37,278902
-2345.6,297963
-2346.83,317023
-2348.06,310823
-2349.28,304623
-2350.51,275641
-2351.74,246658
-2352.96,226095
-2354.19,205533
-2355.42,206196
-2356.64,206860
-2357.87,227170
-2359.1,247480
-2360.32,272351
-2361.55,297223
-2362.78,322094
-2364,346965
-2365.23,368240
-2366.46,389515
-2367.69,406580
-2368.91,423645
-2370.14,425202
-2371.37,426759
-2372.59,414282
-2373.82,401806
-2375.05,395205
-2376.27,388605
-2377.5,412879
-2378.73,437153
-2379.95,466777
-2381.18,496401
-2382.41,495151
-2383.64,493901
-2384.86,473793
-2386.09,453686
-2387.32,453225
-2388.54,452765
-2389.77,483069
-2391,513372
-2392.22,547886
-2393.45,582400
-2394.68,600337
-2395.9,618273
-2397.13,616563
-2398.36,614853
-2399.58,616212
-2400.81,617572
-2402.04,632965
-2403.27,648358
-2404.49,673925
-2405.72,699493
-2406.95,711027
-2408.17,722560
-2409.4,715741
-2410.63,708921
-2411.85,693682
-2413.08,678442
-2414.31,670833
-2415.53,663225
-2416.76,669649
-2417.99,676074
-2419.22,684472
-2420.44,692871
-2421.67,697059
-2422.9,701247
-2424.12,715346
-2425.35,729446
-2426.58,751965
-2427.8,774485
-2429.03,779089
-2430.26,783694
-2431.48,779879
-2432.71,776063
-2433.94,778037
-2435.16,780010
-2436.39,781984
-2437.62,783957
-2438.85,778958
-2440.07,773958
-2441.3,777379
-2442.53,780800
-2443.75,802990
-2444.98,825181
-2446.21,855792
-2447.43,886402
-2448.66,917462
-2449.89,948523
-2451.11,971163
-2452.34,993803
-2453.57,1.01E+06
-2454.79,1.02E+06
-2456.02,1.03E+06
-2457.25,1.04E+06
-2458.48,1.06E+06
-2459.7,1.09E+06
-2460.93,1.11E+06
-2462.16,1.14E+06
-2463.38,1.16E+06
-2464.61,1.18E+06
-2465.84,1.19E+06
-2467.06,1.19E+06
-2468.29,1.18E+06
-2469.52,1.18E+06
-2470.74,1.17E+06
-2471.97,1.16E+06
-2473.2,1.16E+06
-2474.43,1.16E+06
-2475.65,1.18E+06
-2476.88,1.20E+06
-2478.11,1.23E+06
-2479.33,1.26E+06
-2480.56,1.28E+06
-2481.79,1.29E+06
-2483.01,1.28E+06
-2484.24,1.27E+06
-2485.47,1.25E+06
-2486.69,1.22E+06
-2487.92,1.20E+06
-2489.15,1.18E+06
-2490.37,1.19E+06
-2491.6,1.19E+06
-2492.83,1.19E+06
-2494.06,1.18E+06
-2495.28,1.18E+06
-2496.51,1.18E+06
-2497.74,1.21E+06
-2498.96,1.24E+06
-2500.19,1.27E+06
-2501.42,1.31E+06
-2502.64,1.33E+06
-2503.87,1.34E+06
-2505.1,1.35E+06
-2506.32,1.36E+06
-2507.55,1.37E+06
-2508.78,1.38E+06
-2510.01,1.37E+06
-2511.23,1.36E+06
-2512.46,1.34E+06
-2513.69,1.31E+06
-2514.91,1.30E+06
-2516.14,1.28E+06
-2517.37,1.28E+06
-2518.59,1.29E+06
-2519.82,1.30E+06
-2521.05,1.32E+06
-2522.27,1.32E+06
-2523.5,1.32E+06
-2524.73,1.32E+06
-2525.95,1.32E+06
-2527.18,1.34E+06
-2528.41,1.36E+06
-2529.64,1.39E+06
-2530.86,1.42E+06
-2532.09,1.43E+06
-2533.32,1.44E+06
-2534.54,1.43E+06
-2535.77,1.43E+06
-2537,1.42E+06
-2538.22,1.42E+06
-2539.45,1.42E+06
-2540.68,1.41E+06
-2541.9,1.39E+06
-2543.13,1.37E+06
-2544.36,1.33E+06
-2545.58,1.28E+06
-2546.81,1.24E+06
-2548.04,1.20E+06
-2549.27,1.17E+06
-2550.49,1.15E+06
-2551.72,1.13E+06
-2552.95,1.11E+06
-2554.17,1.09E+06
-2555.4,1.08E+06
-2556.63,1.07E+06
-2557.85,1.06E+06
-2559.08,1.04E+06
-2560.31,1.02E+06
-2561.53,974633
-2562.76,928909
-2563.99,889500
-2565.22,866931
-2566.44,864025
-2567.67,889187
-2568.9,940662
-2570.12,992136
-2571.35,1.04E+06
-2572.58,1.08E+06
-2573.8,1.09E+06
-2575.03,1.07E+06
-2576.26,1.03E+06
-2577.48,991895
-2578.71,958642
-2579.94,925389
-2581.16,921607
-2582.39,917824
-2583.62,922462
-2584.85,927100
-2586.07,917506
-2587.3,907913
-2588.53,884286
-2589.75,860659
-2590.98,834928
-2592.21,809196
-2593.43,775044
-2594.66,740892
-2595.89,700512
-2597.11,660133
-2598.34,633787
-2599.57,607441
-2600.8,592673
-2602.02,577905
-2603.25,543490
-2604.48,509075
-2605.7,471754
-2606.93,434434
-2608.16,416760
-2609.38,399087
-2610.61,389482
-2611.84,379878
-2613.06,370274
-2614.29,360670
-2615.52,348434
-2616.74,336199
-2617.97,323963
-2619.2,311728
-2620.43,304404
-2621.65,297080
-2622.88,303790
-2624.11,310500
-2625.33,321288
-2626.56,332076
-2627.79,334444
-2629.01,336813
-2630.24,321990
-2631.47,307167
-2632.69,272697
-2633.92,238227
-2635.15,215159
-2636.38,192091
-2637.6,199898
-2638.83,207704
-2640.06,222702
-2641.28,237701
-2642.51,233052
-2643.74,228403
-2644.96,206553
-2646.19,184702
-2647.42,162851
-2648.64,141001
-2649.87,136429
-2651.1,131857
-2652.32,131495
-2653.55,131133
-2654.78,123097
-2656.01,115060
-2657.23,92990.3
-2658.46,70920.4
-2659.69,45429.6
-2660.91,19939
-2662.14,14095.4
-2663.37,8251.63
-2664.59,18393.1
-2665.82,28534.5
-2667.05,30255.9
-2668.27,31977.1
-2669.5,9490.63
-2670.73,-12996
-2671.95,-35482.6
-2673.18,-57969.3
-2674.41,-61554.4
-2675.64,-65139.5
-2676.86,-68724.6
-2678.09,-72309.8
-2679.32,-91507.3
-2680.54,-110705
-2681.77,-129902
-2683,-149100
-2684.22,-166028
-2685.45,-182956
-2686.68,-191464
-2687.9,-199971
-2689.13,-195761
-2690.36,-191551
-2691.59,-183131
-2692.81,-174711
-2694.04,-178307
-2695.27,-181903
-2696.49,-193919
-2697.72,-205936
-2698.95,-217163
-2700.17,-228389
-2701.4,-219969
-2702.63,-211549
-2703.85,-192231
-2705.08,-172913
-2706.31,-167628
-2707.53,-162344
-2708.76,-176619
-2709.99,-190893
-2711.22,-209378
-2712.44,-227863
-2713.67,-247576
-2714.9,-267289
-2716.12,-278581
-2717.35,-289874
-2718.58,-273538
-2719.8,-257202
-2721.03,-232446
-2722.26,-207690
-2723.48,-210568
-2724.71,-213446
-2725.94,-235971
-2727.17,-258496
-2728.39,-277512
-2729.62,-296529
-2730.85,-295899
-2732.07,-295268
-2733.3,-280253
-2734.53,-265238
-2735.75,-258644
-2736.98,-252049
-2738.21,-270978
-2739.43,-289907
-2740.66,-313046
-2741.89,-336185
-2743.11,-334283
-2744.34,-332380
-2745.57,-322058
-2746.8,-311736
-2748.02,-325533
-2749.25,-339331
-2750.48,-353129
-2751.7,-366927
-2752.93,-340729
-2754.16,-314531
-2755.38,-268687
-2756.61,-222842
-2757.84,-197872
-2759.06,-172902
-2760.29,-190033
-2761.52,-207164
-2762.74,-249023
-2763.97,-290883
-2765.2,-318709
-2766.43,-346535
-2767.65,-340154
-2768.88,-333773
-2770.11,-313358
-2771.33,-292944
-2772.56,-271565
-2773.79,-250185
-2775.01,-228806
-2776.24,-207427
-2777.47,-191135
-2778.69,-174843
-2779.92,-178197
-2781.15,-181552
-2782.38,-200366
-2783.6,-219180
-2784.83,-229573
-2786.06,-239967
-2787.28,-243782
-2788.51,-247598
-2789.74,-242993
-2790.96,-238388
-2792.19,-219399
-2793.42,-200410
-2794.64,-185631
-2795.87,-170852
-2797.1,-171159
-2798.32,-171466
-2799.55,-175983
-2800.78,-180500
-2802.01,-195021
-2803.23,-209543
-2804.46,-224064
-2805.69,-238586
-2806.91,-233022
-2808.14,-227457
-2809.37,-207860
-2810.59,-188262
-2811.82,-171910
-2813.05,-155557
-2814.27,-147625
-2815.5,-139693
-2816.73,-130006
-2817.96,-120320
-2819.18,-96599.9
-2820.41,-72879.9
-2821.64,-48918.6
-2822.86,-24957.5
-2824.09,-15029.8
-2825.32,-5102.13
-2826.54,9737.25
-2827.77,24576.6
-2829,46783.6
-2830.22,68990.8
-2831.45,74269.8
-2832.68,62708.5
-2833.9,40972.9
-2835.13,19237.4
-2836.36,2588.88
-2837.59,-14059.5
-2838.81,-14920.1
-2840.04,1059.5
-2841.27,29274.6
-2842.49,57489.8
-2843.72,86757.4
-2844.95,116025
-2846.17,128277
-2847.4,140529
-2848.63,138747
-2849.85,136966
-2851.08,152288
-2852.31,167609
-2853.53,196965
-2854.76,226320
-2855.99,254623
-2857.22,282926
-2858.44,302809
-2859.67,322691
-2860.9,342969
-2862.12,363246
-2863.35,375103
-2864.58,386961
-2865.8,381627
-2867.03,376293
-2868.26,362539
-2869.48,348785
-2870.71,346696
-2871.94,344608
-2873.17,362166
-2874.39,379725
-2875.62,397020
-2876.85,414315
-2878.07,415823
-2879.3,400490
-2880.53,367434
-2881.75,334379
-2882.98,305533
-2884.21,276688
-2885.43,265296
-2886.66,270745
-2887.89,291982
-2889.11,313219
-2890.34,354278
-2891.57,395337
-2892.8,450430
-2894.02,505522
-2895.25,553248
-2896.48,600973
-2897.7,631857
-2898.93,645902
-2900.16,645540
-2901.38,628338
-2902.61,606575
-2903.84,584812
-2905.06,574276
-2906.29,580580
-2907.52,601619
-2908.75,622659
-2909.97,646856
-2911.2,654212
-2912.43,649641
-2913.65,628228
-2914.88,604711
-2916.11,581194
-2917.33,567851
-2918.56,571349
-2919.79,591040
-2921.01,627571
-2922.24,669715
-2923.47,711860
-2924.69,734708
-2925.92,757557
-2927.15,771985
-2928.38,786413
-2929.6,798122
-2930.83,809832
-2932.06,807507
-2933.28,805183
-2934.51,796807
-2935.74,788430
-2936.96,799701
-2938.19,810972
-2939.42,832220
-2940.64,853467
-2941.87,870505
-2943.1,887542
-2944.32,892739
-2945.55,897936
-2946.78,883486
-2948.01,869036
-2949.23,859146
-2950.46,849257
-2951.69,860067
-2952.91,898945
-2954.14,958083
-2955.37,1.02E+06
-2956.59,1.07E+06
-2957.82,1.11E+06
-2959.05,1.13E+06
-2960.27,1.14E+06
-2961.5,1.15E+06
-2962.73,1.16E+06
-2963.96,1.17E+06
-2965.18,1.18E+06
-2966.41,1.18E+06
-2967.64,1.18E+06
-2968.86,1.17E+06
-2970.09,1.15E+06
-2971.32,1.16E+06
-2972.54,1.16E+06
-2973.77,1.17E+06
-2975,1.19E+06
-2976.22,1.20E+06
-2977.45,1.22E+06
-2978.68,1.23E+06
-2979.9,1.24E+06
-2981.13,1.26E+06
-2982.36,1.28E+06
-2983.59,1.31E+06
-2984.81,1.33E+06
-2986.04,1.35E+06
-2987.27,1.36E+06
-2988.49,1.36E+06
-2989.72,1.36E+06
-2990.95,1.35E+06
-2992.17,1.35E+06
-2993.4,1.33E+06
-2994.63,1.32E+06
-2995.85,1.32E+06
-2997.08,1.31E+06
-2998.31,1.32E+06
-2999.54,1.32E+06
-3000.76,1.33E+06
-3001.99,1.33E+06
-3003.22,1.34E+06
-3004.44,1.35E+06
-3005.67,1.36E+06
-3006.9,1.37E+06
-3008.12,1.38E+06
-3009.35,1.39E+06
-3010.58,1.40E+06
-3011.8,1.41E+06
-3013.03,1.42E+06
-3014.26,1.43E+06
-3015.48,1.43E+06
-3016.71,1.43E+06
-3017.94,1.42E+06
-3019.17,1.40E+06
-3020.39,1.39E+06
-3021.62,1.38E+06
-3022.85,1.38E+06
-3024.07,1.37E+06
-3025.3,1.38E+06
-3026.53,1.38E+06
-3027.75,1.39E+06
-3028.98,1.41E+06
-3030.21,1.40E+06
-3031.43,1.40E+06
-3032.66,1.39E+06
-3033.89,1.37E+06
-3035.11,1.37E+06
-3036.34,1.36E+06
-3037.57,1.36E+06
-3038.8,1.37E+06
-3040.02,1.37E+06
-3041.25,1.37E+06
-3042.48,1.38E+06
-3043.7,1.38E+06
-3044.93,1.39E+06
-3046.16,1.39E+06
-3047.38,1.37E+06
-3048.61,1.36E+06
-3049.84,1.34E+06
-3051.06,1.32E+06
-3052.29,1.31E+06
-3053.52,1.30E+06
-3054.75,1.30E+06
-3055.97,1.30E+06
-3057.2,1.29E+06
-3058.43,1.28E+06
-3059.65,1.27E+06
-3060.88,1.25E+06
-3062.11,1.22E+06
-3063.33,1.20E+06
-3064.56,1.18E+06
-3065.79,1.15E+06
-3067.01,1.15E+06
-3068.24,1.15E+06
-3069.47,1.15E+06
-3070.69,1.16E+06
-3071.92,1.15E+06
-3073.15,1.13E+06
-3074.38,1.12E+06
-3075.6,1.10E+06
-3076.83,1.09E+06
-3078.06,1.08E+06
-3079.28,1.06E+06
-3080.51,1.05E+06
-3081.74,1.02E+06
-3082.96,990360
-3084.19,976667
-3085.42,962973
-3086.64,969014
-3087.87,975055
-3089.1,972676
-3090.33,970297
-3091.55,945464
-3092.78,920631
-3094.01,900008
-3095.23,879385
-3096.46,885690
-3097.69,891994
-3098.91,902508
-3100.14,913022
-3101.37,894066
-3102.59,875110
-3103.82,830893
-3105.05,786676
-3106.27,742372
-3107.5,698067
-3108.73,673410
-3109.96,648753
-3111.18,644882
-3112.41,641012
-3113.64,641352
-3114.86,641692
-3116.09,641823
-3117.32,641955
-3118.54,642087
-3119.77,642218
-3121,625597
-3122.22,608976
-3123.45,583935
-3124.68,558894
-3125.91,530081
-3127.13,501269
-3128.36,472456
-3129.59,443643
-3130.81,431846
-3132.04,420049
-3133.27,427899
-3134.49,435749
-3135.72,435355
-3136.95,434960
-3138.17,409305
-3139.4,383650
-3140.63,365362
-3141.85,347075
-3143.08,359661
-3144.31,372247
-3145.54,391851
-3146.76,411454
-3147.99,411410
-3149.22,411366
-3150.44,397903
-3151.67,384439
-3152.9,366766
-3154.12,349092
-3155.35,337202
-3156.58,325312
-3157.8,313422
-3159.03,301531
-3160.26,292799
-3161.48,284066
-3162.71,279544
-3163.94,275021
-3165.17,271551
-3166.39,268081
-3167.62,256191
-3168.85,244301
-3170.07,221271
-3171.3,198242
-3172.53,183633
-3173.75,169024
-3174.98,183490
-3176.21,197957
-3177.43,220844
-3178.66,243731
-3179.89,242409
-3181.12,241088
-3182.34,220120
-3183.57,199152
-3184.8,174939
-3186.02,150725
-3187.25,134932
-3188.48,119139
-3189.7,110362
-3190.93,101586
-3192.16,101230
-3193.38,100873
-3194.61,100473
-3195.84,100073
-3197.06,80025.8
-3198.29,59978.5
-3199.52,33090
-3200.75,6201.5
-3201.97,-6653.5
-3203.2,-19508.5
-3204.43,-22013.8
-3205.65,-24518.9
-3206.88,-27024.1
-3208.11,-29529.4
-3209.33,-32999.4
-3210.56,-36469.4
-3211.79,-25905.9
-3213.01,-15342.3
-3214.24,14934
-3215.47,45210.4
-3216.7,71276.6
-3217.92,97342.9
-3219.15,92272.1
-3220.38,87201.5
-3221.6,68097.1
-3222.83,48992.9
-3224.06,32256.8
-3225.28,15520.6
-3226.51,7204.63
-3227.74,-1111.38
-3228.96,-1972
-3230.19,-2832.63
-3231.42,-3693.25
-3232.64,-4554
-3233.87,-9986.5
-3235.1,-15419
-3236.33,-25061.6
-3237.55,-34704.3
-3238.78,-42680.4
-3240.01,-50656.4
-3241.23,-50212.4
-3242.46,-49768.4
-3243.69,-33580.4
-3244.91,-17392.5
-3246.14,7215.63
-3247.37,31823.6
-3248.59,56431.8
-3249.82,81039.9
-3251.05,97227.8
-3252.27,113416
-3253.5,114934
-3254.73,116453
-3255.96,109551
-3257.18,102649
-3258.41,104519
-3259.64,106388
-3260.86,116677
-3262.09,126967
-3263.32,128836
-3264.54,130706
-3265.77,112928
-3267,95150.1
-3268.22,74214.9
-3269.45,53279.8
-3270.68,57604.9
-3271.91,61930.1
-3273.13,86976.8
-3274.36,112023
-3275.59,128650
-3276.81,145276
-3278.04,146992
-3279.27,148708
-3280.49,150424
-3281.72,152140
-3282.95,159293
-3284.17,166447
-3285.4,159568
-3286.63,152688
-3287.85,138265
-3289.08,123842
-3290.31,134680
-3291.54,145518
-3292.76,170279
-3293.99,195041
-3295.22,200155
-3296.44,205270
-3297.67,188983
-3298.9,172697
-3300.12,164830
-3301.35,156964
-3302.58,157824
-3303.8,158685
-3305.03,151126
-3306.26,143566
-3307.49,119254
-3308.71,94941.9
-3309.94,79049.9
-3311.17,63158
-3312.39,73836.6
-3313.62,84515.4
-3314.85,99404.1
-3316.07,114293
-3317.3,117692
-3318.53,121090
-3319.75,124489
-3320.98,127888
-3322.21,150495
-3323.43,173102
-3324.66,209743
-3325.89,246384
-3327.12,256887
-3328.34,267390
-3329.57,258247
-3330.8,249103
-3332.02,250879
-3333.25,252655
-3334.48,268465
-3335.7,284274
-3336.93,288506
-3338.16,292738
-3339.38,277323
-3340.61,261908
-3341.84,247283
-3343.06,232657
-3344.29,237679
-3345.52,242700
-3346.75,250879
-3347.97,259058
-3349.2,258817
-3350.43,258576
-3351.65,276945
-3352.88,295315
-3354.11,338945
-3355.33,382575
-3356.56,417873
-3357.79,453171
-3359.01,468821
-3360.24,484472
-3361.47,492667
-3362.7,500863
-3363.92,513268
-3365.15,525674
-3366.38,520450
-3367.6,515225
-3368.83,484741
-3370.06,454256
-3371.28,428683
-3372.51,403110
-3373.74,408411
-3374.96,413712
-3376.19,441993
-3377.42,470274
-3378.64,498555
-3379.87,526836
-3381.1,530032
-3382.33,533228
-3383.55,522390
-3384.78,511552
-3386.01,503609
-3387.23,495666
-3388.46,491933
-3389.69,488200
-3390.91,488002
-3392.14,487805
-3393.37,479188
-3394.59,470570
-3395.82,445902
-3397.05,421233
-3398.28,404985
-3399.5,388737
-3400.73,409195
-3401.96,429653
-3403.18,469759
-3404.41,509864
-3405.64,543917
-3406.86,577971
-3408.09,603604
-3409.32,629237
-3410.54,646143
-3411.77,663049
-3413,675745
-3414.22,688441
-3415.45,698944
-3416.68,709448
-3417.91,719951
-3419.13,730454
-3420.36,728634
-3421.59,726814
-3422.81,716574
-3424.04,706334
-3425.27,689253
-3426.49,672171
-3427.72,647722
-3428.95,623273
-3430.17,606219
-3431.4,606005
-3432.63,628947
-3433.85,668728
-3435.08,714124
-3436.31,759519
-3437.54,794740
-3438.76,813121
-3439.99,818345
-3441.22,806729
-3442.44,796165
-3443.67,785602
-3444.9,785563
-3446.12,802365
-3447.35,829342
-3448.58,856318
-3449.8,878031
-3451.03,899745
-3452.26,896198
-3453.49,892652
-3454.71,879544
-3455.94,866437
-3457.17,857540
-3458.39,848643
-3459.62,850973
-3460.85,853303
-3462.07,864053
-3463.3,874803
-3464.53,891868
-3465.75,908933
-3466.98,930208
-3468.21,951483
-3469.43,962331
-3470.66,973180
-3471.89,958768
-3473.12,944356
-3474.34,926349
-3475.57,908341
-3476.8,898753
-3478.02,889165
-3479.25,887559
-3480.48,885953
-3481.7,884347
-3482.93,882740
-3484.16,884643
-3485.38,886545
-3486.61,904235
-3487.84,938765
-3489.07,990135
-3490.29,1.04E+06
-3491.52,1.10E+06
-3492.75,1.15E+06
-3493.97,1.18E+06
-3495.2,1.19E+06
-3496.43,1.18E+06
-3497.65,1.17E+06
-3498.88,1.15E+06
-3500.11,1.13E+06
-3501.33,1.10E+06
-3502.56,1.08E+06
-3503.79,1.06E+06
-3505.01,1.05E+06
-3506.24,1.05E+06
-3507.47,1.06E+06
-3508.7,1.07E+06
-3509.92,1.08E+06
-3511.15,1.09E+06
-3512.38,1.09E+06
-3513.6,1.11E+06
-3514.83,1.13E+06
-3516.06,1.15E+06
-3517.28,1.17E+06
-3518.51,1.17E+06
-3519.74,1.18E+06
-3520.96,1.17E+06
-3522.19,1.16E+06
-3523.42,1.15E+06
-3524.65,1.14E+06
-3525.87,1.14E+06
-3527.1,1.13E+06
-3528.33,1.13E+06
-3529.55,1.13E+06
-3530.78,1.13E+06
-3532.01,1.13E+06
-3533.23,1.13E+06
-3534.46,1.14E+06
-3535.69,1.14E+06
-3536.91,1.15E+06
-3538.14,1.14E+06
-3539.37,1.13E+06
-3540.59,1.12E+06
-3541.82,1.11E+06
-3543.05,1.10E+06
-3544.28,1.10E+06
-3545.5,1.10E+06
-3546.73,1.10E+06
-3547.96,1.10E+06
-3549.18,1.10E+06
-3550.41,1.12E+06
-3551.64,1.14E+06
-3552.86,1.17E+06
-3554.09,1.19E+06
-3555.32,1.21E+06
-3556.54,1.22E+06
-3557.77,1.23E+06
-3559,1.24E+06
-3560.22,1.25E+06
-3561.45,1.26E+06
-3562.68,1.27E+06
-3563.91,1.28E+06
-3565.13,1.29E+06
-3566.36,1.30E+06
-3567.59,1.29E+06
-3568.81,1.28E+06
-3570.04,1.27E+06
-3571.27,1.25E+06
-3572.49,1.23E+06
-3573.72,1.21E+06
-3574.95,1.19E+06
-3576.17,1.16E+06
-3577.4,1.12E+06
-3578.63,1.09E+06
-3579.85,1.06E+06
-3581.08,1.03E+06
-3582.31,1.01E+06
-3583.54,986106
-3584.76,973005
-3585.99,959903
-3587.22,969337
-3588.44,978772
-3589.67,992416
-3590.9,1.01E+06
-3592.12,1.00E+06
-3593.35,998090
-3594.58,980071
-3595.8,962052
-3597.03,953067
-3598.26,944082
-3599.49,949131
-3600.71,954180
-3601.94,959141
-3603.17,964102
-3604.39,973273
-3605.62,982444
-3606.85,986178
-3608.07,989911
-3609.3,979610
-3610.53,969310
-3611.75,956203
-3612.98,943096
-3614.21,934199
-3615.44,925301
-3616.66,911493
-3617.89,897684
-3619.12,869842
-3620.34,841999
-3621.57,818016
-3622.8,794033
-3624.02,785837
-3625.25,794482
-3626.48,819019
-3627.7,843556
-3628.93,864935
-3630.16,886315
-3631.38,882521
-3632.61,878728
-3633.84,866514
-3635.07,854300
-3636.29,861558
-3637.52,868816
-3638.75,883442
-3639.97,898068
-3641.2,903221
-3642.43,891533
-3643.65,864058
-3644.88,836583
-3646.11,796237
-3647.33,755890
-3648.56,730630
-3649.79,705369
-3651.01,694406
-3652.24,700282
-3653.47,710720
-3654.7,721157
-3655.92,734050
-3657.15,746944
-3658.38,755627
-3659.6,764310
-3660.83,760451
-3662.06,756592
-3663.28,733086
-3664.51,709579
-3665.74,681238
-3666.96,652897
-3668.19,632976
-3669.42,613055
-3670.65,607079
-3671.87,601104
-3673.1,599339
-3674.33,597574
-3675.55,600720
-3676.78,603867
-3678.01,615434
-3679.23,627001
-3680.46,635147
-3681.69,643293
-3682.91,637405
-3684.14,631518
-3685.37,619863
-3686.59,608209
-3687.82,610588
-3689.05,612967
-3690.28,613943
-3691.5,614918
-3692.73,596247
-3693.96,577576
-3695.18,556887
-3696.41,536199
-3697.64,535157
-3698.86,534116
-3700.09,542021
-3701.32,549926
-3702.54,543797
-3703.77,537668
-3705,526896
-3706.23,516124
-3707.45,505353
-3708.68,494581
-3709.91,475213
-3711.13,455846
-3712.36,428058
-3713.59,400271
-3714.81,366431
-3716.04,332592
-3717.27,304366
-3718.49,292980
-3719.72,298434
-3720.95,320729
-3722.17,364425
-3723.4,408121
-3724.63,448133
-3725.86,471305
-3727.08,476935
-3728.31,465724
-3729.54,447322
-3730.76,428919
-3731.99,401044
-3733.22,373168
-3734.44,329768
-3735.67,286369
-3736.9,244021
-3738.12,201674
-3739.35,174851
-3740.58,164869
-3741.8,170674
-3743.03,176479
-3744.26,186072
-3745.49,195666
-3746.71,201049
-3747.94,206432
-3749.17,209447
-3750.39,212462
-3751.62,215477
-3752.85,218492
-3754.07,221858
-3755.3,225224
-3756.53,228590
-3757.75,231956
-3758.98,223744
-3760.21,215532
-3761.44,193287
-3762.66,171041
-3763.89,167895
-3765.12,164748
-3766.34,175635
-3767.57,186522
-3768.8,186182
-3770.02,185842
-3771.25,160242
-3772.48,134642
-3773.7,106498
-3774.93,78353.8
-3776.16,64243.4
-3777.38,50133.1
-3778.61,48565.3
-3779.84,46997.5
-3781.07,49639.8
-3782.29,52282
-3783.52,42480.4
-3784.75,32678.9
-3785.97,-2383.13
-3787.2,-37445.1
-3788.43,-85751.3
-3789.65,-134058
-3790.88,-168330
-3792.11,-202603
-3793.33,-198108
-3794.56,-193612
-3795.79,-158243
-3797.01,-122875
-3798.24,-98557
-3799.47,-74239.4
-3800.7,-80795.8
-3801.92,-87352
-3803.15,-108161
-3804.38,-128970
-3805.6,-149780
-3806.83,-170589
-3808.06,-177890
-3809.28,-185192
-3810.51,-178461
-3811.74,-171729
-3812.96,-170961
-3814.19,-170194
-3815.42,-189073
-3816.65,-207953
-3817.87,-228938
-3819.1,-249922
-3820.33,-266697
-3821.55,-283471
-3822.78,-298026
-3824.01,-312580
-3825.23,-322924
-3826.46,-333268
-3827.69,-328527
-3828.91,-323785
-3830.14,-299396
-3831.37,-275007
-3832.59,-244566
-3833.82,-214126
-3835.05,-192105
-3836.28,-170084
-3837.5,-163851
-3838.73,-157619
-3839.96,-165419
-3841.18,-173220
-3842.41,-185121
-3843.64,-197022
-3844.86,-200503
-3846.09,-203984
-3847.32,-203518
-3848.54,-203052
-3849.77,-206796
-3851,-210540
-3852.23,-213407
-3853.45,-216274
-3854.68,-227562
-3855.91,-238849
-3857.13,-264082
-3858.36,-289315
-3859.59,-314548
-3860.81,-339781
-3862.04,-344451
-3863.27,-349122
-3864.49,-345372
-3865.72,-341623
-3866.95,-332084
-3868.17,-322546
-3869.4,-298974
-3870.63,-275402
-3871.86,-260250
-3873.08,-245098
-3874.31,-260820
-3875.54,-276542
-3876.76,-307350
-3877.99,-338158
-3879.22,-360546
-3880.44,-382934
-3881.67,-378439
-3882.9,-373944
-3884.12,-344188
-3885.35,-314433
-3886.58,-292746
-3887.8,-271060
-3889.03,-285861
-3890.26,-300662
-3891.49,-332567
-3892.71,-364471
-3893.94,-376729
-3895.17,-388986
-3896.39,-391420
-3897.62,-393854
-3898.85,-415935
-3900.07,-438016
-3901.3,-476641
-3902.53,-515266
-3903.75,-528631
-3904.98,-541996
-3906.21,-522382
-3907.44,-502768
-3908.66,-469120
-3909.89,-435472
-3911.12,-394018
-3912.34,-352565
-3913.57,-311812
-3914.8,-287901
-3916.02,-287144
-3917.25,-314455
-3918.48,-369131
-3919.7,-423807
-3920.93,-462432
-3922.16,-501057
-3923.39,-491968
-3924.61,-482879
-3925.84,-455985
-3927.07,-429091
-3928.29,-410617
-3929.52,-392144
-3930.75,-391124
-3931.97,-390104
-3933.2,-393295
-3934.43,-396485
-3935.65,-387484
-3936.88,-378483
-3938.11,-373692
-3939.33,-368901
-3940.56,-371148
-3941.79,-373396
-3943.02,-371433
-3944.24,-369471
-3945.47,-361456
-3946.7,-353442
-3947.92,-341217
-3949.15,-328993
-3950.38,-314488
-3951.6,-299983
-3952.83,-299511
-3954.06,-299040
-3955.28,-313040
-3956.51,-327041
-3957.74,-341042
-3958.96,-355042
-3960.19,-351501
-3961.42,-347960
-3962.65,-335998
-3963.87,-324037
-3965.1,-310760
-3966.33,-297483
-3967.55,-284206
-3968.78,-270929
-3970.01,-265370
-3971.23,-259811
-3972.46,-258463
-3973.69,-257114
-3974.91,-245328
-3976.14,-233542
-3977.37,-213336
-3978.59,-193130
-3979.82,-172551
-3981.05,-151972
-3982.28,-139814
-3983.5,-127655
-3984.73,-124618
-3985.96,-121581
-3987.18,-126964
-3988.41,-132347
-3989.64,-136853
-3990.86,-141359
-3992.09,-126218
-3993.32,-111078
-3994.54,-85762.3
-3995.77,-60447
-3997,-49165.4
-3998.23,-37883.6
-3999.45,-43990.5
-4000.68,-50097.3
-4001.91,-47783.9
-4003.13,-45470.6
-4004.36,-30088.5
-4005.59,-14706.4
-4006.81,675.75
-4008.04,16057.9
-4009.27,27931.5
-4010.49,39805.3
-4011.72,47468.9
-4012.95,55132.5
-4014.17,64111.9
-4015.4,73091.1
-4016.63,90490.6
-4017.86,107890
-4019.08,127230
-4020.31,146570
-4021.54,146263
-4022.76,145956
-4023.99,134247
-4025.22,122538
-4026.44,110828
-4027.67,99119
-4028.9,95654.5
-4030.12,92190
-4031.35,113986
-4032.58,135782
-4033.81,168541
-4035.03,201301
-4036.26,220027
-4037.49,238753
-4038.71,236012
-4039.94,233271
-4041.17,226320
-4042.39,219369
-4043.62,226539
-4044.85,233710
-4046.07,260527
-4047.3,287344
-4048.53,312144
-4049.75,336944
-4050.98,347711
-4052.21,358477
-4053.44,361876
-4054.66,365274
-4055.89,360253
-4057.12,355232
-4058.34,345381
-4059.57,335530
-4060.8,334099
-4062.02,332668
-4063.25,355270
-4064.48,377872
-4065.7,400474
-4066.93,423075
-4068.16,412523
-4069.39,401970
-4070.61,377384
-4071.84,352798
-4073.07,341017
-4074.29,329237
-4075.52,337103
-4076.75,344970
-4077.97,379566
-4079.2,414162
-4080.43,468405
-4081.65,522648
-4082.88,563559
-4084.11,604470
-4085.33,614507
-4086.56,624545
-4087.79,604410
-4089.02,584275
-4090.24,555720
-4091.47,527165
-4092.7,513871
-4093.92,500578
-4095.15,501318
-4096.38,502058
-4097.6,501000
-4098.83,499942
-4100.06,498884
-4101.28,497826
-4102.51,515538
-4103.74,533250
-4104.96,564995
-4106.19,596741
-4107.42,608576
-4108.65,620411
-4109.87,606986
-4111.1,593561
-4112.33,577505
-4113.55,561448
-4114.78,545392
-4116.01,529336
-4117.23,506219
-4118.46,483102
-4119.69,479632
-4120.91,476162
-4122.14,506811
-4123.37,537460
-4124.6,572319
-4125.82,607178
-4127.05,616251
-4128.28,625323
-4129.5,620362
-4130.73,615401
-4131.96,612019
-4133.18,608636
-4134.41,605254
-4135.64,601872
-4136.86,597261
-4138.09,592651
-4139.32,583831
-4140.54,575011
-4141.77,563647
-4143,552283
-4144.23,554952
-4145.45,557622
-4146.68,570905
-4147.91,584187
-4149.13,589050
-4150.36,593912
-4151.59,578777
-4152.81,563641
-4154.04,540086
-4155.27,516530
-4156.49,499114
-4157.72,481698
-4158.95,483929
-4160.18,486161
-4161.4,512863
-4162.63,539565
-4163.86,570477
-4165.08,601389
-4166.31,614233
-4167.54,627077
-4168.76,614661
-4169.99,602244
-4171.22,585618
-4172.44,568991
-4173.67,566399
-4174.9,563806
-4176.12,569633
-4177.35,575460
-4178.58,577077
-4179.81,578694
-4181.03,569962
-4182.26,561229
-4183.49,538463
-4184.71,515697
-4185.94,478195
-4187.17,440694
-4188.39,407403
-4189.62,374111
-4190.85,369852
-4192.07,365592
-4193.3,380980
-4194.53,396368
-4195.75,407764
-4196.98,419161
-4198.21,416524
-4199.44,413888
-4200.66,415812
-4201.89,417736
-4203.12,433694
-4204.34,449651
-4205.57,454974
-4206.8,460297
-4208.02,440360
-4209.25,420422
-4210.48,394871
-4211.7,369320
-4212.93,357803
-4214.16,346285
-4215.39,347426
-4216.61,348566
-4217.84,358126
-4219.07,367686
-4220.29,375230
-4221.52,382773
-4222.75,386106
-4223.97,389439
-4225.2,393057
-4226.43,396675
-4227.65,408713
-4228.88,420751
-4230.11,431298
-4231.33,441845
-4232.56,452392
-4233.79,462939
-4235.02,474561
-4236.24,486182
-4237.47,497804
-4238.7,509426
-4239.92,506487
-4241.15,503549
-4242.38,475350
-4243.6,447152
-4244.83,398429
-4246.06,349706
-4247.28,302036
-4248.51,254365
-4249.74,222132
-4250.97,206739
-4252.19,203274
-4253.42,216650
-4254.65,247420
-4255.87,278190
-4257.1,308959
-4258.33,339729
-4259.55,349624
-4260.78,342678
-4262.01,314332
-4263.23,285985
-4264.46,253428
-4265.69,220871
-4266.91,204102
-4268.14,204173
-4269.37,215822
-4270.6,227471
-4271.82,231753
-4273.05,236034
-4274.28,229023
-4275.5,222011
-4276.73,229034
-4277.96,236056
-4279.18,260883
-4280.41,285711
-4281.64,302118
-4282.86,318525
-4284.09,313531
-4285.32,308537
-4286.54,299333
-4287.77,290129
-4289,303730
-4290.23,317330
-4291.45,334088
-4292.68,350846
-4293.91,343851
-4295.13,320016
-4296.36,287059
-4297.59,254102
-4298.81,227197
-4300.04,217133
-4301.27,222856
-4302.49,228579
-4303.72,230969
-4304.95,233359
-4306.18,221715
-4307.4,210072
-4308.63,195797
-4309.86,181522
-4311.08,163038
-4312.31,144553
-4313.54,119128
-4314.76,93703
-4315.99,73540.6
-4317.22,53378.4
-4318.44,46021.8
-4319.67,55505.4
-4320.9,86390.1
-4322.13,117275
-4323.35,151493
-4324.58,185711
-4325.81,198527
-4327.03,194503
-4328.26,169693
-4329.49,144882
-4330.71,119018
-4331.94,93154.8
-4333.17,77948.1
-4334.39,62741.4
-4335.62,51744.8
-4336.85,40748.1
-4338.07,33873.9
-4339.3,26999.6
-4340.53,24686.3
-4341.75,39213.3
-4342.98,72159.3
-4344.21,105105
-4345.44,138051
-4346.66,170997
-4347.89,180437
-4349.12,173037
-4350.34,144235
-4351.57,115433
-4352.8,85721.4
-4354.02,56009.6
-4355.25,26298
-4356.48,-3413.75
-4357.7,-44527.8
-4358.93,-85641.6
-4360.16,-121142
-4361.39,-139803
-4362.61,-143464
-4363.84,-130286
-4365.07,-111494
-4366.29,-92702.3
-4367.52,-73033.4
-4368.75,-53364.5
-4369.97,-33695.5
-4371.2,-14026.6
-4372.43,938.875
-4373.65,15904.4
-4374.88,16836.3
-4376.11,17768.1
-4377.33,2473.75
-4378.56,-12820.6
-4379.79,-23904.9
-4381.02,-34989.3
-4382.24,-36425.5
-4383.47,-37861.8
-4384.7,-39298
-4385.92,-40734.3
-4387.15,-36995.6
-4388.38,-33257
-4389.6,-15484.8
-4390.83,2287.38
-4392.06,23633.8
-4393.28,44980.1
-4394.51,57906.4
-4395.74,70832.6
-4396.97,78934.8
-4398.19,87037
-4399.42,90929.1
-4400.65,94821.3
-4401.87,87048
-4403.1,79274.6
-4404.33,57467.9
-4405.55,35661
-4406.78,18853.6
-4408.01,2046.25
-4409.23,1026.63
-4410.46,16847.3
-4411.69,41290.9
-4412.92,65734.5
-4414.14,91230.6
-4415.37,116727
-4416.6,124506
-4417.82,132284
-4419.05,126030
-4420.28,119775
-4421.5,112906
-4422.73,106037
-4423.96,79521.4
-4425.18,53005.6
-4426.41,18596
-4427.64,-15813.8
-4428.86,-34435.6
-4430.09,-36217.3
-4431.32,-19097.4
-4432.54,-1977.5
-4433.77,16194.9
-4435,34367.3
-4436.23,46049.1
-4437.45,57731
-4438.68,55379.3
-4439.91,53027.5
-4441.13,44623.9
-4442.36,36220.1
-4443.59,43604.3
-4444.81,67828.5
-4446.04,112051
-4447.27,156273
-4448.49,201548
-4449.72,229982
-4450.95,239904
-4452.18,232986
-4453.4,203614
-4454.63,174243
-4455.86,135749
-4457.08,97255.3
-4458.31,68234.3
-4459.54,39213.3
-4460.76,28260.5
-4461.99,34148
-4463.22,55823.3
-4464.44,77498.5
-4465.67,98472.1
-4466.9,119446
-4468.13,126386
-4469.35,133326
-4470.58,131133
-4471.81,128940
-4473.03,135168
-4474.26,141395
-4475.49,155780
-4476.71,170164
-4477.94,180338
-4479.17,190513
-4480.39,187618
-4481.62,184724
-4482.85,173409
-4484.07,162095
-4485.3,145868
-4486.53,129642
-4487.76,110258
-4488.98,90874.3
-4490.21,76933.9
-4491.44,79833.9
-4492.66,98521.5
-4493.89,117209
-4495.12,142124
-4496.34,167039
-4497.57,172307
-4498.8,177576
-4500.02,170915
-4501.25,164255
-4502.48,171628
-4503.71,179001
-4504.93,198302
-4506.16,217604
-4507.39,232696
-4508.61,247787
-4509.84,250545
-4511.07,253302
-4512.29,251849
-4513.52,250397
-4514.75,241927
-4515.97,233458
-4517.2,224988
-4518.43,216519
-4519.65,222083
-4520.88,227647
-4522.11,233211
-4523.33,238775
-4524.56,238024
-4525.79,237273
-4527.02,236522
-4528.24,235771
-4529.47,244657
-4530.7,253543
-4531.92,262429
-4533.15,271315
-4534.38,294498
-4535.6,317681
-4536.83,345074
-4538.06,372467
-4539.28,385300
-4540.51,398133
-4541.74,396932
-4542.97,395732
-4544.19,380585
-4545.42,365439
-4546.65,330646
-4547.87,295852
-4549.1,271606
-4550.33,247360
-4551.55,242760
-4552.78,238161
-4554.01,232158
-4555.23,226156
-4556.46,211733
-4557.69,197310
-4558.92,193500
-4560.14,189690
-4561.37,205528
-4562.6,221365
-4563.82,240710
-4565.05,260056
-4566.28,265368
-4567.5,270679
-4568.73,274363
-4569.96,278047
-4571.18,295764
-4572.41,313482
-4573.64,337514
-4574.86,361547
-4576.09,365932
-4577.32,370318
-4578.55,346548
-4579.77,322779
-4581,284976
-4582.23,247173
-4583.45,219808
-4584.68,192442
-4585.91,179110
-4587.13,165779
-4588.36,159310
-4589.59,152841
-4590.81,142163
-4592.04,131484
-4593.27,116244
-4594.5,101005
-4595.72,89975.3
-4596.95,78945.8
-4598.18,76248.8
-4599.4,73551.6
-4600.63,62434.4
-4601.86,51317.1
-4603.08,40726.3
-4604.31,30135.3
-4605.54,39191.3
-4606.76,48247.4
-4607.99,71764.5
-4609.22,95281.8
-4610.44,123009
-4611.67,150736
-4612.9,153817
-4614.13,156898
-4615.35,123491
-4616.58,90084.9
-4617.81,58958.9
-4619.03,27832.9
-4620.26,21967.3
-4621.49,16101.8
-4622.71,21112.1
-4623.94,26122.5
-4625.17,31133
-4626.39,36143.4
-4627.62,35014.1
-4628.85,33884.9
-4630.07,32755.6
-4631.3,31626.4
-4632.53,32339
-4633.76,33051.6
-4634.98,19730.8
-4636.21,6409.75
-4637.44,-20659.6
-4638.66,-47729.1
-4639.89,-70588.5
-4641.12,-93447.9
-4642.34,-115518
-4643.57,-137588
-4644.8,-159658
-4646.02,-181728
-4647.25,-192330
-4648.48,-202932
-4649.71,-205113
-4650.93,-207295
-4652.16,-212284
-4653.39,-217272
-4654.61,-222261
-4655.84,-227249
-4657.07,-215507
-4658.29,-203765
-4659.52,-177989
-4660.75,-152213
-4661.97,-132227
-4663.2,-112240
-4664.43,-117513
-4665.65,-122787
-4666.88,-140625
-4668.11,-158463
-4669.34,-156654
-4670.56,-154845
-4671.79,-150580
-4673.02,-146315
-4674.24,-172924
-4675.47,-199533
-4676.7,-236842
-4677.92,-274152
-4679.15,-291815
-4680.38,-309477
-4681.6,-298020
-4682.83,-286563
-4684.06,-261072
-4685.29,-235582
-4686.51,-228696
-4687.74,-221811
-4688.97,-234573
-4690.19,-247335
-4691.42,-265096
-4692.65,-282857
-4693.87,-292198
-4695.1,-301539
-4696.33,-308118
-4697.55,-314696
-4698.78,-325484
-4700.01,-336272
-4701.23,-347675
-4702.46,-359077
-4703.69,-362059
-4704.92,-365041
-4706.14,-352236
-4707.37,-339430
-4708.6,-306977
-4709.82,-274525
-4711.05,-257860
-4712.28,-241195
-4713.5,-255404
-4714.73,-269613
-4715.96,-291102
-4717.18,-312591
-4718.41,-325660
-4719.64,-338728
-4720.86,-349517
-4722.09,-360305
-4723.32,-375303
-4724.55,-390302
-4725.77,-397247
-4727,-404193
-4728.23,-406928
-4729.45,-409664
-4730.68,-414153
-4731.91,-418643
-4733.13,-423133
-4734.36,-427622
-4735.59,-414219
-4736.81,-400816
-4738.04,-373379
-4739.27,-345942
-4740.5,-322891
-4741.72,-299840
-4742.95,-285209
-4744.18,-270578
-4745.4,-268007
-4746.63,-265436
-4747.86,-282512
-4749.08,-299588
-4750.31,-329996
-4751.54,-360404
-4752.76,-371165
-4753.99,-381925
-4755.22,-366768
-4756.44,-351611
-4757.67,-328033
-4758.9,-304456
-4760.13,-292456
-4761.35,-280456
-4762.58,-276876
-4763.81,-273297
-4765.03,-286903
-4766.26,-300509
-4767.49,-328148
-4768.71,-355788
-4769.94,-374393
-4771.17,-392999
-4772.39,-386344
-4773.62,-379689
-4774.85,-358123
-4776.07,-336558
-4777.3,-319202
-4778.53,-301846
-4779.76,-301857
-4780.98,-301868
-4782.21,-306089
-4783.44,-310310
-4784.66,-306725
-4785.89,-303140
-4787.12,-285521
-4788.34,-267903
-4789.57,-240899
-4790.8,-213895
-4792.02,-200925
-4793.25,-187955
-4794.48,-198228
-4795.71,-208501
-4796.93,-210354
-4798.16,-212207
-4799.39,-193623
-4800.61,-175040
-4801.84,-160666
-4803.07,-146293
-4804.29,-164252
-4805.52,-182210
-4806.75,-214202
-4807.97,-246194
-4809.2,-254768
-4810.43,-263342
-4811.65,-252268
-4812.88,-241195
-4814.11,-239243
-4815.34,-237292
-4816.56,-243761
-4817.79,-250229
-4819.02,-256522
-4820.24,-262816
-4821.47,-269109
-4822.7,-275402
-4823.92,-284019
-4825.15,-292637
-4826.38,-292834
-4827.6,-293032
-4828.83,-283493
-4830.06,-273955
-4831.29,-255996
-4832.51,-238037
-4833.74,-220693
-4834.97,-203348
-4836.19,-181794
-4837.42,-160239
-4838.65,-141929
-4839.87,-123620
-4841.1,-124958
-4842.33,-126295
-4843.55,-140082
-4844.78,-153869
-4846.01,-153622
-4847.23,-153376
-4848.46,-145060
-4849.69,-136744
-4850.92,-138602
-4852.14,-157301
-4853.37,-180736
-4854.6,-204171
-4855.82,-214624
-4857.05,-225078
-4858.28,-213780
-4859.5,-202482
-4860.73,-182764
-4861.96,-163046
-4863.18,-147779
-4864.41,-132512
-4865.64,-133032
-4866.86,-150393
-4868.09,-169421
-4869.32,-188449
-4870.55,-198354
-4871.77,-191420
-4873,-171767
-4874.23,-152115
-4875.45,-128252
-4876.68,-104390
-4877.91,-90789.1
-4879.13,-94028.9
-4880.36,-113057
-4881.59,-132084
-4882.81,-162640
-4884.04,-193196
-4885.27,-206911
-4886.5,-203787
-4887.72,-180401
-4888.95,-140175
-4890.18,-105212
-4891.4,-70248.6
-4892.63,-51862.4
-4893.86,-50316.5
-4895.08,-53331.6
-4896.31,-56346.6
-4897.54,-51906.3
-4898.76,-47466
-4899.99,-28992.1
-4901.22,-10518.3
-4902.44,16463.5
-4903.67,43445.3
-4904.9,77794.6
-4906.13,112144
-4907.35,135617
-4908.58,142250
-4909.81,126430
-4911.03,82541.9
-4912.26,25146.8
-4913.49,-32248.4
-4914.71,-80170.8
-4915.94,-111253
-4917.17,-123565
-4918.39,-119037
-4919.62,-108896
-4920.85,-98754.3
-4922.08,-85296.4
-4923.3,-71838.4
-4924.53,-58380.4
-4925.76,-44922.4
-4926.98,-41024.8
-4928.21,-37127.3
-4929.44,-37439.6
-4930.66,-37752.1
-4931.89,-33130.9
-4933.12,-28509.8
-4934.34,-15468.4
-4935.57,-2427
-4936.8,12982.5
-4938.02,28392
-4939.25,29768
-4940.48,31143.9
-4941.71,23332.3
-4942.93,15520.6
-4944.16,16129.1
-4945.39,16737.6
-4946.61,14451.6
-4947.84,12165.8
-4949.07,14089.9
-4950.29,16014
-4951.52,19253.8
-4952.75,22493.5
-4953.97,15559
-4955.2,-8215.88
-4956.43,-33481.8
-4957.65,-58747.6
-4958.88,-69278.4
-4960.11,-62968.8
-4961.34,-42203.4
-4962.56,-21438.1
-4963.79,379.75
-4965.02,22197.5
-4966.24,45418.8
-4967.47,68639.9
-4968.7,91861
-4969.92,115082
-4971.15,126265
-4972.38,137448
-4973.6,128984
-4974.83,120520
-4976.06,109250
-4977.29,97978.8
-4978.51,86708.1
-4979.74,75437.4
-4980.97,64451.8
-4982.19,53466.1
-4983.42,56514
-4984.65,59561.9
-4985.87,80502.6
-4987.1,101443
-4988.33,117823
-4989.55,117363
-4990.78,92518.9
-4992.01,67675
-4993.23,42831.3
-4994.46,17987.5
-4995.69,17176.1
-4996.92,33205.1
-4998.14,70635.3
-4999.37,108065
-5000.6,145929
-5001.82,183792
-5003.05,193588
-5004.28,186544
-5005.5,161958
-5006.73,120531
-5007.96,80157.3
-5009.18,39783.4
-5010.41,17477.6
-5011.64,12012.3
-5012.87,29000.5
-5014.09,74056
-5015.32,127707
-5016.55,181358
-5017.77,215362
-5019,232526
-5020.23,226556
-5021.45,220586
-5022.68,213564
-5023.91,206542
-5025.13,213728
-5026.36,220915
-5027.59,242135
-5028.81,263356
-5030.04,281068
-5031.27,298779
-5032.5,295090
-5033.72,274561
-5034.95,230525
-5036.18,186489
-5037.4,147014
-5038.63,124380
-5039.86,123722
-5041.08,139904
-5042.31,167313
-5043.54,194723
-5044.76,203888
-5045.99,213054
-5047.22,222220
-5048.44,231385
-5049.67,249498
-5050.9,267610
-5052.13,285722
-5053.35,303834
-5054.58,310368
-5055.81,316903
-5057.03,309403
-5058.26,301904
-5059.49,286686
-5060.71,271469
-5061.94,270285
-5063.17,269101
-5064.39,286511
-5065.62,303921
-5066.85,329752
-5068.08,355583
-5069.3,372379
-5070.53,389175
-5071.76,391938
-5072.98,394701
-5074.21,392815
-5075.44,390930
-5076.66,389044
-5077.89,387158
-5079.12,374758
-5080.34,362358
-5081.57,355221
-5082.8,348083
-5084.02,352611
-5085.25,373980
-5086.48,405522
-5087.71,437065
-5088.93,466590
-5090.16,496116
-5091.39,505994
-5092.61,515872
-5093.84,518734
-5095.07,521595
-5096.29,538490
-5097.52,555385
-5098.75,576381
-5099.97,597377
-5101.2,613811
-5102.43,613406
-5103.66,596423
-5104.88,579440
-5106.11,557194
-5107.34,534949
-5108.56,527834
-5109.79,520718
-5111.02,513603
-5112.24,506487
-5113.47,490952
-5114.7,475416
-5115.92,473914
-5117.15,472412
-5118.38,485004
-5119.6,497596
-5120.83,505977
-5122.06,514359
-5123.29,515724
-5124.51,517089
-5125.74,518454
-5126.97,519819
-5128.19,530350
-5129.42,540880
-5130.65,555621
-5131.87,570362
-5133.1,585103
-5134.33,599843
-5135.55,606164
-5136.78,612485
-5138.01,617775
-5139.23,623065
-5140.46,624144
-5141.69,625224
-5142.92,616042
-5144.14,606860
-5145.37,593468
-5146.6,580076
-5147.82,570674
-5149.05,561273
-5150.28,556082
-5151.5,550890
-5152.73,546664
-5153.96,542437
-5155.18,534001
-5156.41,525564
-5157.64,523936
-5158.87,522308
-5160.09,540327
-5161.32,558346
-5162.55,578382
-5163.77,598418
-5165,604421
-5166.23,610423
-5167.45,605155
-5168.68,599887
-5169.91,580586
-5171.13,561284
-5172.36,520669
-5173.59,480054
-5174.81,436281
-5176.04,392508
-5177.27,369720
-5178.5,363772
-5179.72,375367
-5180.95,403801
-5182.18,432323
-5183.4,460845
-5184.63,474632
-5185.86,471579
-5187.08,457430
-5188.31,443281
-5189.54,428080
-5190.76,412879
-5191.99,402151
-5193.22,391423
-5194.45,389115
-5195.67,386807
-5196.9,388287
-5198.13,389767
-5199.35,395458
-5200.58,401148
-5201.81,409996
-5203.03,418843
-5204.26,419271
-5205.49,419698
-5206.71,409031
-5207.94,398363
-5209.17,391905
-5210.39,385448
-5211.62,387410
-5212.85,389373
-5214.08,382915
-5215.3,376457
-5216.53,359804
-5217.76,343150
-5218.98,330706
-5220.21,318262
-5221.44,320817
-5222.66,323371
-5223.89,334346
-5225.12,345320
-5226.34,342700
-5227.57,340080
-5228.8,330092
-5230.02,320104
-5231.25,312572
-5232.48,321880
-5233.71,343117
-5234.93,381194
-5236.16,430256
-5237.39,479319
-5238.61,511892
-5239.84,527625
-5241.07,514239
-5242.29,472785
-5243.52,416245
-5244.75,359705
-5245.97,309919
-5247.2,276973
-5248.43,267182
-5249.66,274232
-5250.88,286369
-5252.11,298505
-5253.34,303275
-5254.56,308044
-5255.79,317199
-5257.02,326353
-5258.24,335508
-5259.47,344663
-5260.7,339608
-5261.92,334554
-5263.15,309853
-5264.38,285152
-5265.6,263257
-5266.83,241362
-5268.06,229642
-5269.29,234762
-5270.51,250144
-5271.74,265527
-5272.97,277751
-5274.19,289976
-5275.42,285925
-5276.65,281873
-5277.87,269402
-5279.1,256931
-5280.33,235689
-5281.55,214447
-5282.78,190047
-5284.01,165647
-5285.24,147869
-5286.46,146932
-5287.69,157923
-5288.92,185754
-5290.14,216217
-5291.37,246680
-5292.6,268021
-5293.82,272521
-5295.05,254283
-5296.28,236045
-5297.5,212544
-5298.73,189044
-5299.96,172296
-5301.18,155549
-5302.41,130382
-5303.64,105215
-5304.87,73425.5
-5306.09,41636.3
-5307.32,15460.4
-5308.55,6124.75
-5309.77,12576.9
-5311,35869.3
-5312.23,69336.1
-5313.45,102803
-5314.68,134335
-5315.91,149026
-5317.13,153543
-5318.36,158060
-5319.59,158192
-5320.81,158323
-5322.04,158455
-5323.27,158586
-5324.5,147052
-5325.72,135519
-5326.95,109951
-5328.18,84383.8
-5329.4,63465
-5330.63,42546.3
-5331.86,21627.4
-5333.08,708.625
-5334.31,-36897
-5335.54,-74502.5
-5336.76,-116318
-5337.99,-141294
-5339.22,-140921
-5340.45,-123708
-5341.67,-89654.4
-5342.9,-55601.1
-5344.13,-30494.1
-5345.35,-5387.25
-5346.58,3932
-5347.81,-3589.13
-5349.03,-19091.9
-5350.26,-34594.6
-5351.49,-65183.4
-5352.71,-95772.1
-5353.94,-132687
-5355.17,-169602
-5356.4,-201254
-5357.62,-232906
-5358.85,-247104
-5360.08,-244462
-5361.3,-226032
-5362.53,-207602
-5363.76,-185664
-5364.98,-163725
-5366.21,-151961
-5367.44,-157037
-5368.66,-182462
-5369.89,-207887
-5371.12,-241732
-5372.34,-275577
-5373.57,-296463
-5374.8,-300509
-5376.03,-294380
-5377.25,-288251
-5378.48,-275106
-5379.71,-261960
-5380.93,-257235
-5382.16,-252510
-5383.39,-244714
-5384.61,-236919
-5385.84,-215090
-5387.07,-193262
-5388.29,-164416
-5389.52,-135571
-5390.75,-106725
-5391.97,-94719.6
-5393.2,-100509
-5394.43,-123138
-5395.66,-161555
-5396.88,-199971
-5398.11,-232950
-5399.34,-249089
-5400.56,-255053
-5401.79,-261017
-5403.02,-272595
-5404.24,-284173
-5405.47,-295751
-5406.7,-307328
-5407.92,-299347
-5409.15,-291365
-5410.38,-269350
-5411.6,-247335
-5412.83,-218522
-5414.06,-189709
-5415.29,-157739
-5416.51,-125769
-5417.74,-105026
-5418.97,-101123
-5420.19,-109148
-5421.42,-134014
-5422.65,-163528
-5423.87,-193042
-5425.1,-219399
-5426.33,-245756
-5427.55,-271323
-5428.78,-296891
-5430.01,-321406
-5431.24,-345921
-5432.46,-365902
-5433.69,-369043
-5434.92,-356396
-5436.14,-343750
-5437.37,-320578
-5438.6,-297406
-5439.82,-282654
-5441.05,-267903
-5442.28,-276745
-5443.5,-285587
-5444.73,-294429
-5445.96,-303272
-5447.19,-290274
-5448.41,-277277
-5449.64,-255859
-5450.87,-234441
-5452.09,-221510
-5453.32,-208578
-5454.55,-199856
-5455.77,-191135
-5457,-175045
-5458.23,-158956
-5459.45,-147077
-5460.68,-135198
-5461.91,-134545
-5463.13,-133893
-5464.36,-133241
-5465.59,-132588
-5466.82,-120095
-5468.04,-107602
-5469.27,-95108.9
-5470.5,-82615.6
-5471.72,-79907.6
-5472.95,-77199.6
-5474.18,-94138.5
-5475.4,-111078
-5476.63,-124684
-5477.86,-138290
-5479.08,-143475
-5480.31,-148661
-5481.54,-157794
-5482.76,-166927
-5483.99,-167639
-5485.22,-168352
-5486.45,-152224
-5487.67,-136097
-5488.9,-105936
-5490.13,-75774.4
-5491.35,-59975.6
-5492.58,-44176.9
-5493.81,-48025.1
-5495.03,-51873.4
-5496.26,-62212.3
-5497.49,-72551
-5498.71,-82889.8
-5499.94,-93228.6
-5501.17,-102164
-5502.4,-111100
-5503.62,-111615
-5504.85,-112130
-5506.08,-98787.1
-5507.3,-85444.4
-5508.53,-63681.4
-5509.76,-41918.4
-5510.98,-18911
-5512.21,4096.38
-5513.44,7456.75
-5514.66,10817.1
-5515.89,-6697.38
-5517.12,-24211.9
-5518.34,-27692.9
-5519.57,-31173.9
-5520.8,-9482.13
-5522.03,12209.6
-5523.25,33901.3
-5524.48,55593
-5525.71,63952.9
-5526.93,72312.8
-5528.16,72252.4
-5529.39,72192.1
-5530.61,72504.6
-5531.84,72817
-5533.07,73129.5
-5534.29,73442
-5535.52,76736.6
-5536.75,80031.1
-5537.98,83325.8
-5539.2,86620.4
-5540.43,101493
-5541.66,116365
-5542.88,131237
-5544.11,146110
-5545.34,152913
-5546.56,159716
-5547.79,158098
-5549.02,156481
-5550.24,153406
-5551.47,150331
-5552.7,155675
-5553.92,161020
-5555.15,177855
-5556.38,194690
-5557.61,215735
-5558.83,236780
-5560.06,242388
-5561.29,247996
-5562.51,233956
-5563.74,219917
-5564.97,196143
-5566.19,172368
-5567.42,157013
-5568.65,141658
-5569.87,158515
-5571.1,175372
-5572.33,211876
-5573.55,248379
-5574.78,270499
-5576.01,292618
-5577.24,289477
-5578.46,286336
-5579.69,288501
-5580.92,290666
-5582.14,306865
-5583.37,323064
-5584.6,331632
-5585.82,340200
-5587.05,344559
-5588.28,348917
-5589.5,356153
-5590.73,363389
-5591.96,362205
-5593.19,361021
-5594.41,346241
-5595.64,331462
-5596.87,325103
-5598.09,318744
-5599.32,338479
-5600.55,358214
-5601.77,377949
-5603,397683
-5604.23,402946
-5605.45,408208
-5606.68,413471
-5607.91,418734
-5609.13,420685
-5610.36,422637
-5611.59,420378
-5612.82,418120
-5614.04,417177
-5615.27,416234
-5616.5,434938
-5617.72,453642
-5618.95,482170
-5620.18,510697
-5621.4,530805
-5622.63,550912
-5623.86,552864
-5625.08,554815
-5626.31,552557
-5627.54,550298
-5628.77,553960
-5629.99,557622
-5631.22,552864
-5632.45,548106
-5633.67,531156
-5634.9,514206
-5636.13,505676
-5637.35,497146
-5638.58,508263
-5639.81,519381
-5641.03,530498
-5642.26,541615
-5643.49,529752
-5644.71,517890
-5645.94,491993
-5647.17,466097
-5648.4,452590
-5649.62,439082
-5650.85,450835
-5652.08,462588
-5653.3,482148
-5654.53,501707
-5655.76,507233
-5656.98,512759
-5658.21,505084
-5659.44,497409
-5660.66,493945
-5661.89,490480
-5663.12,499909
-5664.34,509338
-5665.57,518767
-5666.8,528195
-5668.03,527998
-5669.25,527801
-5670.48,527603
-5671.71,527406
-5672.93,525367
-5674.16,523328
-5675.39,525498
-5676.61,527669
-5677.84,536199
-5679.07,544729
-5680.29,561679
-5681.52,578629
-5682.75,590404
-5683.98,602179
-5685.2,599920
-5686.43,597662
-5687.66,592289
-5688.88,586917
-5690.11,589965
-5691.34,593013
-5692.56,592026
-5693.79,591040
-5695.02,576019
-5696.24,560999
-5697.47,525630
-5698.7,490261
-5699.92,454892
-5701.15,419523
-5702.38,411607
-5703.61,403691
-5704.83,421036
-5706.06,438381
-5707.29,469989
-5708.51,501597
-5709.74,528996
-5710.97,556394
-5712.19,575986
-5713.42,595578
-5714.65,615171
-5715.87,634763
-5717.1,652162
-5718.33,669562
-5719.56,667314
-5720.78,665067
-5722.01,630454
-5723.24,595842
-5724.46,558773
-5725.69,521705
-5726.92,506279
-5728.14,518920
-5729.37,548402
-5730.6,594723
-5731.82,632800
-5733.05,670877
-5734.28,679133
-5735.5,687389
-5736.73,664507
-5737.96,641626
-5739.19,614535
-5740.41,587443
-5741.64,579473
-5742.87,571502
-5744.09,571952
-5745.32,572401
-5746.55,569156
-5747.77,565911
-5749,566875
-5750.23,567840
-5751.45,577050
-5752.68,586259
-5753.91,591259
-5755.13,596258
-5756.36,585733
-5757.59,575208
-5758.82,564683
-5760.04,554158
-5761.27,552930
-5762.5,551702
-5763.72,546264
-5764.95,540826
-5766.18,533129
-5767.4,525433
-5768.63,531770
-5769.86,538107
-5771.08,560056
-5772.31,582005
-5773.54,608165
-5774.77,634324
-5775.99,641363
-5777.22,648402
-5778.45,635793
-5779.67,623185
-5780.9,602946
-5782.13,582707
-5783.35,554048
-5784.58,525389
-5785.81,497705
-5787.03,470022
-5788.26,456372
-5789.49,442722
-5790.71,436265
-5791.94,429807
-5793.17,431769
-5794.4,433732
-5795.62,452359
-5796.85,470987
-5798.08,489614
-5799.3,508241
-5800.53,508450
-5801.76,508658
-5802.98,494833
-5804.21,481008
-5805.44,467489
-5806.66,453971
-5807.89,448873
-5809.12,443775
-5810.35,444816
-5811.57,445858
-5812.8,442689
-5814.03,439521
-5815.25,436001
-5816.48,432482
-5817.71,433173
-5818.93,433864
-5820.16,435431
-5821.39,436999
-5822.61,438567
-5823.84,440135
-5825.07,442470
-5826.29,444805
-5827.52,447141
-5828.75,449476
-5829.98,452162
-5831.2,454848
-5832.43,465954
-5833.66,477061
-5834.88,488430
-5836.11,499799
-5837.34,500994
-5838.56,485349
-5839.79,453039
-5841.02,420729
-5842.24,388419
-5843.47,356109
-5844.7,352173
-5845.92,365077
-5847.15,404996
-5848.38,444915
-5849.61,484658
-5850.83,524402
-5852.06,541692
-5853.29,542141
-5854.51,527680
-5855.74,496379
-5856.97,466130
-5858.19,435881
-5859.42,419315
-5860.65,419589
-5861.87,434598
-5863.1,449607
-5864.33,463778
-5865.56,461108
-5866.78,442651
-5868.01,424194
-5869.24,389773
-5870.46,355352
-5871.69,329352
-5872.92,303351
-5874.14,304102
-5875.37,304853
-5876.6,305604
-5877.82,306355
-5879.05,285354
-5880.28,264353
-5881.5,243352
-5882.73,222351
-5883.96,213608
-5885.19,204864
-5886.41,210154
-5887.64,215444
-5888.87,227926
-5890.09,240409
-5891.32,238857
-5892.55,237306
-5893.77,215143
-5895,192980
-5896.23,163449
-5897.45,133918
-5898.68,113509
-5899.91,109940
-5901.14,122159
-5902.36,134378
-5903.59,156881
-5904.82,179385
-5906.04,182241
-5907.27,185097
-5908.5,169007
-5909.72,152918
-5910.95,123848
-5912.18,94777.4
-5913.4,68689.3
-5914.63,59441.3
-5915.86,62121.9
-5917.08,81642.9
-5918.31,105374
-5919.54,129105
-5920.77,143714
-5921.99,141483
-5923.22,126644
-5924.45,111804
-5925.67,94859.6
-5926.9,94755.5
-5928.13,113158
-5929.35,131561
-5930.58,153472
-5931.81,175383
-5933.03,175980
-5934.26,148511
-5935.49,101394
-5936.71,54277.4
-5937.94,19527.9
-5939.17,1618.63
-5940.4,12478.1
-5941.62,40178
-5942.85,82574.8
-5944.08,124972
-5945.3,143160
-5946.53,161349
-5947.76,143752
-5948.98,126156
-5950.21,100139
-5951.44,74121.8
-5952.66,58717.8
-5953.89,43313.6
-5955.12,36329.8
-5956.35,29345.9
-5957.57,27273.8
-5958.8,25201.6
-5960.03,42776.5
-5961.25,60351.3
-5962.48,89460
-5963.71,118569
-5964.93,139257
-5966.16,159946
-5967.39,158532
-5968.61,157117
-5969.84,136056
-5971.07,114995
-5972.29,94810.3
-5973.52,74626
-5974.75,68475.4
-5975.98,62324.8
-5977.2,64594.3
-5978.43,66863.8
-5979.66,60713.1
-5980.88,54562.5
-5982.11,36762.9
-5983.34,18963.3
-5984.56,-7256.5
-5985.79,-33476.3
-5987.02,-55135.1
-5988.24,-76794
-5989.47,-84419.3
-5990.7,-92044.5
-5991.93,-93267
-5993.15,-94489.4
-5994.38,-87291.8
-5995.61,-80094
-5996.83,-70966.8
-5998.06,-61839.4
-5999.29,-52712.1
-6000.51,-43584.9
-6001.74,-40246.4
-6002.97,-36907.9
-6004.19,-41989.6
-6005.42,-47071.3
-6006.65,-46364.1
-6007.87,-45657
-6009.1,-25302.8
-6010.33,-4948.63
-6011.56,28123.4
-6012.78,61195.5
-6014.01,74620.6
-6015.24,88045.6
-6016.46,72877.4
-6017.69,57709
-6018.92,42540.8
-6020.14,27372.4
-6021.37,27262.8
-6022.6,27153.1
-6023.82,35463.6
-6025.05,43774.1
-6026.28,44453.9
-6027.5,45133.6
-6028.73,31779.9
-6029.96,18426
-6031.19,-7908.88
-6032.41,-34243.8
-6033.64,-64788.6
-6034.87,-95333.6
-6036.09,-113248
-6037.32,-131163
-6038.55,-118204
-6039.77,-105245
-6041,-69744.3
-6042.23,-34243.8
-6043.45,-2953.25
-6044.68,28337.3
-6045.91,43576.8
-6047.14,58816.4
-6048.36,60022.4
-6049.59,61228.4
-6050.82,58224.4
-6052.04,55220.3
-6053.27,60636.4
-6054.5,66052.4
-6055.72,59540
-6056.95,53027.5
-6058.18,21254.6
-6059.4,-10518.3
-6060.63,-27473.6
-6061.86,-44429
-6063.08,-19283.8
-6064.31,5861.63
-6065.54,36971.1
-6066.77,68080.8
-6067.99,68316.4
-6069.22,68552.1
-6070.45,57473.4
-6071.67,46394.5
-6072.9,43735.8
-6074.13,41077
-6075.35,47452.5
-6076.58,53827.9
-6077.81,64413.4
-6079.03,74998.9
-6080.26,87009.6
-6081.49,99020.4
-6082.71,96997.5
-6083.94,94974.8
-6085.17,79093.8
-6086.4,63212.9
-6087.62,55752
-6088.85,48291.3
-6090.08,62494.8
-6091.3,76698.3
-6092.53,95111.8
-6093.76,113525
-6094.98,120624
-6096.21,127723
-6097.44,126402
-6098.66,125081
-6099.89,119194
-6101.12,113306
-6102.35,115839
-6103.57,118371
-6104.8,122483
-6106.03,126594
-6107.25,122285
-6108.48,117977
-6109.71,100248
-6110.93,82520
-6112.16,64791.6
-6113.39,47063.3
-6114.61,55121.6
-6115.84,63179.9
-6117.07,90885.3
-6118.29,118591
-6119.52,131846
-6120.75,145101
-6121.98,138709
-6123.2,132317
-6124.43,144520
-6125.66,156722
-6126.88,199799
-6128.11,242875
-6129.34,288715
-6130.56,334554
-6131.79,343906
-6133.02,353258
-6134.24,339016
-6135.47,324774
-6136.7,314743
-6137.93,304711
-6139.15,306027
-6140.38,307342
-6141.61,317078
-6142.83,326814
-6144.06,330498
-6145.29,334181
-6146.51,337865
-6147.74,341549
-6148.97,337207
-6150.19,332866
-6151.42,303264
-6152.65,273662
-6153.88,252655
-6155.1,231649
-6156.33,247129
-6157.56,262610
-6158.78,291554
-6160.01,320499
-6161.24,329796
-6162.46,339093
-6163.69,340672
-6164.92,342251
-6166.14,357863
-6167.37,373475
-6168.6,397508
-6169.82,421540
-6171.05,425926
-6172.28,430311
-6173.5,416190
-6174.73,402069
-6175.96,387947
-6177.19,373826
-6178.41,360752
-6179.64,347678
-6180.87,330393
-6182.09,313109
-6183.32,302403
-6184.55,291697
-6185.77,306251
-6187,320806
-6188.23,342026
-6189.45,363246
-6190.68,353593
-6191.91,343939
-6193.14,310078
-6194.36,276216
-6195.59,262002
-6196.82,247787
-6198.04,262078
-6199.27,276370
-6200.5,304694
-6201.72,333019
-6202.95,356520
-6204.18,380021
-6205.4,389488
-6206.63,398955
-6207.86,398511
-6209.08,398067
-6210.31,401833
-6211.54,405599
-6212.77,405067
-6213.99,404536
-6215.22,395584
-6216.45,386632
-6217.67,387103
-6218.9,387575
-6220.13,396466
-6221.35,405358
-6222.58,403549
-6223.81,401740
-6225.03,399931
-6226.26,398122
-6227.49,402628
-6228.72,407134
-6229.94,403220
-6231.17,399306
-6232.4,369254
-6233.62,339203
-6234.85,300731
-6236.08,262259
-6237.3,244399
-6238.53,226539
-6239.76,233940
-6240.98,241341
-6242.21,259617
-6243.44,277894
-6244.67,304590
-6245.89,331287
-6247.12,352458
-6248.35,373629
-6249.57,375153
-6250.8,376677
-6252.03,358203
-6253.25,339729
-6254.48,302661
-6255.71,265592
-6256.93,227466
-6258.16,206180
-6259.39,200682
-6260.61,195183
-6261.84,182317
-6263.07,169451
-6264.29,136938
-6265.52,104426
-6266.75,67877.9
-6267.98,31330.3
-6269.2,9868.88
-6270.43,-11592.6
-6271.66,-17617.3
-6272.88,-6801.5
-6274.11,15942.8
-6275.34,55527.3
-6276.56,91296.4
-6277.79,127066
-6279.02,136873
-6280.24,129839
-6281.47,106668
-6282.7,83495.8
-6283.93,67691.5
-6285.15,51887.3
-6286.38,55072.3
-6287.61,58257.3
-6288.83,53022
-6290.06,47786.9
-6291.29,28956.6
-6292.51,10126.5
-6293.74,-12913.8
-6294.97,-35954.1
-6296.19,-54724
-6297.42,-73493.9
-6298.65,-83843.6
-6299.88,-94193.4
-6301.1,-105947
-6302.33,-117700
-6303.56,-133663
-6304.78,-149626
-6306.01,-156599
-6307.24,-163572
-6308.46,-150898
-6309.69,-138224
-6310.92,-112481
-6312.14,-86738
-6313.37,-62047.8
-6314.6,-37357.4
-6315.82,-25911.3
-6317.05,-31305.5
-6318.28,-52487.4
-6319.51,-73669.3
-6320.73,-94675.8
-6321.96,-115682
-6323.19,-115288
-6324.41,-98052.6
-6325.64,-74502.5
-6326.87,-50952.5
-6328.09,-42137.6
-6329.32,-50163
-6330.55,-74502.5
-6331.77,-98842
-6333,-115814
-6334.23,-132786
-6335.46,-128757
-6336.68,-124727
-6337.91,-121751
-6339.14,-118774
-6340.36,-125446
-6341.59,-148957
-6342.82,-181591
-6344.04,-214224
-6345.27,-244314
-6346.5,-257564
-6347.72,-253272
-6348.95,-232139
-6350.18,-202235
-6351.4,-172332
-6352.63,-155409
-6353.86,-138487
-6355.08,-141496
-6356.31,-144506
-6357.54,-155936
-6358.77,-167365
-6359.99,-174585
-6361.22,-181805
-6362.45,-174991
-6363.67,-168177
-6364.9,-149873
-6366.13,-131569
-6367.35,-117826
-6368.58,-120923
-6369.81,-139720
-6371.03,-158518
-6372.26,-181525
-6373.49,-204532
-6374.72,-214696
-6375.94,-208019
-6377.17,-197834
-6378.4,-187648
-6379.62,-180357
-6380.85,-189907
-6382.08,-209630
-6383.3,-229354
-6384.53,-239605
-6385.76,-249856
-6386.98,-240460
-6388.21,-231065
-6389.44,-216406
-6390.67,-201748
-6391.89,-195509
-6393.12,-189271
-6394.35,-185883
-6395.57,-182495
-6396.8,-187528
-6398.03,-192560
-6399.25,-212854
-6400.48,-233148
-6401.71,-253442
-6402.93,-273735
-6404.16,-281399
-6405.39,-289063
-6406.61,-282693
-6407.84,-276323
-6409.07,-257147
-6410.3,-237972
-6411.52,-204763
-6412.75,-171553
-6413.98,-150339
-6415.2,-129124
-6416.43,-133169
-6417.66,-137215
-6418.88,-146523
-6420.11,-155832
-6421.34,-165140
-6422.56,-174448
-6423.79,-182353
-6425.02,-190258
-6426.25,-198162
-6427.47,-206067
-6428.7,-204324
-6429.93,-202581
-6431.15,-200838
-6432.38,-199094
-6433.61,-202811
-6434.83,-206528
-6436.06,-201824
-6437.29,-197121
-6438.51,-190400
-6439.74,-183679
-6440.97,-181169
-6442.19,-178658
-6443.42,-172595
-6444.65,-166532
-6445.88,-146436
-6447.1,-126339
-6448.33,-103348
-6449.56,-80357.1
-6450.78,-77013.3
-6452.01,-73669.3
-6453.24,-81086.3
-6454.46,-88503.3
-6455.69,-95920.1
-6456.92,-103337
-6458.14,-97509.9
-6459.37,-91682.6
-6460.6,-77435.4
-6461.82,-63188
-6463.05,-51791.1
-6464.28,-40394.4
-6465.51,-24787.5
-6466.73,-9180.63
-6467.96,14758.6
-6469.19,38697.9
-6470.41,54217.1
-6471.64,69736.3
-6472.87,77032.6
-6474.09,84329
-6475.32,100046
-6476.55,115762
-6477.77,129023
-6479,142283
-6480.23,135897
-6481.46,129511
-6482.68,119967
-6483.91,110423
-6485.14,114912
-6486.36,119402
-6487.59,127312
-6488.82,135223
-6490.04,129099
-6491.27,122976
-6492.5,98548.9
-6493.72,74121.8
-6494.95,45484.5
-6496.18,16847.3
-6497.4,14610.6
-6498.63,12374
-6499.86,41011.3
-6501.09,69648.5
-6502.31,83024.3
-6503.54,96400
-6504.77,78901.9
-6505.99,61403.8
-6507.22,50045.4
-6508.45,38687
-6509.67,46975.5
-6510.9,55264.1
-6512.13,71841.3
-6513.35,88418.4
-6514.58,104996
-6515.81,121573
-6517.03,145079
-6518.26,168585
-6519.49,187881
-6520.72,207178
-6521.94,203845
-6523.17,200512
-6524.4,171918
-6525.62,143325
-6526.85,114644
-6528.08,85962.5
-6529.3,93768.8
-6530.53,101575
-6531.76,132591
-6532.98,163608
-6534.21,174977
-6535.44,186346
-6536.67,179735
-6537.89,173124
-6539.12,180547
-6540.35,187969
-6541.57,208460
-6542.8,228952
-6544.03,245233
-6545.25,261514
-6546.48,268498
-6547.71,275482
-6548.93,274045
-6550.16,272609
-6551.39,271721
-6552.61,270833
-6553.84,274155
-6555.07,277477
-6556.3,278343
-6557.52,279209
-6558.75,288496
-6559.98,297782
-6561.2,321102
-6562.43,344421
-6563.66,371951
-6564.88,399481
-6566.11,409732
-6567.34,419983
-6568.56,404974
-6569.79,389965
-6571.02,364787
-6572.25,339608
-6573.47,322850
-6574.7,306092
-6575.93,312139
-6577.15,318185
-6578.38,332652
-6579.61,347119
-6580.83,331501
-6582.06,315883
-6583.29,291845
-6584.51,267807
-6585.74,266223
-6586.97,264638
-6588.19,282701
-6589.42,300764
-6590.65,316086
-6591.88,331408
-6593.1,338309
-6594.33,345211
-6595.56,340096
-6596.78,334982
-6598.01,325657
-6599.24,316332
-6600.46,310867
-6601.69,305402
-6602.92,299936
-6604.14,294471
-6605.37,292251
-6606.6,290030
-6607.82,296230
-6609.05,302430
-6610.28,317911
-6611.51,333392
-6612.73,357293
-6613.96,381194
-6615.19,410094
-6616.41,438995
-6617.64,463685
-6618.87,488375
-6620.09,493769
-6621.32,499163
-6622.55,490524
-6623.77,481885
-6625,465878
-6626.23,449871
-6627.46,429653
-6628.68,409436
-6629.91,395578
-6631.14,381720
-6632.36,393122
-6633.59,404525
-6634.82,425312
-6636.04,446099
-6637.27,447239
-6638.5,448380
-6639.72,441538
-6640.95,434697
-6642.18,441889
-6643.4,449081
-6644.63,472412
-6645.86,495743
-6647.09,499427
-6648.31,503110
-6649.54,476507
-6650.77,449903
-6651.99,414880
-6653.22,379856
-6654.45,379917
-6655.67,379977
-6656.9,410911
-6658.13,441845
-6659.35,474533
-6660.58,507222
-6661.81,525877
-6663.04,544531
-6664.26,559152
-6665.49,573772
-6666.72,588392
-6667.94,603012
-6669.17,607392
-6670.4,611772
-6671.62,607732
-6672.85,603692
-6674.08,591582
-6675.3,579473
-6676.53,558943
-6677.76,538414
-6678.98,513762
-6680.21,489110
-6681.44,464458
-6682.67,439806
-6683.89,425153
-6685.12,410500
-6686.35,409880
-6687.57,409261
-6688.8,422182
-6690.03,435102
-6691.25,462057
-6692.48,489011
-6693.71,510352
-6694.93,531693
-6696.16,527773
-6697.39,523854
-6698.61,511076
-6699.84,498297
-6701.07,493939
-6702.3,489581
-6703.52,500572
-6704.75,511563
-6705.98,526765
-6707.2,541966
-6708.43,548177
-6709.66,554388
-6710.88,552179
-6712.11,549969
-6713.34,554514
-6714.56,559058
-6715.79,577636
-6717.02,596214
-6718.25,613652
-6719.47,631090
-6720.7,634494
-6721.93,637898
-6723.15,623147
-6724.38,608395
-6725.61,589433
-6726.83,570472
-6728.06,558307
-6729.29,546143
-6730.51,548012
-6731.74,549882
-6732.97,557803
-6734.19,565724
-6735.42,573646
-6736.65,581567
-6737.88,596943
-6739.1,612320
-6740.33,619277
-6741.56,626233
-6742.78,622401
-6744.01,618569
-6745.24,623158
-6746.46,627746
-6747.69,639483
-6748.92,651219
-6750.14,658746
-6751.37,666273
-6752.6,662660
-6753.83,659047
-6755.05,647015
-6756.28,634982
-6757.51,640316
-6758.73,645650
-6759.96,676244
-6761.19,706838
-6762.41,729188
-6763.64,751537
-6764.87,748627
-6766.09,745716
-6767.32,727916
-6768.55,710117
-6769.77,692317
-6771,674517
-6772.23,661980
-6773.46,649443
-6774.68,636906
-6775.91,624369
-6777.14,617446
-6778.36,610522
-6779.59,612019
-6780.82,613515
-6782.04,621678
-6783.27,629840
-6784.5,638003
-6785.72,646165
-6786.95,652551
-6788.18,658938
-6789.4,679358
-6790.63,699778
-6791.86,723881
-6793.09,747985
-6794.31,763669
-6795.54,779352
-6796.77,782581
-6797.99,785810
-6799.22,775005
-6800.45,764201
-6801.67,733135
-6802.9,702069
-6804.13,666793
-6805.35,631518
-6806.58,614721
-6807.81,597925
-6809.04,606389
-6810.26,614853
-6811.49,647086
-6812.72,679319
-6813.94,703133
-6815.17,726946
-6816.4,713395
-6817.62,699844
-6818.85,672259
-6820.08,644674
-6821.3,621826
-6822.53,598977
-6823.76,584549
-6824.98,570121
-6826.21,555714
-6827.44,541308
-6828.67,526902
-6829.89,512495
-6831.12,504580
-6832.35,496664
-6833.57,508395
-6834.8,520126
-6836.03,533612
-6837.25,547097
-6838.48,552162
-6839.71,557227
-6840.93,560188
-6842.16,563148
-6843.39,557688
-6844.62,552228
-6845.84,544559
-6847.07,536890
-6848.3,537641
-6849.52,538392
-6850.75,538353
-6851.98,538315
-6853.2,534067
-6854.43,529818
-6855.66,533376
-6856.88,536934
-6858.11,540491
-6859.34,544049
-6860.56,540415
-6861.79,536780
-6863.02,524725
-6864.25,512671
-6865.47,503204
-6866.7,493736
-6867.93,488479
-6869.15,483222
-6870.38,478842
-6871.61,474462
-6872.83,470082
-6874.06,465702
-6875.29,462024
-6876.51,458346
-6877.74,458877
-6878.97,459409
-6880.19,459151
-6881.42,458894
-6882.65,444603
-6883.88,430311
-6885.1,408444
-6886.33,386577
-6887.56,364710
-6888.78,342843
-6890.01,330624
-6891.24,318405
-6892.46,314606
-6893.69,310807
-6894.92,308499
-6896.14,306191
-6897.37,312303
-6898.6,318416
-6899.83,337860
-6901.05,357304
-6902.28,385168
-6903.51,413032
-6904.73,428924
-6905.96,444816
-6907.19,424221
-6908.41,403626
-6909.64,374610
-6910.87,345595
-6912.09,341840
-6913.32,338084
-6914.55,356081
-6915.77,374078
-6917,383655
-6918.23,393232
-6919.46,392459
-6920.68,391686
-6921.91,376880
-6923.14,362073
-6924.36,337070
-6925.59,312068
-6926.82,287065
-6928.04,262062
-6929.27,252672
-6930.5,243281
-6931.72,253538
-6932.95,263794
-6934.18,267823
-6935.41,271853
-6936.63,256235
-6937.86,240617
-6939.09,229911
-6940.31,219205
-6941.54,233759
-6942.77,248313
-6943.99,265718
-6945.22,283123
-6946.45,286495
-6947.67,289866
-6948.9,286221
-6950.13,282575
-6951.35,270510
-6952.58,258444
-6953.81,249711
-6955.04,240979
-6956.26,240666
-6957.49,240354
-6958.72,243462
-6959.94,246570
-6961.17,245468
-6962.4,244367
-6963.62,231884
-6964.85,219402
-6966.08,206920
-6967.3,194438
-6968.53,193621
-6969.76,192804
-6970.98,191987
-6972.21,191171
-6973.44,186670
-6974.67,182169
-6975.89,177669
-6977.12,173168
-6978.35,169194
-6979.57,165219
-6980.8,161245
-6982.03,157271
-6983.25,161760
-6984.48,166250
-6985.71,179160
-6986.93,192070
-6988.16,202874
-6989.39,213679
-6990.62,220274
-6991.84,226868
-6993.07,243462
-6994.3,260056
-6995.52,280859
-6996.75,301663
-6997.98,302820
-6999.2,303976
-7000.43,296713
-7001.66,289449
-7002.88,288759
-7004.11,288068
-7005.34,287377
-7006.56,286686
-7007.79,280295
-7009.02,273903
-7010.25,267511
-7011.47,261119
-7012.7,240518
-7013.93,219917
-7015.15,195106
-7016.38,170296
-7017.61,179078
-7018.83,187859
-7020.06,210675
-7021.29,233490
-7022.51,239970
-7023.74,246450
-7024.97,238896
-7026.2,231342
-7027.42,228699
-7028.65,226057
-7029.88,237448
-7031.1,248840
-7032.33,262248
-7033.56,275657
-7034.78,275032
-7036.01,274407
-7037.24,264836
-7038.46,255264
-7039.69,245693
-7040.92,236122
-7042.14,228814
-7043.37,221507
-7044.6,233847
-7045.83,246186
-7047.05,272384
-7048.28,298582
-7049.51,310746
-7050.73,322911
-7051.96,322971
-7053.19,323031
-7054.41,314671
-7055.64,306312
-7056.87,279006
-7058.09,251701
-7059.32,215976
-7060.55,180251
-7061.77,166409
-7063,152567
-7064.23,158373
-7065.46,164178
-7066.68,170860
-7067.91,177543
-7069.14,175805
-7070.36,174067
-7071.59,162857
-7072.82,151646
-7074.04,140436
-7075.27,129225
-7076.5,142749
-7077.72,156273
-7078.95,183830
-7080.18,211388
-7081.41,221666
-7082.63,231945
-7083.86,222576
-7085.09,213208
-7086.31,202962
-7087.54,192716
-7088.77,182471
-7089.99,172225
-7091.22,163822
-7092.45,155418
-7093.67,155434
-7094.9,155451
-7096.13,179850
-7097.35,204250
-7098.58,237070
-7099.81,269890
-7101.04,278392
-7102.26,286895
-7103.49,264523
-7104.72,242152
-7105.94,218728
-7107.17,195304
-7108.4,185913
-7109.62,176523
-7110.85,167834
-7112.08,159145
-7113.3,142037
-7114.53,124928
-7115.76,104486
-7116.99,84043.9
-7118.21,83249
-7119.44,82454.1
-7120.67,111618
-7121.89,140781
-7123.12,169945
-7124.35,199108
-7125.57,208099
-7126.8,217089
-7128.03,212045
-7129.25,207002
-7130.48,214370
-7131.71,221737
-7132.93,243139
-7134.16,264540
-7135.39,284538
-7136.62,304535
-7137.84,310500
-7139.07,316464
-7140.3,294712
-7141.52,272960
-7142.75,242788
-7143.98,212616
-7145.2,205248
-7146.43,197880
-7147.66,210160
-7148.88,222439
-7150.11,232657
-7151.34,242875
-7152.56,227833
-7153.79,212791
-7155.02,191960
-7156.25,171129
-7157.47,164331
-7158.7,157534
-7159.93,160653
-7161.15,163772
-7162.38,166891
-7163.61,170011
-7164.83,165236
-7166.06,160461
-7167.29,141653
-7168.51,122845
-7169.74,101471
-7170.97,80097
-7172.2,72756.8
-7173.42,65416.5
-7174.65,69127.8
-7175.88,72839
-7177.1,76550.3
-7178.33,80261.4
-7179.56,83402.5
-7180.78,86543.6
-7182.01,103718
-7183.24,120893
-7184.46,137541
-7185.69,154190
-7186.92,156805
-7188.15,159420
-7189.37,158022
-7190.6,156624
-7191.83,163646
-7193.05,170668
-7194.28,186988
-7195.51,203307
-7196.73,219627
-7197.96,235946
-7199.19,241171
-7200.41,246395
-7201.64,231972
-7202.87,217549
-7204.09,178919
-7205.32,140288
-7206.55,101657
-7207.78,63026.5
-7209,50533.3
-7210.23,38040.1
-7211.46,56420.8
-7212.68,74801.5
-7213.91,107567
-7215.14,140332
-7216.36,173097
-7217.59,205862
-7218.82,231829
-7220.04,257797
-7221.27,264118
-7222.5,270438
-7223.72,255884
-7224.95,241330
-7226.18,218355
-7227.41,195381
-7228.63,170652
-7229.86,145923
-7231.09,129615
-7232.31,113306
-7233.54,100331
-7234.77,87355
-7235.99,74379.4
-7237.22,61403.8
-7238.45,53257.8
-7239.67,45111.8
-7240.9,50999.3
-7242.13,56886.8
-7243.35,75755.4
-7244.58,94623.9
-7245.81,105072
-7247.04,115521
-7248.26,105357
-7249.49,95194
-7250.72,85030.6
-7251.94,74867.3
-7253.17,79439.1
-7254.4,84011
-7255.62,88582.9
-7256.85,93154.8
-7258.08,83517.6
-7259.3,73880.5
-7260.53,50209.9
-7261.76,26539.1
-7262.99,-8183
-7264.21,-42905.1
-7265.44,-69207
-7266.67,-95509
-7267.89,-90060
-7269.12,-84611.1
-7270.35,-48288.3
-7271.57,-11965.5
-7272.8,25234.5
-7274.03,62434.4
-7275.25,74373.9
-7276.48,86313.4
-7277.71,66381.4
-7278.94,46449.3
-7280.16,26517.3
-7281.39,6585.13
-7282.62,12089
-7283.84,17592.8
-7285.07,42743.5
-7286.3,67894.4
-7287.52,87958
-7288.75,108022
-7289.98,119665
-7291.2,131309
-7292.43,143654
-7293.66,155999
-7294.88,159924
-7296.11,163849
-7297.34,144640
-7298.57,125432
-7299.79,92190
-7301.02,58947.9
-7302.25,35529.4
-7303.47,12110.9
-7304.7,13952.8
-7305.93,15794.8
-7307.15,30003.8
-7308.38,44212.6
-7309.61,44388.1
-7310.83,44563.5
-7312.06,25442.8
-7313.29,6322
-7314.51,-4378.5
-7315.74,-15079.1
-7316.97,-9021.63
-7318.2,-2964.25
-7319.42,11513.4
-7320.65,25991
-7321.88,41696.5
-7323.1,57402
-7324.33,73107.6
-7325.56,88813.1
-7326.78,90748.3
-7328.01,92683.4
-7329.24,80584.9
-7330.46,68486.4
-7331.69,54633.8
-7332.92,40781
-7334.15,35348.5
-7335.37,29916
-7336.6,27377.9
-7337.83,24839.8
-7339.05,22301.6
-7340.28,19763.6
-7341.51,19505.9
-7342.73,19248.3
-7343.96,27410.8
-7345.19,35573.3
-7346.41,42420.1
-7347.64,49267
-7348.87,36466.9
-7350.09,23666.6
-7351.32,-1763.75
-7352.55,-27194
-7353.78,-44204.3
-7355,-61214.5
-7356.23,-65254.6
-7357.46,-69294.8
-7358.68,-59301.4
-7359.91,-49307.9
-7361.14,-25807.1
-7362.36,-2306.38
-7363.59,12774.3
-7364.82,27854.8
-7366.04,30480.6
-7367.27,33106.4
-7368.5,35732.3
-7369.73,38358
-7370.95,38615.8
-7372.18,38873.4
-7373.41,39131
-7374.63,39388.6
-7375.86,54381.5
-7377.09,69374.4
-7378.31,88577.4
-7379.54,107780
-7380.77,120054
-7381.99,132328
-7383.22,124955
-7384.45,117582
-7385.67,95736.8
-7386.9,73891.5
-7388.13,60466.4
-7389.35,47041.4
-7390.58,57911.9
-7391.81,68782.4
-7393.04,75442.9
-7394.26,82103.4
-7395.49,72564.9
-7396.72,63026.5
-7397.94,61908.1
-7399.17,60789.9
-7400.4,72652.6
-7401.62,84515.4
-7402.85,92168
-7404.08,99820.8
-7405.3,106947
-7406.53,114074
-7407.76,135234
-7408.99,156394
-7410.21,175624
-7411.44,194854
-7412.67,188824
-7413.89,182794
-7415.12,160406
-7416.35,138018
-7417.57,111420
-7418.8,84822.4
-7420.03,66469
-7421.25,48115.8
-7422.48,38182.6
-7423.71,28249.5
-7424.94,18404.1
-7426.16,8558.63
-7427.39,2923.25
-7428.62,-2712
-7429.84,13843.1
-7431.07,30398.4
-7432.3,55373.8
-7433.52,80349.1
-7434.75,86757.4
-7435.98,93165.8
-7437.2,99574
-7438.43,105982
-7439.66,122565
-7440.88,139148
-7442.11,147310
-7443.34,155473
-7444.57,154864
-7445.79,154256
-7447.02,153647
-7448.25,153039
-7449.47,156553
-7450.7,160066
-7451.93,163580
-7453.15,167094
-7454.38,168920
-7455.61,170745
-7456.83,168360
-7458.06,165976
-7459.29,158592
-7460.52,151208
-7461.74,135404
-7462.97,119599
-7464.2,101515
-7465.42,83429.9
-7466.65,84992.3
-7467.88,86554.6
-7469.1,110571
-7470.33,134587
-7471.56,150183
-7472.78,165779
-7474.01,151783
-7475.24,137788
-7476.46,109759
-7477.69,81730.5
-7478.92,74576.8
-7480.15,67422.9
-7481.37,79916
-7482.6,92409.3
-7483.83,103587
-7485.05,114764
-7486.28,125942
-7487.51,137119
-7488.73,156103
-7489.96,175087
-7491.19,185650
-7492.41,196214
-7493.64,193402
-7494.87,190589
-7496.09,183567
-7497.32,176545
-7498.55,165663
-7499.78,154782
-7501,148110
-7502.23,141439
-7503.46,134943
-7504.68,128447
-7505.91,102304
-7507.14,76161
-7508.36,36861.5
-7509.59,-2438
-7510.82,-16477
-7512.04,-30516.1
-7513.27,-20643.3
-7514.5,-10770.4
-7515.73,3312.5
-7516.95,17395.4
-7518.18,37091.8
-7519.41,56788.1
-7520.63,72274.4
-7521.86,87760.6
-7523.09,77898.8
-7524.31,68036.9
-7525.54,44141.4
-7526.77,20246
-7527.99,9068.5
-7529.22,-2109
-7530.45,6360.38
-7531.67,14829.9
-7532.9,40775.5
-7534.13,66721.3
-7535.36,92666.9
-7536.58,118613
-7537.81,120526
-7539.04,122439
-7540.26,104705
-7541.49,86971.3
-7542.72,70289.9
-7543.94,53608.6
-7545.17,50960.9
-7546.4,48313.1
-7547.62,49875.5
-7548.85,51437.8
-7550.08,53000.1
-7551.31,54562.5
-7552.53,53400.3
-7553.76,52238.1
-7554.99,51076
-7556.21,49913.9
-7557.44,56821
-7558.67,63728.1
-7559.89,79055.4
-7561.12,94382.8
-7562.35,113569
-7563.57,132756
-7564.8,143522
-7566.03,154289
-7567.25,154530
-7568.48,154771
-7569.71,140979
-7570.94,127186
-7572.16,99316.4
-7573.39,71446.6
-7574.62,35156.6
-7575.84,-1133.25
-7577.07,-28915.4
-7578.3,-56697.5
-7579.52,-53605.6
-7580.75,-50513.9
-7581.98,-16811.4
-7583.2,16891.1
-7584.43,54803.6
-7585.66,92716.3
-7586.88,117999
-7588.11,143281
-7589.34,154530
-7590.57,165779
-7591.79,162122
-7593.02,158466
-7594.25,159019
-7595.47,159573
-7596.7,174599
-7597.93,189625
-7599.15,204650
-7600.38,219676
-7601.61,212599
-7602.83,205522
-7604.06,178798
-7605.29,152074
-7606.52,118333
-7607.74,84592.1
-7608.97,59271.4
-7610.2,33950.6
-7611.42,26084.1
-7612.65,18217.8
-7613.88,10351.3
-7615.1,2484.75
-7616.33,-10644.3
-7617.56,-23773.4
-7618.78,-22868.9
-7620.01,-21964.4
-7621.24,-10885.5
-7622.46,193.375
-7623.69,11272.1
-7624.92,22351
-7626.15,26588.5
-7627.37,30826
-7628.6,35063.5
-7629.83,39301
-7631.05,40753.6
-7632.28,42206.4
-7633.51,43659
-7634.73,45111.8
-7635.96,51476.1
-7637.19,57840.6
-7638.41,78238.6
-7639.64,98636.6
-7640.87,113509
-7642.1,128381
-7643.32,134833
-7644.55,141286
-7645.78,147825
-7647,154365
-7648.23,152485
-7649.46,150605
-7650.68,125942
-7651.91,101279
-7653.14,80826
-7654.36,60373.3
-7655.59,57462.4
-7656.82,54551.5
-7658.04,47430.5
-7659.27,40309.6
-7660.5,26698.1
-7661.73,13086.6
-7662.95,7895.38
-7664.18,2704
-7665.41,3740.13
-7666.63,4776.13
-7667.86,-8221.38
-7669.09,-21218.9
-7670.31,-31448
-7671.54,-41677.1
-7672.77,-32259.3
-7673.99,-22841.5
-7675.22,-5003.5
-7676.45,12834.5
-7677.67,22252.4
-7678.9,31670.1
-7680.13,36088.6
-7681.36,40507
-7682.58,36505.3
-7683.81,32503.4
-7685.04,11836.8
-7686.26,-8829.88
-7687.49,-29496.4
-7688.72,-50163
-7689.94,-52520.3
-7691.17,-54877.5
-7692.4,-43201.1
-7693.62,-31524.8
-7694.85,-25988
-7696.08,-20451.4
-7697.31,-23334.9
-7698.53,-26218.3
-7699.76,-37521.9
-7700.99,-48825.5
-7702.21,-51709
-7703.44,-54592.4
-7704.67,-40986.4
-7705.89,-27380.5
-7707.12,-5354.38
-7708.35,16671.8
-7709.57,30014.6
-7710.8,43357.5
-7712.03,42666.8
-7713.25,41976.1
-7714.48,14972.4
-7715.71,-12031.3
-7716.94,-47455
-7718.16,-82878.9
-7719.39,-101375
-7720.62,-119870
-7721.84,-107492
-7723.07,-95114.4
-7724.3,-78175.4
-7725.52,-61236.4
-7726.75,-69557.9
-7727.98,-77879.4
-7729.2,-105278
-7730.43,-132676
-7731.66,-151654
-7732.89,-170633
-7734.11,-160491
-7735.34,-150350
-7736.57,-126175
-7737.79,-102000
-7739.02,-85543
-7740.25,-69086.5
-7741.47,-66663.5
-7742.7,-64240.5
-7743.93,-71904.1
-7745.15,-79567.8
-7746.38,-91441.5
-7747.61,-103315
-7748.83,-118681
-7750.06,-134047
-7751.29,-140992
-7752.52,-147938
-7753.74,-139534
-7754.97,-131130
-7756.2,-108693
-7757.42,-86255.6
-7758.65,-85921.3
-7759.88,-85586.9
-7761.1,-116126
-7762.33,-146666
-7763.56,-175013
-7764.78,-203359
-7766.01,-206446
-7767.24,-209532
-7768.46,-190954
-7769.69,-172376
-7770.92,-149588
-7772.15,-126800
-7773.37,-118484
-7774.6,-110168
-7775.83,-121499
-7777.05,-132830
-7778.28,-143963
-7779.51,-155097
-7780.73,-146584
-7781.96,-138070
-7783.19,-119470
-7784.41,-100870
-7785.64,-96303.9
-7786.87,-91737.5
-7788.1,-106966
-7789.32,-122195
-7790.55,-141633
-7791.78,-161072
-7793,-176739
-7794.23,-192406
-7795.46,-208074
-7796.68,-223741
-7797.91,-230571
-7799.14,-237402
-7800.36,-224585
-7801.59,-211768
-7802.82,-205004
-7804.04,-198239
-7805.27,-211122
-7806.5,-224004
-7807.73,-247543
-7808.95,-271082
-7810.18,-290411
-7811.41,-309740
-7812.63,-318895
-7813.86,-328050
-7815.09,-317557
-7816.31,-307065
-7817.54,-285127
-7818.77,-263188
-7819.99,-237040
-7821.22,-210891
-7822.45,-174656
-7823.67,-138421
-7824.9,-111659
-7826.13,-84896.1
-7827.36,-85296.4
-7828.58,-102537
-7829.81,-129952
-7831.04,-157366
-7832.26,-179519
-7833.49,-201671
-7834.72,-215403
-7835.94,-229135
-7837.17,-232386
-7838.4,-235636
-7839.62,-230467
-7840.85,-225298
-7842.08,-220830
-7843.31,-216362
-7844.53,-220315
-7845.76,-224267
-7846.99,-225347
-7848.21,-226427
-7849.44,-213473
-7850.67,-200520
-7851.89,-188268
-7853.12,-176016
-7854.35,-172184
-7855.57,-168352
-7856.8,-166538
-7858.03,-164723
-7859.25,-171329
-7860.48,-177934
-7861.71,-193399
-7862.94,-208863
-7864.16,-210294
-7865.39,-211725
-7866.62,-194621
-7867.84,-177518
-7869.07,-164624
-7870.3,-151731
-7871.52,-155239
-7872.75,-158748
-7873.98,-176290
-7875.2,-193832
-7876.43,-212251
-7877.66,-230670
-7878.89,-238388
-7880.11,-229267
-7881.34,-206813
-7882.57,-175939
-7883.79,-140329
-7885.02,-121559
-7886.25,-123006
-7887.47,-141294
-7888.7,-182386
-7889.93,-231898
-7891.15,-282287
-7892.38,-324256
-7893.61,-349034
-7894.83,-356972
-7896.06,-348596
-7897.29,-323379
-7898.52,-292549
-7899.74,-261719
-7900.97,-243695
-7902.2,-225670
-7903.42,-227293
-7904.65,-228916
-7905.88,-236788
-7907.1,-244660
-7908.33,-252532
-7909.56,-260403
-7910.78,-264767
-7912.01,-269131
-7913.24,-273494
-7914.46,-277858
-7915.69,-268451
-7916.92,-259044
-7918.15,-229990
-7919.37,-200936
-7920.6,-177320
-7921.83,-153705
-7923.05,-155349
-7924.28,-156994
-7925.51,-167365
-7926.73,-177737
-7927.96,-180741
-7929.19,-183745
-7930.41,-192713
-7931.64,-218522
-7932.87,-254505
-7934.1,-290488
-7935.32,-316911
-7936.55,-343333
-7937.78,-344495
-7939,-345657
-7940.23,-334628
-7941.46,-323598
-7942.68,-312569
-7943.91,-301539
-7945.14,-294446
-7946.36,-287352
-7947.59,-276049
-7948.82,-264745
-7950.04,-256862
-7951.27,-248979
-7952.5,-249517
-7953.73,-250054
-7954.95,-253573
-7956.18,-257092
-7957.41,-252192
-7958.63,-247291
-7959.86,-234408
-7961.09,-221526
-7962.31,-205486
-7963.54,-189446
-7964.77,-175774
-7965.99,-178943
-7967.22,-193514
-7968.45,-224925
-7969.68,-255634
-7970.9,-277924
-7972.13,-289688
-7973.36,-284611
-7974.58,-269975
-7975.81,-246918
-7977.04,-223335
-7978.26,-199752
-7979.49,-179853
-7980.72,-159954
-7981.94,-144265
-7983.17,-128576
-7984.4,-129562
-7985.63,-130549
-7986.85,-145569
-7988.08,-160590
-7989.31,-179557
-7990.53,-198524
-7991.76,-209071
-7992.99,-219618
-7994.21,-223193
-7995.44,-226767
-7996.67,-238761
-7997.89,-250755
-7999.12,-258540
-8000.35,-266324
-8001.57,-254461
-8002.8,-242598
-8004.03,-228477
-8005.25,-214356
-8006.48,-208655
-8007.71,-202954
-8008.94,-191288
-8010.16,-179623
-8011.39,-167957
-8012.62,-156292
-8013.84,-150986
-8015.07,-145679
-8016.3,-140373
-8017.52,-135066
-8018.75,-128883
-8019.98,-122699
-8021.2,-116516
-8022.43,-110332
-8023.66,-100552
-8024.89,-90772.8
-8026.11,-66959.5
-8027.34,-43146.3
-8028.57,-16175.5
-8029.79,10795.3
-8031.02,18119
-8032.25,25442.8
-8033.47,14435.3
-8034.7,3427.63
-8035.93,-7580
-8037.15,-18587.5
-8038.38,-28805.8
-8039.61,-39023.9
-8040.83,-45032
-8042.06,-51040.1
-8043.29,-45909.1
-8044.52,-40778.1
-8045.74,-21613.5
-8046.97,-2448.88
-8048.2,25749.8
-8049.42,53948.5
-8050.65,82147.1
-8051.88,110346
-8053.1,127142
-8054.33,143939
-8055.56,146702
-8056.78,149465
-8058.01,147666
-8059.24,145868
-8060.47,144070
-8061.69,142272
-8062.92,142831
-8064.15,143391
-8065.37,135530
-8066.6,127669
-8067.83,115773
-8069.05,103877
-8070.28,100402
-8071.51,96926.3
-8072.73,112045
-8073.96,127164
-8075.19,133863
-8076.42,140562
-8077.64,126035
-8078.87,111508
-8080.1,96981.1
-8081.32,82454.1
-8082.55,81851.1
-8083.78,81248.1
-8085,94678.8
-8086.23,108109
-8087.46,124873
-8088.68,141636
-8089.91,154190
-8091.14,166743
-8092.36,162544
-8093.59,158345
-8094.82,149936
-8096.04,141527
-8097.27,148555
-8098.5,155582
-8099.73,171030
-8100.95,186478
-8102.18,187695
-8103.41,188912
-8104.63,176095
-8105.86,163279
-8107.09,144498
-8108.31,125717
-8109.54,115356
-8110.77,104996
-8111.99,109546
-8113.22,114096
-8114.45,132679
-8115.68,151263
-8116.9,179670
-8118.13,208077
-8119.36,222450
-8120.58,236823
-8121.81,221836
-8123.04,206849
-8124.26,172214
-8125.49,137580
-8126.72,112769
-8127.94,87958
-8129.17,88407.5
-8130.4,88857
-8131.63,103603
-8132.85,118349
-8134.08,119062
-8135.31,119775
-8136.53,114172
-8137.76,108570
-8138.99,111387
-8140.21,114205
-8141.44,120805
-8142.67,127405
-8143.89,125586
-8145.12,123766
-8146.35,114578
-8147.57,105390
-8148.8,100413
-8150.03,95435.3
-8151.26,97474.5
-8152.48,99513.8
-8153.71,105763
-8154.94,112012
-8156.16,121068
-8157.39,130124
-8158.62,139181
-8159.84,148237
-8161.07,146066
-8162.3,143895
-8163.52,141724
-8164.75,139553
-8165.98,150714
-8167.21,161875
-8168.43,173037
-8169.66,184198
-8170.89,186303
-8172.11,188408
-8173.34,190513
-8174.57,192618
-8175.79,198933
-8177.02,205248
-8178.25,203143
-8179.47,201038
-8180.7,194690
-8181.93,188342
-8183.15,190414
-8184.38,192486
-8185.61,194032
-8186.83,195578
-8188.06,188704
-8189.29,181829
-8190.52,173903
-8191.74,165976
-8192.97,158049
-8194.2,150122
-8195.42,145967
-8196.65,141812
-8197.88,133447
-8199.1,125081
-8200.33,118032
-8201.56,110982
-8202.79,117966
-8204.01,124950
-8205.24,138249
-8206.47,151548
-8207.69,150813
-8208.92,150078
-8210.15,131648
-8211.37,113218
-8212.6,98998.4
-8213.83,84778.5
-8215.05,90293.3
-8216.28,95808
-8217.51,97112.6
-8218.73,98417.4
-8219.96,78074.1
-8221.19,57731
-8222.42,41597.9
-8223.64,25464.8
-8224.87,24768.5
-8226.1,24072.4
-8227.32,23376.1
-8228.55,22679.9
-8229.78,22422.3
-8231,22164.6
-8232.23,30327.1
-8233.46,38489.6
-8234.68,54107.5
-8235.91,69725.3
-8237.14,76923
-8238.36,84120.6
-8239.59,85748.8
-8240.82,87376.9
-8242.04,84794.9
-8243.27,82213
-8244.5,74894.6
-8245.73,67576.4
-8246.95,60258.1
-8248.18,52939.8
-8249.41,36675.1
-8250.63,20410.5
-8251.86,-64.375
-8253.09,-20539.1
-8254.31,-26015.5
-8255.54,-31491.9
-8256.77,-22934.6
-8258,-14377.5
-8259.22,-5644.88
-8260.45,3087.75
-8261.68,-7826.63
-8262.9,-18741
-8264.13,-40706.9
-8265.36,-62672.6
-8266.58,-64991.5
-8267.81,-67310.4
-8269.04,-54367.6
-8270.26,-41425
-8271.49,-28482.3
-8272.72,-15539.6
-8273.94,-11894.1
-8275.17,-8248.75
-8276.4,-4603.25
-8277.63,-957.875
-8278.85,-4526.5
-8280.08,-8095.25
-8281.31,-11664
-8282.53,-15232.6
-8283.76,-25467.3
-8284.99,-35701.9
-8286.21,-59970.1
-8287.44,-84238.4
-8288.67,-104209
-8289.89,-124179
-8291.12,-118889
-8292.35,-113599
-8293.58,-85066.1
-8294.8,-56533
-8296.03,-32210
-8297.26,-7886.88
-8298.48,-7782.75
-8299.71,-7678.63
-8300.94,-27221.5
-8302.16,-46764.3
-8303.39,-57799.3
-8304.62,-68834.3
-8305.84,-54608.9
-8307.07,-40383.4
-8308.3,-18878.1
-8309.52,2627.25
-8310.75,24132.6
-8311.98,45638
-8313.21,64687.5
-8314.43,83736.9
-8315.66,88752.9
-8316.89,93768.8
-8318.11,84882.6
-8319.34,75996.5
-8320.57,67110.4
-8321.79,58224.4
-8323.02,54776.3
-8324.25,51328.1
-8325.47,47880
-8326.7,44432
-8327.93,42694.3
-8329.15,40956.5
-8330.38,39218.8
-8331.61,37481
-8332.83,31006.9
-8334.06,24532.8
-8335.29,26478.9
-8336.52,28424.9
-8337.74,31237.1
-8338.97,34049.4
-8340.2,36861.5
-8341.42,39673.8
-8342.65,33188.6
-8343.88,26703.6
-8345.1,11798.4
-8346.33,-3106.75
-8347.56,-12354.6
-8348.79,-21602.5
-8350.01,-5590
-8351.24,10422.5
-8352.47,37661.9
-8353.69,64901.3
-8354.92,78107
-8356.15,91312.9
-8357.37,88116.9
-8358.6,84921
-8359.83,67691.5
-8361.05,50462
-8362.28,28320.8
-8363.51,6179.5
-8364.73,-7541.63
-8365.96,-21262.6
-8367.19,-17880.4
-8368.42,-14498
-8369.64,-2695.63
-8370.87,9106.88
-8372.1,8980.75
-8373.32,8854.63
-8374.55,-5305
-8375.78,-19464.6
-8377,-33218.6
-8378.23,-46972.6
-8379.46,-52306.5
-8380.68,-57640.4
-8381.91,-53501.5
-8383.14,-49362.8
-8384.37,-36803.8
-8385.59,-24244.8
-8386.82,-16334.5
-8388.05,-8424.13
-8389.27,-8934
-8390.5,-9443.75
-8391.73,-18900
-8392.95,-28356.3
-8394.18,-46232.6
-8395.41,-64108.9
-8396.63,-71964.4
-8397.86,-79819.9
-8399.09,-87675.5
-8400.31,-95531
-8401.54,-104965
-8402.77,-114400
-8404,-109800
-8405.22,-105201
-8406.45,-86392.8
-8407.68,-67584.4
-8408.9,-62809.8
-8410.13,-58035
-8411.36,-83607.9
-8412.58,-109181
-8413.81,-134754
-8415.04,-160327
-8416.26,-155782
-8417.49,-151238
-8418.72,-132660
-8419.94,-114082
-8421.17,-103222
-8422.4,-92362.4
-8423.63,-95536.4
-8424.85,-98710.4
-8426.08,-109866
-8427.31,-121022
-8428.53,-132177
-8429.76,-143333
-8430.99,-142560
-8432.21,-141787
-8433.44,-132594
-8434.67,-123401
-8435.89,-115173
-8437.12,-106944
-8438.35,-98715.9
-8439.58,-90487.6
-8440.8,-70681.6
-8442.03,-50875.8
-8443.26,-31069.8
-8444.48,-11263.8
-8445.71,-11543.4
-8446.94,-11822.9
-8448.16,-26136
-8449.39,-40449.3
-8450.62,-40553.4
-8451.84,-40657.5
-8453.07,-40761.6
-8454.3,-40865.9
-8455.52,-52936.9
-8456.75,-65008
-8457.98,-77079
-8459.21,-89150.1
-8460.43,-79469.1
-8461.66,-69788.1
-8462.89,-51687
-8464.11,-33585.9
-8465.34,-30483.1
-8466.57,-27380.5
-8467.79,-38311.3
-8469.02,-49242.1
-8470.25,-48770.6
-8471.47,-48299.3
-8472.7,-39407.6
-8473.93,-30516.1
-8475.15,-35482.6
-8476.38,-40449.3
-8477.61,-45415.8
-8478.83,-50382.4
-8480.06,-47104.1
-8481.29,-43826
-8482.52,-48968
-8483.74,-54110
-8484.97,-65304
-8486.2,-76497.9
-8487.42,-73658.4
-8488.65,-70818.8
-8489.88,-49910.9
-8491.1,-29003.1
-8492.33,-16515.4
-8493.56,-4027.75
-8494.79,-17332.1
-8496.01,-30636.6
-8497.24,-43941.1
-8498.47,-57245.6
-8499.69,-56692
-8500.92,-56138.3
-8502.15,-64004.8
-8503.37,-71871.3
-8504.6,-82588.3
-8505.83,-93305.4
-8507.05,-95602.3
-8508.28,-97899.1
-8509.51,-100547
-8510.73,-103195
-8511.96,-105842
-8513.19,-108490
-8514.42,-112432
-8515.64,-116373
-8516.87,-120315
-8518.1,-124256
-8519.32,-128197
-8520.55,-132139
-8521.78,-136080
-8523,-140022
-8524.23,-122869
-8525.46,-105716
-8526.68,-88563.5
-8527.91,-71410.8
-8529.14,-72326.3
-8530.37,-73241.8
-8531.59,-74157.1
-8532.82,-75072.6
-8534.05,-60534.8
-8535.27,-45996.9
-8536.5,-39879.1
-8537.73,-33761.4
-8538.95,-47115.1
-8540.18,-60469
-8541.41,-65402.6
-8542.63,-70336.3
-8543.86,-67814.6
-8545.09,-65293
-8546.31,-71191.5
-8547.54,-77090
-8548.77,-96144.9
-8550,-115200
-8551.22,-120221
-8552.45,-125243
-8553.68,-111713
-8554.9,-98184.1
-8556.13,-84654.9
-8557.36,-71125.8
-8558.58,-70402.1
-8559.81,-69678.5
-8561.04,-60534.8
-8562.26,-51391
-8563.49,-32599.1
-8564.72,-13807.4
-8565.94,-14662.5
-8567.17,-15517.6
-8568.4,-40580.8
-8569.63,-65643.9
-8570.85,-99127
-8572.08,-132610
-8573.31,-161988
-8574.53,-191365
-8575.76,-206709
-8576.99,-222052
-8578.21,-212837
-8579.44,-203622
-8580.67,-185987
-8581.89,-168352
-8583.12,-159400
-8584.35,-150448
-8585.58,-133076
-8586.8,-115704
-8588.03,-85877.4
-8589.26,-56050.6
-8590.48,-34643.9
-8591.71,-13237.3
-8592.94,-9219
-8594.16,-5200.88
-8595.39,-1182.63
-8596.62,2835.63
-8597.84,-2092.63
-8599.07,-7020.75
-8600.3,-25982.6
-8601.52,-44944.4
-8602.75,-61099.4
-8603.98,-77254.4
-8605.21,-73762.5
-8606.43,-70270.5
-8607.66,-52745
-8608.89,-35219.5
-8610.11,-26114.1
-8611.34,-17008.8
-8612.57,-25231.5
-8613.79,-33454.4
-8615.02,-50097.3
-8616.25,-66740.3
-8617.47,-72419.4
-8618.7,-78098.6
-8619.93,-79567.8
-8621.16,-81036.9
-8622.38,-84961.9
-8623.61,-88886.9
-8624.84,-92812
-8626.06,-96737
-8627.29,-98644.6
-8628.52,-100552
-8629.74,-88426.5
-8630.97,-76300.6
-8632.2,-57903.5
-8633.42,-39506.4
-8634.65,-35142.8
-8635.88,-30779.3
-8637.1,-42554.3
-8638.33,-54329.3
-8639.56,-52070.8
-8640.79,-49812.3
-8642.01,-33607.9
-8643.24,-17403.5
-8644.47,7221.13
-8645.69,31845.6
-8646.92,46997.5
-8648.15,62149.4
-8649.37,57654.3
-8650.6,53159.1
-8651.83,27756.1
-8653.05,2353.13
-8654.28,-31469.9
-8655.51,-65293
-8656.73,-78416.6
-8657.96,-91540.1
-8659.19,-73789.9
-8660.42,-56039.6
-8661.64,-24869.8
-8662.87,6300.13
-8664.1,17823
-8665.32,29345.9
-8666.55,28764.8
-8667.78,28183.8
-8669,27602.6
-8670.23,27021.6
-8671.46,25212.5
-8672.68,23403.5
-8673.91,13174.4
-8675.14,2945.25
-8676.37,2715
-8677.59,2484.75
-8678.82,21901.5
-8680.05,41318.3
-8681.27,58717.8
-8682.5,76117.1
-8683.73,73869.6
-8684.95,71622
-8686.18,71654.9
-8687.41,71687.8
-8688.63,85754.3
-8689.86,99820.8
-8691.09,123141
-8692.31,146460
-8693.54,169780
-8694.77,193100
-8696,209052
-8697.22,225005
-8698.45,240957
-8699.68,256909
-8700.9,255495
-8702.13,254080
-8703.36,221792
-8704.58,189504
-8705.81,161601
-8707.04,133699
-8708.26,136670
-8709.49,139641
-8710.72,156602
-8711.95,173563
-8713.17,182104
-8714.4,190644
-8715.63,189362
-8716.85,188079
-8718.08,178376
-8719.31,168673
-8720.53,145375
-8721.76,122077
-8722.99,107199
-8724.21,92321.5
-8725.44,104458
-8726.67,116595
-8727.89,142766
-8729.12,168936
-8730.35,181144
-8731.58,193352
-8732.8,185913
-8734.03,178475
-8735.26,163317
-8736.48,148160
-8737.71,124582
-8738.94,101005
-8740.16,92601.1
-8741.39,84197.4
-8742.62,101054
-8743.84,117911
-8745.07,132750
-8746.3,147590
-8747.52,154009
-8748.75,160428
-8749.98,164633
-8751.21,168837
-8752.43,177252
-8753.66,185667
-8754.89,183819
-8756.11,181972
-8757.34,166091
-8758.57,150210
-8759.79,132312
-8761.02,114413
-8762.25,110549
-8763.47,106684
-8764.7,120010
-8765.93,133337
-8767.16,160697
-8768.38,188057
-8769.61,198801
-8770.84,209546
-8772.06,189416
-8773.29,169287
-8774.52,138808
-8775.74,108329
-8776.97,77849.4
-8778.2,47370.3
-8779.42,24434.1
-8780.65,1498
-8781.88,3822.38
-8783.1,6146.63
-8784.33,31889.5
-8785.56,57632.3
-8786.79,79165
-8788.01,100698
-8789.24,114359
-8790.47,128019
-8791.69,133260
-8792.92,138501
-8794.15,133479
-8795.37,128458
-8796.6,123437
-8797.83,118415
-8799.05,128217
-8800.28,138018
-8801.51,147820
-8802.74,157622
-8803.96,158301
-8805.19,158981
-8806.42,145627
-8807.64,132273
-8808.87,105664
-8810.1,79055.4
-8811.32,60866.6
-8812.55,42677.8
-8813.78,53170
-8815,63662.4
-8816.23,78364.8
-8817.46,93067
-8818.68,85666.5
-8819.91,78266
-8821.14,62445.4
-8822.37,46624.8
-8823.59,43522
-8824.82,40419.3
-8826.05,51350.1
-8827.27,62280.9
-8828.5,83320.3
-8829.73,104360
-8830.95,116979
-8832.18,129598
-8833.41,123360
-8834.63,117122
-8835.86,106673
-8837.09,96224.6
-8838.31,87793.5
-8839.54,79362.4
-8840.77,56897.8
-8842,34433
-8843.22,653.75
-8844.45,-33125.4
-8845.68,-52871.1
-8846.9,-72616.8
-8848.13,-73603.5
-8849.36,-74590.3
-8850.58,-61543.4
-8851.81,-48496.6
-8853.04,-32730.8
-8854.26,-16964.9
-8855.49,3011
-8856.72,22986.9
-8857.95,37963.4
-8859.17,52939.8
-8860.4,48269.3
-8861.63,43598.8
-8862.85,22877.3
-8864.08,2155.88
-8865.31,-4532
-8866.53,-11219.9
-8867.76,-1133.25
-8868.99,8953.38
-8870.21,10619.9
-8871.44,12286.4
-8872.67,8953.38
-8873.89,5620.38
-8875.12,6497.5
-8876.35,7374.63
-8877.58,9479.63
-8878.8,11584.6
-8880.03,5269.5
-8881.26,-1045.63
-8882.48,-7974.63
-8883.71,-14903.8
-8884.94,-13412.6
-8886.16,-11921.6
-8887.39,1799.5
-8888.62,15520.6
-8889.84,48888.8
-8891.07,82256.9
-8892.3,108345
-8893.53,134433
-8894.75,124034
-8895.98,113635
-8897.21,78940.3
-8898.43,44245.6
-8899.66,13761
-8900.89,-16723.8
-8902.11,-29052.4
-8903.34,-41381.1
-8904.57,-39676.3
-8905.79,-37971.4
-8907.02,-33087
-8908.25,-28202.8
-8909.47,-14898.3
-8910.7,-1593.75
-8911.93,9605.75
-8913.16,20805.1
-8914.38,12357.6
-8915.61,3910
-8916.84,-6379.38
-8918.06,-16668.9
-8919.29,-7311.38
-8920.52,2046.25
-8921.74,14736.8
-8922.97,27427.3
-8924.2,26084.1
-8925.42,24741.1
-8926.65,24894.6
-8927.88,25048.1
-8929.1,25201.6
-8930.33,25355.1
-8931.56,21649.4
-8932.79,17943.6
-8934.01,14237.9
-8935.24,10532.1
-8936.47,10751.4
-8937.69,10970.6
-8938.92,19610.1
-8940.15,28249.5
-8941.37,35047
-8942.6,41844.5
-8943.83,44432
-8945.05,47019.4
-8946.28,37678.3
-8947.51,28337.3
-8948.74,10576
-8949.96,-7185.25
-8951.19,-32401.9
-8952.42,-57618.4
-8953.64,-74414.9
-8954.87,-91211.3
-8956.1,-98425.4
-8957.32,-105640
-8958.55,-104434
-8959.78,-103228
-8961,-95706.4
-8962.23,-88185.3
-8963.46,-72244
-8964.68,-56302.8
-8965.91,-47296
-8967.14,-38289.4
-8968.37,-43316.3
-8969.59,-48343.1
-8970.82,-58281.8
-8972.05,-68220.4
-8973.27,-64125.4
-8974.5,-60030.4
-8975.73,-47953.9
-8976.95,-35877.4
-8978.18,-32220.9
-8979.41,-28564.5
-8980.63,-41046.8
-8981.86,-53528.9
-8983.09,-51977.5
-8984.32,-50426.3
-8985.54,-24864.3
-8986.77,697.625
-8988,17839.5
-8989.22,34981.3
-8990.45,24757.5
-8991.68,14533.9
-8992.9,-4109.88
-8994.13,-22753.8
-8995.36,-30083
-8996.58,-37412.3
-8997.81,-30707.9
-8999.04,-24003.6
-9000.26,-5283
-9001.49,13437.5
-9002.72,27948
-9003.95,42458.5
-9005.17,36401
-9006.4,30343.6
-9007.63,10252.5
-9008.85,-9838.5
-9010.08,-25280.9
-9011.31,-40723.3
-9012.53,-42132.1
-9013.76,-43541
-9014.99,-32407.3
-9016.21,-21273.6
-9017.44,-10140
-9018.67,993.625
-9019.89,7303.25
-9021.12,13612.9
-9022.35,24132.6
-9023.58,34652.4
-9024.8,40348
-9026.03,46043.6
-9027.26,32092.3
-9028.48,18141
-9029.71,-2564
-9030.94,-23269
-9032.16,-43974
-9033.39,-64679
-9034.62,-81787.9
-9035.84,-98896.9
-9037.07,-101972
-9038.3,-105048
-9039.53,-94615.5
-9040.75,-84183.5
-9041.98,-82171.6
-9043.21,-80159.8
-9044.43,-87867.3
-9045.66,-95574.8
-9046.89,-94862.1
-9048.11,-94149.5
-9049.34,-81157.5
-9050.57,-68165.5
-9051.79,-46753.4
-9053.02,-25341.1
-9054.25,-5683.25
-9055.47,13974.8
-9056.7,19599.1
-9057.93,25223.5
-9059.16,20498.1
-9060.38,15772.8
-9061.61,15257.5
-9062.84,14742.3
-9064.06,16814.4
-9065.29,18886.5
-9066.52,16748.5
-9067.74,14610.6
-9068.97,16331.9
-9070.2,18053.3
-9071.42,33808.1
-9072.65,49563
-9073.88,68738.5
-9075.11,87914.1
-9076.33,107090
-9077.56,126265
-9078.79,141932
-9080.01,157600
-9081.24,164847
-9082.47,172094
-9083.69,173382
-9084.92,174670
-9086.15,175958
-9087.37,177247
-9088.6,174851
-9089.83,172455
-9091.05,156026
-9092.28,139597
-9093.51,118607
-9094.74,97617
-9095.96,90660.5
-9097.19,83704
-9098.42,94815.8
-9099.64,105928
-9100.87,117039
-9102.1,128151
-9103.32,135425
-9104.55,142700
-9105.78,141554
-9107,140408
-9108.23,140140
-9109.46,139871
-9110.68,153636
-9111.91,167401
-9113.14,182131
-9114.37,196861
-9115.59,197557
-9116.82,198253
-9118.05,180881
-9119.27,163509
-9120.5,146137
-9121.73,128765
-9122.95,116628
-9124.18,104491
-9125.41,100775
-9126.63,97057.9
-9127.86,115970
-9129.09,134883
-9130.32,162215
-9131.54,189548
-9132.77,212670
-9134,235793
-9135.22,244882
-9136.45,253971
-9137.68,253324
-9138.9,252677
-9140.13,247820
-9141.36,242963
-9142.58,240058
-9143.81,237152
-9145.04,253894
-9146.26,270636
-9147.49,299920
-9148.72,329204
-9149.95,350068
-9151.17,370932
-9152.4,374254
-9153.63,377576
-9154.85,361251
-9156.08,344926
-9157.31,313953
-9158.53,282981
-9159.76,266042
-9160.99,249103
-9162.21,258367
-9163.44,267632
-9164.67,281106
-9165.9,294580
-9167.12,289022
-9168.35,283463
-9169.58,269484
-9170.8,255506
-9172.03,246877
-9173.26,238249
-9174.48,243654
-9175.71,249059
-9176.94,259376
-9178.16,269693
-9179.39,280010
-9180.62,290326
-9181.84,302836
-9183.07,315346
-9184.3,327855
-9185.53,340365
-9186.75,349717
-9187.98,359069
-9189.21,376841
-9190.43,394613
-9191.66,426068
-9192.89,457523
-9194.11,480558
-9195.34,503593
-9196.57,495052
-9197.79,486511
-9199.02,452710
-9200.25,418909
-9201.47,403341
-9202.7,387772
-9203.93,397464
-9205.16,407156
-9206.38,425794
-9207.61,444433
-9208.84,463071
-9210.06,481709
-9211.29,480350
-9212.52,478990
-9213.74,457984
-9214.97,436977
-9216.2,426320
-9217.42,415664
-9218.65,430267
-9219.88,444871
-9221.11,464606
-9222.33,484341
-9223.56,484428
-9224.79,484516
-9226.01,473815
-9227.24,463115
-9228.47,460834
-9229.69,458554
-9230.92,464650
-9232.15,470746
-9233.37,481051
-9234.6,491357
-9235.83,494383
-9237.05,497409
-9238.28,500435
-9239.51,503461
-9240.74,512018
-9241.96,520576
-9243.19,543166
-9244.42,565757
-9245.64,591505
-9246.87,617254
-9248.1,623355
-9249.32,629456
-9250.55,615165
-9251.78,600874
-9253,586583
-9254.23,572292
-9255.46,563000
-9256.69,553708
-9257.91,548626
-9259.14,543545
-9260.37,547979
-9261.59,552414
-9262.82,570883
-9264.05,589351
-9265.27,606855
-9266.5,624358
-9267.73,622215
-9268.95,620071
-9270.18,607359
-9271.41,594647
-9272.63,590354
-9273.86,586062
-9275.09,578700
-9276.32,571338
-9277.54,559765
-9278.77,548193
-9280,553259
-9281.22,558324
-9282.45,571809
-9283.68,585295
-9284.9,587202
-9286.13,589110
-9287.36,576984
-9288.58,564858
-9289.81,540058
-9291.04,515258
-9292.26,494668
-9293.49,474078
-9294.72,474539
-9295.95,474999
-9297.17,483880
-9298.4,492761
-9299.63,494997
-9300.85,497234
-9302.08,503681
-9303.31,510127
-9304.53,515083
-9305.76,520038
-9306.99,516574
-9308.21,513109
-9309.44,509031
-9310.67,504952
-9311.9,509294
-9313.12,513636
-9314.35,519117
-9315.58,524599
-9316.8,510434
-9318.03,496269
-9319.26,464129
-9320.48,431989
-9321.71,404059
-9322.94,376129
-9324.16,365828
-9325.39,355528
-9326.62,353647
-9327.84,351767
-9329.07,348484
-9330.3,345200
-9331.53,341916
-9332.75,338633
-9333.98,339734
-9335.21,340836
-9336.43,350358
-9337.66,359880
-9338.89,361333
-9340.11,362786
-9341.34,355818
-9342.57,348851
-9343.79,346444
-9345.02,344038
-9346.25,350051
-9347.47,356065
-9348.7,360938
-9349.93,365812
-9351.16,356652
-9352.38,347491
-9353.61,330086
-9354.84,312681
-9356.06,303697
-9357.29,294712
-9358.52,292601
-9359.74,290491
-9360.97,288380
-9362.2,286270
-9363.42,286791
-9364.65,287311
-9365.88,287832
-9367.11,288353
-9368.33,299925
-9369.56,311497
-9370.79,323070
-9372.01,334642
-9373.24,329023
-9374.47,323404
-9375.69,298138
-9376.92,272872
-9378.15,237871
-9379.37,202869
-9380.6,176287
-9381.83,149706
-9383.05,141719
-9384.28,133732
-9385.51,139778
-9386.74,145825
-9387.96,155643
-9389.19,165461
-9390.42,166858
-9391.64,168256
-9392.87,158778
-9394.1,149300
-9395.32,131402
-9396.55,113503
-9397.78,103877
-9399,94251.1
-9400.23,93045.1
-9401.46,91839.1
-9402.69,80107.9
-9403.91,68376.8
-9405.14,42612
-9406.37,16847.3
-9407.59,-1286.75
-9408.82,-19420.8
-9410.05,-12294.4
-9411.27,-5167.88
-9412.5,6168.5
-9413.73,17505
-9414.95,9194.5
-9416.18,884
-9417.41,-20911.9
-9418.63,-42707.8
-9419.86,-56083.5
-9421.09,-69459.3
-9422.32,-78274
-9423.54,-87088.9
-9424.77,-104324
-9426,-121559
-9427.22,-138268
-9428.45,-154976
-9429.68,-157651
-9430.9,-160327
-9432.13,-151950
-9433.36,-143574
-9434.58,-143618
-9435.81,-143662
-9437.04,-154351
-9438.26,-165041
-9439.49,-175731
-9440.72,-186420
-9441.95,-188602
-9443.17,-190784
-9444.4,-188756
-9445.63,-186727
-9446.85,-181892
-9448.08,-177057
-9449.31,-180642
-9450.53,-184228
-9451.76,-200267
-9452.99,-216307
-9454.21,-236557
-9455.44,-256807
-9456.67,-265282
-9457.9,-273757
-9459.12,-273812
-9460.35,-273867
-9461.58,-273922
-9462.8,-273977
-9464.03,-278241
-9465.26,-282506
-9466.48,-290104
-9467.71,-297702
-9468.94,-296880
-9470.16,-296058
-9471.39,-289359
-9472.62,-282660
-9473.84,-284381
-9475.07,-286102
-9476.3,-308362
-9477.53,-330621
-9478.75,-352880
-9479.98,-375139
-9481.21,-388101
-9482.43,3104.25
-9483.66,1369.25
-9484.89,-365.875
-9486.11,-390.5
-9487.34,-415.125
-9488.57,-439.875
-9489.79,-464.5
-9491.02,-313.75
-9492.25,-163
-9493.48,-12.25
-9494.7,138.5
-9495.93,59
-9497.16,-20.5
-9498.38,-100
-9499.61,-179.375
-9500.84,-258.875
-9502.06,-338.375
-9503.29,-417.875
-9504.52,-497.375
-9505.74,-445.25
-9506.97,-393.25
-9508.2,-341.125
-9509.42,-289.125
-9510.65,-237
-9511.88,-184.875
-9513.11,-132.875
-9514.33,-80.75
-9515.56,-47.875
-9516.79,-15
-9518.01,17.875
-9519.24,50.75
-9520.47,83.75
-9521.69,116.625
-9522.92,149.5
-9524.15,182.375
-9525.37,215.25
-9526.6,248.125
-9527.83,281
-9529.05,313.875
-9530.28,346.875
-9531.51,379.75
-9532.74,412.625
-9533.96,445.5
-9535.19,445.5
-9536.42,445.5
-9537.64,445.5
-9538.87,445.5
-9540.1,445.5
-9541.32,445.5
-9542.55,445.5
-9543.78,445.5
-9545,445.5
-9546.23,445.5
-9547.46,445.5
-9548.69,445.5
-9549.91,445.5
-9551.14,445.5
-9552.37,445.5