x_data,y_data,y_fit,component_1,component_2,component_3,component_4,component_5,component_6
799.1724166124732,0.005259765823259059,-0.0009682427011725725,-0.002718769635844703,-0.003037813577787978,-0.003037813577787978,-0.003000231140877693,-0.0013248690800261324,-0.003037813577787978
798.2722484586457,0.005116620908477382,-0.0009519576062962934,-0.002717395886229123,-0.003037813577787978,-0.003037813577787978,-0.002999961528667246,-0.00131022734697588,-0.003037813577787978
797.3720803048191,0.004835766983528815,-0.0009354724926659646,-0.0027160132477657035,-0.003037813577787978,-0.003037813577787978,-0.0029996890069269996,-0.0012953973935492173,-0.003037813577787978
796.4719121509916,0.004479235289049162,-0.0009187840069631143,-0.0027146216436276733,-0.003037813577787978,-0.003037813577787978,-0.002999413533672976,-0.0012803759852384213,-0.003037813577787978
795.571743997165,0.004121815959512157,-0.0009018887246186481,-0.0027132209961567297,-0.003037813577787978,-0.003037813577787978,-0.002999135066161757,-0.0012651598178761172,-0.003037813577787978
794.6715758433375,0.003846334290928139,-0.0008847831479804761,-0.00271181122685221,-0.003037813577787978,-0.003037813577787978,-0.0029988535608739507,-0.0012497455158302713,-0.003037813577787978
793.7714076895109,0.0037169700824341346,-0.0008674637044261322,-0.0027103922563601157,-0.003037813577787978,-0.003037813577787978,-0.0029985689734972395,-0.0012341296301447327,-0.003037813577787978
792.8712395356833,0.0037096522538799274,-0.0008499267444179123,-0.002708964004461951,-0.003037813577787978,-0.003037813577787978,-0.0029982812589089917,-0.0012183086366229254,-0.003037813577787978
791.9710713818567,0.0037728756090404303,-0.0008321685394991145,-0.0027075263900634126,-0.003037813577787978,-0.003037813577787978,-0.0029979903711584307,-0.001202278933853227,-0.003037813577787978
791.0709032280292,0.003846334290928139,-0.0008141852802287337,-0.0027060793311828794,-0.003037813577787978,-0.003037813577787978,-0.0029976962634483428,-0.0011860368411734674,-0.003037813577787978
790.1707350742026,0.003877793728774717,-0.0007959730740530464,-0.0027046227449397564,-0.003037813577787978,-0.003037813577787978,-0.0029973988881163128,-0.001169578596572933,-0.003037813577787978
789.2705669203751,0.003878392366371535,-0.0007775279431112667,-0.0027031565475426084,-0.003037813577787978,-0.003037813577787978,-0.0029970981966154723,-0.001152900354529142,-0.003037813577787978
788.3703987665485,0.0038675773245002844,-0.0007588458219735363,-0.00270168065427714,-0.003037813577787978,-0.003037813577787978,-0.002996794139494749,-0.0011359981837776032,-0.003037813577787978
787.470230612721,0.003856125800126669,-0.0007399225553082435,-0.002700194979493962,-0.003037813577787978,-0.003037813577787978,-0.0029964866663785956,-0.0011188680650116413,-0.003037813577787978
786.5700624588944,0.0038484019989493325,-0.0007207538954767533,-0.0026986994365961977,-0.003037813577787978,-0.003037813577787978,-0.002996175725946193,-0.0011015058885103185,-0.003037813577787978
785.6698943050669,0.003844853178942908,-0.0007013355000523394,-0.002697193938026865,-0.003037813577787978,-0.003037813577787978,-0.0029958612659100998,-0.0010839074516913304,-0.003037813577787978
784.7697261512403,0.003844378397400604,-0.0006816629292611918,-0.0026956783952560947,-0.003037813577787978,-0.003037813577787978,-0.002995543232994342,-0.001066068456586711,-0.003037813577787978
783.8695579974128,0.003846334290928139,-0.0006617316433420793,-0.002694152718768121,-0.003037813577787978,-0.003037813577787978,-0.0029952215729119195,-0.0010479845072379947,-0.003037813577787978
782.9693898435862,0.0038504439036258355,-0.0006415369998223129,-0.002692616818048093,-0.003037813577787978,-0.003037813577787978,-0.0029948962303417152,-0.0010296511070084606,-0.003037813577787978
782.0692216897587,0.0038531308919195996,-0.0006210742507063455,-0.002691070601568657,-0.003037813577787978,-0.003037813577787978,-0.002994567148904785,-0.0010110636558088595,-0.003037813577787978
781.1690535359321,0.003851897492043397,-0.0006003385395744278,-0.0026895139767763535,-0.003037813577787978,-0.003037813577787978,-0.002994234271140013,-0.0009922174472340173,-0.003037813577787978
780.2688853821046,0.003846334290928139,-0.0005793248985873603,-0.0026879468500777726,-0.003037813577787978,-0.003037813577787978,-0.0029938975384791113,-0.0009731076656064323,-0.003037813577787978
779.368717228278,0.0038375577132874327,-0.0005580282453945397,-0.002686369126825519,-0.003037813577787978,-0.003037813577787978,-0.002993556891220943,-0.0009537293829240331,-0.003037813577787978
778.4685490744505,0.003828167016043094,-0.0005364433799410094,-0.0026847807113039293,-0.003037813577787978,-0.003037813577787978,-0.0029932122685051503,-0.0009340775557078857,-0.003037813577787978
777.5683809206239,0.00382070468875862,-0.0005145649811704503,-0.002683181506714589,-0.003037813577787978,-0.003037813577787978,-0.0029928636082850605,-0.0009141470217467569,-0.003037813577787978
776.6682127667964,0.0038170853396100415,-0.0004923876036194872,-0.0026815714151615924,-0.003037813577787978,-0.003037813577787978,-0.002992510847299855,-0.0008939324967339956,-0.003037813577787978
775.7680446129698,0.0038187745985757754,-0.00046990567389995066,-0.002679950337636598,-0.003037813577787978,-0.003037813577787978,-0.0029921539210459734,-0.0008734285707933348,-0.003037813577787978
774.8678764591423,0.003827485807743266,-0.00044711348706409507,-0.002678318174003615,-0.003037813577787978,-0.003037813577787978,-0.0029917927637477257,-0.00085262970488871,-0.003037813577787978
773.9677083053157,0.003846334290928139,-0.0004240052028490911,-0.0026766748229835762,-0.003037813577787978,-0.003037813577787978,-0.0029914273083270983,-0.0008315302271143729,-0.003037813577787978
773.0675401514882,0.0038762713314379814,-0.000400574841795395,-0.0026750201821386355,-0.003037813577787978,-0.003037813577787978,-0.002991057486372712,-0.0008101243288600032,-0.003037813577787978
772.1673719976616,0.0039026612721643787,-0.0003768162812349367,-0.002673354147856244,-0.003037813577787978,-0.003037813577787978,-0.0029906832281079267,-0.0007884060608467215,-0.003037813577787978
771.2672038438341,0.003911184977027119,-0.0003527232511433159,-0.0026716766153329374,-0.003037813577787978,-0.003037813577787978,-0.0029903044623580386,-0.0007663693290282962,-0.003037813577787978
770.3670356900075,0.003893375508521781,-0.00032828932985152224,-0.0026699874785578934,-0.003037813577787978,-0.003037813577787978,-0.0029899211165165668,-0.000744007890353018,-0.003037813577787978
769.46686753618,0.003846334290928139,-0.0003035079396109066,-0.0026682866302961965,-0.003037813577787978,-0.003037813577787978,-0.002989533116510583,-0.0007213153483800832,-0.003037813577787978
768.5666993823534,0.003774843544128821,-0.00027837234200646984,-0.0026665739620718555,-0.003037813577787978,-0.003037813577787978,-0.002989140386765061,-0.0006982851487455097,-0.003037813577787978
767.6665312285259,0.0036991382510300646,-0.00025287563321167847,-0.0026648493641505213,-0.003037813577787978,-0.003037813577787978,-0.002988742850166208,-0.0006749105744709052,-0.003037813577787978
766.7663630746993,0.003642145543500812,-0.0002270107390793764,-0.0026631127255219507,-0.003037813577787978,-0.003037813577787978,-0.0029883404280237557,-0.0006511847411096259,-0.003037813577787978
765.8661949208717,0.003622772392307234,-0.00020077041006143779,-0.0026613639338821556,-0.003037813577787978,-0.003037813577787978,-0.0029879330400321602,-0.0006271005917230779,-0.003037813577787978
764.9660267670452,0.0036523327039845958,-0.00017414721595117397,-0.0026596028756152882,-0.003037813577787978,-0.003037813577787978,-0.0029875206042306946,-0.000602650891681147,-0.003037813577787978
764.0658586132176,0.0037312238500411305,-0.00014713354044052678,-0.0026578294357752033,-0.003037813577787978,-0.003037813577787978,-0.002987103036962378,-0.0005778282232789013,-0.003037813577787978
763.165690459391,0.003846334290928139,-0.00011972157548544938,-0.002656043498066743,-0.003037813577787978,-0.003037813577787978,-0.0029866802528317215,-0.0005526249801629407,-0.003037813577787978
762.2655223055635,0.003977853938815284,-9.190331547081826e-05,-0.002654244944826689,-0.003037813577787978,-0.003037813577787978,-0.0029862521646612317,-0.0005270333615588533,-0.003037813577787978
761.3653541517369,0.004123990321358071,-6.367055116761593e-05,-0.0026524336570044266,-0.003037813577787978,-0.003037813577787978,-0.0029858186834466516,-0.0005010453662924936,-0.003037813577787978
760.4651859979094,0.004277719768131764,-3.5014863472965316e-05,-0.0026506095141422595,-0.003037813577787978,-0.003037813577787978,-0.002985379718310876,-0.0004746527865957858,-0.003037813577787978
759.5650178440828,0.004421599218125628,-5.927616925006929e-06,-0.0026487723943554296,-0.003037813577787978,-0.003037813577787978,-0.002984935176456514,-0.00044784720168901913,-0.003037813577787978
758.6648496902553,0.004532261162388005,2.3600047017611515e-05,-0.0026469221743117763,-0.003037813577787978,-0.003037813577787978,-0.0029844849631170396,-0.00042061997112952847,-0.003037813577787978
757.7646815364287,0.004585835786857265,5.357721694048724e-05,-0.002645058729211082,-0.003037813577787978,-0.003037813577787978,-0.002984028981506492,-0.00039296222791789437,-0.003037813577787978
756.8645133826012,0.004563916705654231,8.401321869360096e-05,-0.002643181932764049,-0.003037813577787978,-0.003037813577787978,-0.0029835671327676683,-0.00036486487135063824,-0.003037813577787978
755.9643452287746,0.0044593856360903,0.00011491762287659012,-0.0026412916571709488,-0.003037813577787978,-0.003037813577787978,-0.0029830993159187646,-0.00033631855960965283,-0.003037813577787978
755.0641770749471,0.004281519740693175,0.00014630025260134634,-0.0026393877730998896,-0.003037813577787978,-0.003037813577787978,-0.002982625427798404,-0.0003073137020763164,-0.0030378135777879775
754.1640089211205,0.0040598655693563825,0.00017817119154267883,-0.002637470149664744,-0.003037813577787978,-0.003037813577787978,-0.002982145363009006,-0.00027784045135952756,-0.0030378135777879775
753.263840767293,0.003846334290928139,0.00021054079229036,-0.0026355386544026737,-0.003037813577787978,-0.003037813577787978,-0.0029816590138584246,-0.0002478886950244988,-0.003037813577787977
752.3636726134664,0.0036945074107696215,0.00024341968501442055,-0.00263359315325131,-0.003037813577787978,-0.003037813577787978,-0.002981166270299814,-0.00021744804701041322,-0.003037813577787976
751.4635044596389,0.0035952471044144573,0.00027681878645826425,-0.002631633510525513,-0.003037813577787978,-0.003037813577787978,-0.002980667019869641,-0.00018650783872254176,-0.003037813577787974
750.5633363058123,0.0035352784111309077,0.000310749309272705,-0.0026296595888937687,-0.003037813577787978,-0.003037813577787978,-0.0029801611476237937,-0.00015505710978569627,-0.0030378135777879706
749.6631681519848,0.003512530182451821,0.0003452227717068894,-0.0026276712493541535,-0.003037813577787978,-0.003037813577787978,-0.0029796485360717067,-0.00012308459844322063,-0.0030378135777879636
748.7629999981582,0.003529691126893939,0.00038025100767060055,-0.002625668351209919,-0.003037813577787978,-0.003037813577787978,-0.0029791290651084486,-9.057873158701537e-05,-0.0030378135777879506
747.8628318443307,0.0035873237573715144,0.0004158461771854201,-0.00262365075204463,-0.003037813577787978,-0.003037813577787978,-0.002978602611944676,-5.7527614401282814e-05,-0.003037813577787925
746.9626636905041,0.003677318942759833,0.0004520207772408199,-0.002621618307696907,-0.003037813577787978,-0.003037813577787978,-0.0029780690510344044,-2.391901960392597e-05,-0.003037813577787877
746.0624955366766,0.0037772656180837627,0.0004887876530743625,-0.0026195708722346997,-0.003037813577787978,-0.003037813577787978,-0.002977528254000494,1.0259623733407247e-05,-0.0030378135777877854
745.16232738285,0.003846334290928139,0.0005261600098937858,-0.0026175082979291568,-0.003037813577787978,-0.003037813577787978,-0.0029769800895577845,4.502124180440735e-05,-0.003037813577787614
744.2621592290225,0.0038458577891628556,0.0005641514250620855,-0.0026154304352280044,-0.003037813577787978,-0.003037813577787978,-0.002976424423433782,8.037912814723219e-05,-0.0030378135777872936
743.3619910751959,0.003807610351439714,0.0006027758607652783,-0.0026133371327285034,-0.003037813577787978,-0.003037813577787978,-0.0029758611182868202,0.0001163469562033676,-0.0030378135777866994
742.4618229213684,0.0037670750171540203,0.0006420476771860917,-0.0026112282371498967,-0.003037813577787978,-0.003037813577787978,-0.0029752900336215875,0.00015293879237924558,-0.0030378135777856035
741.5616547675418,0.0037440807965888846,0.0006819816462054315,-0.00260910359330542,-0.003037813577787978,-0.003037813577787978,-0.002974711025701945,0.0001901691096324572,-0.0030378135777835947
740.6614866137143,0.0037474902785339806,0.0007225929656572375,-0.0026069630440737823,-0.003037813577787978,-0.003037813577787978,-0.002974123947460911,0.0002280528016079318,-0.003037813577779935
739.7613184598877,0.0037805650057581796,0.000763897274161041,-0.0026048064303701864,-0.003037813577787978,-0.003037813577787978,-0.00297352864840773,0.0002666051973483309,-0.0030378135777733074
738.8611503060602,0.003846334290928139,0.0008059106665605029,-0.002602633591116808,-0.003037813577787978,-0.003037813577787978,-0.0029729249745318953,0.0003058420766066513,-0.003037813577761379
737.9609821522336,0.003943523448816151,0.0008486497099950436,-0.002600444363212787,-0.003037813577787978,-0.003037813577787978,-0.0029723127682040338,0.0003457796857879716,-0.003037813577740041
737.060813998406,0.004043669670005687,0.0008921314606359439,-0.002598238581503659,-0.003037813577787978,-0.003037813577787978,-0.0029716918680735118,0.00038643475455128447,-0.003037813577702103
736.1606458445794,0.004119739650376067,0.000936373481117306,-0.002596016078750281,-0.003037813577787978,-0.003037813577787978,-0.0029710621089626614,0.00042782451310137545,-0.0030378135776350616
735.2604776907519,0.004155451479427629,0.0009813938586969322,-0.002593776685597169,-0.003037813577787978,-0.003037813577787978,-0.0029704233217574733,0.0004699667102049552,-0.003037813577517314
734.3603095369253,0.004144106608878735,0.0010272112241816122,-0.002591520230540317,-0.003037813577787978,-0.003037813577787978,-0.0029697753332946523,0.0005128796319644182,-0.00303781357731177
733.4601413830978,0.004086098969791658,0.0010738447716566444,-0.002589246539894396,-0.003037813577787978,-0.003037813577787978,-0.002969117966244859,0.0005565821213871216,-0.0030378135769551554
732.5599732292712,0.003985517532188344,0.0011213142790596439,-0.002586955437759417,-0.003037813577787978,-0.003037813577787978,-0.00296845103899203,0.0006010935987873717,-0.0030378135763402137
731.6598050754437,0.003846334290928139,0.0011696401296454428,-0.0025846467459867514,-0.003037813577787978,-0.003037813577787978,-0.0029677743655085885,0.000646434083063141,-0.0030378135752862916
730.7596369216171,0.0036786796391365087,0.001218843334390879,-0.0025823202841445845,-0.003037813577787978,-0.003037813577787978,-0.0029670877552264163,0.0006926242138890018,-0.0030378135734910557
729.8594687677896,0.0035253819683306363,0.001268945555398047,-0.0025799758694827076,-0.003037813577787978,-0.003037813577787978,-0.0029663910129033963,0.0007396852748719853,-0.0030378135704517686
728.959300613963,0.0034312066411024676,0.0013199691303606782,-0.0025776133168967175,-0.003037813577787978,-0.003037813577787978,-0.0029656839384853717,0.0007876392177166339,-0.0030378135653377995
728.0591324601355,0.0034331436121772295,0.0013719370981747562,-0.0025752324388915275,-0.003037813577787978,-0.003037813577787978,-0.002964966326963325,0.0008365086874512484,-0.003037813556785573
727.1589643063089,0.0035621396929536504,0.0014248732257901276,-0.0025728330455442577,-0.003037813577787978,-0.003037813577787978,-0.0029642379682256028,0.0008863170487670535,-0.003037813542570999
726.2587961524814,0.003846334290928139,0.0014788020364309442,-0.0025704149444664105,-0.003037813577787978,-0.003037813577787978,-0.002963498646904969,0.0009370884135281687,-0.003037813519089779
725.3586279986548,0.004291939131279173,0.0015337488393499794,-0.002567977940765403,-0.003037813577787978,-0.003037813577787978,-0.002962748142220305,0.000988847669510301,-0.003037813480538547
724.4584598448273,0.004817661636671027,0.0015897397613450636,-0.0025655218370053486,-0.003037813577787978,-0.003037813577787978,-0.002961986227812713,0.0010416205104327339,-0.003037813417633543
723.5582916910007,0.00533046354726489,0.001646801780349936,-0.0025630464331671677,-0.003037813577787978,-0.003037813577787978,-0.002961212671575824,0.0010954334673484892,-0.0030378133156194957
722.6581235371732,0.005753653882194833,0.0017049627615437018,-0.002560551526607925,-0.003037813577787978,-0.003037813577787978,-0.0029604272354800494,0.0011503139414648059,-0.0030378131511970634
721.7579553833466,0.006030135000329861,0.0017642514966060524,-0.002558036912019456,-0.003037813577787978,-0.003037813577787978,-0.002959629675390553,0.001206290238466729,-0.0030378128878146013
720.8577872295191,0.006124005848090684,0.001824697747019407,-0.0025555023813861946,-0.003037813577787978,-0.003037813577787978,-0.002958819740878659,0.001263391604424491,-0.003037812468504165
719.9576190756925,0.006020047612778881,0.0018863322927038617,-0.002552947723942258,-0.003037813577787978,-0.003037813577787978,-0.002957997175026453,0.0013216482633664792,-0.0030378118050578395
719.057450921865,0.005721112424094237,0.0019491869878291838,-0.0025503727261276966,-0.003037813577787978,-0.003037813577787978,-0.002957161714224272,0.0013810914566081745,-0.003037810761790955
718.1572827680384,0.005243523477887919,0.0020132948264292663,-0.0025477771715439715,-0.003037813577787978,-0.003037813577787978,-0.0029563130879607996,0.0014417534839290531,-0.003037809131358949
717.2571146142109,0.004610799662733771,0.002078690021551115,-0.0025451608409085605,-0.003037813577787978,-0.003037813577787978,-0.0029554510186054457,0.0015036677466988674,-0.003037806598997681
716.3569464603843,0.003846334290928139,0.002145408103201528,-0.002542523512008758,-0.003037813577787978,-0.003037813577787978,-0.002954575221182701,0.001566868793056939,-0.0030378026900278856
715.4567783065568,0.0029860697014018204,0.0022134860424772554,-0.002539864959654566,-0.003037813577787978,-0.003037813577787978,-0.0029536854031381094,0.0016313923652583957,-0.0030377966933523987
714.5566101527302,0.0021322972333996148,0.0022829624121569647,-0.0025371849556307447,-0.003037813577787978,-0.003037813577787978,-0.0029527812640955157,0.0016972754493042512,-0.00303778755078496
713.6564419989027,0.001386159117216109,0.002353877597960983,-0.002534483268647913,-0.003037813577787978,-0.003037813577787978,-0.0029518624956052005,0.0017645563269835748,-0.003037773698133411
712.7562738450761,0.0008225538613727383,0.0024262740799423856,-0.002531759664292774,-0.003037813577787978,-0.003037813577787978,-0.0029509287808825346,0.001833274630459757,-0.003037752838705996
711.8561056912486,0.0004876040843921646,0.0025001968104636295,-0.002529013904977349,-0.003037813577787978,-0.003037813577787978,-0.002949979794536707,0.0019034713995454704,-0.003037721622931719
710.955937537422,0.0003984758913854445,0.002575693724386751,-0.0025262457498872936,-0.003037813577787978,-0.003037813577787978,-0.0029490152022891335,0.0019751891418156044,-0.0030376751986163596
710.0557693835945,0.0005455566763439014,0.002652816429037293,-0.0025234549549291874,-0.003037813577787978,-0.003037813577787978,-0.0029480346606810632,0.0020484718957215005,-0.003037606584437891
709.1556012297679,0.0008967367571347585,0.0027316211368218182,-0.002520641272676856,-0.003037813577787978,-0.003037813577787978,-0.0029470378167699342,0.0021233652968755405,-0.0030375058039708667
708.2554330759403,0.0014034576794965765,0.002812169922839045,-0.002517804452316628,-0.003037813577787978,-0.003037813577787978,-0.002946024307813952,0.0021999166476908507,-0.003037358698085159
707.3552649221137,0.0020078442615116894,0.002894532414210074,-0.0025149442395915795,-0.003037813577787978,-0.003037813577787978,-0.002944993760944405,0.0022781749905679094,-0.003037145309185785
706.4550967682862,0.0026503269016277605,0.0029787880480299012,-0.0025120603767446624,-0.003037813577787978,-0.003037813577787978,-0.0029439457928251266,0.002358191184837381,-0.0030368377006016246
705.5549286144596,0.003277029936354141,0.0030650290716299927,-0.0025091526024607824,-0.003037813577787978,-0.003037813577787978,-0.0029428800092985694,0.0024400179876771246,-0.0030363970376517144
704.6547604606321,0.003846334290928139,0.0031533645030243783,-0.0025062206518077067,-0.003037813577787978,-0.003037813577787978,-0.002941796005017846,0.0025237101392409484,-0.0030357697127549516
703.7545923068055,0.004326658391671642,0.0032439253215580098,-0.002503264256175872,-0.003037813577787978,-0.003037813577787978,-0.0029406933630641376,0.002609324452247167,-0.0030348822448130813
702.854424152978,0.004677616563698162,0.0033368712191942196,-0.002500283143216976,-0.003037813577787978,-0.003037813577787978,-0.0029395716545487665,0.0026969199062970768,-0.003033634622701049
701.9542559991514,0.004873909487650215,0.003432399311367076,-0.002497277036781414,-0.003037813577787978,-0.003037813577787978,-0.002938430438199261,0.0027865577472061544,-0.003031891694222338
701.0540878453239,0.004912514731753065,0.0035307552820657774,-0.0024942456568544462,-0.003037813577787978,-0.003037813577787978,-0.002937269259928639,0.002878301591655656,-0.003029472126170727
700.1539196914973,0.004810701614496527,0.003632247519057783,-0.0024911887194911603,-0.003037813577787978,-0.003037813577787978,-0.0029360876523871725,0.002972217537487581,-0.003026134379915399
699.2537515376698,0.00460270945406183,0.003737264879046565,-0.002488105936750102,-0.003037813577787978,-0.003037813577787978,-0.0029348851344957643,0.003068374279994119,-0.0030215590630656222
698.3535833838432,0.004335500337785564,0.0038462988047985717,-0.002484997016625648,-0.003037813577787978,-0.003037813577787978,-0.002933661210960126,0.003166843234571054,-0.0030153269355506426
697.4534152300166,0.004063999265175791,0.003959970590955295,-0.002481861662978994,-0.003037813577787978,-0.003037813577787978,-0.0029324153717648015,0.0032676986661365026,-0.0030068917738013453
696.5532470761891,0.003846334290928139,0.0040790646545407795,-0.002478699575467802,-0.003037813577787978,-0.003037813577787978,-0.002931147091646113,0.003371017825739095,-0.0029955472374483343
695.6530789223625,0.0037275339717503984,0.0042045687002810455,-0.0024755104494744475,-0.003037813577787978,-0.003037813577787978,-0.0029298558295430097,0.0034768810948133193,-0.0029803868488787505
694.752910768535,0.003700170384817682,0.004337721667883224,-0.002472293976032806,-0.003037813577787978,-0.003037813577787978,-0.002928541028024742,0.0035853721375725196,-0.0029602561989956824
693.8527426147084,0.0037371396968671577,0.004480070294580149,-0.0024690498417536165,-0.003037813577787978,-0.003037813577787978,-0.002927202112694274,0.0036965780620615203,-0.002933696546397414
692.9525744608809,0.003801651499039203,0.004633535006165009,-0.002465777728748298,-0.003037813577787978,-0.003037813577787978,-0.002925838491566208,0.003810589590434918,-0.0028988790973193367
692.0524063070543,0.003846334290928139,0.004800485647022543,-0.002462477314551287,-0.003037813577787978,-0.003037813577787978,-0.002924449554418024,0.003927501239061283,-0.0028535294564333616
691.1522381532268,0.0038304703946124598,0.004983827257879204,-0.002459148272040747,-0.003037813577787978,-0.003037813577787978,-0.0029230346721132714,0.0040474115091050766,-0.002794842040435788
690.2520699994002,0.0037725556475662688,0.005187095693778126,-0.0024557902693577334,-0.003037813577787978,-0.003037813577787978,-0.0029215931958953625,0.004170423088278934,-0.0027193846626116474
689.3519018455727,0.0036997403290728414,0.005414562331532622,-0.0024524029698236582,-0.003037813577787978,-0.003037813577787978,-0.002920124456650468,0.004296643064518317,-0.002622994039875503
688.4517336917461,0.00363219749401116,0.005671346437490532,-0.002448986031856128,-0.003037813577787978,-0.003037813577787978,-0.002918627764138002,0.004426183152379342,-0.0025006636522586145
687.5515655379186,0.0035851012292821786,0.005963532951461495,-0.0024455391088830133,-0.003037813577787978,-0.003037813577787978,-0.002917102406187014,0.004559159933029409,-0.0023464261998618215
686.651397384092,0.0035706719989312876,0.006298292498530825,-0.002442061849254806,-0.003037813577787978,-0.003037813577787978,-0.0029155476478568134,0.004695695108758393,-0.0021532338464798836
685.7512292302645,0.0036003389644333698,0.006683999385842404,-0.002438553896155123,-0.003037813577787978,-0.003037813577787978,-0.002913962730559933,0.004835915773018186,-0.00191284049382466
684.8510610764379,0.0036868438173965623,0.007130342207907137,-0.0024350148875094267,-0.003037813577787978,-0.003037813577787978,-0.002912346871145564,0.004979954697067855,-0.0016156914638696604
683.9508929226104,0.003846334290928139,0.007648420517989418,-0.0024314444558917944,-0.003037813577787978,-0.003037813577787978,-0.002910699260941349,0.005127950634395076,-0.001250827132936448
683.0507247687838,0.004095087134858826,0.008250819886320346,-0.002427842228429817,-0.003037813577787978,-0.003037813577787978,-0.0029090190647514304,0.005280048644167427,-0.0008058081980297665
682.1505566149563,0.004435548506265276,0.00895165663533148,-0.002424207826707465,-0.003037813577787978,-0.003037813577787978,-0.002907305419808396,0.005436400435076686,-0.00026667128659327733
681.2503884611297,0.004873603287959889,0.00976658270829651,-0.0024205408666659826,-0.003037813577787978,-0.003037813577787978,-0.0029055574346767542,0.005597164731038598,0.00038207554523671337
680.3502203073022,0.005424946794406365,0.01071274059206756,-0.002416840958502653,-0.003037813577787978,-0.003037813577787978,-0.0029037741881053018,0.005762507660339292,0.001157407344972289
679.4500521534756,0.006115664486863756,0.011808658084001016,-0.002413107706567503,-0.003037813577787978,-0.003037813577787978,-0.002901954727825718,0.0059326031699391945,0.0020776766150911083
678.549883999648,0.006982152843129407,0.013074073074571035,-0.0024093407092577682,-0.003037813577787978,-0.003037813577787978,-0.0029000980692944264,0.006107633466797168,0.003162437652962128
677.6497158458214,0.008070233442704595,0.014529679508742212,-0.0024055395589101963,-0.003037813577787978,-0.003037813577787978,-0.002898203194374721,0.006287789488222359,0.004432192040440836
676.7495476919939,0.009433332970882351,0.016196787372048365,-0.00240170384169101,-0.003037813577787978,-0.003037813577787978,-0.002896269049955831,0.0064732714034420775,0.005908048126889196
675.8493795381673,0.011129804831568607,0.018096891974787158,-0.0023978331374835955,-0.003037813577787978,-0.003037813577787978,-0.002894294546505534,0.006664289148750141,0.007611289776662214
674.9492113843398,0.013219363125045966,0.020251150996367775,-0.0023939270197737353,-0.003037813577787978,-0.003037813577787978,-0.0028922785565525786,0.0068610629988178715,0.009562852840512285
674.0490432305132,0.015758878423012143,0.022679771671099525,-0.002389985055532457,-0.003037813577787978,-0.003037813577787978,-0.0028902199130950838,0.007063824176966943,0.011782711729396189
673.1488750766857,0.018797736606981655,0.02540131506290226,-0.0023860068050963047,-0.003037813577787978,-0.003037813577787978,-0.0028881174079306974,0.007272815507469735,0.014289183035095594
672.2487069228591,0.02237319082579557,0.028431929446344394,-0.002381991822045107,-0.003037813577787978,-0.003037813577787978,-0.0028859697899041785,0.007488292113215401,0.017098158211714346
671.3485387690316,0.026506029974159483,0.03178453018309619,-0.002377939653077041,-0.003037813577787978,-0.003037813577787978,-0.0028837757630676398,0.007710522162414133,0.020222282703462807
670.448370615205,0.031197052235535812,0.03546794889679686,-0.0023738498378810644,-0.003037813577787978,-0.003037813577787978,-0.0028815339847485374,0.007939787668364603,0.02367010431769792
669.5482024613775,0.03642467397220251,0.039486079899100725,-0.0023697219090065137,-0.003037813577787978,-0.003037813577787978,-0.0028792430635200227,0.008176385346743713,0.02744521879151961
668.6480343075509,0.04214404381041865,0.04383705636288056,-0.0023655553917299337,-0.003037813577787978,-0.003037813577787978,-0.0028769015570680656,0.00842062753535268,0.031545445042961945
667.7478661537234,0.04828781330031923,0.048512492318191894,-0.002361349803918932,-0.003037813577787978,-0.003037813577787978,-0.0028745079699492642,0.008672843181843975,0.03596206617685218
666.8476979998968,0.05476860715611349,0.05349682881031355,-0.002357104655893124,-0.003037813577787978,-0.003037813577787978,-0.0028720607512329735,0.008933378905625993,0.04067917457844972
665.9475298460693,0.061483101904769015,0.05876682318863216,-0.0023528194502819566,-0.003037813577787978,-0.003037813577787978,-0.0028695582920208428,0.009202600140989873,0.045673160056581154
665.0473616922427,0.06831737577947754,0.0642912192289509,-0.0023484936818794666,-0.003037813577787978,-0.003037813577787978,-0.002866998922836521,0.00948089236950715,0.050912378730795814
664.1471935384152,0.07515313248639428,0.07003063245613284,-0.0023441268374957643,-0.003037813577787978,-0.003037813577787978,-0.0028643809108776543,0.009768662451030304,0.05635703702011202
663.2470253845886,0.08187424837329738,0.07593767956117695,-0.0023397183958052937,-0.003037813577787978,-0.003037813577787978,-0.0028617024571219282,0.010066340064202019,0.06195931961653823
662.3468572307611,0.08837306500524642,0.08195737325839203,-0.0023352678271916488,-0.003037813577787978,-0.003037813577787978,-0.0028589616932781737,0.010374379269412426,0.0676637827760855
661.4466890769345,0.09455585259276489,0.08802779450037371,-0.0023307745935890016,-0.003037813577787978,-0.003037813577787978,-0.0028561566785731086,0.010693260209698156,0.07340802482947373
660.546520923107,0.10034695916966639,0.09408104299874444,-0.002326238148319908,-0.003037813577787978,-0.003037813577787978,-0.0028532853963634626,0.011023490968397666,0.07912363484166621
659.6463527692804,0.10569126019057727,0.10004445495200757,-0.002321657935929548,-0.003037813577787978,-0.003037813577787978,-0.002850345750562691,0.011365609606606803,0.08473740829852908
658.7461846154529,0.11055475544831043,0.10584206433715973,-0.0023170333920161587,-0.003037813577787978,-0.003037813577787978,-0.0028473355618705443,0.01172018640897552,0.09017280614870699
657.8460164616263,0.11492325138306314,0.11139627173606859,-0.0023123639430577127,-0.003037813577787978,-0.003037813577787978,-0.0028442525637931123,0.01208782637342013,0.09535162113613535
656.9458483077988,0.11879945218535898,0.11662967314482102,-0.0023076490062345924,-0.003037813577787978,-0.003037813577787978,-0.002841094398439888,0.01246917198941669,0.10019580382671488
656.0456801539722,0.12219863343525465,0.12146699125422994,-0.002302887989248309,-0.003037813577787978,-0.003037813577787978,-0.002837858612083629,0.01286490636113928,0.10462939076105866
655.1455120001447,0.12514365345569994,0.12583704394722967,-0.002298080290136011,-0.003037813577787978,-0.003037813577787978,-0.0028345426504675455,0.013275756746552535,0.10858046940791674
654.2453438463181,0.12765967738865996,0.1296746797904703,-0.0022932252970808238,-0.003037813577787978,-0.003037813577787978,-0.002831143853843442,0.013702498602344251,0.11198310960568636
653.3451756924906,0.12976931584497542,0.13292260852395357,-0.002288322388217761,-0.003037813577787978,-0.003037813577787978,-0.002827659451723001,0.014145960248300546,0.11477918938222986
652.445007538664,0.13148867871284803,0.13553305621862985,-0.0022833709314352387,-0.003037813577787978,-0.003037813577787978,-0.0028240865573233094,0.014607028294334502,0.11692004467968997
651.5448393848365,0.13282473633579023,0.13746917992653937,-0.002278370284171928,-0.003037813577787978,-0.003037813577787978,-0.002820422161686073,0.015086654010171372,0.11836787762886206
650.6446712310099,0.1337742684563846,0.13870618512918323,-0.002273319793208977,-0.003037813577787978,-0.003037813577787978,-0.0028166631274486663,0.015585860862865748,0.1190968664536112
649.7445030771823,0.134324449092097,0.13923210073194317,-0.0022682187944573196,-0.003037813577787978,-0.003037813577787978,-0.00281280618224324,0.01610575350238177,0.11909393147289804
648.8443349233557,0.13445487639839226,0.13904818020199522,-0.0022630666127401,-0.003037813577787978,-0.003037813577787978,-0.002808847911698556,0.016647528541708277,0.11835912545136167
647.9441667695282,0.13414086861596244,0.13816891299816073,-0.0022578625615699227,-0.003037813577787978,-0.003037813577787978,-0.002804784752016988,0.017212487556897357,0.11690563202148635
647.0439986157016,0.1333574670296,0.1366216468767013,-0.0022526059429209505,-0.003037813577787978,-0.003037813577787978,-0.002800612982097262,0.01780205282507928,0.11475937224327631
646.1438304618741,0.13208370900207841,0.13444583810385613,-0.002247296046995551,-0.003037813577787978,-0.003037813577787978,-0.002796328715170907,0.01841778642593561,0.11195823570672303
645.2436623080475,0.13030668425993755,0.13169196219005488,-0.002241932151985502,-0.003037813577787978,-0.003037813577787978,-0.0027919278899181423,0.019061413454535957,0.10855096804405863
644.34349415422,0.12802485836427985,0.12842013166477612,-0.0022365135238274526,-0.003037813577787978,-0.003037813577787978,-0.0027874062610259045,0.019734850230626873,0.10459576048563868
643.4433260003934,0.12525037952978554,0.12469847892685165,-0.002231039415952641,-0.003037813577787978,-0.003037813577787978,-0.0027827593891480004,0.020440238539841452,0.1001585984587469
642.5431578465659,0.12201014344273699,0.12060137077657584,-0.002225509069030551,-0.003037813577787978,-0.003037813577787978,-0.0027779826302238237,0.021179987103265636,0.09531143463920065
641.6429896927393,0.11834557651292317,0.11620752649330413,-0.0022199217107065072,-0.003037813577787978,-0.003037813577787978,-0.0027730711241088168,0.021956821638719256,0.09013025695603626
640.7428215389118,0.11431128033793203,0.11159811309728,-0.0022142765553328733,-0.003037813577787978,-0.003037813577787978,-0.002768019782465672,0.022773845043614595,0.08469312365810001
639.8426533850852,0.10997281261550707,0.10685488976746052,-0.0022085728036938504,-0.003037813577787978,-0.003037813577787978,-0.0027628232758613383,0.023634609386191736,0.07907823572746005
638.9424852312577,0.10540387629919905,0.10205846851172709,-0.0022028096427235177,-0.003037813577787978,-0.003037813577787978,-0.0027574760200099564,0.02454320152776627,0.07336211191333036
638.0423170774311,0.10068340382041603,0.09728675050832768,-0.0021969862452171163,-0.003037813577787978,-0.003037813577787978,-0.0027519721610970976,0.02550434429845135,0.06761792388282661
637.1421489236036,0.09589279096987251,0.09261358759683117,-0.002191101769535197,-0.003037813577787978,-0.003037813577787978,-0.0027463055601148166,0.026523515195027148,0.06191403899809011
636.241980769777,0.09111365888749323,0.08810770682681793,-0.00218515535930062,-0.003037813577787978,-0.003037813577787978,-0.00274046977613129,0.0276070845411527,0.056312806687733204
635.3418126159495,0.08642623189214377,0.08383192344932529,-0.0021791461430880257,-0.003037813577787978,-0.003037813577787978,-0.002734458048411813,0.028762474923591963,0.05086961198386924
634.4416444621229,0.08190846704880285,0.07984265493680923,-0.002173073234105741,-0.003037813577787978,-0.003037813577787978,-0.0027282632773009954,0.029998343467594564,0.04563220724725747
633.5414763082954,0.07763571872508145,0.07618973617182997,-0.002166935729869729,-0.003037813577787978,-0.003037813577787978,-0.0027218780037675926,0.03132478811339283,0.04064032105871054
632.6413081544688,0.073680883089953,0.07291652440344215,-0.0021607327118695397,-0.003037813577787978,-0.003037813577787978,-0.002715294387505022,0.03275357847695432,0.035925532292498466
631.7411400006413,0.07011464066519357,0.07006027237268511,-0.0021544632452258506,-0.003037813577787978,-0.003037813577787978,-0.0027085041834705005,0.034298411097172105,0.03151138797084543
630.8409718468147,0.06700556986009841,0.06765273947007265,-0.002148126378339539,-0.003037813577787978,-0.003037813577787978,-0.002701498716735529,0.03597518786762558,0.027413735964158217
629.9408036929872,0.06441987345602827,0.06572100408987225,-0.0021417211425318597,-0.003037813577787978,-0.003037813577787978,-0.0026942688555082568,0.03780231521028423,0.0236412381442642
629.0406355391606,0.06242052365558867,0.0642884355437833,-0.0021352465516756634,-0.003037813577787978,-0.003037813577787978,-0.0026868049821757805,0.03980102006631085,0.020196026277959963
628.1404673853331,0.06106586698179363,0.06337578093034868,-0.0021287016018171987,-0.003037813577787978,-0.003037813577787978,-0.002679096962199665,0.041995677064042565,0.017074461696959045
627.2402992315065,0.06040771999122748,0.06300232107469467,-0.0021220852707884283,-0.003037813577787978,-0.003037813577787978,-0.0026711341106826414,0.044414139299668316,0.014267960423133493
626.340131077679,0.06048927404245607,0.06318704983665438,-0.00211539651780938,-0.003037813577787978,-0.003037813577787978,-0.0026629051564064457,0.04708806307467683,0.011763847702829454
625.4399629238524,0.06134313424183022,0.06394983247732786,-0.0021086342830804444,-0.003037813577787978,-0.003037813577787978,-0.002654398203121802,0.05005321473796638,0.00954620949219979
624.5397947700249,0.06298990714041972,0.06531250110722481,-0.002101797487364124,-0.003037813577787978,-0.003037813577787978,-0.0026456006878493466,0.053349745564580796,0.007596712984493553
623.6396266161983,0.0654378171242889,0.0672998482619186,-0.0020948850315561283,-0.003037813577787978,-0.003037813577787978,-0.0026364993359265215,0.0570224184730275,0.005895373423009814
622.7394584623707,0.06868359921022292,0.06994048314863363,-0.002087895796245285,-0.003037813577787978,-0.003037813577787978,-0.0026270801125074426,0.06112076846621944,0.0044212498578029835
621.8392903085442,0.07271494004213552,0.0732675189157675,-0.0020808286412621673,-0.003037813577787978,-0.003037813577787978,-0.0026173281701919594,0.06569917711973848,0.003153057874119195
620.9391221547166,0.07751444128481341,0.07731906331296928,-0.0020736824052158633,-0.003037813577787978,-0.003037813577787978,-0.002607227792423091,0.07081684039035341,0.002069692386890903
620.03895400089,0.08306486802422638,0.08213848928658472,-0.002066455905018772,-0.003037813577787978,-0.003037813577787978,-0.0025967623322493754,0.07653760863363135,0.0011506581568575896
619.1387858470625,0.08935526243999589,0.08777446640165365,-0.0020591479353988342,-0.003037813577787978,-0.003037813577787978,-0.002585914145995132,0.08292967815235518,0.00037640959732850943
618.2386176932359,0.09638728110685105,0.09428073854145175,-0.0020517572683990517,-0.003037813577787978,-0.003037813577787978,-0.0025746645213151546,0.09006511497482196,-0.0002713953770199459
617.3384495394084,0.10418096806294741,0.10171563817320194,-0.0020442826528636816,-0.003037813577787978,-0.003037813577787978,-0.0025629935990210484,0.0980191939784312,-0.0008097202867084694
616.4382813855818,0.11277920330649151,0.11014133264098824,-0.0020367228139109364,-0.003037813577787978,-0.003037813577787978,-0.0025508802879449536,0.10686953996934498,-0.0012540449598647733
615.5381132317543,0.12225004401921588,0.1196228034821397,-0.0020290764523915403,-0.003037813577787978,-0.003037813577787978,-0.0025383021719307675,0.11669506187786319,-0.0016183205047650996
614.6379450779277,0.13268642524758056,0.13022656562870766,-0.002021342244332954,-0.003037813577787978,-0.003037813577787978,-0.0025252354077850165,0.12757467671750405,-0.0019149741700423477
613.7377769241002,0.14420280718818637,0.1420191394394167,-0.0020135188403685856,-0.003037813577787978,-0.003037813577787978,-0.002511654612626788,0.1395858261735239,-0.0021549540144758014
612.8376087702736,0.15692889293345422,0.15506529459120091,-0.002005604865151775,-0.003037813577787978,-0.003037813577787978,-0.0024975327384735677,0.1528027953083736,-0.002347803846911258
611.9374406164461,0.17100058525942272,0.16942609061264136,-0.0019975989167538262,-0.003037813577787978,-0.003037813577787978,-0.0024828409309619534,0.1672948494597226,-0.0025017597327293903
611.0372724626195,0.18654901160313966,0.1851567438084135,-0.001989499566045854,-0.003037813577787978,-0.003037813577787978,-0.0024675483676432,0.18312421140387575,-0.002623860395137157
610.137104308792,0.20368843777600923,0.20230435394300975,-0.001981305356063681,-0.003037813577787978,-0.003037813577787978,-0.0024516220690207475,0.20034390561169305,-0.0027200649769627966
609.2369361549654,0.22250426424784187,0.22090552567301064,-0.0019730148013555274,-0.003037813577787978,-0.003037813577787978,-0.0024350266719768534,0.21899549920767616,-0.0027953727946970573
608.3367680011379,0.2430422816341252,0.24098391866604393,-0.001964626387311666,-0.003037813577787978,-0.003037813577787978,-0.0024177241498128145,0.2391067693194559,-0.0028539408496514158
607.4365998473113,0.2653002828887767,0.2625477559966141,-0.001956138569475777,-0.003037813577787978,-0.003037813577787978,-0.002399673454846335,0.26068932320262106,-0.0028991959150487957
606.5364316934838,0.2892229697239018,0.2855873123386504,-0.001947549772837124,-0.003037813577787978,-0.003037813577787978,-0.0023808300469733814,0.28373619038617054,-0.002933938961073571
605.6362635396572,0.3147006710436743,0.3100723916358445,-0.0019388583911032415,-0.003037813577787978,-0.003037813577787978,-0.002361145252820529,0.3082193950402855,-0.002960440493881172
604.7360953858297,0.34157204713485967,0.33594978895491434,-0.0019300627859522182,-0.003037813577787978,-0.003037813577787978,-0.0023405653722713567,0.3340875024417148,-0.0029805260619408034
603.8359272320031,0.36963051814008935,0.3631407147797638,-0.0019211612862642183,-0.003037813577787978,-0.003037813577787978,-0.002319030408348925,0.36126311746635426,-0.0029956517253412643
602.9357590781756,0.39863360142819243,0.3915381452857768,-0.0019121521873312853,-0.003037813577787978,-0.003037813577787978,-0.002296472237343578,0.38964029867606487,-0.003006969698977139
602.035590924349,0.42831414465025097,0.4210040543976983,-0.0019030337500450204,-0.003037813577787978,-0.0030378135777879775,-0.002272811951551883,0.4190818440474444,-0.0030153846815131687
601.1354227705215,0.45839209550522475,0.45136649051773237,-0.0018938042000611255,-0.003037813577787978,-0.003037813577787977,-0.0022479559876338387,0.44941641155611345,-0.0030216015840500783
600.2352546166949,0.48858536150762005,0.4824164933241871,-0.001884461726940361,-0.003037813577787978,-0.0030378135777879766,-0.0022217904872959726,0.4804354702970063,-0.003026165491946766
599.3350864628674,0.5186185125955424,0.5139049168966447,-0.0018750044832648455,-0.003037813577787978,-0.003037813577787975,-0.00219417310851416,0.5118901485017212,-0.0030294947466613146
598.4349183090408,0.5482282256364256,0.5455393478893472,-0.0018654305837292,-0.003037813577787978,-0.003037813577787972,-0.0021649211961272535,0.5434881669729654,-0.0030319080371257376
597.5347501552133,0.5771648825141806,0.5769814909931539,-0.001855738104205399,-0.003037813577787978,-0.003037813577787966,-0.0021337948081082405,0.5748912295279551,-0.0030336463558515905
596.6345820013867,0.6051901704181384,0.6078456367826903,-0.0018459250807807762,-0.003037813577787978,-0.0030378135777879532,-0.0021004725526537135,0.605713484298293,-0.0030348906155320344
595.7344138475592,0.6320711831984541,0.6376991060060129,-0.0018359895087679801,-0.003037813577787978,-0.0030378135777879276,-0.0020645174935145067,0.6355219479220997,-0.0030357756471683763
594.8342456937326,0.657572019797076,0.6660658231805304,-0.0018259293416862654,-0.003037813577787978,-0.0030378135777878765,-0.0020253294981095126,0.663840042505456,-0.00303640121849394
593.934077539905,0.6814443058191288,0.6924343146182328,-0.0018157424902128442,-0.003037813577787978,-0.0030378135777877754,-0.0019820793083498503,0.6901555363110451,-0.003036840627613807
593.0339093860784,0.7034184066339353,0.7162713217125851,-0.001805426821103616,-0.003037813577787978,-0.0030378135777875763,-0.0019336182873877386,0.7139340734333008,-0.0030371473455886437
592.1337412322509,0.7231971175971281,0.73704173705541,-0.0017949801560819194,-0.003037813577787978,-0.0030378135777871865,-0.001878356228248246,0.7346389928124026,-0.0030373601060271387
591.2335730784243,0.7404535894617364,0.7542346347084345,-0.001784400270694558,-0.003037813577787978,-0.003037813577786429,-0.001814097813526187,0.7517571988306271,-0.003037506771337324
590.3334049245968,0.7548347326994624,0.7673938396290613,-0.0017736848931336517,-0.003037813577787978,-0.0030378135777849656,-0.001737826328768973,0.7648295173625543,-0.0030376072449574184
589.4332367707702,0.765970960843636,0.7761500230707459,-0.0017628317030234937,-0.003037813577787978,-0.0030378135777821597,-0.0016454211351090756,0.7734825108223249,-0.0030376756468161936
588.5330686169427,0.773492281454964,0.7802501580047858,-0.0017518383301708645,-0.003037813577787978,-0.0030378135777768146,-0.001531293329684625,0.777457570856438,-0.003037721925171762
587.6329004631161,0.7770500672635569,0.7795798082774619,-0.0017407023532779041,-0.003037813577787978,-0.0030378135777667016,-0.001387922158852399,0.7766327450974616,-0.0030377530412546484
586.7327323092886,0.7763430728212688,0.7741744765357161,-0.0017294212986158925,-0.003037813577787978,-0.0030378135777476977,-0.0012052733654890411,0.7710335042994486,-0.003037773833031689
585.832564155462,0.7711456220754371,0.7642180488545597,-0.0017179926386589404,-0.003037813577787978,-0.0030378135777122273,-0.0009700800933998845,0.7608304684932503,-0.0030377876400714343
584.9323960016345,0.7613353710475467,0.7500287789058495,-0.0017064137906758392,-0.003037813577787978,-0.0030378135776464705,-0.0006649676638516718,0.7463245163789552,-0.003037796752083696
584.0322278478079,0.7469179792711995,0.7320355286394753,-0.0016946821152789675,-0.003037813577787978,-0.0030378135775253937,-0.0002674059765856488,0.7279219787261351,-0.0030378027284216316
583.1320596939804,0.728045966876415,0.7107484590044578,-0.001682794914928377,-0.003037813577787978,-0.0030378135773039675,0.00025152198582959135,0.70610409782365,-0.0030378066239413653
582.2318915401538,0.7050294246978988,0.686728709362223,-0.001670749432389861,-0.003037813577787978,-0.003037813576901764,0.0009285394993107155,0.6813952877085163,-0.0030378091474643695
581.3317233863263,0.6783370223257092,0.6605609100138528,-0.0016585428491449829,-0.003037813577787978,-0.0030378135761761475,0.0018097763007643157,0.6543340465993832,-0.003037810772125633
580.4315552324997,0.648586354213897,0.6328310416536207,-0.001646172283751752,-0.003037813577787978,-0.0030378135748759375,0.0029525279677908227,0.6254490570449542,-0.0030378118116486255
579.5313870786722,0.6165238681187819,0.6041106800207228,-0.0016336347901537878,-0.003037813577787978,-0.0030378135725619396,0.004427134119105022,0.595241552425863,-0.0030378124726814565
578.6312189248456,0.5829954836904653,0.5749474282361763,-0.0016209273559365238,-0.003037813577787978,-0.003037813568471646,0.006318912521862844,0.5641738152180156,-0.003037812890445908
577.7310507710181,0.5489099517233699,0.5458605320202288,-0.0016080469005281376,-0.003037813577787978,-0.003037813561290616,0.008730060235525115,0.5326628910882149,-0.00303781315284435
576.8308826171915,0.5151977769517152,0.5173403025177861,-0.0015949902733436163,-0.003037813577787978,-0.0030378135487690587,0.011781404543032312,0.501078260802359,-0.0030378133166444137
575.930714463364,0.48276894873046916,0.48984993685822464,-0.0015817542518694742,-0.003037813577787978,-0.0030378135270836375,0.015613857161988026,0.46974220658230514,-0.003037813418267316
575.0305463095374,0.4524729166072867,0.46382849299793577,-0.0015683355396873772,-0.003037813577787978,-0.003037813489783206,0.020389397235301164,0.43893180396188136,-0.003037813480928044
574.1303781557099,0.4250640035192872,0.43969402499851473,-0.001554730764434003,-0.003037813577787978,-0.0030378134260604156,0.026291384600899623,0.4088817437962853,-0.0030378135193276823
573.2302100018833,0.4011749848883142,0.41784613843382906,-0.0015409364756952234,-0.003037813577787978,-0.003037813317939656,0.03352398805561363,0.37978745940341385,-0.003037813542715419
572.3300418480558,0.38130070177683395,0.39866744285799094,-0.0015269491428317355,-0.003037813577787978,-0.0030378131357368227,0.04231050730589457,0.35180825707638574,-0.0030378135568727063
571.4298736942292,0.3657925940193073,0.3825235482539803,-0.0015127651527340376,-0.003037813577787978,-0.003037812830785024,0.05289037564605605,0.3250703098456814,-0.003037813565390048
570.5297055404017,0.3548639297000466,0.3697613815730058,-0.0014983808075036585,-0.003037813577787978,-0.003037812323869549,0.06551465645456196,0.2996694775091481,-0.003037813570482907
569.6295373865751,0.34860443909010136,0.3607057019122204,-0.0014837923220583319,-0.003037813577787978,-0.0030378114869834692,0.08043989298800658,0.2756739719956132,-0.0030378135735094993
568.7293692327476,0.347002078908393,0.355653783542517,-0.001468995821657777,-0.003037813577787978,-0.003037810114769991,0.09792023918173093,0.253126909561359,-0.003037813575297149
567.829201078921,0.34996906617628476,0.35486832705592164,-0.0014539873393475604,-0.003037813577787978,-0.0030378078801710944,0.11819788914479601,0.23204879239583898,-0.0030378135763465667
566.9290329250935,0.35736874466007307,0.3585687579609028,-0.0014387628133174252,-0.003037813577787978,-0.003037804266089259,0.14149193270302246,0.21243995160309398,-0.00303781357695885
566.0288647712669,0.3690400653642071,0.3669211817086651,-0.0014233180841713208,-0.003037813577787978,-0.003037798460921916,0.16798588937598297,0.1942829681439374,-0.0030378135773139053
565.1286966174393,0.38481660187610234,0.3800273822092729,-0.001407648892105234,-0.003037813577787978,-0.0030377892001405777,0.1978143069076824,0.17754507266020292,-0.0030378135775185407
564.2285284636127,0.4045378608322304,0.3979133711181584,-0.0013917508739897644,-0.003037813577787978,-0.0030377745279718147,0.23104894401062895,0.16218051177597487,-0.003037813577635762
563.3283603097852,0.42805148036308616,0.4205181080868424,-0.0013756195603532523,-0.0030378135777879775,-0.0030377514417764258,0.2676851796196374,0.14813285873588525,-0.0030378135777025003
562.4281921559586,0.4552060877273776,0.44768310626586205,-0.0013592503722620753,-0.0030378135777879775,-0.003037715365703491,0.30762939082155394,0.135337240448862,-0.0030378135777402652
561.5280240021311,0.485835703770495,0.47914370036129167,-0.0013426386180935917,-0.003037813577787977,-0.0030376593780409365,0.35068810669743156,0.1237224509266042,-0.0030378135777615048
560.6278558483045,0.5197375744109758,0.514522774899362,-0.0013257794901980107,-0.0030378135777879766,-0.0030375730863769755,0.39655976455045694,0.11321292219210147,-0.0030378135777733776
559.727687694477,0.5566463500935845,0.5533277187057959,-0.0013086680614442766,-0.003037813577787976,-0.0030374410036920836,0.44482985976163936,0.10373052727592097,-0.003037813577779974
558.8275195406504,0.5962078317462014,0.5949512823933343,-0.0012912992816458922,-0.003037813577787975,-0.003037240223692927,0.4949701859875931,0.09519619517771172,-0.0030378135777836164
557.9273513868229,0.6379560195648322,0.6386768685661953,-0.001273667973861342,-0.0030378135777879736,-0.0030369371213049196,0.5463427089891932,0.08753132393880197,-0.0030378135777856152
557.0271832329963,0.6812966934852698,0.6836885855791207,-0.0012557688305646372,-0.003037813577787971,-0.003036482709816324,0.5982084117574437,0.08065898462869275,-0.003037813577786706
556.1270150791688,0.725500520249616,0.7290861580926411,-0.0012375964096801766,-0.003037813577787967,-0.003035806164632445,0.6497412043587799,0.07450491557480918,-0.003037813577787297
555.2268469253422,0.7697075517893728,0.773904530746657,-0.0012191451304770092,-0.003037813577787961,-0.003034805869344463,0.7000467288495281,0.06899831216358611,-0.003037813577787616
554.3266787715147,0.8129441229757682,0.8171377482625213,-0.00120040926931617,-0.003037813577787952,-0.003033337146931606,0.7481856312197979,0.06407242272560695,-0.0030378135777877863
553.4265106176881,0.8541517204017965,0.857766467801543,-0.0011813829552456872,-0.003037813577787938,-0.0030311956015566547,0.793200640411364,0.059664965213617284,-0.0030378135777878773
552.5263424638606,0.8922264184940195,0.8947882690539629,-0.0011620601654363726,-0.003037813577787917,-0.0030280947093766506,0.8341466006886086,0.05571838250680339,-0.0030378135777879255
551.626174310034,0.9260662458523037,0.9272497664151905,-0.0011424347204524376,-0.0030378135777878847,-0.0030236359562925835,0.870122440130999,0.05217995622757244,-0.0030378135777879506
550.7260061562065,0.954623122222013,0.9542793644366571,-0.0011225002793494342,-0.0030378135777878357,-0.0030172694252989757,0.9003038934100097,0.049001799997931604,-0.0030378135777879636
549.8258380023799,0.9769554302284811,0.9751192898496596,-0.0011022503345929557,-0.0030378135777877615,-0.0030082422885679837,0.9239755885396578,0.04614075319979861,-0.0030378135777879706
548.9256698485524,0.9922771827902074,0.9891552625838528,-0.0010816782067899077,-0.003037813577787649,-0.0029955321675215947,0.9405608365514027,0.04355819567339732,-0.003037813577787974
548.0255016947258,1.0,0.9959418895185301,-0.0010607770392251103,-0.0030378135777874805,-0.0029777618030706328,0.9496471850829188,0.041219802544542626,-0.003037813577787976
547.1253335408983,0.9997646253301798,0.995221730004748,-0.0010395397921942945,-0.0030378135777872272,-0.002953090952338297,0.9510056633445851,0.03909525667133071,-0.003037813577787977
546.2251653870717,0.9914597104675157,0.9869361877012183,-0.0010179592371254895,-0.0030378135777868478,-0.0029190809332212157,0.9446018529426672,0.03715793419553271,-0.0030378135777879775
545.3249972332442,0.9752265390455257,0.9712270398359811,-0.000996027950479041,-0.0030378135777862805,-0.0028725268228640723,0.9305975773648074,0.03538457651115126,-0.0030378135777879775
544.4248290794176,0.951449610143888,0.9484284268764818,-0.0009737383074174192,-0.0030378135777854357,-0.002809252043845883,0.9093430167517307,0.03375495974264783,-0.003037813577787978
543.5246609255901,0.9207341171291948,0.9190501984644753,-0.0009510824752341244,-0.0030378135777841798,-0.0027238600210249555,0.881360129570788,0.032251570656578694,-0.003037813577787978
542.6244927717635,0.8838723052541457,0.8837543146050082,-0.00092805240653193,-0.003037813577782318,-0.0026094378555751594,0.8473190682435259,0.03085929589021983,-0.003037813577787978
541.724324617936,0.8418015739066615,0.8433263594200953,-0.0009046398321387373,-0.0030378135777795663,-0.0024572076461633627,0.8080096366408714,0.029565129524153584,-0.003037813577787978
540.8241564641094,0.7955575902123593,0.7986441861887589,-0.0008808362537502446,-0.0030378135777755083,-0.0022561223041050378,0.7643098016244878,0.028357902388749898,-0.003037813577787978
539.9239883102819,0.7462258733587979,0.7506454600682363,-0.0008566329362865817,-0.0030378135777695413,-0.001992404574921649,0.7171530217513385,0.02722803509472363,-0.003037813577787978
539.0238201564553,0.6948952488021025,0.7002955765850832,-0.0008320208999509338,-0.0030378135777607896,-0.0016490306006736628,0.6674958717329073,0.02616731561940943,-0.003037813577787978
538.1236520026278,0.6426160210452216,0.6485571987209094,-0.0008069909119760516,-0.003037813577747987,-0.001205162823780128,0.6162872103685447,0.025168701354716983,-0.003037813577787978
537.2234838488012,0.5903651872888382,0.5963624750240939,-0.000781533478045388,-0.0030378135777293087,-0.0006355413978222368,0.5644399643528574,0.024226144813681585,-0.003037813577787978
536.3233156949746,0.5390201128591162,0.5445888361247677,-0.0007556388333733607,-0.003037813577702129,9.015146246472983e-05,0.5128064410847576,0.02333444167746897,-0.003037813577787978
535.423147541147,0.48934139778682684,0.49403907950186904,-0.0007292969334298633,-0.0030378135776626845,0.0010079336554798704,0.4621579025280974,0.022489099518232403,-0.003037813577787978
534.5229793873204,0.44196464382016853,0.4454262262503176,-0.0007024974442925089,-0.0030378135776055895,0.0021601445622450367,0.4131689130706522,0.021686225328166563,-0.003037813577787978
533.6228112334929,0.3974003219675982,0.3993633749657943,-0.0006752297326091806,-0.0030378135775231655,0.003596011050324067,0.36640672301948,0.0209224298949707,-0.003037813577787978
532.7226430796663,0.35604028182158476,0.3563585063890033,-0.0006474828551535634,-0.0030378135774044896,0.005372116239859495,0.3223256852069217,0.02019474706362827,-0.003037813577787978
531.8224749258388,0.31816912567294886,0.31681393225926935,-0.000619245547953839,-0.003037813577234068,0.007552722241408783,0.28126644884076507,0.01950056599113147,-0.003037813577787978
530.9223067720122,0.28397859473563913,0.28102985500384164,-0.0005905062149754886,-0.003037813576989986,0.010209892132135776,0.24345945373765585,0.018837574614863562,-0.003037813577787978
530.0221386181847,0.25358314576581037,0.24921132797115636,-0.0005612529163362776,-0.003037813576641328,0.013423352142047911,0.20903207531107734,0.018203712699856822,-0.003037813577787978
529.1219704643581,0.227035181916083,0.2214777887247744,-0.0005314733560322312,-0.003037813576144605,0.01728003310950914,0.17801865524469312,0.01759713299159706,-0.003037813577787978
528.2218023105306,0.20433872850822862,0.1978742836719824,-0.0005011548691503504,-0.0030378135754388093,0.021873231488221952,0.15037259714868229,0.017016169168515408,-0.003037813577787978
527.321634156704,0.18546082262951677,0.17838350857332397,-0.00047028440854446135,-0.0030378135744385925,0.027301335259210576,0.12597970753207435,0.01645930945387019,-0.003037813577787978
526.4214660028765,0.17034025358567279,0.1629378493869986,-0.00043884853094735025,-0.003037813573024887,0.0336660696285726,0.1046720126468294,0.015925174904416924,-0.003037813577787978
525.5212978490499,0.1588937350609278,0.15143071151787002,-0.00040683338249287515,-0.003037813571032043,0.0410702317984012,0.08624137082243251,0.015412501539409335,-0.003037813577787978
524.6211296952224,0.15101982722641188,0.14372656118815072,-0.0003742246836182595,-0.0030378135682302453,0.04961490355009293,0.07045231597310399,0.014920125605650394,-0.003037813577787978
523.7209615413958,0.14660114722668224,0.13966925811932399,-0.00034100771331723205,-0.0030378135643015446,0.0593961547071215,0.057053698987025586,0.014446971391643793,-0.003037813577787978
522.8207933875683,0.14550542883707868,0.13908842224175125,-0.0003071672927109151,-0.0030378135588072794,0.07050127918975722,0.0457888284862125,0.013992041106147806,-0.003037813577787978
521.9206252337417,0.14758594735879949,0.14180373815556757,-0.0002726877679036974,-0.003037813551143937,0.08300463734450303,0.03640394139464943,0.013554406424310831,-0.003037813577787978
521.0204570799142,0.1526818172174768,0.14762725064933716,-0.00023755299208728063,-0.003037813540483511,0.0969632120977097,0.028654949394094333,0.013133201378951992,-0.003037813577787978
520.1202889260876,0.16061823795506278,0.15636383576346438,-0.00020174630685625703,-0.0030378135256931738,0.11241202040058286,0.022312504547440076,0.012727616336838974,-0.003037813577787978
519.2201207722601,0.17120689160133762,0.16781013964896538,-0.00016525052269423255,-0.0030378135052273863,0.12935955321731124,0.017165503297138132,0.012336892851285728,-0.003037813577787978
518.3199526184335,0.1842463125218504,0.18175235866068779,-0.00012804789858947329,-0.0030378134769834465,0.14778344453573855,0.013023201964793861,0.011960319224576363,-0.003037813577787978
517.419784464606,0.19952203707731797,0.1979632872295991,-9.012012073434349e-05,-0.003037813438108654,0.16762659005041688,0.009716149778998517,0.011597226647874789,-0.003037813577787978
516.5196163107794,0.2168063369890635,0.21619908496904516,-5.144828026258782e-05,-0.0030378133847436583,0.1887939468725787,0.007096159636544747,0.01124698581377605,-0.003037813577787978
515.6194481569519,0.23585733170395878,0.23619621222494114,-1.2012849973356502e-05,-0.0030378133116819193,0.21115024476291838,0.005035535393991939,0.010909003918534181,-0.003037813577787978
514.7192800031253,0.25641744191396604,0.2576689558423604,2.8206340009594502e-05,-0.0030378132119192164,0.23451882536656643,0.003425761048184688,0.01058272198836699,-0.003037813577787978
513.8191118492978,0.2782112805627652,0.2803079170157127,6.92301277006673e-05,-0.0030378130760595253,0.2586817978782428,0.0021758352968178816,0.010267612477859024,-0.003037813577787978
512.9189436954712,0.30094329269982595,0.30377976406195895,0.00011108004589510494,-0.0030378128915338615,0.283381657463505,0.001210408033755253,0.009963177099185472,-0.003037813577787978
512.0187755416437,0.324295593160123,0.3277284686988063,0.00015377835005563403,-0.0030378126415763576,0.30832445758722793,0.0004678462427650321,0.009668944849182114,-0.003037813577787978
511.11860738781706,0.34792656458240784,0.3517781492694544,0.0001973480475082113,-0.003037812303886256,0.33318456114511374,-0.00010167213820930438,0.00938447020777613,-0.003037813577787978
510.21843923398956,0.3714709313787967,0.37553754307499077,0.0002418129280187917,-0.003037811848884872,0.3576109209497959,-0.000537964751384117,0.009109331486293148,-0.003037813577787978
509.31827108016296,0.3945417379911969,0.39860602756598784,0.000287197595824486,-0.0030378112374519588,0.38123476153239627,-0.000872503944004086,0.008843129308071213,-0.003037813577787978
508.41810292633545,0.4167348937204184,0.42058101176273827,0.00033352750319991546,-0.003037810417995133,0.4036784558926474,-0.0011299007330894612,0.008585485206823666,-0.003037813577787978
507.51793477250885,0.4376363254133218,0.4410664300035483,0.0003808289856415607,-0.003037809322667722,0.42456531763461347,-0.0013292019357666641,0.008336040330575735,-0.003037813577787978
506.61776661868134,0.4568318360607133,0.45968199476294347,0.0004291292987610579,-0.003037807862502899,0.44352996577644227,-0.0014850010017480211,0.008094454240839185,-0.003037813577787978
505.71759846485475,0.47391924441090993,0.47607280806146485,0.0004784566569809778,-0.003037805921173331,0.46022887099224385,-0.0016083717759144858,0.007860403798175911,-0.003037813577787978
504.81743031102724,0.4885221931995949,0.48991889530378374,0.0005288402741356409,-0.0030378033470134336,0.4743506620158437,-0.0017076400767939317,0.0076335821264598355,-0.003037813577787978
503.91726215720064,0.5003047177182298,0.5009442135234785,0.0005803104060827977,-0.003037799942853006,0.4856257622500997,-0.0017890111501151268,0.007413697649112231,-0.003037813577787978
503.01709400337313,0.50898545829631,0.5089246989780142,0.0006328983954420101,-0.0030377954531032765,0.4938349408319816,-0.0018570722988064817,0.007200473191348401,-0.003037813577787978
502.11692584954653,0.5143504535996627,0.5136949563746749,0.0006866367185796246,-0.0030377895474055726,0.4988163995661976,-0.0019151898169831438,0.0069936451431344415,-0.003037813577787978
501.216757695719,0.5162632933864701,0.5151532517961033,0.0007415590349714148,-0.003037781799994659,0.50047107578852,-0.001965818216627506,0.006792962678082187,-0.003037813577787978
500.3165895418924,0.5146718566206807,0.5132645502962683,0.0007977002390789504,-0.003037771663738412,0.49876591839124984,-0.0020107380054621617,0.006598187023988051,-0.003037813577787978
499.4164213880649,0.509610779991984,0.5080614325956881,0.0008550965148882319,-0.003037758437587392,0.49373498567265456,-0.0020512362465274995,0.006409090781108276,-0.003037813577787978
498.5162532342383,0.5011995347065196,0.4996428278107975,0.0009137853932652726,-0.003037741225895869,0.4854783140697492,-0.002088242022098868,0.006225457284625875,-0.003037813577787978
497.6160850804108,0.48963605822140777,0.4881706046194929,0.0009738058122972606,-0.0030377188877530156,0.47415861026379336,-0.0021224268880564575,0.006047080008059863,-0.003037813577787978
496.7159169265842,0.4751864380675423,0.47386416544079357,0.001035198180795414,-0.0030376899740817403,0.459995919453742,-0.002154278535467717,0.005873762004653695,-0.003037813577787978
495.8157487727567,0.4581714579856687,0.4569932811082129,0.001098004445151355,-0.003037652649814662,0.4432605138439393,-0.002184154226227969,0.005705315384013011,-0.003037813577787978
494.9155806189301,0.43895104539042795,0.4378694818501684,0.0011622681597478648,-0.003037604597933178,0.4242643223147335,-0.002212319159026668,0.0055415608214949875,-0.003037813577787978
494.0154124651026,0.4179078621633562,0.41683637990718586,0.0012280345611426035,-0.0030375429015469303,0.40335128058648206,-0.002238973748083711,0.0053823270980399626,-0.003037813577787978
493.115244311276,0.3954312566927103,0.39425933689667614,0.001295350646254289,-0.003037463899487487,0.380887018013508,-0.0022642728430784776,0.005227450668327926,-0.003037813577787978
492.2150761574485,0.37190272282862347,0.3705149036515986,0.0013642652548009238,-0.0030373630100816416,0.35724831099996396,-0.002288339159533182,0.005076775255296638,-0.003037813577787978
491.3149080036219,0.3476838548818037,0.34598045183325915,0.0014348291562527294,-0.003037234516846517,0.3328127240098066,-0.0023112725963245007,0.004930151469218932,-0.003037813577787978
490.4147398497944,0.32310736633935827,0.3210243867405168,0.0015070951415853185,-0.0030370713088011194,0.3079488288095133,-0.0023331566625965756,0.004787436449664031,-0.003037813577787978
489.5145716959678,0.2984715455861317,0.2959972823033172,0.001581118120134293,-0.0030368645669085026,0.28300734380378556,-0.002354062893649502,0.0046484935288034525,-0.003037813577787978
488.6144035421403,0.27403802477550115,0.27122421616629827,0.0016569552218785974,-0.0030366033868420485,0.25831347198642646,-0.0023740538809444373,0.004513191914627811,-0.003037813577787978
487.7142353883137,0.2500325384477104,0.2469985096489763,0.0017346659054986381,-0.0030362743268033607,0.23416064272162254,-0.0023931853552494483,0.004381406392756032,-0.003037813577787978
486.8140672344862,0.22664793908075279,0.22357699913452622,0.0018143120725851503,-0.0030358608675055076,0.2108057842004166,-0.002411507627728658,0.004253017045606723,-0.003037813577787978
485.9138990806596,0.20404870579480006,0.20117688698083094,0.0018959581883971626,-0.003035342769675122,0.18846617486144127,-0.0024290665982838987,0.004127908987799618,-0.003037813577787978
485.01373092683207,0.18237596568307912,0.1799741458643776,0.0019796714096018005,-0.003034695312526044,0.16731784781282458,-0.002445904473403427,0.004005972116728783,-0.003037813577787978
484.11356277300547,0.1617522777519776,0.16010338441088165,0.002065521719455459,-0.0030338883946274633,0.1474954561868393,-0.0024620602892708354,0.0038871008773333064,-0.003037813577787978
483.21339461917796,0.14228531247799672,0.1416590270074563,0.00215358207092551,-0.0030328854764493955,0.1290934523657047,-0.0024775703040293504,0.003771194040152952,-0.003037813577787978
482.31322646535136,0.12407005541338802,0.1246976188225428,0.002243928538283733,-0.0030316423416446216,0.1121683921244418,-0.0024924683015185006,0.0036581544918284667,-0.003037813577787978
481.41305831152386,0.10718923036100597,0.10924103923630536,0.0023366404777485383,-0.003030105651855117,0.09674214689634966,-0.002506785834347559,0.003547889037257924,-0.003037813577787978
480.51289015769726,0.09171204189131037,0.09528039308863036,0.0024318006977913395,-0.003028211267559764,0.08280579355915099,-0.0025205524245869495,0.00344030821268282,-0.003037813577787978
479.61272200386975,0.07769146599117363,0.08278034848692908,0.002529495639775709,-0.0030258823052678966,0.07032395046631583,-0.002533795734067371,0.003335326109020907,-0.003037813577787978
478.71255385004315,0.0651607339281111,0.07168370078804101,0.0026298155696437265,-0.003023026899282902,0.059239339313889826,-0.002546541712178261,0.0032328602048167254,-0.003037813577787978
477.81238569621564,0.05412957528329402,0.06191596266621311,0.002732854781426077,-0.003019535634398586,0.04947737272622571,-0.0025588147264090115,0.0031328312082170074,-0.003037813577787978
476.91221754238904,0.04458090824253734,0.05338980749900429,0.002838711813407222,-0.0030152786143512224,0.04095059476054256,-0.00257063767917125,0.0030351629074250644,-0.003037813577787978
476.01204938856154,0.036468737483818875,0.0460092251378933,0.0029474896778496303,-0.0030101021297499193,0.03356283336287062,-0.0025820321133475112,0.0029397820291185736,-0.003037813577787978
475.11188123473494,0.02971762434860166,0.039673283065489236,0.0030592961052467314,-0.0030038248886822038,0.02721295774172441,-0.0025930183083076545,0.0028466181043560385,-0.003037813577787978
474.21171308090743,0.024224209239170715,0.03427941979127427,0.003174243804159547,-0.002996233773389447,0.02179816747550971,-0.002603615367680106,0.0027556033415226558,-0.003037813577787978
473.31154492708083,0.01986071227239603,0.029726229267927624,0.0032924507377706624,-0.0029870790874932896,0.01721677210046223,-0.002613841299865868,0.002666672505901979,-0.003037813577787978
472.4113767732533,0.016480372624793304,0.025915723694217477,0.0034140404183898277,-0.0029760692604052395,0.013370448511683931,-0.0026237130920840402,0.0025797628054810818,-0.003037813577787978
471.5112086194267,0.01392438963224569,0.022755086325657772,0.0035391422212399013,-0.002962864978955517,0.010165987768192311,-0.002633246778599046,0.0024948137826282103,-0.003037813577787978
470.6110404655992,0.012029799691026279,0.02015794528507451,0.0036678917189708576,-0.002947072721125457,0.007516562268459171,-0.002642457503681694,0.0024117672112997208,-0.003037813577787978
469.7108723117726,0.0106376197933824,0.018045213690732777,0.003800431038463343,-0.002928237673257528,0.005342558594696404,-0.0026513595797819783,0.0023305669994606233,-0.003037813577787978
468.8107041579451,0.009600571328712976,0.01634555086758297,0.003936909241624259,-0.002905836020436492,0.0035720307801602835,-0.0026599665413348916,0.0022511590964179,-0.003037813577787978
467.9105360041185,0.008789721864491819,0.014995504406007922,0.004077482732014222,-0.0028792666100676476,0.0021408337626930116,-0.002668291194573675,0.0021734914047900973,-0.003037813577787978
467.010367850291,0.008099449709786084,0.013939393990160857,0.0042223156893145975,-0.0028478420011805944,0.0009924979577128896,-0.0026763456636869475,0.0020975136968489996,-0.003037813577787978
466.1101996964644,0.0074505162334974045,0.0131289959497417,0.0043715805338078745,-0.002810778926797244,7.790393021099226e-05,-0.0026841414336226093,0.0020231775349907745,-0.003037813577787978
465.2100315426369,0.006790912214067741,0.012523083146870574,0.004525458423245811,-0.0027671882139104153,-0.000645188179907677,-0.002691689389813233,0.0019504361961041757,-0.003037813577787978
464.3098633888103,0.006094715611421081,0.012086868827888222,0.004684139784681201,-0.0027160642252772003,-0.0012127057872184698,-0.00269899985507179,0.0018792445996225686,-0.003037813577787978
463.4096952349828,0.005359065694742747,0.011791396119983786,0.004847824884080077,-0.0026562739093178274,-0.0016548857811008156,-0.002706082623884513,0.0018095592390549513,-0.003037813577787978
462.5095270811562,0.00459982291990246,0.011612907514923394,0.005016724436776355,-0.0025865455688498054,-0.0019969167866563083,-0.0027129469943070117,0.0017413381168082521,-0.003037813577787978
461.6093589273287,0.003846334290928139,0.011532221428342055,0.005191060262122115,-0.002505457485999635,-0.00225957454340037,-0.002719601797652062,0.0016745406821200965,-0.003037813577787978
460.7091907735021,0.0031361230316686154,0.011534136111110165,0.005371065985986941,-0.002411426569170735,-0.002459829962653784,-0.0027260554261406642,0.0016091277719364953,-0.003037813577787978
459.8090226196746,0.00251018893661401,0.011606875066979373,0.005556987795114474,-0.002302697218026212,-0.002611415517161791,-0.002732315858673593,0.0015450615545745824,-0.003037813577787978
458.908854465848,0.002007926832214699,0.011741582846530969,0.005749085247715644,-0.0021773306336087504,-0.002725340869885217,-0.002738390684866848,0.0014823054760242298,-0.003037813577787978
458.0086863120205,0.0016634917457259216,0.01193187570518003,0.005947632145115865,-0.0020331948323529924,-0.0028103529999989585,-0.002744287127482674,0.0014208242087468807,-0.003037813577787978
457.1085181581939,0.0015035677760035456,0.012173448128944157,0.006152917469740093,-0.001867955654157241,-0.00287333953725657,-0.002750012063376401,0.001360583602842367,-0.003037813577787978
456.20835000436637,0.0015463806855139147,0.012463733592073149,0.006365246395271834,-0.0016790690850106602,-0.0029196766257282044,-0.002755572043069743,0.0013015506394580116,-0.003037813577787978
455.30818185053977,0.001801890565307537,0.01280161602793545,0.006584941375424317,-0.0014637752430023733,-0.0029535244929122626,-0.0027609733090516986,0.0012436933863255559,-0.003037813577787978
454.40801369671226,0.0022728583732662885,0.013187187262047699,0.0068123433184826155,-0.0012190944017813692,-0.0029780751082193694,-0.002766221812900308,0.0011869809553142169,-0.003037813577787978
453.50784554288566,0.002956485306602747,0.013621544959639392,0.007047812855585783,-0.0009418254465885447,-0.0029957569910974958,-0.002771323231310604,0.0011313834618983409,-0.003037813577787978
452.60767738905815,0.003846334290928139,0.014106625367440027,0.007291731711706394,-0.0006285471735847461,-0.0030084024871662096,-0.002776282981107586,0.0010768719864402642,-0.003037813577787978
451.70750923523156,0.004933984834758485,0.014645065176437905,0.007544504189440991,-0.00027562285214686707,-0.003017382775889886,-0.0027811062333164267,0.001023418537198183,-0.003037813577787978
450.80734108140405,0.0062100324790656134,0.01524008710782387,0.007806558777171773,0.00012079152923272609,-0.003023715598346241,-0.0027857979263567452,0.0009709960149704472,-0.003037813577787978
449.90717292757745,0.007665544105917693,0.01589540425122242,0.00807834989492759,0.0005647349210078038,-0.003028150276738724,-0.0027903627784222197,0.0009195781792960584,-0.003037813577787978
449.00700477374994,0.009292611850278597,0.01661513870097022,0.008360359793547495,0.0010604243807857227,-0.0030312341015448505,-0.002794805299102354,0.0008691396161322972,-0.003037813577787978
448.10683661992334,0.011084225803507423,0.017403750595151563,0.008653100625641678,0.0016122333878883567,-0.0030333636361698705,-0.0027991298002985393,0.0008196557069380262,-0.003037813577787978
447.20666846609583,0.01303364613197103,0.01826597422913825,0.008957116710656042,0.002224664982905617,-0.0030348239681844643,-0.002803340406482845,0.0007711025990919862,-0.003037813577787978
446.30650031226924,0.015133567048676067,0.019206758467109196,0.009272987021331315,0.0029023194663075603,-0.0030358184449199533,-0.0028074410643440157,0.0007234571775823796,-0.003037813577787978
445.4063321584417,0.01737523433888056,0.020231209197455687,0.009601327925513393,0.0036498564591599075,-0.0030364909844118786,-0.0028114355518620753,0.0006766970379044287,-0.003037813577787978
444.50616400461513,0.01974770910465874,0.02134453206380328,0.009942796226125282,0.004471951211503622,-0.0030369426582370334,-0.0028153274868495774,0.0006308004601090775,-0.003037813577787978
443.6059958507876,0.022237460072054946,0.02255197415091557,0.01029809255399869,0.005373245139926843,-0.003037243903112919,-0.0028191203349949893,0.0005857463839460337,-0.003037813577787978
442.705827696961,0.024828349829299778,0.02385876371547022,0.010667965184106261,0.006358290684473368,-0.0030374434318708875,-0.0028228174174408085,0.000541514385050376,-0.003037813577787978
441.8056595431335,0.027502131971251145,0.025270047429902832,0.01105321436690757,0.0074314906954144715,-0.0030375746777659214,-0.0028264219179269124,0.0004980846521217136,-0.003037813577787978
440.9054913893069,0.030239269925532424,0.026790824958255688,0.011454697294571301,0.00859703269083475,-0.003037660413825598,-0.002829936889527155,0.00045543796505047524,-0.003037813577787978
440.0053232354794,0.03302010670415845,0.028425881012449868,0.011873333858894356,0.009858818464686307,-0.003037716035222688,-0.002833365261005472,0.0004135556739454506,-0.003037813577787978
439.1051550816528,0.035826041536053364,0.030179715351259365,0.012310113406213612,0.011220389669257506,-0.0030377518715699204,-0.0028367098428156365,0.00037241967902189137,-0.003037813577787978
438.2049869278253,0.03864072370179834,0.032056471488575995,0.012766102757601282,0.01268485014326064,-0.0030377748019794026,-0.0028399733327673245,0.0003320124113088854,-0.003037813577787978
437.3048187739987,0.041450892002445464,0.03405986517724212,0.01324245584357811,0.014254785903382302,-0.00303778937363035,-0.002843158321379345,0.0002923168141394884,-0.003037813577787978
436.4046506201712,0.04424686502306689,0.03619311403502096,0.013740425405609921,0.015932183859827087,-0.0030377985700147394,-0.002846267296939634,0.0002533163253864066,-0.003037813577787978
435.5044824663446,0.04702247576428161,0.038458869984025076,0.014261377346122369,0.017718350450848647,-0.0030378043342182376,-0.002849302650290055,0.00021499486041044128,-0.003037813577787978
434.6043143125171,0.049774528051793956,0.04085915648832506,0.014806808469523192,0.019613831513741454,-0.0030378079224265947,-0.0028522666793530105,0.00017733679568810974,-0.003037813577787978
433.7041461586905,0.05250181084862647,0.043395312899050985,0.015378368553373694,0.021618334815650595,-0.003037810140798691,-0.0028551615934155053,0.00014032695308898802,-0.003037813577787978
432.803978004863,0.0552038528136828,0.04606794855476896,0.015977887925867042,0.02373065675307013,-0.0030378115029070845,-0.002857989517185434,0.00010395058477239219,-0.003037813577787978
431.9038098510364,0.05787952032001955,0.04887690963759609,0.01660741200639365,0.025948614789551884,-0.003037812333544591,-0.0028607524946336945,6.819335867692868e-05,-0.003037813577787978
431.0036416972089,0.06052585286388923,0.051821262152127484,0.017269244592004688,0.028268987233653807,-0.003037812836623345,-0.002863452492634986,3.304134457539744e-05,-0.003037813577787978
430.1034735433823,0.06313722703637231,0.05489929477071988,0.01796600204286889,0.03068746195968284,-0.0030378131392358623,-0.0028660914044191304,-1.518999328771909e-06,-0.003037813577787978
429.20330538955477,0.0657051311741669,0.058108545668752155,0.018700680929664974,0.03319859564009032,-0.0030378133200224065,-0.0028686710528441494,-3.5500839288493246e-05,-0.003037813577787978
428.3031372357282,0.06821867970625961,0.06144585784484822,0.019476742145076407,0.03579578498781788,-0.0030378134272916906,-0.0028711931935014165,-6.891697840487408e-05,-0.003037813577787978
427.40296908190066,0.07066591192227492,0.06490746776685491,0.02029821493363243,0.03847125139878601,-0.0030378134905061486,-0.0028736595176627106,-0.00010177986854657643,-0.003037813577787978
426.50280092807407,0.07303583731759768,0.06848913247884456,0.0211698247339941,0.041216040238098,-0.0030378135275052225,-0.0028760716550781844,-0.00013410162181603244,-0.003037813577787978
425.60263277424656,0.07532114666478859,0.07218630051464399,0.022097149121042832,0.044020035829679456,-0.0030378135490132336,-0.002878431176633866,-0.0001658940215830988,-0.003037813577787978
424.70246462041996,0.07752125852848063,0.07599433204493142,0.0230868064361666,0.04687199298902418,-0.0030378135614310756,-0.0028807395968765814,-0.0001971685331036148,-0.003037813577787978
423.80229646659245,0.0796454999576679,0.0799087735845203,0.024146681846147326,0.04975958568592838,-0.003037813568551895,-0.00288299837641386,-0.0002279363137415581,-0.003037813577787978
422.90212831276585,0.08171601882320967,0.08392569223848904,0.025286195505231507,0.05266947314171948,-0.003037813572607477,-0.0028852089241957505,-0.00025820822281060526,-0.003037813577787978
422.00196015893835,0.08377010783907556,0.08804207379712194,0.026516617132483808,0.055587383359125137,-0.0030378135749016023,-0.00288737259968519,-0.00028799483105211706,-0.003037813577787978
421.10179200511175,0.08586158074072894,0.09225628791798061,0.027851430570010532,0.05849821375769553,-0.0030378135761905136,-0.0028894907149230164,-0.0003173064297638229,-0.003037813577787978
420.20162385128424,0.0880609907534454,0.09656862207544194,0.029306750666270913,0.06138614825101709,-0.003037813576909751,-0.0028915645364934817,-0.0003461530395947425,-0.003037813577787978
419.30145569745764,0.0904544608406867,0.10098188383096617,0.03090179304305577,0.06423478976048173,-0.0030378135773083776,-0.0028935952873956196,-0.000374544419019256,-0.003037813577787978
418.40128754363013,0.09314113261342243,0.10550206821093891,0.03265939487588146,0.06702730682276348,-0.003037813577527813,-0.0028955841488256372,-0.00040249007250449647,-0.003037813577787978
417.50111938980353,0.09622927174530471,0.1101390835208218,0.03460658168568453,0.06974659262189098,-0.0030378135776477884,-0.002897532261875058,-0.00042999925838276736,-0.003037813577787978
416.600951235976,0.09983125524290634,0.11490752475570229,0.03677517127688919,0.07237543447096524,-0.0030378135777129403,-0.002899440729149186,-0.0004570809964419358,-0.003037813577787978
415.7007830821494,0.10405778289539527,0.1198274789107167,0.0392024013782551,0.07489669149061222,-0.0030378135777480806,-0.002901310616310054,-0.0004837440752443983,-0.003037813577787978
414.8006149283219,0.1090117102751535,0.12492534103129113,0.041931562320928074,0.07729347798971246,-0.0030378135777669063,-0.0029031429535479156,-0.0005099970591864763,-0.003037813577787978
413.9004467744953,0.11478200903489665,0.13023461391922436,0.04501261036285672,0.07954934985528549,-0.003037813577776923,-0.0029049387369849645,-0.0005358482953078513,-0.003037813577787978
413.0002786206678,0.12143844109732976,0.1357966582522859,0.048502731259159444,0.0816484911096335,-0.003037813577782217,-0.0029066989300148686,-0.0005613059198618878,-0.003037813577787978
412.1001104668412,0.1290273200257262,0.14166135378779118,0.052466817685112535,0.08357589769854873,-0.0030378135777849955,-0.002908424464581392,-0.0005863778646555762,-0.003037813577787978
411.1999423130137,0.13756899777815484,0.1478876266939209,0.056977818526950226,0.08531755553917356,-0.0030378135777864444,-0.0029101162423992976,-0.0006110718631690418,-0.003037813577787978
410.2997741591871,0.14705724198676143,0.1545437933456723,0.062116913322954916,0.08686060988193563,-0.0030378135777871947,-0.0029117751361204163,-0.0006353954564625366,-0.003037813577787978
409.3996060053596,0.15746087705049094,0.16170766765192401,0.06797346177844285,0.08819352312944466,-0.0030378135777875807,-0.0029134019904477424,-0.0006593559988800554,-0.003037813577787978
408.499437851533,0.16872763227389256,0.16946637768589137,0.0746446768340456,0.0893062184052385,-0.0030378135777877776,-0.0029149976232001108,-0.0006829606635567658,-0.003037813577787978
407.5992696977055,0.18079012480264162,0.1779158386024302,0.08223497076807146,0.09019020637506338,-0.0030378135777878778,-0.00291656282633,-0.0007062164477386491,-0.003037813577787978
406.6991015438789,0.19357360406739293,0.18715983300421518,0.09085492772692663,0.09083869308874218,-0.003037813577787928,-0.0029180983668967452,-0.0007291301779208861,-0.003037813577787978
405.7989333900514,0.20700498983531423,0.19730865740690984,0.1006198632496913,0.09124666692666472,-0.0030378135777879532,-0.0029196049879974266,-0.0007517085148127213,-0.003037813577787978
404.8987652362248,0.22102252610144643,0.20847730440027712,0.11164794194020983,0.09141096309449555,-0.003037813577787966,-0.0029210834096574643,-0.0007739579581347317,-0.003037813577787978
403.9985970823973,0.23558524575553602,0.22078316440374143,0.12405783834615935,0.09133030450515671,-0.003037813577787972,-0.0029225343296829516,-0.0007958848512556425,-0.003037813577787978
403.0984289285707,0.2506814426802084,0.23434324814064872,0.13796594290806843,0.09100531830936695,-0.003037813577787975,-0.002923958424476536,-0.0008174953856740609,-0.003037813577787978
402.1982607747432,0.2663352412825262,0.2492709503030222,0.15348313374938521,0.09043852777544344,-0.0030378135777879766,-0.0029253563498186637,-0.0008387956053517239,-0.003037813577787978
401.2980926209166,0.28261050484059824,0.26567239512813884,0.17071115488185945,0.08963431966543436,-0.003037813577787977,-0.00292672874161581,-0.0008597914109031491,-0.003037813577787978
400.39792446708907,0.2996113567311423,0.2836424241281908,0.1897386604775076,0.08859888769758434,-0.0030378135777879775,-0.0029280762166173178,-0.0008804885636477678,-0.003037813577787978
399.49775631326247,0.31747889136314866,0.3032603029876676,0.21063700120253576,0.08734015311439924,-0.003037813577787978,-0.002929399373102296,-0.0009008926895290028,-0.003037813577787978
398.59758815943496,0.33638383226620416,0.3245852363830483,0.23345583994296093,0.08586766378116739,-0.003037813577787978,-0.0029306987915380376,-0.0009210092829058927,-0.003037813577787978
397.69742000560836,0.35651515797615263,0.3476517838064256,0.2582186882058423,0.08419247361265192,-0.003037813577787978,-0.0029319750352112548,-0.0009408437102213386,-0.003037813577787978
396.79725185178086,0.37806514125584334,0.37246526425355747,0.28491844892732304,0.0823270044572561,-0.003037813577787978,-0.002933228650833443,-0.0009604012135521565,-0.003037813577787978
395.89708369795426,0.4012114811390443,0.39899722146064825,0.3135130349590337,0.08028489285141677,-0.003037813577787978,-0.0029344601691215365,-0.00097968691404463,-0.003037813577787978
394.99691554412675,0.42609752724707195,0.42718099433520884,0.3439211052363093,0.07808082428613107,-0.003037813577787978,-0.00293567010535504,-0.0009987058152403868,-0.003037813577787978
394.09674739030015,0.4528118469802415,0.45690740196853635,0.3760179252029424,0.07573035779843662,-0.003037813577787978,-0.002936858959910674,-0.001017462806295946,-0.003037813577787978
393.19657923647264,0.4813685306849771,0.48802051579970335,0.40963132114008605,0.07324974381012941,-0.003037813577787978,-0.0029380272187756076,-0.0010359626651004128,-0.003037813577787978
392.29641108264605,0.5116897984792668,0.520313465517834,0.4445376720164219,0.07065573818338262,-0.003037813577787978,-0.0029391753540402065,-0.0010542100612943822,-0.003037813577787978
391.39624292881854,0.5435922952361864,0.5535242300225166,0.48045788722455673,0.06796541544816137,-0.003037813577787978,-0.002940303824371268,-0.0010722095591941812,-0.003037813577787978
390.49607477499194,0.5767784550645426,0.58733142841935,0.5170533823000343,0.06519598408204265,-0.003037813577787978,-0.0029414130754665743,-0.0010899656206242577,-0.003037813577787978
389.59590662116443,0.610833982902432,0.6213502834999204,0.553922222322571,0.06236460659213857,-0.003037813577787978,-0.002942503540491645,-0.0011074826076615549,-0.003037813577787978
388.69573846733783,0.6452321757173645,0.6551292160132273,0.59059588873889,0.05948822696676711,-0.003037813577787978,-0.0029435756404994394,-0.0011247647852944086,-0.003037813577787978
387.7955703135103,0.6793453533879612,0.6881479607564669,0.6265375582953212,0.05658340783661508,-0.003037813577787978,-0.002944629784833798,-0.0011418163239995587,-0.003037813577787978
386.8954021596837,0.7124632410067125,0.7198186502038562,0.661143337725244,0.0536661794190051,-0.003037813577787978,-0.0029456663715173074,-0.0011586413022395849,-0.003037813577787978
385.9952340058562,0.7438175955921502,0.749491883511627,0.693748470253357,0.05075190202141453,-0.003037813577787978,-0.0029466857876242997,-0.0011752437088840887,-0.003037813577787978
385.0950658520296,0.7726119246610387,0.7764701724687877,0.7236409040302014,0.047855143560418756,-0.003037813577787978,-0.002947688409639604,-0.0011916274455567532,-0.003037813577787978
384.1948976982021,0.7980547914654791,0.8000310078988794,0.7500844648809171,0.044989573217313346,-0.003037813577787978,-0.0029486746038036972,-0.0012077963289113664,-0.003037813577787978
383.2947295443755,0.819394788846302,0.8194607702579103,0.7723528563329777,0.04216787201085211,-0.003037813577787978,-0.002949644726444811,-0.0012237540928387346,-0.003037813577787978
382.394561390548,0.8359552189283318,0.8340986251691133,0.7897736272225397,0.039401660728115594,-0.003037813577787978,-0.0029505991242985766,-0.0012395043906073915,-0.003037813577787978
381.4943932367214,0.8471663662237026,0.8433866127737788,0.8017783156473347,0.03670144532483581,-0.003037813577787978,-0.002951538134815721,-0.001255050796939839,-0.003037813577787978
380.5942250828939,0.8525934495350492,0.8469191428416553,0.8079519814120233,0.03407657959275346,-0.003037813577787978,-0.00295246208645834,-0.0012703968100270361,-0.003037813577787978
379.6940569290673,0.8519584670671232,0.844483269801372,0.8080735016198277,0.031535244600648306,-0.003037813577787978,-0.002953371298985204,-0.0012855458534827223,-0.003037813577787978
378.7938887752398,0.8451547323109673,0.836081587305392,0.8021384697819227,0.029084444152072023,-0.003037813577787978,-0.0029542660837265887,-0.0013005012782401082,-0.003037813577787978
377.8937206214132,0.8322531184533313,0.8219327051014432,0.7903596622048866,0.026730015271433996,-0.003037813577787978,-0.0029551467438490332,-0.0013152663643923785,-0.003037813577787978
376.9935524675857,0.8134997601587712,0.8024492016391632,0.7731449662699781,0.024476652533410977,-0.003037813577787978,-0.0029560135746104785,-0.0013298443229793784,-0.003037813577787978
376.0933843137591,0.7893054225916372,0.7781979155259606,0.7510576350625284,0.022327944891396275,-0.003037813577787978,-0.002956866863606152,-0.0013442382977217986,-0.003037813577787978
375.1932161599325,0.7602272550109308,0.7498506586954916,0.7247669526806051,0.020286423539233236,-0.003037813577787978,-0.002957706891005604,-0.0013584513667050636,-0.003037813577787978
374.293048006105,0.726944117612113,0.7181340064432529,0.6949979669263191,0.018353619257365377,-0.003037813577787978,-0.0029585339297812418,-0.0013724865440142156,-0.003037813577787978
373.3928798522784,0.6902270676614461,0.6837850548907889,0.6624871815363601,0.016530127648315122,-0.003037813577787978,-0.00295934824592871,-0.0013863467813215722,-0.003037813577787978
372.4927116984509,0.6509067853536575,0.6475170609557327,0.6279481246349123,0.014815680655564718,-0.003037813577787978,-0.0029601500986794604,-0.0014000349694288266,-0.003037813577787978
371.5925435446243,0.6098397714303947,0.6099959269263342,0.5920477570915708,0.013209222781869982,-0.003037813577787978,-0.002960939740705804,-0.0014135539397647462,-0.003037813577787978
370.69237539079677,0.5678752466496563,0.5718263676461963,0.5553925603225818,0.011708990474409679,-0.003037813577787978,-0.002961717418318767,-0.0014269064658403397,-0.003037813577787978
369.79220723697017,0.525824361514685,0.5335455383500987,0.5185220830313411,0.010312593221715152,-0.003037813577787978,-0.0029624833716590214,-0.0014400952646624354,-0.003037813577787978
368.89203908314266,0.48443322145742773,0.49562172516685743,0.48190755025984244,0.009017095006639693,-0.003037813577787978,-0.0029632378348811816,-0.0014531229981074427,-0.003037813577787978
367.99187092931606,0.44436073896767636,0.4584560604255102,0.4459534981257496,0.007819094876984546,-0.003037813577787978,-0.002963981036331711,-0.0014659922742561598,-0.003037813577787978
367.09170277548856,0.4061620609648847,0.42238579446366736,0.4110009670515439,0.006714805526171527,-0.003037813577787978,-0.0029647131987207104,-0.001478705648691289,-0.003037813577787978
366.19153462166196,0.37027788449324384,0.38768821409558624,0.37733134461052253,0.005700128916746034,-0.003037813577787978,-0.0029654345392878013,-0.0014912656257584389,-0.003037813577787978
365.29136646783445,0.33702959193109594,0.3545847367360836,0.3451703878073228,0.00477072812515141,-0.003037813577787978,-0.0029661452699623666,-0.0015036746597921855,-0.003037813577787978
364.39119831400785,0.30661983758697087,0.3232450010593543,0.3146922463461108,0.003922094733705753,-0.003037813577787978,-0.0029668455975183326,-0.001515935156307891,-0.003037813577787978
363.49103016018034,0.2791379853244234,0.29379093732009526,0.2860234705423017,0.0031496112413141463,-0.003037813577787978,-0.002967535723723736,-0.0015280494731607648,-0.003037813577787978
362.59086200635375,0.2545695680681972,0.2663008673881564,0.2592470543165449,0.0024486081054056,-0.003037813577787978,-0.0029682158454852454,-0.001540019921672797,-0.003037813577787978
361.69069385252624,0.23280895380602146,0.24081369118379597,0.23440657021210734,0.0018144151610415033,-0.003037813577787978,-0.002968886154987858,-0.0015518487677289646,-0.003037813577787978
360.79052569869964,0.21367419971403803,0.2173331910906603,0.2115104281427816,0.001242407287187983,-0.003037813577787978,-0.0029695468398299304,-0.0015635382328432808,-0.003037813577787978
359.89035754487213,0.19692332890663194,0.1958324492586475,0.19053625280074532,0.0007280443028880213,-0.003037813577787978,-0.002970198083153741,-0.0015750904951960063,-0.003037813577787978
358.99018939104553,0.1822711576576155,0.17625833716423864,0.17143533900880675,0.0002669051764822429,-0.003037813577787978,-0.002970840063771734,-0.001586507690642539,-0.003037813577787978
358.090021237218,0.16940606069338537,0.15853600921412728,0.15413711663259128,-0.00014528328184406974,-0.003037813577787978,-0.002971472956288625,-0.0015977919136952268,-0.003037813577787978
357.1898530833914,0.15800598474863725,0.14257331534861384,0.13855353976522522,-0.0005126230002772711,-0.003037813577787978,-0.0029720969312195026,-0.0016089452184785682,-0.003037813577787978
356.2896849295639,0.14775335773892803,0.12826504169051592,0.12458330892636024,-0.0008390261944451632,-0.003037813577787978,-0.002972712155104098,-0.0016199696196589777,-0.003037813577787978
355.3895167757373,0.1383483981258673,0.11549689194713474,0.1121158386323423,-0.001128201534604631,-0.003037813577787978,-0.002973318790617338,-0.001630867093349536,-0.003037813577787978
354.4893486219098,0.1295205974055043,0.10414913338983109,0.10103489377719492,-0.0013836445460605965,-0.003037813577787978,-0.0029739169966763457,-0.001641639577990829,-0.003037813577787978
353.5891804680832,0.12103805919888318,0.09409984744925892,0.09122183445515761,-0.0016086318355103613,-0.003037813577787978,-0.002974506928543994,-0.0016522889752082688,-0.003037813577787978
352.6890123142557,0.11271452808313642,0.08522774398288008,0.08255842786248284,-0.0018062187243906137,-0.003037813577787978,-0.0029750887379291564,-0.0016628171506469238,-0.003037813577787978
351.7888441604291,0.1044139172183667,0.07741451808291115,0.07492920572567703,-0.00197923986826184,-0.003037813577787978,-0.002975662573083765,-0.0016732259347842224,-0.003037813577787978
350.8886760066016,0.09605224531872152,0.07054674725492588,0.06822336467181947,-0.0021303124476392144,-0.003037813577787978,-0.0029762285788967947,-0.0016835171237215038,-0.003037813577787978
349.988507852775,0.08759694340253263,0.06451734369039497,0.06233622386311178,-0.0022618415291407257,-0.003037813577787978,-0.0029767868969852803,-0.0016936924799547295,-0.003037813577787978
349.0883396989475,0.0790635760473173,0.0592265903681602,0.05717026824886616,-0.002376027215162114,-0.003037813577787978,-0.0029773376657824834,-0.0017037537331252982,-0.003037813577787978
348.1881715451209,0.07051018873706814,0.05458280042029797,0.05263581651253244,-0.0024748732242238823,-0.003037813577787978,-0.0029778810206232934,-0.0017137025807512246,-0.003037813577787978
347.2880033912934,0.06202948772858897,0.05050264647646422,0.04865136009740804,-0.0025601965715411836,-0.003037813577787978,-0.0029784170938269806,-0.0017235406889395915,-0.003037813577787978
346.3878352374668,0.053739377104885265,0.046911210709381826,0.04514362373299569,-0.002633638049119922,-0.003037813577787978,-0.0029789460147773765,-0.0017332696930804972,-0.003037813577787978
345.4876670836393,0.045772320916259844,0.04374180738159267,0.042047398992581676,-0.0026966732358289906,-0.003037813577787978,-0.0029794679100005887,-0.0017428911985233628,-0.003037813577787978
344.5874989298127,0.03826424602187298,0.04093562830595092,0.03930520105660097,-0.002750623799537871,-0.003037813577787978,-0.0029799829032403215,-0.0017524067812357974,-0.003037813577787978
343.6873307759852,0.031343627274938335,0.038441258307544524,0.036866795562966855,-0.0027966688848095303,-0.003037813577787978,-0.0029804911155309,-0.0017618179884458381,-0.003037813577787978
342.7871626221586,0.02512152227100356,0.03621410305660208,0.03468863773791885,-0.0028358564101448928,-0.003037813577787978,-0.002980992665268063,-0.0017711263392677441,-0.003037813577787978
341.88699446833107,0.019683224826054363,0.03421576604602947,0.03273326043414357,-0.0028691141278883014,-0.003037813577787978,-0.0029814876682776174,-0.001780333325312115,-0.003037813577787978
340.98682631450447,0.015082079054680774,0.0324134054754593,0.03096864171846308,-0.0028972603272052052,-0.003037813577787978,-0.0029819762378820135,-0.0017894404112804908,-0.003037813577787978
340.08665816067696,0.011335856580482584,0.030779095762950695,0.029367576635847263,-0.002921014085750405,-0.003037813577787978,-0.0029824584849649245,-0.001798449035545174,-0.003037813577787978
339.18649000685036,0.00842595147171501,0.029289212641504775,0.027907072035436322,-0.0029410049985472055,-0.003037813577787978,-0.002982934518033885,-0.0018073606107143966,-0.003037813577787978
338.28632185302286,0.006299289688795786,0.02792385553158665,0.026567778098779155,-0.002957782333091813,-0.003037813577787978,-0.0029834044432810736,-0.001816176524183549,-0.003037813577787978
337.38615369919626,0.004872731134909353,0.026666316256883166,0.025333465604572388,-0.0029718235777383083,-0.003037813577787978,-0.00298386836464228,-0.0018248981386725688,-0.003037813577787978
336.48598554536875,0.004039515331510527,0.025502599262704737,0.024190554071986562,-0.002983542366041448,-0.003037813577787978,-0.0029843263838541384,-0.0018335267927501726,-0.003037813577787978
335.58581739154215,0.003677103914887413,0.024420995322604958,0.023127692764106977,-0.0029932957730112748,-0.003037813577787978,-0.0029847786005096667,-0.0018420638013450141,-0.003037813577787978
334.68564923771464,0.003655623490544116,0.023411708251661518,0.02213539407694538,-0.003001390990291187,-0.003037813577787978,-0.0029852251121121895,-0.0018505104562444193,-0.003037813577787978
333.78548108388804,0.003846334290928139,0.022466532326144213,0.02120571702974689,-0.0030080913962581704,-0.003037813577787978,-0.002985666014127676,-0.0018588680265807643,-0.003037813577787978
332.88531293006054,0.004133129866047423,0.02157857685984932,0.02033199732996527,-0.0030136220441382053,-0.003037813577787978,-0.002986101400035563,-0.0018671377593061191,-0.003037813577787978
331.98514477623394,0.004430616626983445,0.02074203361841695,0.01950861972270293,-0.0030181745966166022,-0.003037813577787978,-0.0029865313613781025,-0.0018753208796552093,-0.003037813577787978
331.08497662240643,0.004676556906342874,0.01995198237285674,0.01873082795819718,-0.003021911739298799,-0.003037813577787978,-0.0029869559878082917,-0.0018834185915972855,-0.003037813577787978
330.18480846857983,0.004830150455501197,0.019204229814983136,0.017994567634967037,-0.0030249711079344695,-0.003037813577787978,-0.002987375367136419,-0.0018914320782769465,-0.003037813577787978
329.2846403147523,0.0048723148409483465,0.018495177200630278,0.01729635732083389,-0.0030274687657477805,-0.003037813577787978,-0.002987789585375288,-0.0018993625024444772,-0.003037813577787978
328.3844721609257,0.004804173368289847,0.017821712382396736,0.01663318365039132,-0.0030295022676986444,-0.003037813577787978,-0.002988198726784142,-0.0019072110068757311,-0.003037813577787978
327.4843040070982,0.004644134143627854,0.017181122284395854,0.01600241648792919,-0.0030311533482038117,-0.003037813577787978,-0.0029886028739113564,-0.0019149787147820989,-0.003037813577787978
326.5841358532716,0.004424193314378506,0.016571022311224034,0.015401740683633182,-0.003032490267926595,-0.003037813577787978,-0.002989002107635909,-0.001922666730210579,-0.003037813577787978
325.6839676994441,0.00418587706326361,0.015989299636803383,0.014829101402922026,-0.003033569853840408,-0.003037813577787978,-0.002989396507207698,-0.0019302761384344717,-0.003037813577787978
324.7837995456175,0.003976541408682031,0.015434067760706986,0.014282660448971717,-0.0030344392650072487,-0.003037813577787978,-0.0029897861502867183,-0.0019378080063346974,-0.003037813577787978
323.88363139179,0.003846334290928139,0.014903630132764304,0.013760761409650008,-0.003035137514496244,-0.003037813577787978,-0.0029901711129811516,-0.0019452633827722419,-0.003037813577787978
322.9834632379634,0.003829735859400272,0.01439645102097925,0.013261901832142646,-0.0030356967756912127,-0.003037813577787978,-0.0029905514698843924,-0.0019526432989517206,-0.003037813577787978
322.0832950841359,0.0038952144268867193,0.013911132127818887,0.01278471095632043,-0.003036143498977883,-0.003037813577787978,-0.0029909272941110515,-0.001959948768776542,-0.003037813577787978
321.1831269303093,0.003994920270993538,0.013446393744691629,0.012327931820379624,-0.0030364993625243094,-0.003037813577787978,-0.002991298657331963,-0.001967180789195656,-0.003037813577787978
320.2829587764818,0.004082125254709331,0.013001059475314089,0.01189040679092431,-0.0030367820786235808,-0.003037813577787978,-0.002991665629808233,-0.001974340340542343,-0.003037813577787978
319.3827906226552,0.0041126041654576725,0.01257404375908321,0.011471065767904397,-0.003037006074895743,-0.003037813577787978,-0.002992028280424351,-0.0019814283868650265,-0.003037813577787978
318.4826224688277,0.004045943804784404,0.012164341589678863,0.011068916476861859,-0.003037183067575972,-0.003037813577787978,-0.002992386676720405,-0.0019884458762505514,-0.003037813577787978
317.5824543150011,0.003846334290928139,0.011771019956750556,0.01068303639161943,-0.00303732254216951,-0.003037813577787978,-0.0029927408849234117,-0.0019953937411398863,-0.003037813577787978
316.6822861611736,0.0034986118583258,0.011393210644295753,0.010312565934491046,-0.00303743215494472,-0.003037813577787978,-0.0029930909699778115,-0.0020022728986366944,-0.003037813577787978
315.782118007347,0.003055602834450624,0.011030104102796997,0.009956702682888337,-0.00303751806707143,-0.003037813577787978,-0.0029934369955751283,-0.0020090842508087153,-0.003037813577787978
314.8819498535195,0.0025868971197097338,0.010680944177292304,0.009614696374788977,-0.0030375852216953836,-0.003037813577787978,-0.0029937790241828426,-0.0020158286849823815,-0.003037813577787978
313.9817816996929,0.0021589262851201435,0.01034502352396393,0.009285844554572834,-0.0030376375728697353,-0.003037813577787978,-0.0029941171170724855,-0.0020225070740306174,-0.003037813577787978
313.08161354586537,0.0018305219565760433,0.010021679586475396,0.008969488738149569,-0.0030376782740368976,-0.003037813577787978,-0.0029944513343469893,-0.002029120276654219,-0.003037813577787978
312.18144539203877,0.0016482024038853493,0.00971029103278918,0.00866501100471132,-0.0030377098326619992,-0.003037813577787978,-0.0029947817349673064,-0.0020356691376567666,-0.003037813577787978
311.28127723821126,0.0016418014541791422,0.009410274575532854,0.008371830943815233,-0.003037734236654543,-0.003037813577787978,-0.0029951083767783297,-0.002042154488213439,-0.003037813577787978
310.38110908438466,0.0018211140571019106,0.009121082115897218,0.008089402902569433,-0.003037753057368336,-0.003037813577787978,-0.002995431316534123,-0.0020485771461336913,-0.003037813577787978
309.48094093055715,0.002174060806892573,0.008842198163773709,0.007817213489681972,-0.0030377675332315507,-0.003037813577787978,-0.0029957506099224968,-0.002054937916118149,-0.003037813577787978
308.58077277673056,0.0026669270533786066,0.00857313749647465,0.007554779302128162,-0.0030377786374188504,-0.003037813577787978,-0.0029960663115889343,-0.002061237590009662,-0.003037813577787978
307.68060462290305,0.0032468159399446214,0.008313443025635825,0.007301644846896636,-0.003037787132425967,-0.003037813577787978,-0.002996378475159898,-0.0020674769470388796,-0.003037813577787978
306.78043646907645,0.003846334290928139,0.008062683847451362,0.007057380635351596,-0.0030377936139343704,-0.003037813577787978,-0.002996687153265529,-0.002073656754064268,-0.003037813577787978
305.88026831524894,0.004393624952035238,0.007820453455611526,0.006821581431566862,-0.003037798545950585,-0.003037813577787978,-0.00299699239756176,-0.002079777765806925,-0.003037813577787978
304.98010016142234,0.0048305495472324095,0.007586368099611659,0.006593864638942511,-0.003037802288862812,-0.003037813577787978,-0.002997294258751859,-0.002085840725080116,-0.003037813577787978
304.07993200759483,0.005111190164531536,0.0073600652736539925,0.006373868811680292,-0.00303780512176895,-0.003037813577787978,-0.002997592786607417,-0.0020918463630138656,-0.003037813577787978
303.17976385376824,0.00520688616887346,0.00714120232342178,0.006161252279508915,-0.0030378072601877394,-0.003037813577787978,-0.0029978880299888016,-0.0020977953992745283,-0.003037813577787978
302.2795956999407,0.005113515905999633,0.006929455159636472,0.005955691875479419,-0.003037808870062133,-0.003037813577787978,-0.0029981800368650874,-0.0021036885422796607,-0.003037813577787978
301.37942754611413,0.0048568276734651476,0.006724517068671823,0.005756881757844912,-0.0030378100787954226,-0.003037813577787978,-0.0029984688543334805,-0.0021095264894081204,-0.003037813577787978
300.4792593922866,0.004495054459567377,0.006526097611605006,0.005564532318005988,-0.0030378109839209683,-0.003037813577787978,-0.0029987545286382514,-0.0021153099272056973,-0.003037813577787978
299.57909123846,0.004118566458304143,0.006333921604043389,0.005378369167346065,-0.003037811659891219,-0.003037813577787978,-0.00299903710518919,-0.0021210395315862,-0.003037813577787978
298.6789230846325,0.003846334290928139,0.006147728169858025,0.005198132196479122,-0.0030378121633771343,-0.003037813577787978,-0.002999316628579597,-0.0021267159680283003,-0.003037813577787978
297.7787549308059,0.0037739283855038,0.005967269862663509,0.0050235747010632156,-0.0030378125373917673,-0.003037813577787978,-0.002999593142603824,-0.0021323398917680474,-0.003037813577787978
296.8785867769784,0.0038281291711375477,0.005792311849477002,0.004854462568863625,-0.0030378128144888284,-0.003037813577787978,-0.00299986669027438,-0.0021379119479873476,-0.003037813577787978
295.9784186231518,0.0038933221816094205,0.0056226311515328795,0.004690573523241827,-0.0030378130192359565,-0.003037813577787978,-0.003000137313838603,-0.0021434327719983227,-0.003037813577787978
295.0782504693243,0.003846334290928139,0.0054580159376875215,0.004531696418663557,-0.0030378131701212104,-0.003037813577787978,-0.0030004050547949297,-0.002148902989423831,-0.003037813577787978
294.1780823154977,0.003598635943683801,0.005298264866277188,0.004377630584214164,-0.003037813281018096,-0.003037813577787978,-0.003000669953908756,-0.002154323216374059,-0.003037813577787978
293.2779141616702,0.003245081955181424,0.005143186471652886,0.004228185211444203,-0.0030378133623078767,-0.003037813577787978,-0.00300093205122791,-0.0021596940596194636,-0.003037813577787978
292.3777460078436,0.002900712237165862,0.004992598591960074,0.004083178783190552,-0.0030378134217366928,-0.003037813577787978,-0.003001191386097745,-0.0021650161167599737,-0.003037813577787978
291.4775778540161,0.0026455119975085256,0.004846327835019617,0.003942438540290397,-0.0030378134650681384,-0.003037813577787978,-0.0030014479971758644,-0.002170289976390713,-0.003037813577787978
290.5774097001895,0.0025250344609259066,0.004704209079445881,0.0038057999833711865,-0.003037813496578596,-0.003037813577787978,-0.003001701922446486,-0.002175516218264157,-0.003037813577787978
289.677241546362,0.0025543487807172197,0.004566085008370968,0.0036731064071225407,-0.0030378135194320632,-0.003037813577787978,-0.0030019531992344604,-0.002180695413448984,-0.003037813577787978
288.7770733925354,0.0027249673767022913,0.004431805673373307,0.00354420846467678,-0.0030378135359629354,-0.003037813577787978,-0.003002201864218948,-0.0021858281244855234,-0.003037813577787978
287.8769052387079,0.0030140181641475196,0.004301228086398495,0.003418963759908082,-0.003037813547888698,-0.003037813577787978,-0.0030024479534467696,-0.0021909149055380525,-0.003037813577787978
286.9767370848813,0.0033945865343178025,0.004174215837649799,0.003297236465644562,-0.003037813556469416,-0.003037813577787978,-0.003002691502345431,-0.0021959563025438504,-0.003037813577787978
286.07656893105377,0.003846334290928139,0.004050638737580827,0.0031788969659389626,-0.0030378135626269757,-0.003037813577787978,-0.0030029325457358413,-0.0022009528533592517,-0.003037813577787978
285.1764007772272,0.004343864061911224,0.003930372481280664,0.003063821520698021,-0.00303781356703396,-0.003037813577787978,-0.003003171117844725,-0.0022059050879026047,-0.003037813577787978
284.27623262339966,0.004800627988729381,0.0038132983336691966,0.002951891951096072,-0.003037813570179699,-0.003037813577787978,-0.0030034072523167396,-0.0022108135282943703,-0.003037813577787978
283.37606446957307,0.0051379929587729795,0.0036993028340523517,0.0028429953443281967,-0.0030378135724192065,-0.003037813577787978,-0.0030036409822263048,-0.0022156786889942675,-0.003037813577787978
282.47589631574556,0.0053086906850151015,0.0035882775186922215,0.002737023776362467,-0.0030378135740093313,-0.003037813577787978,-0.003003872340089155,-0.002220501076935693,-0.003037813577787978
281.57572816191896,0.005295749447541359,0.003480118660157979,0.0026338740514603733,-0.0030378135751353862,-0.003037813577787978,-0.003004101357873618,-0.0022252811916573237,-0.003037813577787978
280.67556000809145,0.005108544461589276,0.003374727022310613,0.002533447457321126,-0.0030378135759306975,-0.003037813577787978,-0.0030043280670116277,-0.0022300195254321216,-0.003037813577787978
279.77539185426485,0.004776426171632733,0.003272007629868359,0.0024356495347984766,-0.0030378135764909265,-0.003037813577787978,-0.0030045524984094844,-0.002234716563393641,-0.003037813577787978
278.87522370043735,0.004340779702109228,0.003171869551571896,0.002340389861210703,-0.0030378135768845157,-0.003037813577787978,-0.003004774682458358,-0.002239372783659866,-0.003037813577787978
277.97505554661075,0.003846334290928139,0.0030742256960481066,0.0022475818463435003,-0.003037813577160302,-0.003037813577787978,-0.0030049946490445525,-0.002243988657454473,-0.003037813577787978
277.07488739278324,0.0033404218733666213,0.002978992619531245,0.002157142540305602,-0.0030378135773530333,-0.003037813577787978,-0.0030052124275595287,-0.002248564649225728,-0.003037813577787978
276.17471923895664,0.0028886276707358422,0.0028860903446683126,0.0020689924524643793,-0.003037813577487367,-0.003037813577787978,-0.003005428046909699,-0.002253101216762935,-0.003037813577787978
275.27455108512913,0.00254630845851168,0.0027954421896854514,0.0019830553807388836,-0.0030378135775807496,-0.003037813577787978,-0.003005641535525995,-0.002257598811310621,-0.003037813577787978
274.37438293130253,0.0023476227043953335,0.0027069746072503754,0.001899258250585531,-0.0030378135776454943,-0.003037813577787978,-0.0030058529213732163,-0.00226205787768038,-0.003037813577787978
273.474214777475,0.0023046085287963787,0.0026206170324075194,0.0018175309630535795,-0.0030378135776902644,-0.003037813577787978,-0.0030060622319591657,-0.002266478854360563,-0.003037813577787978
272.5740466236484,0.00240848935407411,0.0025363017390126817,0.001737806251337189,-0.0030378135777211408,-0.003037813577787978,-0.0030062694943435767,-0.002270862173623724,-0.003037813577787978
271.6738784698209,0.002632832233927646,0.0024539637041286135,0.0016600195452859102,-0.003037813577742379,-0.003037813577787978,-0.003006474735146837,-0.0022752082616320137,-0.003037813577787978
270.7737103159943,0.00293797226689885,0.002373540479886318,0.0015841088433782764,-0.0030378135777569494,-0.003037813577787978,-0.0030066779805585165,-0.002279517538540426,-0.003037813577787978
269.8735421621668,0.0032759874812286474,0.002294972072345736,0.0015100145916925058,-0.003037813577766919,-0.003037813577787978,-0.0030068792563457012,-0.002283790418598085,-0.003037813577787978
268.9733740083402,0.0035955945894562886,0.00221820082692697,0.0014376795694453774,-0.003037813577773722,-0.003037813577787978,-0.0030070785878611415,-0.0022880273102474777,-0.003037813577787978
268.0732058545127,0.003846334290928139,0.002143171320007416,0.001367048780694872,-0.0030378135777783524,-0.003037813577787978,-0.003007276000051216,-0.002292228616221821,-0.003037813577787978
267.1730377006861,0.003990769372944337,0.0020698302563126355,0.0012980693518343691,-0.0030378135777814957,-0.003037813577787978,-0.003007471517463718,-0.0022963947336404533,-0.003037813577787978
266.2728695468586,0.004033616686914293,0.0019981263717491165,0.0012306904345267288,-0.0030378135777836238,-0.003037813577787978,-0.00300766516425547,-0.0023005260541024515,-0.003037813577787978
265.372701393032,0.003994636434201943,0.0019280103413553307,0.001164863113754582,-0.003037813577785061,-0.003037813577787978,-0.003007856964199767,-0.0023046229637783567,-0.003037813577787978
264.4725332392045,0.003898723681764618,0.0018594346920644401,0.001100540320680393,-0.0030378135777860285,-0.003037813577787978,-0.0030080469406936565,-0.0023086858435002007,-0.003037813577787978
263.5723650853779,0.0037744908984180515,0.0017923537199967718,0.0010376767500343011,-0.0030378135777866786,-0.003037813577787978,-0.003008235116765057,-0.002312715068849728,-0.003037813577787978
262.6721969315504,0.003652728355269849,0.0017267234120142611,0.0009762287817621502,-0.0030378135777871145,-0.003037813577787978,-0.0030084215150797213,-0.0023167110102449875,-0.003037813577787978
261.7720287777238,0.0035652790998909867,0.001662501371290853,0.0009161544066875718,-0.0030378135777874055,-0.003037813577787978,-0.0030086061579480444,-0.002320674033025203,-0.003037813577787978
260.8718606238963,0.003544789523983802,0.001599646746664522,0.0008574131559539928,-0.0030378135777875993,-0.003037813577787978,-0.0030087890673317274,-0.0023246044975340783,-0.003037813577787978
259.9716924700697,0.003625670968027459,0.0015381201655558035,0.0007999660340313472,-0.003037813577787728,-0.003037813577787978,-0.0030089702648502903,-0.002328502759201459,-0.003037813577787978
259.0715243162422,0.003846334290928139,0.0014778836702473946,0.0007437754550822222,-0.0030378135777878136,-0.003037813577787978,-0.0030091497717874478,-0.0023323691686234996,-0.003037813577787978
258.1713561624156,0.004225626255647735,0.001418900657336393,0.0006888051824989233,-0.00303781357778787,-0.003037813577787978,-0.0030093276090973455,-0.002336204071641248,-0.003037813577787978
257.27118800858807,0.004685987168715738,0.0013611358201787251,0.0006350202714311684,-0.0030378135777879072,-0.003037813577787978,-0.003009503797410661,-0.0023400078094178087,-0.003037813577787978
256.37101985476147,0.0051387567377758165,0.001304555094160414,0.0005823870141389714,-0.003037813577787932,-0.003037813577787978,-0.0030096783570405746,-0.002343780718513984,-0.003037813577787978
255.47085170093396,0.005514948860686601,0.0012491256046368994,0.0005308728880120887,-0.003037813577787948,-0.003037813577787978,-0.003009851307988612,-0.0023475231309625626,-0.003037813577787978
254.57068354710736,0.005767720145497079,0.0011948156173950731,0.00048044650611059857,-0.0030378135777879584,-0.003037813577787978,-0.0030100226699503593,-0.002351235374341142,-0.003037813577787978
253.67051539327986,0.005872834370651013,0.0011415944914980338,0.00043107757008678613,-0.0030378135777879654,-0.003037813577787978,-0.0030101924623210613,-0.002354917771843659,-0.003037813577787978
252.77034723945326,0.0058266498241010935,0.0010894326343846394,0.00038273682536029124,-0.0030378135777879697,-0.003037813577787978,-0.0030103607042010956,-0.00235857064235052,-0.003037813577787978
251.87017908562575,0.005641409332791443,0.0010383014591001777,0.0003353960184230378,-0.0030378135777879727,-0.003037813577787978,-0.003010527414401335,-0.002362194300497486,-0.003037813577787978
250.97001093179915,0.00533790867231957,0.0009881733435453846,0.00028902785616104123,-0.0030378135777879745,-0.003037813577787978,-0.003010692611448392,-0.002365789056743224,-0.003037813577787978
250.06984277797164,0.00493602157876605,0.0009390215916344024,0.00024360596708385878,-0.0030378135777879758,-0.003037813577787978,-0.0030108563135897567,-0.0023693552174356577,-0.003037813577787978
249.16967462414505,0.004443817618127071,0.0008908203962620397,0.0001991048643619547,-0.0030378135777879766,-0.003037813577787978,-0.0030110185387988253,-0.0023728930848770473,-0.003037813577787978
248.26950647031754,0.003846334290928139,0.0008435448039834244,0.00015549991057520673,-0.003037813577787977,-0.003037813577787978,-0.0030111793047798235,-0.0023764029573879156,-0.003037813577787978
247.36933831649094,0.0031379619500335534,0.0007971706813179181,0.00011276728408434042,-0.0030378135777879775,-0.003037813577787978,-0.0030113386289726254,-0.002379885129369753,-0.003037813577787978
246.46917016266343,0.0024425446083965454,0.0007516746825912339,7.088394693937792e-05,-0.0030378135777879775,-0.003037813577787978,-0.0030114965285574762,-0.002383339891366624,-0.003037813577787978
245.56900200883683,0.0018796584057585483,0.0007070342192377339,2.9827614246983637e-05,-0.0030378135777879775,-0.003037813577787978,-0.003011653020459611,-0.002386767530125595,-0.003037813577787978
244.66883385500932,0.0015205119723502643,0.0006632274304863898,-1.0423275079666366e-05,-0.003037813577787978,-0.003037813577787978,-0.003011808121353785,-0.0023901683286561147,-0.003037813577787978
243.76866570118273,0.0013910944369438995,0.0006202331553611692,-4.9889586257824414e-05,-0.003037813577787978,-0.003037813577787978,-0.0030119618476687022,-0.00239354256628826,-0.003037813577787978
242.86849754735522,0.001479830419111325,0.0005780309059277315,-8.859151532687954e-05,-0.003037813577787978,-0.003037813577787978,-0.0030121142155913614,-0.0023968905187299835,-0.003037813577787978
241.96832939352862,0.001749217337679463,0.0005366008417249479,-0.00012654861465643532,-0.003037813577787978,-0.003037813577787978,-0.003012265241071306,-0.002400212458123267,-0.003037813577787978
241.0681612397011,0.002150677815934101,0.000495923745320466,-0.00016377981733138244,-0.003037813577787978,-0.003037813577787978,-0.0030124149398247898,-0.002403508653099318,-0.003037813577787978
240.1679930858745,0.0026412269220669336,0.00045598099893563943,-0.00020030346046873496,-0.003037813577787978,-0.003037813577787978,-0.0030125633273388602,-0.0024067793688327217,-0.003037813577787978
239.267824932047,0.0032004731328806007,0.000416754562085544,-0.0002361373075203889,-0.003037813577787978,-0.003037813577787978,-0.0030127104188753537,-0.0024100248670946693,-0.003037813577787978
238.3676567782204,0.003846334290928139,0.0003782269501853802,-0.00027129856961057757,-0.003037813577787978,-0.003037813577787978,-0.0030128562294748124,-0.0024132454063051857,-0.003037813577787978
237.4674886243929,0.0045916656225343236,0.00034038121407468534,-0.0003058039259564733,-0.003037813577787978,-0.003037813577787978,-0.003013000773960323,-0.0024164412415844743,-0.003037813577787978
236.5673204705663,0.005284253197370281,0.00030320092041596,-0.0003396695434154237,-0.003037813577787978,-0.003037813577787978,-0.003013144066941276,-0.002419612624803296,-0.003037813577787978
235.6671523167388,0.005778659043422844,0.00026667013292417394,-0.0003729110952022268,-0.003037813577787978,-0.003037813577787978,-0.0030132861228170504,-0.0024227598046325047,-0.003037813577787978
234.7669841629122,0.005989983275768566,0.00023077339438839573,-0.0004055437788152826,-0.003037813577787978,-0.003037813577787978,-0.0030134269557806235,-0.0024258830265916536,-0.003037813577787978
233.8668160090847,0.005885849577712868,0.00019549570944651495,-0.00043758233321053485,-0.003037813577787978,-0.003037813577787978,-0.003013566579822111,-0.002428982533096795,-0.003037813577787978
232.9666478552581,0.005473386553282228,0.00016082252807839365,-0.0004690410552579457,-0.003037813577787978,-0.003037813577787978,-0.0030137050087322335,-0.002432058563507383,-0.003037813577787978
232.06647970143058,0.0047824159880468725,0.00012673972978238367,-0.0004999338155154505,-0.003037813577787978,-0.003037813577787978,-0.003013842256105716,-0.0024351113541724056,-0.003037813577787978
231.16631154760398,0.003846334290928139,9.323360840419971e-05,-0.000530274073351481,-0.003037813577787978,-0.003037813577787978,-0.00301397833534462,-0.002438141138475655,-0.003037813577787978
230.26614339377647,0.002725579776082944,6.029085758658655e-05,-0.000560074891447505,-0.003037813577787978,-0.003037813577787978,-0.003014113259661608,-0.0024411481468802564,-0.003037813577787978
229.36597523994988,0.0016185199563764525,2.789855681201202e-05,-0.000589348949708429,-0.003037813577787978,-0.003037813577787978,-0.003014247042083145,-0.00244413260697237,-0.003037813577787978
228.46580708612237,0.0007174327553268868,-3.955841990060504e-06,-0.0006181085586091971,-0.003037813577787978,-0.003037813577787978,-0.0030143796954526397,-0.0024470947435041796,-0.003037813577787978
227.56563893229577,0.00015510218471122343,-3.5284527296212346e-05,-0.0006463656720025624,-0.003037813577787978,-0.003037813577787978,-0.0030145112324335165,-0.0024500347784360893,-0.003037813577787978
226.66547077846826,0.0,-6.609934032809992e-05,-0.0006741318994135854,-0.003037813577787978,-0.003037813577787978,-0.0030146416655122375,-0.002452952930978233,-0.003037813577787978
225.76530262464166,0.0002575380226862903,-9.641178689980684e-05,-0.0007014185178432861,-0.003037813577787978,-0.003037813577787978,-0.003014771007001256,-0.0024558494176312204,-0.003037813577787978
224.86513447081416,0.0008771761016364298,-0.00012623304879672698,-0.0007282364831045309,-0.003037813577787978,-0.003037813577787978,-0.003014899269041921,-0.002458724452226231,-0.003037813577787978
223.96496631698756,0.0017646356962434874,-0.00015557399470604366,-0.0007545964407103156,-0.003037813577787978,-0.003037813577787978,-0.003015026463607318,-0.002461578245964366,-0.003037813577787978
223.06479816316005,0.0027980441690885816,-0.00018444519071978771,-0.0007805087363353105,-0.003037813577787978,-0.003037813577787978,-0.00301515260250506,-0.0024644110074553737,-0.003037813577787978
222.16463000933345,0.003846334290928139,-0.00021285691042854894,-0.000805983425868813,-0.003037813577787978,-0.003037813577787978,-0.0030152776973800233,-0.0024672229427556685,-0.003037813577787978
221.26446185550594,0.004782840883122775,-0.00024081914462481882,-0.0008310302850780011,-0.003037813577787978,-0.003037813577787978,-0.00301540175971703,-0.0024700142554057434,-0.003037813577787978
220.36429370167934,0.0054870434035153865,-0.0002683416106322484,-0.0008556588188978259,-0.003037813577787978,-0.003037813577787978,-0.0030155248008434787,-0.0024727851464668997,-0.003037813577787978
219.46412554785184,0.005874735217043208,-0.00029543376127804787,-0.000879878270364677,-0.003037813577787978,-0.003037813577787978,-0.003015646831931927,-0.0024755358145574,-0.003037813577787978
218.56395739402524,0.005913314657801367,-0.00032210479352317136,-0.0009036976292085435,-0.003037813577787978,-0.003037813577787978,-0.003015767864002622,-0.0024782664558879617,-0.003037813577787978
217.66378924019773,0.005626603373608071,-0.00034836365676595973,-0.0009271256401192345,-0.003037813577787978,-0.003037813577787978,-0.0030158879079259858,-0.0024809772642966953,-0.003037813577787978
216.76362108637113,0.005094053303211128,-0.00037421906083242706,-0.0009501708106999227,-0.003037813577787978,-0.003037813577787978,-0.0030160069744250505,-0.0024836684312834097,-0.003037813577787978
215.86345293254453,0.004444669128501856,-0.00039967948366742686,-0.0009728414191221527,-0.003037813577787978,-0.003037813577787978,-0.0030161250740778503,-0.0024863401460433797,-0.003037813577787978
214.96328477871702,0.003846334290928139,-0.0004247531787387785,-0.0009951455214944468,-0.003037813577787978,-0.003037813577787978,-0.003016242217319766,-0.0024889925955005215,-0.003037813577787978
214.06311662489043,0.0034544915793511158,-0.00044944818216676764,-0.001017090958956887,-0.003037813577787978,-0.003037813577787978,-0.003016358414445827,-0.0024916259643400097,-0.003037813577787978
213.16294847106292,0.0032843168008947197,-0.00047377231959084675,-0.0010386853645134543,-0.003037813577787978,-0.003037813577787978,-0.003016473675612968,-0.0024942404350403805,-0.003037813577787978
212.26278031723632,0.003306671098511533,-0.0004977332127839196,-0.0010599361696125758,-0.003037813577787978,-0.003037813577787978,-0.0030165880108422465,-0.002496836187905053,-0.003037813577787978
211.3626121634088,0.00347077348985078,-0.0005213382860255133,-0.0010808506104870719,-0.003037813577787978,-0.003037813577787978,-0.003016701430021019,-0.0024994134010933784,-0.003037813577787978
210.4624440095822,0.0036924741072080153,-0.0005445947722430406,-0.0011014357342628075,-0.003037813577787978,-0.003037813577787978,-0.0030168139429050697,-0.0025019722506511195,-0.003037813577787978
209.5622758557547,0.003846334290928139,-0.0005675097189315188,-0.001121698404846284,-0.003037813577787978,-0.003037813577787978,-0.003016925559120711,-0.00250451291054048,-0.003037813577787978
208.6621077019281,0.003831094835553968,-0.0005900899938600639,-0.001141645308599598,-0.003037813577787978,-0.003037813577787978,-0.0030170362881668353,-0.0025070355526695867,-0.003037813577787978
207.7619395481006,0.0037771641249279807,-0.0006123422905746304,-0.0011612829598121185,-0.003037813577787978,-0.003037813577787978,-0.0030171461394169342,-0.002509540346921534,-0.003037813577787978
206.861771394274,0.003846334290928139,-0.0006342731337045421,-0.001180617705976514,-0.003037813577787978,-0.003037813577787978,-0.0030172551221210792,-0.002512027461182905,-0.003037813577787978
205.9616032404465,0.004133291567007483,-0.000655888884081475,-0.001199655732877696,-0.003037813577787978,-0.003037813577787978,-0.003017363245407866,-0.002514497061371869,-0.003037813577787978
205.0614350866199,0.004560080608410252,-0.0006771957436777264,-0.0012184030695015834,-0.003037813577787978,-0.003037813577787978,-0.0030174705182863205,-0.0025169493114657786,-0.003037813577787978
204.1612669327924,0.005006686618535275,-0.0006981997603717144,-0.0012368655927715408,-0.003037813577787978,-0.003037813577787978,-0.003017576949647777,-0.0025193843735283523,-0.003037813577787978
203.2610987789658,0.005363164986102568,-0.0007189068325468974,-0.0012550490321187571,-0.003037813577787978,-0.003037813577787978,-0.0030176825482677145,-0.0025218024077363816,-0.003037813577787978
202.36093062513828,0.005541053244398425,-0.0007393227135314056,-0.0012729589738937589,-0.003037813577787978,-0.003037813577787978,-0.0030177873228075633,-0.0025242035724060393,-0.003037813577787978
201.46076247131168,0.005482209576943378,-0.0007594530158839931,-0.0012906008656247494,-0.003037813577787978,-0.003037813577787978,-0.0030178912818164794,-0.0025265880240187204,-0.003037813577787978
200.56059431748417,0.005164252162552945,-0.0007793032155330162,-0.0013079800201293782,-0.003037813577787978,-0.003037813577787978,-0.003017994433733084,-0.00252895591724651,-0.003037813577787978
