x_data,y_data,y_fit,component_1
499.8980109448348,0.007497474564006615,0.018209725894834813,0.018209725894834813
499.5737833419985,0.0082332249980712,0.018214208443451233,0.018214208443451233
499.2495557391617,0.009178812677317547,0.01821869901570988,0.01821869901570988
498.92532813632533,0.010302789147519427,0.018223197630573944,0.018223197630573944
498.601100533489,0.011221055894292255,0.018227704307062123,0.018227704307062123
498.2768729306522,0.011388988109363356,0.018232219064248798,0.018232219064248798
497.95264532781584,0.010506606621534596,0.018236741921264208,0.018236741921264208
497.6284177249795,0.008826885214632256,0.01824127289729469,0.01824127289729469
497.3041901221427,0.007098103094471663,0.018245812011582846,0.018245812011582846
496.97996251930635,0.00613389939238831,0.018250359283427723,0.018250359283427723
496.65573491646956,0.0062929523746971,0.018254914732185067,0.018254914732185067
496.3315073136332,0.007238905570174955,0.018259478377267456,0.018259478377267456
496.00727971079687,0.008163312989637109,0.01826405023814455,0.01826405023814455
495.68305210796007,0.008324511271058516,0.01826863033434328,0.01826863033434328
495.3588245051237,0.007528397237192143,0.018273218685448008,0.018273218685448008
495.0345969022874,0.00622232620377991,0.0182778153111008,0.0182778153111008
494.7103692994506,0.005154971009501848,0.01828242023100158,0.01828242023100158
494.38614169661423,0.004861647045380471,0.018287033464908328,0.018287033464908328
494.06191409377743,0.005341547364043145,0.01829165503263733,0.01829165503263733
493.7376864909411,0.006131312662134565,0.018296284954063324,0.018296284954063324
493.41345888810474,0.006681631088628801,0.018300923249119774,0.018300923249119774
493.08923128526794,0.006737197990807886,0.01830556993779902,0.01830556993779902
492.7650036824316,0.006451074696447205,0.0183102250401525,0.0183102250401525
492.44077607959525,0.006190605018211706,0.018314888576290985,0.018314888576290985
492.11654847675845,0.006226701151904722,0.018319560566384768,0.018319560566384768
491.7923208739221,0.00656135375515631,0.018324241030663865,0.018324241030663865
491.4680932710853,0.007005259160005462,0.01832892998941825,0.01832892998941825
491.14386566824896,0.0073990494778516285,0.018333627462998048,0.018333627462998048
490.8196380654126,0.0077606181340587575,0.01833833347181376,0.01833833347181376
490.4954104625758,0.008223724387715325,0.018343048036336494,0.018343048036336494
490.1711828597395,0.008831963078586889,0.01834777117709812,0.01834777117709812
489.8469552569027,0.009393370705212397,0.01835250291469157,0.01835250291469157
489.52272765406633,0.009559854913674063,0.01835724326977098,0.01835724326977098
489.19850005123,0.009101025199926132,0.018361992263051956,0.018361992263051956
488.8742724483932,0.008155406592383271,0.018366749915311786,0.018366749915311786
488.55004484555684,0.007226736691329077,0.01837151624738963,0.01837151624738963
488.2258172427205,0.0068774550038272365,0.018376291280186783,0.018376291280186783
487.9015896398837,0.007319071714734488,0.01838107503466687,0.01838107503466687
487.57736203704735,0.008210436466868372,0.018385867531856066,0.018385867531856066
487.25313443421055,0.008846746804319705,0.018390668792843352,0.018390668792843352
486.9289068313742,0.008636136351725136,0.01839547883878069,0.01839547883878069
486.60467922853786,0.00753081807931005,0.018400297690883298,0.018400297690883298
486.28045162570106,0.006089551026853184,0.01840512537042986,0.01840512537042986
485.9562240228647,0.005106464193917495,0.01840996189876272,0.01840996189876272
485.6319964200284,0.00506385062465037,0.018414807297288165,0.018414807297288165
485.3077688171916,0.005809807396563968,0.018419661587476637,0.018419661587476637
484.9835412143552,0.006706075689526689,0.01842452479086293,0.01842452479086293
484.6593136115184,0.007141366157965543,0.018429396929046476,0.018429396929046476
484.3350860086821,0.007019432754797991,0.018434278023691526,0.018434278023691526
484.01085840584574,0.006832271574286282,0.018439168096527434,0.018439168096527434
483.68663080300894,0.0072328801756817215,0.01844406716934886,0.01844406716934886
483.3624032001726,0.008413227683772001,0.018448975264015996,0.018448975264015996
483.03817559733625,0.00977667351887762,0.018453892402454843,0.018453892402454843
482.71394799449945,0.010213783133484054,0.01845881860665743,0.01845881860665743
482.3897203916631,0.008855985929986885,0.01846375389868202,0.01846375389868202
482.0654927888263,0.005801361159952827,0.018468698300653417,0.018468698300653417
481.74126518598996,0.0022692653483639604,0.01847365183476314,0.01847365183476314
481.4170375831536,0.0,0.018478614523269724,0.018478614523269724
481.0928099803168,0.00023732406579112222,0.01848358638849892,0.01848358638849892
480.76858237748047,0.0029497497282246236,0.018488567452843958,0.018488567452843958
480.4443547746441,0.006822425129342136,0.018493557738765792,0.018493557738765792
480.1201271718073,0.010051541724971191,0.018498557268793365,0.018498557268793365
479.795899568971,0.011433752601069738,0.018503566065523804,0.018503566065523804
479.4716719661342,0.011038629554810227,0.018508584151622733,0.018508584151622733
479.14744436329784,0.01003105875769018,0.018513611549824477,0.018513611549824477
478.8232167604615,0.009785493706710226,0.018518648282932336,0.018518648282932336
478.4989891576247,0.010909385827012527,0.01852369437381885,0.01852369437381885
478.17476155478835,0.012840981657383304,0.018528749845426,0.018528749845426
477.85053395195155,0.014277921559991786,0.018533814720765537,0.018533814720765537
477.5263063491152,0.014116622058690884,0.01853888902291917,0.01853888902291917
477.20207874627886,0.012240269789217474,0.01854397277503887,0.01854397277503887
476.87785114344206,0.009616976665668714,0.018549066000347114,0.018549066000347114
476.5536235406057,0.007660475121615685,0.01855416872213713,0.01855416872213713
476.22939593776937,0.00731211284801925,0.018559280963773184,0.018559280963773184
475.90516833493257,0.008473222955678964,0.018564402748690836,0.018564402748690836
475.5809407320962,0.010147956471852888,0.018569534100397175,0.018569534100397175
475.2567131292594,0.011155516022319659,0.01857467504247113,0.01857467504247113
474.9324855264231,0.010897067930010726,0.01857982559856369,0.01857982559856369
474.60825792358673,0.009666698119806999,0.018584985792398215,0.018584985792398215
474.28403032074993,0.008347943673161459,0.01859015564777068,0.01859015564777068
473.9598027179136,0.007766441088793002,0.01859533518854994,0.01859533518854994
473.63557511507724,0.00816990352845752,0.018600524438678014,0.018600524438678014
473.31134751224045,0.009161605297803506,0.01860572342217037,0.01860572342217037
472.9871199094041,0.010060665572442281,0.018610932163116146,0.018610932163116146
472.6628923065673,0.010375577487529148,0.0186161506856785,0.0186161506856785
472.33866470373096,0.010052646708655672,0.018621379014094826,0.018621379014094826
472.0144371008946,0.009381609517547816,0.018626617172677065,0.018626617172677065
471.6902094980578,0.008709276149649768,0.018631865185811974,0.018631865185811974
471.36598189522147,0.008219355062917152,0.0186371230779614,0.0186371230779614
471.0417542923851,0.007923660866617617,0.018642390873662568,0.018642390873662568
470.7175266895483,0.007799360042935224,0.018647668597528387,0.018647668597528387
470.393299086712,0.007888329505347446,0.01865295627424768,0.01865295627424768
470.0690714838752,0.008242227944019558,0.018658253928585528,0.018658253928585528
469.74484388103883,0.008775234959456939,0.018663561585383518,0.018663561585383518
469.4206162782025,0.009203839292522527,0.018668879269560058,0.018668879269560058
469.0963886753657,0.009192373329506473,0.018674207006110662,0.018674207006110662
468.77216107252934,0.008628966610260951,0.01867954482010821,0.01867954482010821
468.447933469693,0.007800487519926258,0.0186848927367033,0.0186848927367033
468.1237058668562,0.007270126279672326,0.018690250781124504,0.018690250781124504
467.79947826401985,0.007485066693778599,0.018695618978678653,0.018695618978678653
467.47525066118305,0.008383845802085444,0.01870099735475118,0.01870099735475118
467.1510230583467,0.00932692266598767,0.01870638593480637,0.01870638593480637
466.82679545551036,0.009467247158926682,0.018711784744387703,0.018711784744387703
466.50256785267356,0.008346599698094839,0.01871719380911814,0.01871719380911814
466.1783402498372,0.00629883437436105,0.018722613154700404,0.018722613154700404
465.8541126470004,0.0043375080160521235,0.01872804280691734,0.01872804280691734
465.5298850441641,0.0035557503350940344,0.01873348279163215,0.01873348279163215
465.20565744132773,0.004423972286446861,0.018738933134788784,0.018738933134788784
464.88142983849093,0.0064687178837757354,0.01874439386241219,0.01874439386241219
464.5572022356546,0.008567475533468129,0.018749865000608625,0.018749865000608625
464.23297463281824,0.009668168619722986,0.018755346575566025,0.018755346575566025
463.90874702998144,0.009443440805602273,0.018760838613554275,0.018760838613554275
463.5845194271451,0.008436280511326841,0.018766341140925513,0.018766341140925513
463.2602918243083,0.007614161403420377,0.018771854184114502,0.018771854184114502
462.93606422147195,0.007663899727538578,0.0187773777696389,0.0187773777696389
462.6118366186356,0.008531162901699526,0.01878291192409961,0.01878291192409961
462.2876090157988,0.009518059538432851,0.01878845667418111,0.01878845667418111
461.96338141296246,0.009843818850605531,0.018794012046651737,0.018794012046651737
461.6391538101261,0.009245561564517439,0.018799578068364072,0.018799578068364072
461.3149262072893,0.008181138935081394,0.018805154766255237,0.018805154766255237
460.990698604453,0.00749532645323068,0.01881074216734721,0.01881074216734721
460.6664710016162,0.007799781792433117,0.018816340298747215,0.018816340298747215
460.34224339877983,0.009015817743035117,0.018821949187647978,0.018821949187647978
460.0180157959435,0.010403410142726778,0.018827568861328144,0.018827568861328144
459.6937881931067,0.011051383259626516,0.018833199347152565,0.018833199347152565
459.36956059027034,0.010486252990766273,0.018838840672572642,0.018838840672572642
459.045332987434,0.008988865138456424,0.0188444928651267,0.0188444928651267
458.7211053845972,0.0074213262863303455,0.018850155952440318,0.018850155952440318
458.39687778176085,0.006698090565699912,0.018855829962226633,0.018855829962226633
458.07265017892405,0.0072534109412391605,0.018861514922286767,0.018861514922286767
457.7484225760877,0.008828229189698875,0.018867210860510106,0.018867210860510106
457.42419497325136,0.010667799279629363,0.0188729178048747,0.0188729178048747
457.09996737041456,0.011961465254476899,0.018878635783447607,0.018878635783447607
456.7757397675782,0.012238757114351696,0.018884364824385214,0.018884364824385214
456.45151216474187,0.011514374235086994,0.018890104955933646,0.018890104955933646
456.12728456190507,0.010164362527320933,0.018895856206429112,0.018895856206429112
455.8030569590687,0.008674436829460473,0.018901618604298235,0.018901618604298235
455.4788293562319,0.007433303972070511,0.018907392178058473,0.018907392178058473
455.1546017533956,0.006657993435103549,0.018913176956318424,0.018913176956318424
454.83037415055924,0.006421853079569847,0.01891897296777826,0.01891897296777826
454.50614654772244,0.0066986697683436855,0.01892478024123005,0.01892478024123005
454.1819189448861,0.007366431371684571,0.01893059880555814,0.01893059880555814
453.85769134204975,0.008187538280796092,0.01893642868973957,0.01893642868973957
453.53346373921295,0.008829688442961586,0.0189422699228444,0.0189422699228444
453.2092361363766,0.008971964230244186,0.018948122534036105,0.018948122534036105
452.8850085335398,0.008470475960616019,0.018953986552571994,0.018953986552571994
452.56078093070346,0.007492081793760222,0.018959862007803537,0.018959862007803537
452.2365533278671,0.006515169373473689,0.018965748929176802,0.018965748929176802
451.9123257250303,0.006156418003912486,0.018971647346232835,0.018971647346232835
451.58809812219397,0.0068804184969657655,0.01897755728860802,0.01897755728860802
451.26387051935717,0.008728814398055498,0.01898347878603451,0.01898347878603451
450.9396429165208,0.01121882343361674,0.018989411868340612,0.018989411868340612
450.6154153136845,0.013492930466216515,0.01899535656545119,0.01899535656545119
450.2911877108477,0.01467878321108596,0.01900131290738808,0.01900131290738808
449.96696010801134,0.014300355821616383,0.019007280924270446,0.019007280924270446
449.642732505175,0.012532994869051841,0.01901326064631526,0.01901326064631526
449.3185049023382,0.010153627596767892,0.019019252103837665,0.019019252103837665
448.99427729950185,0.00818652045867451,0.019025255327251377,0.019025255327251377
448.67004969666505,0.007411699151125104,0.01903127034706917,0.01903127034706917
448.3458220938287,0.007991984285276308,0.0190372971939032,0.0190372971939032
448.02159449099236,0.0094226429320295,0.0190433358984655,0.0190433358984655
447.69736688815556,0.010831561797997961,0.01904938649156839,0.01904938649156839
447.3731392853192,0.011455652646663669,0.019055449004124866,0.019055449004124866
447.04891168248287,0.011016363992984788,0.019061523467149073,0.019061523467149073
446.72468407964607,0.009784700817654186,0.019067609911756735,0.019067609911756735
446.4004564768097,0.008326603148568064,0.019073708369165547,0.019073708369165547
446.0762288739729,0.007123126898013324,0.01907981887069568,0.01907981887069568
445.7520012711366,0.0063286914271485665,0.019085941447770153,0.019085941447770153
445.42777366830023,0.005815745629494303,0.019092076131915346,0.019092076131915346
445.10354606546343,0.005436474741028938,0.019098222954761407,0.019098222954761407
444.7793184626271,0.005269110481948334,0.019104381948042693,0.019104381948042693
444.45509085979074,0.005630656644848909,0.019110553143598264,0.019110553143598264
444.13086325695394,0.006823572287976406,0.019116736573372324,0.019116736573372324
443.8066356541176,0.008804869890842233,0.01912293226941465,0.01912293226941465
443.4824080512808,0.011051771269164578,0.019129140263881114,0.019129140263881114
443.15818044844445,0.012772649803734654,0.019135360589034093,0.019135360589034093
442.8339528456081,0.013356854396552946,0.01914159327724299,0.01914159327724299
442.5097252427713,0.01276003105875769,0.019147838360984683,0.019147838360984683
442.18549763993497,0.011538872257587948,0.01915409587284398,0.01915409587284398
441.8612700370986,0.010484698140950707,0.019160365845514157,0.019160365845514157
441.5370424342618,0.010097276240522727,0.019166648311797402,0.019166648311797402
441.2128148314255,0.010272358515414776,0.01917294330460529,0.01917294330460529
440.8885872285887,0.010439236356741143,0.01917925085695934,0.01917925085695934
440.56435962575233,0.0100621698123181,0.019185571001991412,0.019185571001991412
440.240132022916,0.009141400685191104,0.01919190377294431,0.01919190377294431
439.9159044200792,0.008324916150576492,0.019198249203172226,0.019198249203172226
439.59167681724284,0.008506125039841269,0.019204607326141238,0.019204607326141238
439.26744921440604,0.010158075648139005,0.019210978175429876,0.019210978175429876
438.9432216115697,0.012873189260705745,0.01921736178472956,0.01921736178472956
438.61899400873335,0.015469276729977078,0.019223758187845195,0.019223758187845195
438.29476640589655,0.016647074059436762,0.019230167418695654,0.019230167418695654
437.9705388030602,0.015795322831808324,0.019236589511314295,0.019236589511314295
437.64631120022386,0.01341198549091754,0.01924302449984952,0.01924302449984952
437.32208359738706,0.01084384314337661,0.01924947241856531,0.01924947241856531
436.9978559945507,0.009491272821989997,0.019255933301841718,0.019255933301841718
436.6736283917139,0.009979647493897004,0.01926240718417549,0.01926240718417549
436.3494007888776,0.011821005801698559,0.019268894100180532,0.019268894100180532
436.02517318604123,0.01376487173079471,0.019275394084588525,0.019275394084588525
435.70094558320443,0.014588003037496118,0.01928190717224947,0.01928190717224947
435.3767179803681,0.013803568653058066,0.0192884333981322,0.0192884333981322
435.05249037753174,0.011854768254836567,0.01929497279732502,0.01929497279732502
434.72826277469494,0.00972345435557014,0.019301525405036234,0.019301525405036234
434.4040351718586,0.00826910744535195,0.019308091256594714,0.019308091256594714
434.0798075690218,0.0077566902404017125,0.019314670387450526,0.019314670387450526
433.75557996618545,0.007853161220549795,0.019321262833175454,0.019321262833175454
433.4313523633491,0.008020626699509894,0.01932786862946365,0.01932786862946365
433.1071247605123,0.007968498461570299,0.019334487812132192,0.019334487812132192
432.78289715767596,0.007827825322379692,0.019341120417121688,0.019341120417121688
432.4586695548396,0.007954459826617095,0.019347766480496895,0.019347766480496895
432.1344419520028,0.008557269195619114,0.019354426038447333,0.019354426038447333
431.8102143491665,0.009465456129392296,0.01936109912728787,0.01936109912728787
431.4859867463297,0.01021963701651481,0.019367785783459397,0.019367785783459397
431.1617591434933,0.010407762597545035,0.01937448604352938,0.01937448604352938
430.837531540657,0.0099772125934625,0.019381199944192583,0.019381199944192583
430.5133039378202,0.009279700780540232,0.019387927522271642,0.019387927522271642
430.18907633498384,0.008817319936020038,0.01939466881471771,0.01939466881471771
429.8648487321475,0.00888620287567927,0.01940142385861115,0.01940142385861115
429.5406211293107,0.009384300279344374,0.019408192691162156,0.019408192691162156
429.21639352647435,0.009914594039678643,0.019414975349711417,0.019414975349711417
428.89216592363755,0.010087733455217063,0.019421771871730806,0.019421771871730806
428.5679383208012,0.009786410308952314,0.019428582294824016,0.019428582294824016
428.24371071796486,0.009202135424551039,0.019435406656727286,0.019435406656727286
427.91948311512806,0.008645136486010176,0.019442244995310068,0.019442244995310068
427.5952555122917,0.00830368246918923,0.019449097348575688,0.019449097348575688
427.2710279094549,0.00815237280766176,0.019455963754662107,0.019455963754662107
426.94680030661857,0.008069009801908196,0.01946284425184256,0.01946284425184256
426.6225727037822,0.008037091799907643,0.019469738878526335,0.019469738878526335
426.2983451009454,0.008237417188080257,0.01947664767325946,0.01947664767325946
425.9741174981091,0.008927677721302084,0.019483570674725385,0.019483570674725385
425.64988989527274,0.010193764090650724,0.01949050792174581,0.01949050792174581
425.32566229243594,0.011778023904536607,0.01949745945328136,0.01949745945328136
425.0014346895996,0.013145465113218935,0.019504425308432327,0.019504425308432327
424.6772070867628,0.013770385402563833,0.019511405526439485,0.019511405526439485
424.35297948392645,0.013453055457022377,0.019518400146684774,0.019518400146684774
424.0287518810901,0.01244532439509313,0.019525409208692123,0.019525409208692123
423.7045242782533,0.011300375728192683,0.019532432752128237,0.019532432752128237
423.38029667541696,0.010558692684524402,0.019539470816803316,0.019539470816803316
423.0560690725806,0.010488665397894222,0.019546523442671923,0.019546523442671923
422.7318414697438,0.01103944774883614,0.01955359066983375,0.01955359066983375
422.40761386690747,0.011991839653315165,0.019560672538534406,0.019560672538534406
422.08338626407067,0.013150191519258657,0.019567769089166295,0.019567769089166295
421.7591586612343,0.014414188822761067,0.01957488036226937,0.01957488036226937
421.434931058398,0.01569660814433145,0.01958200639853203,0.01958200639853203
421.1107034555612,0.016798532739120155,0.019589147238791935,0.019589147238791935
420.78647585272483,0.017393635338964007,0.019596302924036836,0.019596302924036836
420.4622482498885,0.017176951693599778,0.01960347349540548,0.01960347349540548
420.1380206470517,0.01608411720632233,0.01961065899418846,0.01961065899418846
419.81379304421534,0.014411346231145266,0.019617859461829073,0.019617859461829073
419.48956544137855,0.012728048388500791,0.019625074939924252,0.019625074939924252
419.1653378385422,0.011622744174402302,0.01963230547022541,0.01963230547022541
418.84111023570586,0.011439510887547638,0.0196395510946394,0.0196395510946394
418.51688263286906,0.012157294793001972,0.019646811855229415,0.019646811855229415
418.1926550300327,0.01345241158612226,0.01965408779421587,0.01965408779421587
417.86842742719637,0.014863489809519933,0.019661378953977415,0.019661378953977415
417.54419982435957,0.015944116054665034,0.019668685377051836,0.019668685377051836
417.2199722215232,0.01635171445107222,0.019676007106136994,0.019676007106136994
416.8957446186864,0.015904896163024287,0.019683344184091865,0.019683344184091865
416.5715170158501,0.014656005926536412,0.019690696653937426,0.019690696653937426
416.24728941301373,0.012957049930866823,0.019698064558857722,0.019698064558857722
415.92306181017693,0.011423087962099678,0.019705447942200836,0.019705447942200836
415.5988342073406,0.010715735327559902,0.019712846847479877,0.019712846847479877
415.2746066045038,0.011199074310462064,0.019720261318374056,0.019720261318374056
414.95037900166744,0.012665812220928357,0.01972769139872966,0.01972769139872966
414.6261513988311,0.014354221667487297,0.019735137132561156,0.019735137132561156
414.3019237959943,0.015317432852418942,0.01974259856405222,0.01974259856405222
413.97769619315795,0.014957396552720824,0.019750075737556792,0.019750075737556792
413.6534685903216,0.013384248432272766,0.019757568697600186,0.019757568697600186
413.3292409874848,0.011346186158653838,0.019765077488880192,0.019765077488880192
413.00501338464846,0.009760399611585582,0.01977260215626813,0.01977260215626813
412.68078578181166,0.009161014848506456,0.01978014274481005,0.01978014274481005
412.3565581789753,0.009445240270126618,0.019787699299727787,0.019787699299727787
412.032330576139,0.010080358462330572,0.01979527186642016,0.01979527186642016
411.7081029733022,0.010588178597753774,0.019802860490464133,0.019802860490464133
411.38387537046583,0.010915734562787478,0.019810465217615928,0.019810465217615928
411.0596477676295,0.011399126967292708,0.0198180860938123,0.0198180860938123
410.7354201647927,0.012361885474429946,0.019825723165171685,0.019825723165171685
410.41119256195634,0.01369756051093096,0.019833376477995403,0.019833376477995403
410.08696495911954,0.014815680286438763,0.019841046078768958,0.019841046078768958
409.7627373562832,0.01504367244167317,0.019848732014163185,0.019848732014163185
409.43850975344685,0.014193338292357652,0.019856434331035608,0.019856434331035608
409.11428215061005,0.012829459461100864,0.01986415307643167,0.01986415307643167
408.7900545477737,0.011974390470755665,0.019871888297585988,0.019871888297585988
408.46582694493736,0.012412405440950909,0.019879640041923743,0.019879640041923743
408.14159934210056,0.014091280537194145,0.019887408357061948,0.019887408357061948
407.8173717392642,0.016084642987363035,0.019895193290810777,0.019895193290810777
407.4931441364274,0.017182650935147974,0.01990299489117498,0.01990299489117498
407.1689165335911,0.01670993441626608,0.019910813206355186,0.019910813206355186
406.8446889307547,0.014986207666753565,0.01991864828474934,0.01991864828474934
406.52046132791793,0.013094666792029362,0.01992650017495411,0.01992650017495411
406.1962337250816,0.012126147186750903,0.01993436892576626,0.01993436892576626
405.87200612224524,0.012447368474326252,0.019942254586184163,0.019942254586184163
405.54777851940844,0.013514057304397644,0.019950157205409234,0.019950157205409234
405.2235509165721,0.014339075237186295,0.019958076832847366,0.019958076832847366
404.8993233137353,0.014244246268416676,0.019966013518110504,0.019966013518110504
404.57509571089895,0.01333370316078193,0.019973967311018092,0.019973967311018092
404.2508681080626,0.012358803891432008,0.019981938261598664,0.019981938261598664
403.9266405052258,0.012110713966791331,0.019989926420091383,0.019989926420091383
403.60241290238946,0.012817926018165145,0.019997931836947577,0.019997931836947577
403.27818529955266,0.0139938676498341,0.0200059545628324,0.0200059545628324
402.9539576967163,0.014819338260417156,0.02001399464862639,0.02001399464862639
402.62973009387997,0.014746024139366728,0.020022052145427155,0.020022052145427155
402.30550249104317,0.013870382208514302,0.020030127104551015,0.020030127104551015
401.9812748882068,0.012832850327063924,0.020038219577534634,0.020038219577534634
401.6570472853705,0.012361379375032474,0.02004632961613681,0.02004632961613681
401.3328196825337,0.012813486401783989,0.020054457272340155,0.020054457272340155
401.00859207969734,0.014018655273656942,0.020062602598352797,0.020062602598352797
400.68436447686054,0.015461623382421975,0.020070765646610242,0.020070765646610242
400.3601368740242,0.01660708658370985,0.02007894646977708,0.02007894646977708
400.03590927118785,0.017127263979421322,0.020087145120748863,0.020087145120748863
399.71168166835105,0.01694529594106034,0.020095361652653944,0.020095361652653944
399.3874540655147,0.016180998689315027,0.020103596118855267,0.020103596118855267
399.06322646267836,0.015119550799670789,0.020111848572952364,0.020111848572952364
398.73899885984156,0.014210107052393884,0.020120119068783207,0.020120119068783207
398.4147712570052,0.013983422320602946,0.02012840766042613,0.02012840766042613
398.0905436541684,0.014805336177087102,0.02013671440220188,0.02013671440220188
397.76631605133207,0.016558731597944742,0.020145039348675498,0.020145039348675498
397.4420884484957,0.018507984673960646,0.020153382554658445,0.020153382554658445
397.1178608456589,0.01956088791877757,0.0201617440752106,0.0201617440752106
396.7936332428226,0.0188764953269031,0.020170123965642307,0.020170123965642307
396.46940563998623,0.016460061897080977,0.02017852228151654,0.02017852228151654
396.14517803714944,0.01330275237096321,0.02018693907865101,0.02018693907865101
395.8209504343131,0.010882579428926438,0.020195374413120287,0.020195374413120287
395.4967228314763,0.010290409393924603,0.02020382834125807,0.02020382834125807
395.17249522863995,0.01155031010397081,0.020212300919659316,0.020212300919659316
394.8482676258036,0.01361216748426087,0.020220792205182574,0.020220792205182574
394.5240400229668,0.015042497166405707,0.020229302254952234,0.020229302254952234
394.19981242013046,0.014946445124092197,0.0202378311263608,0.0202378311263608
393.8755848172941,0.013488881671036741,0.020246378877071303,0.020246378877071303
393.5513572144573,0.011676213575745198,0.02025494556501966,0.02025494556501966
393.22712961162097,0.010596596717731721,0.02026353124841702,0.02026353124841702
392.90290200878417,0.010692398522009813,0.020272135985752327,0.020272135985752327
392.5786744059478,0.011576540111076446,0.020280759835794672,0.020280759835794672
392.2544468031115,0.01246553181936885,0.020289402857595902,0.020289402857595902
391.9302192002747,0.012835448303970947,0.020298065110493133,0.020298065110493133
391.60599159743833,0.012773273992991536,0.020306746654111293,0.020306746654111293
391.28176399460153,0.012781453121587344,0.02031544754836583,0.02031544754836583
390.9575363917652,0.013251644766808518,0.02032416785346526,0.02032416785346526
390.63330878892884,0.014078613993940753,0.02033290762991396,0.02033290762991396
390.30908118609204,0.01473985535004421,0.020341666938514847,0.020341666938514847
389.9848535832557,0.014755704696175036,0.020350445840372128,0.020350445840372128
389.66062598041935,0.014119234093914504,0.020359244396894162,0.020359244396894162
389.33639837758255,0.013316760077619902,0.02036806266979629,0.02036806266979629
389.0121707747462,0.012917025903516762,0.020376900721103673,0.020376900721103673
388.6879431719094,0.01308429175438119,0.020385758613154316,0.020385758613154316
388.36371556907307,0.01344427463247624,0.020394636408601927,0.020394636408601927
388.0394879662367,0.013434706542200704,0.020403534170419034,0.020403534170419034
387.7152603633999,0.012851460726574289,0.020412451961899992,0.020412451961899992
387.3910327605636,0.012114447855679345,0.020421389846664043,0.020421389846664043
387.06680515772723,0.011992984000286115,0.02043034788865854,0.02043034788865854
386.74257755489043,0.012980024031848723,0.020439326152162103,0.020439326152162103
386.4183499520541,0.014817527549239535,0.020448324701787795,0.020448324701787795
386.0941223492173,0.01658286129255087,0.020457343602486508,0.020457343602486508
385.76989474638094,0.01730927138106878,0.02046638291955019,0.02046638291955019
385.4456671435446,0.01667997333193575,0.020475442718615296,0.020475442718615296
385.1214395407078,0.015259751579423752,0.02048452306566617,0.02048452306566617
384.79721193787145,0.014079564336142672,0.020493624027038502,0.020493624027038502
384.4729843350351,0.013891809894670593,0.020502745669422895,0.020502745669422895
384.1487567321983,0.014665335025429807,0.020511888059868432,0.020511888059868432
383.82452912936196,0.01568978142579222,0.020521051265786235,0.020521051265786235
383.50030152652516,0.016173069798754637,0.02053023535495324,0.02053023535495324
383.1760739236888,0.0158375062165876,0.02053944039551583,0.02053944039551583
382.8518463208525,0.015050960272996763,0.020548666455993708,0.020548666455993708
382.5276187180157,0.014432605217502401,0.020557913605283678,0.020557913605283678
382.20339111517933,0.014306510552622304,0.02056718191266352,0.02056718191266352
381.879163512343,0.014479939569482611,0.020576471447796015,0.020576471447796015
381.5549359095062,0.01451795888088602,0.0205857822807329,0.0205857822807329
381.23070830666984,0.01423917121612536,0.020595114481918912,0.020595114481918912
380.90648070383304,0.013957479103155878,0.020604468122195987,0.020604468122195987
380.5822531009967,0.014219534559503456,0.02061384327280735,0.02061384327280735
380.25802549816035,0.015248845137408236,0.020623240005401847,0.020623240005401847
379.93379789532355,0.016603546699590868,0.020632658392038216,0.020632658392038216
379.6095702924872,0.017410862400121283,0.020642098505189412,0.020642098505189412
379.2853426896504,0.017053918930074383,0.020651560417747135,0.020651560417747135
378.96111508681406,0.015759266061401777,0.020661044203026224,0.020661044203026224
378.6368874839777,0.014547655668864339,0.020670549934769303,0.020670549934769303
378.3126598811409,0.014495552735894616,0.020680077687151383,0.020680077687151383
377.9884322783046,0.01583979209886618,0.020689627534784514,0.020689627534784514
377.6642046754682,0.017655721723608096,0.020699199552722626,0.020699199552722626
377.3399770726314,0.0184480793752799,0.020708793816466335,0.020708793816466335
377.0157494697951,0.017283896119612206,0.020718410401967795,0.020718410401967795
376.6915218669583,0.01462048056049721,0.020728049385635782,0.020728049385635782
376.36729426412194,0.012142131492721054,0.020737710844340625,0.020737710844340625
376.0430666612856,0.01163581840883699,0.02074739485541944,0.02074739485541944
375.7188390584488,0.01368106167057338,0.020757101496681266,0.020757101496681266
375.39461145561245,0.017124300486282794,0.02076683084641233,0.02076683084641233
375.0703838527761,0.01977461088266659,0.020776582983381447,0.020776582983381447
374.7461562499393,0.0198724708244944,0.020786357986845437,0.020786357986845437
374.42192864710296,0.01730297887856021,0.020796155936554588,0.020796155936554588
374.09770104426616,0.01369064944249215,0.020805976912758324,0.020805976912758324
373.7734734414298,0.011310014110051201,0.020815820996210793,0.020815820996210793
373.44924583859347,0.011587966710806032,0.02082568826817672,0.02082568826817672
373.12501823575667,0.014242646431988,0.020835578810437166,0.020835578810437166
372.8007906329203,0.01761477828235263,0.020845492705295475,0.020845492705295475
372.476563030084,0.01987997234223026,0.020855430035583322,0.020855430035583322
372.1523354272472,0.020231059117583085,0.020865390884666785,0.020865390884666785
371.82810782441084,0.01921210951900988,0.020875375336452506,0.020875375336452506
371.50388022157404,0.018064073645784856,0.020885383475394054,0.020885383475394054
371.1796526187377,0.017671213988497372,0.0208954153864982,0.0208954153864982
370.85542501590135,0.017935037981072783,0.020905471155331465,0.020905471155331465
370.53119741306455,0.018005537627140605,0.020915550868026662,0.020915550868026662
370.2069698102282,0.017109941321711192,0.020925654611289493,0.020925654611289493
369.88274220739186,0.01527867407356256,0.020935782472405396,0.020935782472405396
369.55851460455506,0.013394527873368083,0.02094593453924636,0.02094593453924636
369.2342870017187,0.012550818002832807,0.02095611090027783,0.02095611090027783
368.9100593988819,0.01324120787256732,0.020966311644565878,0.020966311644565878
368.58583179604557,0.015007950259201618,0.02097653686178423,0.02097653686178423
368.2616041932092,0.01679326368205981,0.020986786642221644,0.020986786642221644
367.9373765903724,0.017693350213810126,0.020997061076789236,0.020997061076789236
367.6131489875361,0.017532958879761355,0.021007360257027916,0.021007360257027916
367.2889213846993,0.016857006901171385,0.021017684275116078,0.021017684275116078
366.96469378186293,0.01640560279024969,0.021028033223877193,0.021028033223877193
366.6404661790266,0.01652005435732462,0.021038407196787703,0.021038407196787703
366.3162385761898,0.01693652355150416,0.02104880628798493,0.02104880628798493
365.99201097335344,0.017084270835606093,0.021059230592275057,0.021059230592275057
365.6677833705171,0.01660607157325159,0.021069680205141387,0.021069680205141387
365.3435557676803,0.015671398771010717,0.021080155222752573,0.021080155222752573
365.01932816484396,0.014849844807431428,0.021090655741970978,0.021090655741970978
364.69510056200716,0.014672499143567353,0.021101181860361307,0.021101181860361307
364.3708729591708,0.015240874071898055,0.02111173367619913,0.02111173367619913
364.04664535633447,0.01617885901352905,0.021122311288479762,0.021122311288479762
363.72241775349767,0.01693830614604859,0.021132914796927128,0.021132914796927128
363.3981901506613,0.01720098016832641,0.021143544302002742,0.021143544302002742
363.073962547825,0.01707146370918674,0.021154199904914968,0.021154199904914968
362.7497349449882,0.016941997859986815,0.021164881707628272,0.021164881707628272
362.42550734215183,0.01716525236252822,0.021175589812872608,0.021175589812872608
362.10127973931503,0.017795436085606825,0.021186324324153093,0.021186324324153093
361.7770521364787,0.018574539556391507,0.021197085345759602,0.021197085345759602
361.45282453364234,0.019138581711547187,0.02120787298277672,0.02120787298277672
361.12859693080554,0.019265157170854884,0.021218687341093702,0.021218687341093702
360.8043693279692,0.01898453348994673,0.021229528527414547,0.021229528527414547
360.48014172513285,0.018505617253445805,0.0212403966492684,0.0212403966492684
360.15591412229605,0.01804703777773329,0.02125129181501992,0.02125129181501992
359.8316865194597,0.0177087693754531,0.02126221413387985,0.02126221413387985
359.5074589166229,0.017458182693784897,0.02127316371591583,0.02127316371591583
359.18323131378656,0.017206797499734017,0.021284140672063197,0.021284140672063197
358.8590037109502,0.016900992562138322,0.021295145114136153,0.021295145114136153
358.5347761081134,0.016566525528665808,0.0213061771548389,0.0213061771548389
358.2105485052771,0.01629657211005435,0.021317236907777006,0.021317236907777006
357.88632090244073,0.01620586222804749,0.02132832448746902,0.02132832448746902
357.56209329960393,0.016373741021515523,0.021339440009358134,0.021339440009358134
357.2378656967676,0.01678967881132772,0.021350583589824022,0.021350583589824022
356.9136380939308,0.017320787954024582,0.02136175534619499,0.02136175534619499
356.58941049109444,0.017734690099593612,0.021372955396760075,0.021372955396760075
356.2651828882581,0.017800291828159235,0.021384183860781548,0.021384183860781548
355.9409552854213,0.017437351080252295,0.021395440858507447,0.021395440858507447
355.61672768258495,0.01682429319845147,0.021406726511184294,0.021406726511184294
355.2925000797486,0.016363928316531207,0.021418040941070107,0.021418040941070107
354.9682724769118,0.016481984435981464,0.021429384271447492,0.021429384271447492
354.64404487407546,0.017356656342988736,0.021440756626636928,0.021440756626636928
354.31981727123866,0.018755219852952257,0.02145215813201034,0.02145215813201034
353.9955896684023,0.020111017963829414,0.021463588914004704,0.021463588914004704
353.671362065566,0.020822607774991356,0.02147504910013604,0.02147504910013604
353.3471344627292,0.02059958382884213,0.021486538819013457,0.021486538819013457
353.0229068598928,0.019636414818860276,0.021498058200353394,0.021498058200353394
352.698679257056,0.018505305158817365,0.02150960737499424,0.02150960737499424
352.3744516542197,0.017844648628684318,0.0215211864749109,0.0215211864749109
352.05022405138334,0.018044214867760727,0.02153279563322982,0.02153279563322982
351.72599644854654,0.019104400320574606,0.021544434984244073,0.021544434984244073
351.4017688457102,0.020705487939426424,0.02155610466342864,0.02155610466342864
351.07754124287385,0.022384059376031176,0.021567804807456077,0.021567804807456077
350.75331364003705,0.023684543634427985,0.02157953555421223,0.02157953555421223
350.4290860372007,0.024237817119070793,0.021591297042812197,0.021591297042812197
350.1048584343639,0.023818415360049233,0.021603089413616675,0.021603089413616675
349.78063083152756,0.02244187560886569,0.02161491280824828,0.02161491280824828
349.4564032286912,0.020470877128738414,0.021626767369608356,0.021626767369608356
349.1321756258544,0.018602175395156788,0.021638653241893843,0.021638653241893843
348.80794802301807,0.01762607554556953,0.021650570570614404,0.021650570570614404
348.4837204201817,0.018011048487246408,0.021662519502609928,0.021662519502609928
348.1594928173449,0.01955227860569391,0.021674500186068122,0.021674500186068122
347.8352652145086,0.021363636465878667,0.021686512770542378,0.021686512770542378
347.5110376116718,0.022308808018953758,0.021698557406970014,0.021698557406970014
347.18681000883544,0.021661422539687752,0.021710634247690576,0.021710634247690576
346.8625824059991,0.01958087040998775,0.02172274344646459,0.02172274344646459
346.5383548031623,0.017066900379619533,0.021734885158492454,0.021734885158492454
346.21412720032595,0.015388300826381589,0.021747059540433558,0.021747059540433558
345.8898995974896,0.01534298243700131,0.021759266750425867,0.021759266750425867
345.5656719946528,0.01683104400208108,0.021771506948105562,0.021771506948105562
345.24144439181646,0.019006832791732,0.02178378029462702,0.02178378029462702
344.91721678897966,0.020871800636425616,0.021796086952683206,0.021796086952683206
344.5929891861433,0.021873787470193556,0.021808427086526083,0.021808427086526083
344.26876158330697,0.022107017754191795,0.02182080086198759,0.02182080086198759
343.94453398047017,0.022030568628540362,0.021833208446500732,0.021833208446500732
343.6203063776338,0.021986228697995193,0.021845650009120934,0.021845650009120934
343.2960787747975,0.021921009355640994,0.021858125720547895,0.021858125720547895
342.9718511719607,0.02151911863577196,0.021870635753147537,0.021870635753147537
342.64762356912433,0.0205957599667279,0.021883180280974298,0.021883180280974298
342.32339596628753,0.01938900531674287,0.021895759479793872,0.021895759479793872
341.9991683634512,0.018478535312354428,0.02190837352710602,0.02190837352710602
341.67494076061485,0.01837958163349541,0.021921022602167967,0.021921022602167967
341.35071315777805,0.01914038117607153,0.021933706886017902,0.021933706886017902
341.0264855549417,0.020279571556494076,0.02194642656149886,0.02194642656149886
340.7022579521049,0.021128092182968652,0.021959181813283032,0.021959181813283032
340.37803034926856,0.021310496029144126,0.021971972827896244,0.021971972827896244
340.0538027464322,0.020984736716971448,0.02198479979374291,0.02198479979374291
339.7295751435954,0.020654520918437697,0.021997662901131265,0.021997662901131265
339.40534754075907,0.02071663899615072,0.022010562342298853,0.022010562342298853
339.0811199379227,0.021122449174686843,0.022023498311438582,0.022023498311438582
338.7568923350859,0.02143791498744761,0.02203647100472494,0.02203647100472494
338.4326647322496,0.02125474355718597,0.022049480620340574,0.022049480620340574
338.1084371294128,0.020606005667863386,0.0220625273585034,0.0220625273585034
337.78420952657643,0.020020923836089475,0.02207561142149382,0.02207561142149382
337.4599819237401,0.02013823486476012,0.02208873301368259,0.02208873301368259
337.1357543209033,0.02116213580243859,0.02210189234155884,0.02210189234155884
336.81152671806694,0.022595673592430733,0.022115089613758514,0.022115089613758514
336.4872991152306,0.023495616729351763,0.022128325041093327,0.022128325041093327
336.1630715123938,0.02310086201098708,0.02214159883657997,0.02214159883657997
335.83884390955745,0.02139401086471693,0.022154911215469676,0.022154911215469676
335.51461630672065,0.019188449372178073,0.022168262395278394,0.022168262395278394
335.1903887038843,0.01766672095051315,0.02218165259581708,0.02218165259581708
334.86616110104796,0.017679885158174057,0.02219508203922265,0.02219508203922265
334.54193349821116,0.019270285644749263,0.022208550949989192,0.022208550949989192
334.2177058953748,0.02170355531452728,0.022222059554999556,0.022222059554999556
333.8934782925385,0.02393819502911421,0.022235608083557578,0.022235608083557578
333.5692506897017,0.025190279315132798,0.022249196767420515,0.022249196767420515
333.24502308686533,0.02524593337887478,0.022262825840831925,0.022262825840831925
332.92079548402853,0.02440042404381516,0.022276495540555198,0.022276495540555198
332.5965678811922,0.023163165658479177,0.022290206105907186,0.022290206105907186
332.27234027835584,0.021972015739916195,0.02230395777879262,0.02230395777879262
331.94811267551904,0.021069260939675875,0.02231775080373876,0.02231775080373876
331.6238850726827,0.020523497407758887,0.02233158542793049,0.02233158542793049
331.29965746984635,0.02029065794496203,0.022345461901246068,0.022345461901246068
330.97542986700955,0.020247605756217094,0.022359380476293156,0.022359380476293156
330.6512022641732,0.020225615737396944,0.022373341408445324,0.022373341408445324
330.3269746613364,0.020099712265622557,0.022387344955879233,0.022387344955879233
330.00274705850006,0.01991526715187728,0.022401391379611967,0.022401391379611967
329.6785194556637,0.01993764236857217,0.022415480943539227,0.022415480943539227
329.3542918528269,0.020515689418721225,0.022429613914473727,0.022429613914473727
329.0300642499906,0.02178981152183639,0.022443790562184145,0.022443790562184145
328.7058366471538,0.023445577557258398,0.022458011159434778,0.022458011159434778
328.38160904431743,0.024750762916725056,0.022472275982025378,0.022472275982025378
328.0573814414811,0.024942540848407035,0.022486585308831814,0.022486585308831814
327.7331538386443,0.023754919567309758,0.022500939421847076,0.022500939421847076
327.40892623580794,0.02171215619262098,0.02251533860622277,0.02251533860622277
327.0846986329716,0.01992162151097887,0.022529783150311344,0.022529783150311344
326.7604710301348,0.01943637340868291,0.02254427334570868,0.02254427334570868
326.43624342729845,0.020586993200498362,0.022558809487297216,0.022558809487297216
326.11201582446165,0.02274640405131443,0.022573391873289828,0.022573391873289828
325.7877882216253,0.024716938606994025,0.022588020805273935,0.022588020805273935
325.46356061878896,0.025497810614006536,0.022602696588256543,0.022602696588256543
325.13933301595216,0.024916516092723707,0.022617419530709563,0.022617419530709563
324.8151054131158,0.02369704147788222,0.022632189944615765,0.022632189944615765
324.49087781027947,0.022932083485256875,0.02264700814551547,0.02264700814551547
324.1666502074427,0.02333946257192516,0.022661874452553674,0.022661874452553674
323.8424226046063,0.024815504276314976,0.022676789188527703,0.022676789188527703
323.5181950017695,0.02656315546901131,0.02269175267993575,0.02269175267993575
323.1939673989332,0.02765613616278136,0.02270676525702564,0.02270676525702564
322.86973979609684,0.027614166464414353,0.022721827253844577,0.022721827253844577
322.54551219326004,0.026606196411102966,0.022736939008289245,0.022736939008289245
322.2212845904237,0.02521004811993071,0.02275210086215658,0.02275210086215658
321.89705698758735,0.023980769235094866,0.02276731316119533,0.02276731316119533
321.57282938475055,0.02317203645625153,0.02278257625515808,0.02278257625515808
321.2486017819142,0.022770187911332285,0.022797890497853936,0.022797890497853936
320.9243741790774,0.022716749438285902,0.022813256247202013,0.022813256247202013
320.60014657624106,0.023054534234475177,0.022828673865285344,0.022828673865285344
320.2759189734047,0.02384171842563949,0.022844143718405707,0.022844143718405707
319.9516913705679,0.024926837708768815,0.022859666177138957,0.022859666177138957
319.62746376773157,0.025838463306781485,0.022875241616390984,0.022875241616390984
319.3032361648952,0.02596839308042909,0.022890870415454623,0.022890870415454623
318.9790085620584,0.024972515991053962,0.02290655295806697,0.02290655295806697
318.6547809592221,0.023095320222584766,0.02292228963246749,0.02292228963246749
318.3305533563853,0.02113583550374997,0.02293808083145699,0.02293808083145699
318.00632575354894,0.020023375606503895,0.022953926952456977,0.022953926952456977
317.6820981507126,0.020270262139243916,0.022969828397570113,0.022969828397570113
317.3578705478758,0.02167773581026626,0.02298578557364113,0.02298578557364113
317.03364294503945,0.023496873542855484,0.02300179889231849,0.02300179889231849
316.70941534220265,0.024918287440614858,0.02301786877011703,0.02301786877011703
316.3851877393663,0.025534246958961188,0.023033995628481,0.023033995628481
316.06096013652996,0.02546006965727174,0.023050179893848215,0.023050179893848215
315.73673253369316,0.025078268271819013,0.023066421997714706,0.023066421997714706
315.4125049308568,0.024657159833162648,0.0230827223767002,0.0230827223767002
315.08827732802047,0.02416914224249719,0.02309908147261453,0.02309908147261453
314.76404972518367,0.023441570937028415,0.023115499732524684,0.023115499732524684
314.4398221223473,0.022478030787488414,0.023131977608822567,0.023131977608822567
314.1155945195105,0.02163446993510906,0.023148515559293877,0.023148515559293877
313.7913669166742,0.021451874895827873,0.023165114047187407,0.023165114047187407
313.46713931383783,0.02224256241948802,0.0231817735412855,0.0231817735412855
313.14291171100103,0.02375992432801809,0.023198494515975124,0.023198494515975124
312.8186841081647,0.025253269008474803,0.023215277451319766,0.023215277451319766
312.49445650532834,0.025926921046469598,0.023232122833132376,0.023232122833132376
312.17022890249154,0.025497467591081582,0.023249031153048952,0.023249031153048952
311.8460012996552,0.02443276379531361,0.02326600290860298,0.02326600290860298
311.5217736968184,0.023662041892883724,0.02328303860330097,0.02328303860330097
311.19754609398206,0.02392956603438732,0.02330013874669854,0.02330013874669854
310.8733184911457,0.025243040177319234,0.023317303854477667,0.023317303854477667
310.5490908883089,0.026827021636536507,0.02333453444852468,0.02333453444852468
310.22486328547257,0.02764594950657558,0.023351831057009068,0.023351831057009068
309.9006356826362,0.027151372305386223,0.023369194214463453,0.023369194214463453
309.5764080797994,0.025728842177289095,0.02338662446186426,0.02338662446186426
309.2521804769631,0.024508338493672746,0.02340412234671328,0.02340412234671328
308.9279528741263,0.024634925199633718,0.023421688423120434,0.023421688423120434
308.60372527128993,0.02647591236787713,0.0234393232518871,0.0234393232518871
308.2794976684536,0.029301462492298855,0.02345702740059074,0.02345702740059074
307.9552700656168,0.03167090740472904,0.023474801443670243,0.023474801443670243
307.63104246278044,0.032290221237415276,0.023492645962512267,0.023492645962512267
307.3068148599441,0.030791866172923593,0.023510561545538704,0.023510561545538704
306.9825872571073,0.027936922920162033,0.023528548788294953,0.023528548788294953
306.65835965427095,0.025117415060213456,0.023546608293539176,0.023546608293539176
306.33413205143415,0.023491053399784557,0.02356474067133279,0.02356474067133279
306.0099044485978,0.023311255965506063,0.023582946539131566,0.023582946539131566
305.68567684576146,0.023874232500263735,0.023601226521878193,0.023601226521878193
305.36144924292466,0.02409152346490493,0.02361958125209552,0.02361958125209552
305.0372216400883,0.023287058790980274,0.023638011369980887,0.023638011369980887
304.7129940372515,0.021681028268013144,0.023656517523501737,0.023656517523501737
304.3887664344152,0.020243495104444294,0.02367510036849189,0.02367510036849189
304.06453883157883,0.02002647968280839,0.023693760568749268,0.023693760568749268
303.74031122874203,0.02142973304718848,0.023712498796134403,0.023712498796134403
303.4160836259057,0.02389481668742424,0.02373131573067006,0.02373131573067006
303.09185602306934,0.02623242232442681,0.023750212060642133,0.023750212060642133
302.76762842023254,0.02736582630173826,0.023769188482701445,0.023769188482701445
302.4434008173962,0.027000329751874087,0.02378824570196661,0.02378824570196661
302.1191732145594,0.025783638683718694,0.02380738443212828,0.02380738443212828
301.79494561172305,0.024863589342401436,0.023826605395554132,0.023826605395554132
301.4707180088867,0.02514522803376785,0.023845909323395365,0.023845909323395365
301.1464904060499,0.02673566507196621,0.023865296955694053,0.023865296955694053
300.82226280321356,0.028923746453649056,0.023884769041491692,0.023884769041491692
300.4980352003772,0.030677608610617694,0.023904326338939078,0.023904326338939078
300.1738075975404,0.03130680825153455,0.023923969615407176,0.023923969615407176
299.8495799947041,0.03085073396783952,0.023943699647599084,0.023943699647599084
299.5253523918673,0.02996499254234421,0.023963517221663542,0.023963517221663542
299.2011247890309,0.029424767987166218,0.02398342313330913,0.02398342313330913
298.8768971861946,0.029605791306651922,0.02400341818792016,0.02400341818792016
298.5526695833578,0.030284299087199127,0.024023503200673427,0.024023503200673427
298.22844198052144,0.030851352533769763,0.024043678996656246,0.024043678996656246
297.9042143776851,0.03075246914649373,0.024063946410985904,0.024063946410985904
297.5799867748483,0.02983867013273525,0.024084306288930157,0.024084306288930157
297.25575917201195,0.028418102545634982,0.024104759486028922,0.024104759486028922
296.93153156917515,0.02702786155909655,0.024125306868217546,0.024125306868217546
296.6073039663388,0.026124991480660144,0.02414594931195086,0.02414594931195086
296.28307636350246,0.025904143761920045,0.024166687704329014,0.024166687704329014
295.95884876066566,0.026310246353441376,0.024187522943224224,0.024187522943224224
295.6346211578293,0.02715872761662948,0.02420845593740886,0.02420845593740886
295.31039355499297,0.028228275908296588,0.024229487606685085,0.024229487606685085
294.98616595215617,0.029270705707249167,0.02425061888201554,0.02425061888201554
294.6619383493198,0.02999733510550598,0.02427185070565533,0.02427185070565533
294.337710746483,0.030136371856644757,0.024293184031285657,0.024293184031285657
294.0134831436467,0.029577047672538843,0.024314619824148346,0.024314619824148346
293.68925554081034,0.028499652028547606,0.02433615906118215,0.02433615906118215
293.36502793797354,0.027353924530907715,0.02435780273116008,0.02435780273116008
293.0408003351372,0.026643369411847268,0.024379551834828206,0.024379551834828206
292.7165727323004,0.026632710396203848,0.024401407385045967,0.024401407385045967
292.39234512946405,0.02718431937616164,0.02442337040692759,0.02442337040692759
292.0681175266277,0.02785805295239269,0.0244454419379852,0.0244454419379852
291.7438899237909,0.02821783620239207,0.02446762302827314,0.02446762302827314
291.41966232095456,0.02812428654043273,0.024489914740533622,0.024489914740533622
291.0954347181182,0.02779292358326471,0.024512318150344124,0.024512318150344124
290.7712071152814,0.027574193047004036,0.024534834346265907,0.024534834346265907
290.44697951244507,0.027632155486331154,0.02455746442999398,0.02455746442999398
290.12275190960827,0.027786586094143036,0.024580209516508814,0.024580209516508814
289.7985243067719,0.027659825065056265,0.024603070734229057,0.024603070734229057
289.4742967039356,0.02702411923521858,0.024626049225166168,0.024626049225166168
289.1500691010988,0.02607071794360793,0.024649146145080215,0.024649146145080215
288.82584149826243,0.025364073848224613,0.024672362663637124,0.024672362663637124
288.5016138954261,0.025481944397895796,0.02469569996456778,0.02469569996456778
288.1773862925893,0.02659501442608216,0.02471915924582825,0.02471915924582825
287.85315868975295,0.02830746640568433,0.024742741719761565,0.024742741719761565
287.52893108691615,0.02989898874592393,0.024766448613261313,0.024766448613261313
287.2047034840798,0.030808820502738896,0.024790281167936315,0.024790281167936315
286.88047588124346,0.031010866628862915,0.024814240640277256,0.024814240640277256
286.55624827840666,0.0309975843313426,0.0248383283018246,0.0248383283018246
286.2320206755703,0.03137513448185656,0.02486254543933799,0.02486254543933799
285.90779307273397,0.03236380246648104,0.024886893354967556,0.024886893354967556
285.58356546989717,0.03357685805396459,0.02491137336642646,0.02491137336642646
285.2593378670608,0.034255160583089486,0.024935986807165023,0.024935986807165023
284.935110264224,0.03380488394915883,0.024960735026546797,0.024960735026546797
284.6108826613877,0.03226169410137778,0.024985619390025672,0.024985619390025672
284.28665505855133,0.030348449997491995,0.025010641279325133,0.025010641279325133
283.96242745571453,0.02907196609718863,0.025035802092618773,0.025035802092618773
283.6381998528782,0.029118926497947374,0.025061103244712418,0.025061103244712418
283.31397225004184,0.030443565755920183,0.025086546167228194,0.025086546167228194
282.98974464720504,0.03230658230627021,0.025112132308789913,0.025112132308789913
282.6655170443687,0.03372770941437102,0.025137863135210076,0.025137863135210076
282.3412894415319,0.03405729540032125,0.025163740129678924,0.025163740129678924
282.01706183869555,0.03331766487087605,0.025189764792954573,0.025189764792954573
281.6928342358592,0.032129500938758146,0.025215938643555362,0.025215938643555362
281.3686066330224,0.031299332038768564,0.02524226321795351,0.02524226321795351
281.04437903018606,0.03133412637234475,0.02526874007077045,0.02526874007077045
280.72015142734926,0.032165670175697464,0.025295370774974235,0.025295370774974235
280.3959238245129,0.03322382560759482,0.025322156922078044,0.025322156922078044
280.0716962216766,0.033793960637163396,0.025349100122341005,0.025349100122341005
279.7474686188398,0.03344499947927995,0.025376202004970268,0.025376202004970268
279.42324101600343,0.0322892624602234,0.025403464218324887,0.025403464218324887
279.0990134131671,0.03093367803575851,0.0254308884301217,0.0254308884301217
278.7747858103303,0.03014808524603291,0.025458476327642615,0.025458476327642615
278.45055820749394,0.030429729560725968,0.02548622961794364,0.02548622961794364
278.12633060465714,0.03170680953365302,0.025514150028066035,0.025514150028066035
277.8021030018208,0.033358765765277396,0.025542239305248612,0.025542239305248612
277.47787539898445,0.034558027332516526,0.025570499217142426,0.025570499217142426
277.15364779614765,0.034744508090504965,0.025598931552026766,0.025598931552026766
276.8294201933113,0.03394711756149164,0.025627538119027002,0.025627538119027002
276.50519259047496,0.03274277531863456,0.025656320748334453,0.025656320748334453
276.18096498763816,0.03186613243564047,0.025685281291427792,0.025685281291427792
275.8567373848018,0.031719023399112006,0.025714421621296155,0.025714421621296155
275.532509781965,0.03211321578481283,0.02574374363266447,0.02574374363266447
275.2082821791287,0.0324357220025251,0.02577324924222001,0.02577324924222001
274.8840545762923,0.032133192652696374,0.025802940388841296,0.025802940388841296
274.55982697345553,0.03117117642467543,0.025832819033828457,0.025832819033828457
274.2355993706192,0.030119094185547736,0.025862887161135367,0.025862887161135367
273.91137176778284,0.029767470382500928,0.025893146777604004,0.025893146777604004
273.58714416494604,0.030530645780581844,0.025923599913200222,0.025923599913200222
273.2629165621097,0.03207181404243632,0.025954248621251397,0.025954248621251397
272.9386889592729,0.03345637828073311,0.0259850949786863,0.0259850949786863
272.61446135643655,0.03376883280207892,0.026016141086276142,0.026016141086276142
272.2902337536002,0.0327790795154132,0.026047389068878202,0.026047389068878202
271.9660061507634,0.031177738846862646,0.026078841075680752,0.026078841075680752
271.64177854792706,0.030182123242176208,0.02611049928044992,0.02611049928044992
271.3175509450907,0.03075394526973636,0.026142365881778748,0.026142365881778748
270.9933233422539,0.03295279251026876,0.02617444310333776,0.02617444310333776
270.66909573941757,0.035866800374378595,0.02620673319412736,0.02620673319412736
270.34486813658077,0.038168669770593015,0.026239238428732534,0.026239238428732534
270.0206405337444,0.038920075546019395,0.026271961107578776,0.026271961107578776
269.6964129309081,0.038092091308428895,0.026304903557190562,0.026304903557190562
269.3721853280713,0.03648481521861132,0.026338068130451232,0.026338068130451232
269.04795772523494,0.035149601294894674,0.02637145720686472,0.02637145720686472
268.72373012239814,0.03473641331180874,0.026405073192819713,0.026405073192819713
268.3995025195618,0.03519179592632722,0.026438918521854884,0.026438918521854884
268.07527491672545,0.03594485777144866,0.026472995654926827,0.026472995654926827
267.75104731388865,0.036373113458262656,0.026507307080679304,0.026507307080679304
267.4268197110523,0.03618859242960776,0.026541855315714444,0.026541855315714444
267.10259210821596,0.03551102093294588,0.026576642904866228,0.026576642904866228
266.77836450537916,0.034666360720208685,0.026611672421475493,0.026611672421475493
266.4541369025428,0.03393925615085091,0.026646946467666723,0.026646946467666723
266.129909299706,0.03348202908519497,0.026682467674627338,0.026682467674627338
265.80568169686967,0.03339427988466332,0.026718238702888045,0.026718238702888045
265.4814540940333,0.03381783165874415,0.026754262242605884,0.026754262242605884
265.1572264911965,0.03489032376190655,0.026790541013848652,0.026790541013848652
264.8329988883602,0.03655990631087954,0.026827077766881206,0.026827077766881206
264.50877128552384,0.038432178856876664,0.026863875282454146,0.026863875282454146
264.18454368268704,0.03983946976978325,0.026900936372093922,0.026900936372093922
263.8603160798507,0.04016154017968103,0.02693826387839481,0.02693826387839481
263.5360884770139,0.039212674101004395,0.026975860675313334,0.026975860675313334
263.21186087417755,0.03742211130272909,0.027013729668463778,0.027013729668463778
262.8876332713412,0.035654328600666654,0.027051873795416376,0.027051873795416376
262.5634056685044,0.03475961234585618,0.02709029602599686,0.02709029602599686
262.23917806566806,0.03513107243362056,0.027128999362587905,0.027128999362587905
261.9149504628317,0.036534972480564094,0.027167986840432937,0.027167986840432937
261.5907228599949,0.038291117708148,0.027207261527941298,0.027207261527941298
261.26649525715857,0.03965615494469233,0.02724682652699538,0.02724682652699538
260.94226765432177,0.04016410722829154,0.02728668497326007,0.02728668497326007
260.6180400514854,0.03975553037304924,0.0273268400364933,0.0273268400364933
260.2938124486491,0.03869420338492773,0.02736729492085934,0.02736729492085934
259.9695848458123,0.037391056481367556,0.027408052865243296,0.027408052865243296
259.64535724297593,0.03625436285797254,0.027449117143567545,0.027449117143567545
259.3211296401396,0.035601230338881906,0.027490491065110503,0.027490491065110503
258.9969020373028,0.03559703252554621,0.02753217797482673,0.02753217797482673
258.67267443446644,0.03619987844617138,0.027574181253668915,0.027574181253668915
258.34844683162964,0.03714710532513287,0.027616504318912223,0.027616504318912223
258.0242192287933,0.038045845070153246,0.02765915062447965,0.02765915062447965
257.69999162595695,0.03856934866357144,0.027702123661270065,0.027702123661270065
257.37576402312015,0.03865624874178066,0.02774542695748749,0.02774542695748749
257.0515364202838,0.0385629296362135,0.027789064078972185,0.027789064078972185
256.727308817447,0.038696669213658746,0.02783303862953416,0.02783303862953416
256.40308121461067,0.039318699113111415,0.027877354251287546,0.027877354251287546
256.0788536117743,0.04032484158526527,0.02792201462498775,0.02792201462498775
255.75462600893752,0.041277494974432984,0.027967023470369674,0.027967023470369674
255.43039840610118,0.04168450854486976,0.028012384546487773,0.028012384546487773
255.10617080326483,0.04133001403357396,0.028058101652058465,0.028058101652058465
254.78194320042803,0.04041396568916005,0.028104178625803694,0.028104178625803694
254.4577155975917,0.03939883714103776,0.028150619346796236,0.028150619346796236
254.1334879947549,0.038687722500976775,0.02819742773480742,0.02819742773480742
253.80926039191854,0.03838755213667293,0.028244607750655577,0.028244607750655577
253.4850327890822,0.03833650638911126,0.028292163396557227,0.028292163396557227
253.1608051862454,0.03835288151628279,0.02834009871647926,0.02834009871647926
252.83657758340905,0.038474485954841986,0.028388417796492867,0.028388417796492867
252.5123499805727,0.03896174158474792,0.02843712476512974,0.02843712476512974
252.1881223777359,0.04003741649078776,0.02848622379373932,0.02848622379373932
251.86389477489956,0.04157162869759031,0.028535719096847725,0.028535719096847725
251.53966717206276,0.042995317230974994,0.028585614932519036,0.028585614932519036
251.21543956922642,0.043567361379937365,0.02863591560271711,0.02863591560271711
250.89121196639007,0.04284507318984553,0.028686625453670136,0.028686625453670136
250.56698436355327,0.041030996451231025,0.02873774887623607,0.02873774887623607
250.24275676071693,0.03893404670105293,0.028789290306269644,0.028789290306269644
249.91852915788058,0.037547303423683696,0.028841254224991585,0.028841254224991585
249.59430155504378,0.03751024007780884,0.028893645159358838,0.028893645159358838
249.27007395220744,0.03879418332089828,0.028946467682436222,0.028946467682436222
248.94584634937064,0.04078225984402691,0.02899972641377042,0.02899972641377042
248.6216187465343,0.04264625485321206,0.029053426019764347,0.029053426019764347
248.29739114369795,0.04375370717808648,0.02910757121405417,0.02910757121405417
247.97316354086115,0.04387699580297393,0.029162166757886986,0.029162166757886986
247.6489359380248,0.04315965895198736,0.029217217460500062,0.029217217460500062
247.32470833518846,0.04195981537044114,0.02927272817950211,0.02927272817950211
247.00048073235166,0.040713554039156795,0.029328703821255353,0.029328703821255353
246.67625312951532,0.03985874934516361,0.029385149341259006,0.029385149341259006
246.35202552667852,0.03975658193513065,0.029442069744534866,0.029442069744534866
246.02779792384217,0.04055496498129569,0.029499470086013134,0.029499470086013134
245.70357032100583,0.042045413648533536,0.029557355470920782,0.029557355470920782
245.37934271816903,0.04365436548968941,0.029615731055170437,0.029615731055170437
245.05511511533268,0.04466629155329103,0.02967460204575051,0.02967460204575051
244.73088751249634,0.04460566928046387,0.02973397370111744,0.02973397370111744
244.40665990965954,0.043543878367894674,0.029793851331588392,0.029793851331588392
244.0824323068232,0.04209902925636903,0.029854240299735213,0.029854240299735213
243.7582047039864,0.04109130381776643,0.029915146020780423,0.029915146020780423
243.43397710115005,0.04106773083249752,0.029976573962993143,0.029976573962993143
243.1097494983137,0.04201740667021011,0.030038529648087467,0.030038529648087467
242.7855218954769,0.04346318644229443,0.03010101865162111,0.03010101865162111
242.46129429264056,0.04483451899301066,0.030164046603395195,0.030164046603395195
242.13706668980376,0.04582029096441626,0.0302276191878559,0.0302276191878559
241.81283908696741,0.046437586022839254,0.03029174214449603,0.03029174214449603
241.48861148413107,0.04680355212047775,0.03035642126825877,0.03035642126825877
241.16438388129427,0.0468541733068782,0.030421662409941694,0.030421662409941694
240.84015627845793,0.04629736837310637,0.03048747147660163,0.03048747147660163
240.51592867562158,0.04487559177077881,0.03055385443196141,0.03055385443196141
240.19170107278478,0.042721025415861875,0.030620817296816635,0.030620817296816635
239.86747346994844,0.040467823100041,0.030688366149443397,0.030688366149443397
239.54324586711164,0.038957892417663814,0.030756507126007714,0.030756507126007714
239.2190182642753,0.03871241733991008,0.03082524642097447,0.03082524642097447
238.89479066143895,0.0395643119623678,0.030894590287518536,0.030894590287518536
238.57056305860215,0.04075836070581297,0.03096454503793572,0.03096454503793572
238.2463354557658,0.041476872832067,0.031035117044054435,0.031035117044054435
237.92210785292946,0.04141094776221966,0.03110631273764894,0.03110631273764894
237.59788025009266,0.04094756877722112,0.03117813861085244,0.03117813861085244
237.2736526472563,0.04083299912028678,0.03125060121657073,0.03125060121657073
236.9494250444195,0.04157936358338168,0.03132370716889748,0.03132370716889748
236.62519744158317,0.043078553711879186,0.031397463143528585,0.031397463143528585
236.30096983874682,0.04471420510791501,0.03147187587817859,0.03147187587817859
235.97674223591002,0.04585697192407969,0.0315469521729965,0.0315469521729965
235.65251463307368,0.0463222122301956,0.031622698890982154,0.031622698890982154
235.32828703023733,0.04641493807480239,0.0316991229584039,0.0316991229584039
235.00405942740053,0.04654761484351294,0.03177623136521572,0.03177623136521572
234.6798318245642,0.04678943475895161,0.03185403116547469,0.03185403116547469
234.3556042217274,0.046771274225572326,0.03193252947775983,0.03193252947775983
234.03137661889104,0.046062040588271944,0.03201173348558961,0.03201173348558961
233.7071490160547,0.04470178599103372,0.032091650437841276,0.032091650437841276
233.3829214132179,0.043395034535098215,0.03217228764916932,0.03217228764916932
233.05869381038156,0.04311262825964564,0.03225365250042403,0.03225365250042403
232.7344662075452,0.044345387983670756,0.0323357524390712,0.0323357524390712
232.4102386047084,0.04659430251292972,0.03241859497961086,0.03241859497961086
232.08601100187207,0.048564547467287424,0.03250218770399603,0.03250218770399603
231.76178339903527,0.04901004146191197,0.03258653826205257,0.03258653826205257
231.43755579619892,0.047645217911779905,0.03267165437189725,0.03267165437189725
231.11332819336258,0.04543130296751944,0.03275754382035746,0.03275754382035746
230.78910059052578,0.04397357643799146,0.032844214463389546,0.032844214463389546
230.46487298768943,0.04442729735948825,0.03293167422649691,0.03293167422649691
230.14064538485263,0.04669774360644631,0.0330199311051492,0.0330199311051492
229.8164177820163,0.04952227590874646,0.03310899316519915,0.03310899316519915
229.49219017917994,0.0513747993315889,0.03319886854330112,0.03319886854330112
229.16796257634314,0.0515232270382141,0.03328956544732785,0.03328956544732785
228.8437349735068,0.05046511096960322,0.033381092156786835,0.033381092156786835
228.51950737067045,0.04944656062722135,0.03347345702323731,0.03347345702323731
228.19527976783365,0.04946455808412811,0.03356666847070557,0.03356666847070557
227.8710521649973,0.050528089416291944,0.03366073499609963,0.03366073499609963
227.5468245621605,0.05172650467287197,0.03375566516962454,0.03375566516962454
227.22259695932416,0.05201159889845779,0.033851467635195094,0.033851467635195094
226.89836935648782,0.05105026028129679,0.0339481511108497,0.0339481511108497
226.57414175365102,0.04947304087236241,0.03404572438916209,0.03404572438916209
226.24991415081467,0.048343202084139815,0.03414419633765219,0.03414419633765219
225.92568654797833,0.0482954881576115,0.03424357589919733,0.03424357589919733
225.60145894514153,0.04904769525708387,0.03434387209244112,0.03434387209244112
225.27723134230519,0.049676197605497546,0.03444509401220145,0.03444509401220145
224.9530037394684,0.04942585553853812,0.0345472508298786,0.0345472508298786
224.62877613663204,0.048393803588897034,0.03465035179386029,0.03465035179386029
224.3045485337957,0.04752670911453524,0.034754406229927516,0.034754406229927516
223.9803209309589,0.04791822198509279,0.03485942354165773,0.03485942354165773
223.65609332812255,0.049949398495242776,0.03496541321082665,0.03496541321082665
223.3318657252862,0.05294112635682437,0.03507238479781009,0.03507238479781009
223.0076381224494,0.05558899060612038,0.03518034794198292,0.03518034794198292
222.68341051961306,0.056848019700537614,0.03528931236211658,0.03528931236211658
222.35918291677626,0.056600719853289655,0.03539928785677643,0.03539928785677643
222.03495531393992,0.055628671610545494,0.035510284304715346,0.035510284304715346
221.71072771110357,0.05495455564810302,0.03562231166526775,0.03562231166526775
221.38650010826677,0.05509080041756574,0.03573537997874044,0.03573537997874044
221.06227250543043,0.055763558346625004,0.03584949936680156,0.03584949936680156
220.73804490259408,0.056272801183687764,0.035964680032869095,0.035964680032869095
220.41381729975728,0.05614310477809566,0.03608093226249591,0.03608093226249591
220.08958969692094,0.05551827165031366,0.03619826642375295,0.03619826642375295
219.76536209408414,0.05499894056526129,0.03631669296761171,0.03631669296761171
219.4411344912478,0.05509529626721328,0.03643622242832232,0.03643622242832232
219.11690688841145,0.055774402932047495,0.03655686542379175,0.03655686542379175
218.79267928557465,0.056482033921255885,0.03667863265595809,0.03667863265595809
218.4684516827383,0.05660982120745419,0.036801534911162434,0.036801534911162434
218.1442240799015,0.056006463564104915,0.03692558306052007,0.03692558306052007
217.81999647706516,0.05510149598483231,0.037050788060286576,0.037050788060286576
217.49576887422882,0.05453871064318035,0.03717716095222387,0.03717716095222387
217.17154127139202,0.054625987484274365,0.03730471286396197,0.03730471286396197
216.84731366855567,0.05506086182654197,0.0374334550093579,0.0374334550093579
216.52308606571933,0.0551650227058683,0.03756339868885354,0.03756339868885354
216.19885846288253,0.054445304376050295,0.03769455528982886,0.03769455528982886
215.87463086004618,0.05303333766704373,0.037826936286952245,0.037826936286952245
215.55040325720938,0.05165271256905726,0.03796055324252969,0.03796055324252969
215.22617565437304,0.05113645182034956,0.03809541780684803,0.03809541780684803
214.9019480515367,0.05186453484854245,0.03823154171851784,0.03823154171851784
214.5777204486999,0.05353749701682522,0.03836893680481121,0.03836893680481121
214.25349284586355,0.05542487100651024,0.03850761498199611,0.03850761498199611
213.9292652430272,0.05686100115008277,0.03864758825566921,0.03864758825566921
213.6050376401904,0.057600187436723516,0.03878886872108335,0.03878886872108335
213.28081003735406,0.05780007420541832,0.038931468563471454,0.038931468563471454
212.95658243451726,0.05772593345535203,0.03907540005836884,0.03907540005836884
212.6323548316809,0.057481360921523776,0.039220675571928765,0.039220675571928765
212.30812722884457,0.057003788660089476,0.0393673075612371,0.0393673075612371
211.98389962600777,0.0562927190066416,0.03951530857462133,0.03951530857462133
211.65967202317142,0.055611638554157246,0.03966469125195519,0.03966469125195519
211.33544442033508,0.055423431434890764,0.039815468324961495,0.039815468324961495
211.01121681749828,0.05606678780062023,0.03996765261750874,0.03996765261750874
210.68698921466193,0.05743770703682852,0.04012125704590344,0.04012125704590344
210.36276161182514,0.05897319573877803,0.040276294619180426,0.040276294619180426
210.0385340089888,0.060000557834002544,0.0404327784393855,0.0404327784393855
209.71430640615245,0.060205235676993415,0.04059072170185668,0.04059072170185668
209.39007880331565,0.05984795761901152,0.04075013769549897,0.04075013769549897
209.0658512004793,0.05954427267555857,0.040911039803054224,0.040911039803054224
208.74162359764296,0.05976875025164387,0.04107344150136846,0.04107344150136846
208.41739599480616,0.060477337206380814,0.041237356361652204,0.041237356361652204
208.0931683919698,0.061157135540391566,0.04140279804973598,0.04140279804973598
207.768940789133,0.061270451195485506,0.04156978032632294,0.04156978032632294
207.44471318629667,0.06073298207036041,0.04173831704723327,0.04173831704723327
207.12048558346032,0.06002453569878943,0.04190842216364645,0.04190842216364645
206.79625798062352,0.05981932926309454,0.042080109722336285,0.042080109722336285
206.47203037778718,0.060417004534875536,0.042253393865900296,0.042253393865900296
206.14780277495038,0.061436747022504776,0.0424282888329862,0.0424282888329862
205.82357517211403,0.06204945625805401,0.042604808958509176,0.042604808958509176
205.4993475692777,0.06160330152254943,0.042782968673867085,0.042782968673867085
205.1751199664409,0.060173643827937905,0.04296278250714754,0.04296278250714754
204.85089236360454,0.05859999241975569,0.043144265083329233,0.043144265083329233
204.5266647607682,0.057947034223790855,0.04332743112447942,0.04332743112447942
204.2024371579314,0.058762624649469936,0.043512295449943256,0.043512295449943256
203.87820955509505,0.06066962123746026,0.043698872976526866,0.043698872976526866
203.55398195225825,0.06259387019157774,0.04388717871867702,0.04388717871867702
203.2297543494219,0.0634727399119207,0.04407722778865037,0.04407722778865037
202.90552674658556,0.06294905356038677,0.044269035396680374,0.044269035396680374
202.58129914374877,0.061579635752390983,0.044462616851134944,0.044462616851134944
202.25707154091242,0.06044423830578616,0.044657987558667726,0.044657987558667726
201.93284393807608,0.06045491137974617,0.044855163024364805,0.044855163024364805
201.60861633523928,0.06183804166975013,0.04505415885188254,0.04505415885188254
201.28438873240293,0.06409024303342933,0.045254990743578125,0.045254990743578125
200.96016112956613,0.06635415216317005,0.04545767450063631,0.04545767450063631
200.6359335267298,0.06789823049655999,0.04566222602318458,0.04566222602318458
200.31170592389344,0.06839106165482807,0.04586866131040555,0.04586866131040555
199.98747832105664,0.06788522374204496,0.04607699646063907,0.04607699646063907
199.6632507182203,0.06665643970995332,0.046287247671477225,0.046287247671477225
199.33902311538395,0.06509362445220364,0.04649943123985417,0.04649943123985417
199.01479551254715,0.06369436083807362,0.04671356356212594,0.04671356356212594
198.6905679097108,0.06304771201459726,0.04692966113414252,0.04692966113414252
198.366340306874,0.06366106230938329,0.04714774055131513,0.04714774055131513
198.04211270403766,0.06564570297993574,0.04736781850867118,0.04736781850867118
197.71788510120132,0.06847516975136124,0.047589911800905695,0.047589911800905695
197.39365749836452,0.07107332660483556,0.0478140373224216,0.0478140373224216
197.06942989552817,0.0722982024249134,0.048040212067362024,0.048040212067362024
196.74520229269183,0.07158599685948454,0.04826845312963685,0.04826845312963685
196.42097468985503,0.06934444045313216,0.04849877770293828,0.04849877770293828
196.09674708701868,0.06679706223920417,0.04873120308074768,0.04873120308074768
195.77251948418188,0.06532724555740325,0.04896574665633736,0.04896574665633736
195.44829188134554,0.06571323913286503,0.049202425922758496,0.049202425922758496
195.1240642785092,0.06773116708545454,0.04944125847282533,0.04944125847282533
194.7998366756724,0.07036254374104625,0.04968226199908723,0.04968226199908723
194.47560907283605,0.07244321396060567,0.04992545429379149,0.04992545429379149
194.15138146999925,0.07331468900641891,0.05017085324884076,0.05017085324884076
193.8271538671629,0.07307465168552468,0.05041847685573592,0.05041847685573592
193.50292626432656,0.07232941751108414,0.05066834320551473,0.05066834320551473
193.17869866148976,0.07169373979787964,0.05092047048867801,0.05092047048867801
192.85447105865342,0.07141766257655878,0.051174876995105825,0.051174876995105825
192.53024345581707,0.07136965061371862,0.05143158111396755,0.05143158111396755
192.20601585298027,0.0713086993762831,0.05169060133361888,0.05169060133361888
191.88178825014393,0.07117081259544192,0.05195195624148901,0.05195195624148901
191.55756064730713,0.07112520179307642,0.05221566452396164,0.05221566452396164
191.23333304447078,0.07137690189341907,0.05248174496624038,0.05248174496624038
190.90910544163444,0.07191379743922702,0.05275021645220939,0.05275021645220939
190.58487783879764,0.07243828792647028,0.05302109796428051,0.05302109796428051
190.2606502359613,0.07256152312975467,0.05329440858322961,0.05329440858322961
189.93642263312495,0.07211121275586417,0.05357016748802606,0.05357016748802606
189.61219503028815,0.07130130470175337,0.05384839395564837,0.05384839395564837
189.2879674274518,0.07061623731068227,0.0541291073608889,0.0541291073608889
188.963739824615,0.07048876211911241,0.05441232717615201,0.05441232717615201
188.63951222177866,0.07101512236246299,0.054698072971235294,0.054698072971235294
188.31528461894231,0.07192221837086829,0.0549863644131057,0.0549863644131057
187.99105701610551,0.07280186411028738,0.05527722126566096,0.05527722126566096
187.66682941326917,0.07341752559232187,0.05557066338947952,0.05557066338947952
187.34260181043283,0.07383670804160453,0.055866710741562985,0.055866710741562985
187.01837420759603,0.07428964732069854,0.05616538337506361,0.05616538337506361
186.69414660475968,0.07488368148848107,0.0564667014390001,0.0564667014390001
186.36991900192288,0.07542794359218556,0.05677068517796636,0.05677068517796636
186.04569139908654,0.0755396144242377,0.05707735493182188,0.05707735493182188
185.7214637962502,0.07497100893951482,0.05738673113537709,0.05738673113537709
185.3972361934134,0.07389891046921712,0.05769883431806221,0.05769883431806221
185.07300859057705,0.07291662214866411,0.05801368510358456,0.05801368510358456
184.7487809877407,0.07268058863633654,0.05833130420957728,0.05833130420957728
184.4245533849039,0.07343558209415833,0.05865171244723232,0.05865171244723232
184.10032578206756,0.07476721395880621,0.058974930720920825,0.058974930720920825
183.77609817923076,0.07580018251068939,0.05930098002780598,0.05930098002780598
183.4518705763944,0.07575412746551945,0.05962988145743638,0.05962988145743638
183.12764297355807,0.07450090445585655,0.05996165619133369,0.05996165619133369
182.80341537072127,0.07273503368485124,0.06029632550256319,0.06029632550256319
182.47918776788492,0.07160867011249128,0.06063391075529158,0.06063391075529158
182.15496016504812,0.07203756404687875,0.06097443340433641,0.06097443340433641
181.83073256221178,0.07411333072560933,0.06131791499469564,0.06131791499469564
181.50650495937543,0.07700176370016693,0.061664377161071364,0.061664377161071364
181.18227735653863,0.07940096444550512,0.06201384162737548,0.06201384162737548
180.8580497537023,0.08028001130063721,0.062366330206222204,0.062366330206222204
180.53382215086594,0.07944928850297373,0.06272186479841169,0.06272186479841169
180.20959454802914,0.07763127824737553,0.06308046739239556,0.06308046739239556
179.8853669451928,0.07601725135392835,0.06344216006372945,0.06344216006372945
179.561139342356,0.07560018046379849,0.0638069649745164,0.0638069649745164
179.23691173951966,0.07667832682189597,0.06417490437282938,0.06417490437282938
178.9126841366833,0.07878285400471954,0.06454600059212742,0.06454600059212742
178.5884565338465,0.08101025649792264,0.06492027605065304,0.06492027605065304
178.26422893101017,0.08251896691841926,0.06529775325081537,0.06529775325081537
177.94000132817382,0.08290389487348303,0.06567845477856425,0.06567845477856425
177.61577372533702,0.08228829805970489,0.06606240330274515,0.06606240330274515
177.29154612250068,0.08115931964045799,0.06644962157444029,0.06644962157444029
176.96731851966388,0.0800969017269686,0.06684013242630034,0.06684013242630034
176.64309091682753,0.07954981390162823,0.06723395877185398,0.06723395877185398
176.3188633139912,0.07973224305277357,0.06763112360481106,0.06763112360481106
175.9946357111544,0.08062791527311261,0.06803164999834567,0.06803164999834567
175.67040810831804,0.08205166847475362,0.06843556110436459,0.06843556110436459
175.3461805054817,0.08372955386550847,0.06884288015276613,0.06884288015276613
175.0219529026449,0.08538047540503135,0.06925363045067902,0.06925363045067902
174.69772529980855,0.08678569974539826,0.06966783538168633,0.06966783538168633
174.37349769697175,0.08782392048436187,0.07008551840504051,0.07008551840504051
174.0492700941354,0.08845590648362814,0.07050670305485439,0.07050670305485439
173.72504249129906,0.08867548895387455,0.07093141293928579,0.07093141293928579
173.40081488846226,0.08847811581218719,0.07135967173970145,0.07135967173970145
173.07658728562592,0.08789355976145398,0.07179150320982541,0.07179150320982541
172.75235968278957,0.0870723544441263,0.07222693117487729,0.07222693117487729
172.42813207995277,0.08634550573613058,0.07266597953069019,0.07266597953069019
172.10390447711643,0.0861605938862743,0.0731086722428127,0.0731086722428127
171.77967687427963,0.08687139362004352,0.07355503334560169,0.07355503334560169
171.45544927144329,0.08848380661874543,0.07400508694129039,0.07400508694129039
171.13122166860694,0.09054076045820665,0.07445885719904946,0.07445885719904946
170.80699406577014,0.09227942838659786,0.07491636835402701,0.07491636835402701
170.4827664629338,0.09302305147795645,0.07537764470637208,0.07537764470637208
170.158538860097,0.09258704403537117,0.0758427106202488,0.0758427106202488
169.83431125726065,0.09142706702802914,0.07631159052282502,0.07631159052282502
169.5100836544243,0.0903974724721291,0.07678430890325474,0.07678430890325474
169.1858560515875,0.0902443211711275,0.07726089031163785,0.07726089031163785
168.86162844875116,0.09115138062790965,0.07774135935796374,0.07774135935796374
168.53740084591482,0.09264168308865489,0.0782257407110445,0.0782257407110445
168.21317324307802,0.09390623147816789,0.07871405909742656,0.07871405909742656
167.88894564024167,0.09434027919141962,0.07920633930028517,0.07920633930028517
167.56471803740487,0.09392359349916449,0.07970260615830997,0.07970260615830997
167.24049043456853,0.09319224612985791,0.0802028845645635,0.0802028845645635
166.91626283173218,0.09283829426958273,0.08070719946533382,0.08070719946533382
166.59203522889538,0.09323135917829252,0.08121557585896384,0.08121557585896384
166.26780762605904,0.0941962376795725,0.08172803879466378,0.08172803879466378
165.9435800232227,0.09517943135571433,0.0822446133713134,0.0822446133713134
165.6193524203859,0.09565152930866597,0.08276532473624156,0.08276532473624156
165.29512481754955,0.09543741552357557,0.08329019808398887,0.08329019808398887
164.97089721471275,0.09475161428837814,0.08381925865506087,0.08381925865506087
164.6466696118764,0.0939620064434326,0.08435253173465333,0.08435253173465333
164.32244200904006,0.09331051874738375,0.08489004265137232,0.08489004265137232
163.99821440620326,0.09282308317102539,0.08543181677592947,0.08543181677592947
163.67398680336692,0.09245166806987411,0.08597787951982082,0.08597787951982082
163.34975920053057,0.09227619497378067,0.08652825633399522,0.08652825633399522
163.02553159769377,0.09254067127224616,0.087082972707499,0.087082972707499
162.70130399485743,0.09345442811105485,0.0876420541661042,0.0876420541661042
162.37707639202063,0.09492252686656769,0.08820552627092675,0.08820552627092675
162.05284878918428,0.0964713822159371,0.08877341461701647,0.08877341461701647
161.72862118634794,0.0975013226064254,0.08934574483194184,0.08934574483194184
161.40439358351114,0.09772162205081823,0.08992254257434952,0.08992254257434952
161.0801659806748,0.09743250995834915,0.09050383353250713,0.09050383353250713
160.75593837783845,0.09739008195886109,0.09108964342283583,0.09108964342283583
160.43171077500165,0.0982948049234249,0.09167999798841862,0.09167999798841862
160.1074831721653,0.10025521186782843,0.09227492299749192,0.09227492299749192
159.7832555693285,0.10264025026502739,0.09287444424192769,0.09287444424192769
159.45902796649216,0.10447200393093026,0.09347858753568601,0.09347858753568601
159.1348003636558,0.10510501337564475,0.09408737871326354,0.09408737871326354
158.810572760819,0.1046984271780325,0.09470084362811604,0.09470084362811604
158.48634515798267,0.1041125749505091,0.0953190081510636,0.0953190081510636
158.16211755514587,0.10427824377660817,0.09594189816868769,0.09594189816868769
157.83788995230952,0.10548903035179306,0.09656953958169744,0.09656953958169744
157.51366234947318,0.10714549367971826,0.09720195830329276,0.09720195830329276
157.18943474663638,0.10816042822307152,0.0978391802575007,0.0978391802575007
156.86520714380003,0.10774645297425618,0.09848123137749487,0.09848123137749487
156.5409795409637,0.10601451616785135,0.09912813760390608,0.09912813760390608
156.2167519381269,0.10394041118214248,0.09977992488310732,0.09977992488310732
155.89252433529055,0.10271617642130143,0.10043661916548197,0.10043661916548197
155.56829673245375,0.10295420340292237,0.10109824640368364,0.10109824640368364
155.2440691296174,0.10431755926480178,0.10176483255086548,0.10176483255086548
154.91984152678106,0.10583248346123403,0.10243640355890621,0.10243640355890621
154.59561392394426,0.10663751890281249,0.10311298537660972,0.10311298537660972
154.2713863211079,0.10661187091001395,0.1037946039478878,0.1037946039478878
153.94715871827157,0.10642988037834641,0.1044812852099338,0.1044812852099338
153.62293111543477,0.10702125190096556,0.10517305509137184,0.10517305509137184
153.29870351259842,0.10884896801834194,0.10586993951038808,0.10586993951038808
152.97447590976162,0.11153178967768666,0.10657196437285511,0.10657196437285511
152.65024830692528,0.11406665598984382,0.10727915557042493,0.10727915557042493
152.32602070408893,0.11546737323390992,0.10799153897861964,0.10799153897861964
152.00179310125213,0.11535900610625793,0.10870914045489581,0.10870914045489581
151.6775654984158,0.1141402990755026,0.10943198583669166,0.10943198583669166
151.35333789557944,0.11266433047435909,0.11016010093946647,0.11016010093946647
151.02911029274264,0.11171807643090607,0.1108935115547151,0.1108935115547151
150.7048826899063,0.11166539991861922,0.11163224344796482,0.11163224344796482
150.3806550870695,0.11242824354042846,0.11237632235676652,0.11237632235676652
150.05642748423315,0.11370264118654891,0.11312577398865353,0.11312577398865353
149.7321998813968,0.11516900233413042,0.1138806240191,0.1138806240191
149.40797227856,0.11654623094282719,0.1146408980894521,0.1146408980894521
149.08374467572366,0.11754140230470918,0.11540662180484314,0.11540662180484314
148.75951707288732,0.11786101532086589,0.11617782073210131,0.11617782073210131
148.43528947005052,0.11737059094639912,0.11695452039763281,0.11695452039763281
148.11106186721418,0.11629760961381917,0.11773674628528774,0.11773674628528774
147.78683426437738,0.11526029141878105,0.11852452383422142,0.11852452383422142
147.46260666154103,0.11499932688780136,0.11931787843672283,0.11931787843672283
147.1383790587047,0.11593358356387098,0.12011683543604433,0.12011683543604433
146.8141514558679,0.11784895047356284,0.12092142012420387,0.12092142012420387
146.48992385303154,0.11998246871687157,0.12173165773977193,0.12173165773977193
146.16569625019474,0.12148883702182323,0.12254757346565327,0.12254757346565327
145.8414686473584,0.12197787524627358,0.1233691924268374,0.1233691924268374
145.51724104452205,0.12173368228699345,0.12419653968814937,0.12419653968814937
145.19301344168525,0.12145043251254507,0.12502964025197466,0.12502964025197466
144.8687858388489,0.12168569000579653,0.12586851905596802,0.12586851905596802
144.54455823601256,0.12245439313396315,0.1267132009707584,0.1267132009707584
144.22033063317576,0.12328088718999444,0.12756371079762735,0.12756371079762735
143.89610303033942,0.12366382729909148,0.12842007326617352,0.12842007326617352
143.57187542750262,0.12357122516767073,0.12928231303197296,0.12928231303197296
143.24764782466627,0.12354376927535789,0.1301504546742073,0.1301504546742073
142.92342022182993,0.1242886632385368,0.13102452269329595,0.13102452269329595
142.59919261899313,0.12606324454250525,0.13190454150850053,0.13190454150850053
142.27496501615678,0.12834623361953068,0.13279053545551525,0.13279053545551525
141.95073741332044,0.13010173497621444,0.13368252878405446,0.13368252878405446
141.62650981048364,0.13048947740626082,0.13458054565541464,0.13458054565541464
141.3022822076473,0.12950797072811057,0.13548461014002194,0.13548461014002194
140.9780546048105,0.1280697627653451,0.13639474621497907,0.13639474621497907
140.65382700197415,0.12741018310226335,0.1373109777615785,0.1373109777615785
140.3295993991378,0.12823133499798797,0.13823332856282217,0.13823332856282217
140.005371796301,0.1302019932668536,0.13916182230091415,0.13916182230091415
139.68114419346466,0.13219392176872968,0.1400964825547398,0.1400964825547398
139.35691659062832,0.13310150138322588,0.14103733279734404,0.14103733279734404
139.03268898779152,0.1326565247346521,0.1419843963933842,0.1419843963933842
138.70846138495517,0.1316404767726244,0.14293769659657007,0.14293769659657007
138.38423378211837,0.1313276314300772,0.14389725654710453,0.14389725654710453
138.06000617928203,0.13255233573869254,0.14486309926909097,0.14486309926909097
137.73577857644568,0.1350728822495646,0.1458352476679493,0.1458352476679493
137.41155097360888,0.13769681643235016,0.1468137245278055,0.1468137245278055
137.08732337077254,0.13908820457752286,0.14779855250886867,0.14779855250886867
136.7630957679362,0.1386903345362004,0.14878975414480936,0.14878975414480936
136.4388681650994,0.137116849016154,0.14978735184011283,0.14978735184011283
136.11464056226305,0.1357430956233199,0.15079136786742084,0.15079136786742084
135.79041295942625,0.13579067177834556,0.15180182436487624,0.15180182436487624
135.4661853565899,0.13754151983223592,0.15281874333343437,0.15281874333343437
135.14195775375356,0.14020872551350533,0.15384214663418563,0.15384214663418563
134.81773015091676,0.14252136639189594,0.15487205598565207,0.15487205598565207
134.49350254808041,0.1435910974416788,0.15590849296107287,0.15590849296107287
134.16927494524407,0.14345925011364744,0.15695147898569353,0.15695147898569353
133.84504734240727,0.14297540221968447,0.15800103533403018,0.15800103533403018
133.52081973957092,0.14313514124784318,0.15905718312712464,0.15905718312712464
133.19659213673413,0.1443657444261024,0.16011994332980325,0.16011994332980325
132.87236453389778,0.14625318308404375,0.16118933674790462,0.16118933674790462
132.54813693106144,0.14787201792176694,0.16226538402551957,0.16226538402551957
132.22390932822464,0.1484591213394674,0.1633481056422067,0.1633481056422067
131.8996817253883,0.14795412411401676,0.1644375219101989,0.1644375219101989
131.5754541225515,0.14704667664769655,0.16553365297161546,0.16553365297161546
131.25122651971515,0.14672057712426226,0.16663651879564365,0.16663651879564365
130.9269989168788,0.14761758488467794,0.16774613917573347,0.16774613917573347
130.602771314042,0.149641144598896,0.16886253372676915,0.16886253372676915
130.27854371120566,0.15203825627838796,0.16998572188223285,0.16998572188223285
129.9543161083693,0.15387734276222753,0.17111572289137353,0.17111572289137353
129.6300885055325,0.15459928230606776,0.17225255581635496,0.17225255581635496
129.30586090269617,0.15430210917486228,0.17339623952939556,0.17339623952939556
128.98163329985937,0.1536153097991865,0.17454679270991735,0.17454679270991735
128.65740569702302,0.15328278843673093,0.17570423384166345,0.17570423384166345
128.33317809418668,0.15373501074167856,0.17686858120983315,0.17686858120983315
128.00895049134988,0.15490340305733521,0.17803985289819416,0.17803985289819416
127.68472288851353,0.1563535915175042,0.17921806678618887,0.17921806678618887
127.36049528567719,0.1576137284072692,0.1804032405460486,0.1804032405460486
127.03626768284039,0.1584739258715088,0.18159539163988764,0.18159539163988764
126.71204008000404,0.15907998833497122,0.18279453731679182,0.18279453731679182
126.38781247716724,0.159791876182445,0.18400069460991805,0.18400069460991805
126.0635848743309,0.1609231545422871,0.18521388033356373,0.18521388033356373
125.73935727149455,0.16253444568732459,0.18643411108025668,0.18643411108025668
125.41512966865776,0.16439892149093732,0.18766140321782354,0.18766140321782354
125.09090206582141,0.16613904867259124,0.1888957728864538,0.1888957728864538
124.76667446298507,0.167431871148443,0.190137235995775,0.190137235995775
124.44244686014827,0.16815547519696827,0.19138580822190912,0.19138580822190912
124.11821925731192,0.16840632336332517,0.19264150500452473,0.19264150500452473
123.79399165447512,0.16840776293494464,0.19390434154390412,0.19390434154390412
123.46976405163878,0.16839066521030005,0.19517433279798005,0.19517433279798005
123.14553644880243,0.16852223137199948,0.19645149347939747,0.19645149347939747
122.82130884596563,0.16890281811889826,0.19773583805255404,0.19773583805255404
122.49708124312929,0.16959271032422527,0.19902738073063883,0.19902738073063883
122.17285364029294,0.1706162822972954,0.2003261354726854,0.2003261354726854
121.84862603745614,0.17192766456271774,0.2016321159806069,0.2016321159806069
121.5243984346198,0.17337453244850665,0.20294533569622958,0.20294533569622958
121.200170831783,0.17471673335557172,0.20426580779834383,0.20426580779834383
120.87594322894665,0.1757219339205136,0.2055935451997268,0.2055935451997268
120.55171562611031,0.17629514209809016,0.206928560544192,0.206928560544192
120.22748802327351,0.1765562472122358,0.20827086620362079,0.20827086620362079
119.90326042043716,0.1767991355597358,0.20962047427499272,0.20962047427499272
119.57903281760036,0.17734144918076003,0.2109773965774366,0.2109773965774366
119.25480521476402,0.1783526835751851,0.21234164464925273,0.21234164464925273
118.93057761192767,0.1797703101624534,0.21371322974496473,0.21371322974496473
118.60635000909087,0.18135799458226218,0.21509216283235436,0.21509216283235436
118.28212240625453,0.1828634237916652,0.21647845458949713,0.21647845458949713
117.95789480341818,0.18416585653274226,0.21787211540181714,0.21787211540181714
117.63366720058139,0.18531500863630504,0.21927315535912725,0.21927315535912725
117.30943959774504,0.18644573309847323,0.22068158425267112,0.22068158425267112
116.98521199490824,0.18764539111024037,0.2220974115721879,0.2220974115721879
116.6609843920719,0.1888826972938528,0.2235206465029507,0.2235206465029507
116.33675678923555,0.19005435395062314,0.22495129792283755,0.22495129792283755
116.01252918639875,0.19110835655579791,0.22638937439938675,0.22638937439938675
115.6883015835624,0.19213597170072116,0.2278348841868563,0.2278348841868563
115.36407398072606,0.19334132333070986,0.22928783522330512,0.22928783522330512
115.03984637788926,0.19488878128340958,0.23074823512766132,0.23074823512766132
114.71561877505292,0.19672811800528459,0.23221609119679557,0.23221609119679557
114.39139117221612,0.19853067817094328,0.23369141040261945,0.23369141040261945
114.06716356937977,0.1998087900243085,0.23517419938915948,0.23517419938915948
113.74293596654343,0.200173161908845,0.23666446446966743,0.23666446446966743
113.41870836370663,0.19958741652452772,0.23816221162371656,0.23816221162371656
113.09448076087028,0.1984676941009279,0.23966744649430402,0.23966744649430402
112.77025315803394,0.19755580420656324,0.2411801743849796,0.2411801743849796
112.44602555519714,0.19761604128151566,0.24270040025696227,0.24270040025696227
112.1217979523608,0.19909788344733315,0.24422812872626437,0.24422812872626437
111.797570349524,0.2019222273681909,0.24576336406084517,0.24576336406084517
111.47334274668765,0.20548806313961124,0.2473061101777403,0.2473061101777403
111.1491151438513,0.20889727801749394,0.2488563706402322,0.2488563706402322
110.8248875410145,0.21130535518393115,0.25041414865500766,0.25041414865500766
110.50065993817816,0.21225781737999314,0.2519794470693248,0.2519794470693248
110.17643233534181,0.21187752304607957,0.2535522683682089,0.2535522683682089
109.85220473250502,0.21082158882820445,0.2551326146716387,0.2551326146716387
109.52797712966867,0.21001361801012064,0.25672048773174255,0.25672048773174255
109.20374952683187,0.21025163655675164,0.25831588893002755,0.25831588893002755
108.87952192399553,0.2118576727030454,0.259918819274586,0.259918819274586
108.55529432115918,0.21453411469831865,0.2615292793973467,0.2615292793973467
108.23106671832238,0.2175093774595025,0.263147269551315,0.263147269551315
107.90683911548604,0.21991759239744232,0.2647727896078255,0.2647727896078255
107.58261151264924,0.221230852853962,0.2664058390538285,0.2664058390538285
107.25838390981289,0.22152164350943268,0.2680464169891555,0.2680464169891555
106.93415630697655,0.22141221638470931,0.26969452212383244,0.26969452212383244
106.60992870413975,0.2217325266933692,0.2713501527753818,0.2713501527753818
106.2857011013034,0.22306906209884594,0.27301330686613934,0.27301330686613934
105.96147349846706,0.22544921101353266,0.2746839819206051,0.2746839819206051
105.63724589563026,0.22833064294642522,0.2763621750627877,0.2763621750627877
105.31301829279391,0.23089497549016852,0.27804788301356376,0.27804788301356376
104.98879068995711,0.23247897100770237,0.2797411020880741,0.2797411020880741
104.66456308712077,0.23290964191330765,0.28144182819310254,0.28144182819310254
104.34033548428442,0.23257510739991547,0.2831500568245022,0.2831500568245022
104.01610788144762,0.2322151076518405,0.28486578306461746,0.28486578306461746
103.69188027861128,0.23256192351061133,0.2865890015797194,0.2865890015797194
103.36765267577493,0.23402383660682172,0.28831970661748124,0.28831970661748124
103.04342507293813,0.23655583783405654,0.2900578920044477,0.2900578920044477
102.71919747010179,0.23974695761158873,0.2918035511435223,0.2918035511435223
102.39496986726499,0.24304242664988965,0.2935566770114964,0.2935566770114964
102.07074226442865,0.24597049564225926,0.2953172621565595,0.2953172621565595
101.7465146615923,0.24827227787691078,0.29708529869586386,0.29708529869586386
101.4222870587555,0.24990799956452958,0.29886077831308455,0.29886077831308455
101.09805945591916,0.25098394439024807,0.300643692255997,0.300643692255997
100.77383185308281,0.2516721664675634,0.3024340313340965,0.3024340313340965
100.44960425024601,0.2521719930441699,0.30423178591621514,0.30423178591621514
100.12537664740967,0.25271156810512113,0.3060369459281579,0.3060369459281579
99.80114904457287,0.25354715226866364,0.3078495008503851,0.3078495008503851
99.47692144173652,0.25491614832716153,0.3096694397156763,0.3096694397156763
99.15269383890018,0.25693926661023847,0.31149675110685404,0.31149675110685404
98.82846623606338,0.25952107645317446,0.3133314231545027,0.3133314231545027
98.50423863322703,0.2623257359191339,0.3151734435347088,0.3151734435347088
98.18001103039069,0.26487828759356935,0.3170227994668469,0.3170227994668469
97.85578342755389,0.26676797839382943,0.31887947771136366,0.31887947771136366
97.53155582471754,0.26785288961387316,0.3207434645675842,0.3207434645675842
97.20732822188074,0.26834071882309624,0.3226147458715683,0.3226147458715683
96.8831006190444,0.26867865544910474,0.3244933069939491,0.3244933069939491
96.55887301620805,0.26930067691356746,0.3263791328378357,0.3263791328378357
96.23464541337125,0.27038136220364223,0.3282722078367122,0.3282722078367122
95.91041781053491,0.2717568335227645,0.3301725159523609,0.3301725159523609
95.58619020769811,0.2730741287161473,0.3320800406728373,0.3320800406728373
95.26196260486176,0.2740764895011367,0.3339947650104284,0.3339947650104284
94.93773500202542,0.2748281455145985,0.33591667149967647,0.33591667149967647
94.61350739918862,0.27570995904643675,0.33784574219540175,0.33784574219540175
94.28927979635228,0.2771711467335108,0.3397819586707497,0.3397819586707497
93.96505219351593,0.27940222407067217,0.3417253020152892,0.3417253020152892
93.64082459067913,0.2821688529785749,0.3436757528331121,0.3436757528331121
93.31659698784279,0.2849484802060027,0.34563329124095904,0.34563329124095904
92.99236938500599,0.28729623313592456,0.3475978968663991,0.3475978968663991
92.66814178216964,0.28918360993727293,0.3495695488459963,0.3495695488459963
92.3439141793333,0.29104504352117416,0.351548225823543,0.351548225823543
92.0196865764965,0.2934599136661908,0.35353390594829515,0.35353390594829515
91.69545897366015,0.2966685163662423,0.3555265668732332,0.3555265668732332
91.3712313708238,0.30027495817931976,0.35752618575337813,0.35752618575337813
91.04700376798701,0.30339781077145966,0.3595327392441093,0.3595327392441093
90.72277616515066,0.3052295841190058,0.361546203499512,0.361546203499512
90.39854856231386,0.3056558435248631,0.36356655417078115,0.36356655417078115
90.07432095947752,0.30549018032209063,0.36559376640461233,0.36559376640461233
89.75009335664117,0.30609592506759803,0.3676278148416648,0.3676278148416648
89.42586575380437,0.30856967706584715,0.3696686736150255,0.3696686736150255
89.10163815096803,0.3129886783315455,0.37171631634870334,0.37171631634870334
88.77741054813168,0.3182368784733883,0.37377071615617935,0.37377071615617935
88.45318294529488,0.322585680940994,0.3758318456389615,0.3758318456389615
88.12895534245854,0.3247176724511204,0.37789967688516973,0.37789967688516973
87.80472773962174,0.32456497382791316,0.3799741814681818,0.3799741814681818
87.4805001367854,0.3234128638545385,0.3820553304452669,0.3820553304452669
87.15627253394905,0.3231645096335458,0.3841430943562926,0.3841430943562926
86.83204493111225,0.3251979326626879,0.3862374432224372,0.3862374432224372
86.5078173282759,0.32952316776835133,0.38833834654493105,0.38833834654493105
86.18358972543956,0.3347757484816456,0.3904457733038588,0.3904457733038588
85.85936212260276,0.3390610410981952,0.39255969195696655,0.39255969195696655
85.53513451976642,0.34112410187038594,0.3946800704385014,0.3946800704385014
85.21090691692962,0.34111060588645337,0.3968068761581139,0.3968068761581139
84.88667931409327,0.3404446999809032,0.39894007599974945,0.39894007599974945
84.56245171125693,0.34091301062336377,0.4010796363206164,0.4010796363206164
84.23822410842013,0.3435471427090084,0.4032255229501593,0.4032255229501593
83.91399650558378,0.34801518781798507,0.40537770118906474,0.40537770118906474
83.58976890274698,0.3528936907849647,0.4075361358083316,0.4075361358083316
83.26554129991064,0.35661996287704684,0.40970079104833057,0.40970079104833057
82.94131369707429,0.358494507247006,0.41187163061794224,0.41187163061794224
82.6170860942375,0.35909018061450365,0.41404861769370105,0.41404861769370105
82.29285849140115,0.35982778955802225,0.41623171491897243,0.41623171491897243
81.9686308885648,0.36202392916677817,0.41842088440319275,0.41842088440319275
81.644403285728,0.36604610351824557,0.42061608772111786,0.42061608772111786
81.32017568289166,0.3711143206560308,0.42281728591210505,0.42281728591210505
80.99594808005486,0.3758451859937779,0.42502443947946295,0.42502443947946295
80.67172047721851,0.37914804970660854,0.4272375083897896,0.4272375083897896
80.34749287438217,0.3808753669501798,0.4294564520723932,0.4294564520723932
80.02326527154537,0.38182512432612864,0.43168122941871845,0.43168122941871845
79.69903766870902,0.3831427400491299,0.43391179878180713,0.43391179878180713
79.37481006587268,0.3855602812742998,0.43614811797582514,0.43614811797582514
79.05058246303588,0.3889844626360311,0.43839014427559686,0.43839014427559686
78.72635486019954,0.39267108184032135,0.44063783441617593,0.44063783441617593
78.40212725736274,0.39581005650993406,0.44289114459248463,0.44289114459248463
78.07789965452639,0.3980835084249804,0.4451500304589424,0.4451500304589424
77.75367205169005,0.39981872363081555,0.4474144471291798,0.4474144471291798
77.42944444885325,0.4016744720314852,0.4496843491757568,0.4496843491757568
77.1052168460169,0.4041320344723419,0.4519596906299184,0.4519596906299184
76.78098924318056,0.4071751792210433,0.4542404249814176,0.4542404249814176
76.45676164034376,0.4103710478979218,0.456526505178346,0.456526505178346
76.13253403750741,0.41325217898283917,0.4588178836270022,0.4588178836270022
75.80830643467061,0.4156859041420749,0.46111451219183097,0.46111451219183097
75.48407883183427,0.4179527823882808,0.4634163421953507,0.4634163421953507
75.15985122899792,0.42049786628494024,0.46572332441816844,0.46572332441816844
74.83562362616112,0.42357224580145564,0.46803540909900054,0.46803540909900054
74.51139602332478,0.42705348424692524,0.47035254593473047,0.47035254593473047
74.18716842048843,0.4305765574309225,0.47267468408053603,0.47267468408053603
73.86294081765163,0.43385347230297944,0.4750017721500239,0.4750017721500239
73.53871321481529,0.4369119378051076,0.4773337582154043,0.4773337582154043
73.21448561197849,0.4400547082202014,0.47967058980773525,0.47967058980773525
72.89025800914214,0.4435708169141568,0.4820122139171585,0.4820122139171585
72.5660304063058,0.4474338342517725,0.48435857699322143,0.48435857699322143
72.241802803469,0.4512388947733878,0.4867096249452064,0.4867096249452064
71.91757520063265,0.45444671020770994,0.4890653031424983,0.4890653031424983
71.59334759779586,0.45676306810500866,0.4914255564150246,0.4914255564150246
71.26911999495951,0.45837287188015025,0.4937903290536843,0.4937903290536843
70.94489239212317,0.45985290614645347,0.49615956481086665,0.49615956481086665
70.62066478928637,0.4618241942279026,0.49853320690097486,0.49853320690097486
70.29643718645002,0.4645917369263841,0.5009111980009898,0.5009111980009898
69.97220958361368,0.4680173184964484,0.5032934802511035,0.5032934802511035
69.64798198077688,0.471689401401378,0.5056799952553608,0.5056799952553608
69.32375437794053,0.47523809727320393,0.5080706840823405,0.5080706840823405
68.99952677510373,0.47855648417922036,0.5104654872659117,0.5104654872659117
68.67529917226739,0.4817875070825799,0.5128643448059765,0.5128643448059765
68.35107156943104,0.4851283957301406,0.5152671961693047,0.5152671961693047
68.02684396659424,0.4886355520880874,0.5176739802903734,0.5176739802903734
67.7026163637579,0.4921860980343774,0.5200846355722473,0.5200846355722473
67.37838876092155,0.4956044901813343,0.5224990998875277,0.5224990998875277
67.05416115808475,0.4988246319476482,0.524917310579313,0.524917310579313
66.72993355524841,0.5019426653488588,0.5273392044621964,0.5273392044621964
66.40570595241161,0.5051255638228455,0.5297647178233398,0.5297647178233398
66.08147834957526,0.5084717187158031,0.5321937864235348,0.5321937864235348
65.75725074673892,0.5119555157748933,0.5346263454983561,0.5346263454983561
65.43302314390212,0.5155000813133032,0.5370623297593188,0.5370623297593188
65.10879554106577,0.5190947141404396,0.5395016733950788,0.5395016733950788
64.78456793822943,0.5228259178899839,0.5419443100726998,0.5419443100726998
64.46034033539263,0.5267723910182427,0.544390172938934,0.544390172938934
64.13611273255628,0.5308548361846224,0.5468391946215392,0.5468391946215392
63.811885129719485,0.5348007750968505,0.549291307230672,0.549291307230672
63.48765752688314,0.5383059154921974,0.551746442360269,0.551746442360269
63.163429924046795,0.541299254436861,0.5542045310895211,0.5542045310895211
62.839202321209996,0.5440954564195559,0.5566655039843501,0.5566655039843501
62.51497471837365,0.5472658345567818,0.5591292910989305,0.5591292910989305
62.190747115537306,0.5512645034028999,0.5615958219772765,0.5615958219772765
61.866519512700506,0.5560576330248527,0.5640650256548438,0.5640650256548438
61.54229190986416,0.5610456868297417,0.5665368306601678,0.5665368306601678
61.21806430702736,0.5653851292701574,0.5690111650165779,0.5690111650165779
60.89383670419102,0.5685270927378785,0.5714879562439001,0.5714879562439001
60.56960910135467,0.5706105830557472,0.5739671313602519,0.5739671313602519
60.24538149851787,0.5724226410200984,0.5764486168838426,0.5764486168838426
59.92115389568153,0.5749278246025938,0.5789323388348134,0.5789323388348134
59.59692629284473,0.5786706967549131,0.5814182227371534,0.5814182227371534
59.27269869000838,0.583448708063198,0.5839061936206037,0.5839061936206037
58.94847108717204,0.5884693631042742,0.5863961760226529,0.5863961760226529
58.62424348433524,0.5928756191001463,0.5888880939905401,0.5888880939905401
58.300015881498894,0.5962819520231267,0.5913818710832959,0.5913818710832959
57.97578827866255,0.5989752077650493,0.5938774303738577,0.5938774303738577
57.65156067582575,0.6016773202464276,0.5963746944511916,0.5963746944511916
57.327333072989404,0.6050592788600933,0.5988735854224572,0.5988735854224572
57.003105470152605,0.6093348318749048,0.6013740249152459,0.6013740249152459
56.67887786731626,0.6141722086425132,0.6038759340798082,0.6038759340798082
56.354650264479915,0.6189325205302032,0.6063792335913742,0.6063792335913742
56.030422661643115,0.623046686882151,0.6088838436524788,0.6088838436524788
55.70619505880677,0.626299789777557,0.6113896839953291,0.6113896839953291
55.381967455970425,0.6288954554973304,0.6138966738842427,0.6138966738842427
55.057739853133626,0.6313198150060496,0.6164047321180955,0.6164047321180955
54.73351225029728,0.6341109025731668,0.6189137770328113,0.6189137770328113
54.40928464746048,0.6376391604643248,0.6214237265039254,0.6214237265039254
54.085057044624136,0.641963847295641,0.6239344979491391,0.6239344979491391
53.76082944178779,0.6468019607190391,0.6264460083309654,0.6264460083309654
53.43660183895099,0.6516340318779639,0.6289581741593822,0.6289581741593822
53.11237423611465,0.6559373388214003,0.6314709114945262,0.6314709114945262
52.7881466332783,0.6594621214966956,0.6339841359494593,0.6339841359494593
52.4639190304415,0.6623955579543417,0.6364977626929464,0.6364977626929464
52.13969142760516,0.6652736974294874,0.6390117064522712,0.6390117064522712
51.81546382476836,0.6686407232992643,0.6415258815161325,0.6415258815161325
51.49123622193201,0.6726472394977064,0.6440402017375269,0.6440402017375269
51.16700861909567,0.6768753822456283,0.6465545805367265,0.6465545805367265
50.84278101625887,0.6805680409027284,0.6490689309042641,0.6490689309042641
50.518553413422524,0.6831612745337307,0.6515831654039593,0.6515831654039593
50.19432581058618,0.6847645299450016,0.654097196176019,0.654097196176019
49.87009820774938,0.6862134953316267,0.6566109349401482,0.6566109349401482
49.545870604913034,0.6885918194768191,0.659124292998703,0.659124292998703
49.221643002076235,0.6925090962931706,0.661637181239921,0.661637181239921
48.89741539923989,0.6976413603097058,0.6641495101411441,0.6641495101411441
48.573187796403545,0.7028948407552622,0.6666611897721316,0.6666611897721316
48.248960193566745,0.7071185748150994,0.6691721297983877,0.6691721297983877
47.9247325907304,0.7098776262903567,0.6716822394845264,0.6716822394845264
47.6005049878936,0.7117275629829454,0.6741914276977182,0.6741914276977182
47.276277385057256,0.71378115688474,0.6766996029111272,0.6766996029111272
46.95204978222091,0.7168843193986549,0.6792066732074433,0.6792066732074433
46.62782217938411,0.7210213501967152,0.6817125462824246,0.6817125462824246
46.303594576547766,0.7254031081700862,0.6842171294484838,0.6842171294484838
45.97936697371142,0.7291656647773039,0.6867203296383495,0.6867203296383495
45.65513937087462,0.7321206610692823,0.6892220534087423,0.6892220534087423
45.33091176803828,0.7349395025650242,0.6917222069440936,0.6917222069440936
45.00668416520148,0.7385896263794302,0.6942206960603472,0.6942206960603472
44.68245656236513,0.7434483071200088,0.6967174262087512,0.6967174262087512
44.35822895952879,0.7488194725454573,0.6992123024797499,0.6992123024797499
44.03400135669199,0.7533108741416273,0.7017052296068859,0.7017052296068859
43.70977375385564,0.7558687792230228,0.7041961119707484,0.7041961119707484
43.3855461510193,0.7567137121671019,0.7066848536029996,0.7066848536029996
43.0613185481825,0.7574198782797209,0.7091713581904171,0.7091713581904171
42.737090945346154,0.7599726352055787,0.7116555290789819,0.7116555290789819
42.412863342509354,0.7654048727699855,0.7141372692780517,0.7141372692780517
42.08863573967301,0.7729778095658184,0.7166164814645256,0.7166164814645256
41.764408136836664,0.7805362016273008,0.7190930679871136,0.7190930679871136
41.440180533999865,0.7858502031258049,0.7215669308706165,0.7215669308706165
41.11595293116352,0.7880435732461912,0.7240379718202575,0.7240379718202575
40.791725328327175,0.7881262052194818,0.7265060922260915,0.7265060922260915
40.467497725490375,0.7882684500784679,0.7289711931674354,0.7289711931674354
40.14327012265403,0.7903331050637606,0.7314331754173472,0.7314331754173472
39.81904251981723,0.7946865411525166,0.7338919394471907,0.7338919394471907
39.494814916980886,0.8000869141365258,0.7363473854311992,0.7363473854311992
39.17058731414454,0.8046703639664426,0.7387994132511424,0.7387994132511424
38.84635971130774,0.8072949195268218,0.7412479225010107,0.7412479225010107
38.522132108471396,0.8082952559142214,0.7436928124917515,0.7436928124917515
38.19790450563505,0.8091682098949405,0.74613398225609,0.74613398225609
37.87367690279825,0.8114808507733311,0.7485713305533712,0.7485713305533712
37.54944929996191,0.8158059031208788,0.7510047558744571,0.7510047558744571
37.22522169712511,0.8214020972084232,0.7534341564467111,0.7534341564467111
36.90099409428876,0.8267821952882372,0.7558594302389854,0.7558594302389854
36.57676649145242,0.8306981196945319,0.7582804749667175,0.7582804749667175
36.25253888861562,0.8328531471622332,0.760697188097045,0.760697188097045
35.92831128577927,0.8339302054066261,0.7631094668539788,0.7631094668539788
35.60408368294293,0.8350392603795925,0.7655172082236642,0.7655172082236642
35.27985608010613,0.8370405292270152,0.7679203089596661,0.7679203089596661
34.955628477269784,0.8401745806741558,0.770318665588315,0.770318665588315
34.631400874432984,0.8441200078636599,0.7727121744141439,0.7727121744141439
34.30717327159664,0.8482921816415481,0.775100731525334,0.775100731525334
33.982945668760294,0.8521197720213407,0.7774842327992707,0.7774842327992707
33.658718065923495,0.8551840492315499,0.7798625739081256,0.7798625739081256
33.33449046308715,0.8572856297912149,0.7822356503244999,0.7822356503244999
33.01026286025035,0.8585313653414585,0.7846033573271632,0.7846033573271632
32.686035257414005,0.8594068385725118,0.7869655900068024,0.7869655900068024
32.36180765457766,0.8606843009316503,0.7893222432718858,0.7893222432718858
32.03758005174086,0.8630764725186902,0.7916732118545545,0.7916732118545545
31.713352448904516,0.8667725867100098,0.7940183903165801,0.7940183903165801
31.38912484606817,0.8711861417838587,0.7963576730554149,0.7963576730554149
31.06489724323137,0.8751899447271978,0.7986909543102786,0.7986909543102786
30.740669640395026,0.8777910144638709,0.8010181281683098,0.8010181281683098
30.416442037558227,0.8788298931320512,0.8033390885708175,0.8033390885708175
30.092214434721882,0.879185655703504,0.8056537293195504,0.8056537293195504
29.767986831885537,0.8802637261466919,0.8079619440830826,0.8079619440830826
29.443759229048737,0.8830584773111142,0.8102636264032343,0.8102636264032343
29.119531626212392,0.8874341255400924,0.8125586697015632,0.8125586697015632
28.795304023376048,0.8921620330080277,0.8148469672859525,0.8148469672859525
28.471076420539248,0.8957311612371949,0.8171284123572414,0.8171284123572414
28.146848817702903,0.8973807472366411,0.8194028980159259,0.8194028980159259
27.822621214866103,0.897619496815735,0.8216703172689628,0.8216703172689628
27.49839361202976,0.8978512088015409,0.8239305630365985,0.8239305630365985
27.174166009193414,0.8993734798742264,0.8261835281593172,0.8261835281593172
26.849938406356614,0.9024757004809294,0.8284291054048312,0.8284291054048312
26.52571080352027,0.9062877170575966,0.8306671874751449,0.8306671874751449
26.201483200683924,0.909473458123199,0.8328976670137218,0.8328976670137218
25.877255597847125,0.9112409877755627,0.8351204366126979,0.8351204366126979
25.55302799501078,0.9119181459577166,0.8373353888201693,0.8373353888201693
25.22880039217398,0.9126825781693013,0.839542416147591,0.839542416147591
24.904572789337635,0.9146725947401202,0.8417414110772008,0.8417414110772008
24.58034518650129,0.9181561865477881,0.8439322660695701,0.8439322660695701
24.25611758366449,0.9223665455252154,0.8461148735712011,0.8461148735712011
23.931889980828146,0.9260914511489243,0.8482891260222004,0.8482891260222004
23.6076623779918,0.9285397097958575,0.8504549158640615,0.8504549158640615
23.283434775155,0.9298279605071521,0.852612135547496,0.852612135547496
22.959207172318656,0.930755826272497,0.8547606775403475,0.8547606775403475
22.634979569481857,0.932096635406219,0.8569004343356126,0.8569004343356126
22.310751966645512,0.9339859353852777,0.8590312984594998,0.8590312984594998
21.986524363809167,0.9358778811395199,0.8611531624796128,0.8611531624796128
21.662296760972367,0.937069005753113,0.8632659190131844,0.8632659190131844
21.338069158136022,0.9373425665357631,0.8653694607353943,0.8653694607353943
21.013841555299223,0.937211469921838,0.8674636803877953,0.8674636803877953
20.689613952462878,0.9375764238206815,0.8695484707867794,0.8695484707867794
20.365386349626533,0.9390837368445085,0.8716237248321698,0.8716237248321698
20.041158746789733,0.9416902162214079,0.873689335515865,0.873689335515865
19.71693114395339,0.9447553341189495,0.8757451959305678,0.8757451959305678
19.392703541117044,0.9475499306418892,0.8777911992786203,0.8777911992786203
19.068475938280244,0.9497508022800115,0.8798272388808991,0.8798272388808991
18.7442483354439,0.95153338838945,0.8818532081857913,0.8818532081857913
18.4200207326071,0.9532311522398722,0.8838690007782823,0.8838690007782823
18.095793129770755,0.9548971471064498,0.8858745103890855,0.8858745103890855
17.77156552693441,0.9561767266480677,0.8878696309038954,0.8878696309038954
17.44733792409761,0.9566234802678593,0.889854256372697,0.889854256372697
17.123110321261265,0.9561963970446494,0.8918282810191585,0.8918282810191585
16.79888271842492,0.955496647147725,0.8937915992501286,0.8937915992501286
16.47465511558812,0.9554929245054903,0.8957441056651962,0.8957441056651962
16.150427512751776,0.9568977102263794,0.8976856950663273,0.8976856950663273
15.826199909914976,0.9596581956499295,0.8996162624676151,0.8996162624676151
15.501972307078631,0.9629643743138135,0.9015357031050674,0.9015357031050674
15.177744704242286,0.9657900790797178,0.9034439124465193,0.9034439124465193
14.853517101405487,0.9675713043441098,0.9053407862015963,0.9053407862015963
14.529289498569142,0.9685161356859232,0.9072262203317591,0.9072262203317591
14.205061895732797,0.9693241486789569,0.909100111060452,0.909100111060452
13.880834292895997,0.9705519458172235,0.9109623548833056,0.9109623548833056
13.556606690059652,0.9721360200613303,0.9128128485784179,0.9128128485784179
13.232379087222853,0.9734567595422792,0.9146514892167401,0.9146514892167401
12.908151484386508,0.9738948982256604,0.9164781741724974,0.9164781741724974
12.583923881550163,0.9734321490532455,0.9182928011337276,0.9182928011337276
12.259696278713363,0.97279734295567,0.9200952681128656,0.9200952681128656
11.935468675877019,0.9730045653539648,0.9218854734574043,0.9218854734574043
11.611241073040674,0.9746080653799446,0.9236633158606495,0.9236633158606495
11.287013470203874,0.9772393970489232,0.9254286943725235,0.9254286943725235
10.96278586736753,0.9798023996759164,0.9271815084104407,0.9271815084104407
10.63855826453073,0.9812162839393067,0.9289216577702748,0.9289216577702748
10.314330661694385,0.9811797351278193,0.930649042637359,0.930649042637359
9.99010305885804,0.9803963663637792,0.932363563597588,0.932363563597588
9.66587545602124,0.9800846906731729,0.9340651216485595,0.9340651216485595
9.341647853184895,0.9811146338753246,0.9357536182107816,0.9357536182107816
9.017420250348096,0.9833860951327409,0.9374289551389634,0.9374289551389634
8.69319264751175,0.9858929375965947,0.9390910347333308,0.9390910347333308
8.368965044675406,0.9874246417997165,0.9407397597510357,0.9407397597510357
8.044737441838606,0.9874048870532351,0.942375033417598,0.942375033417598
7.720509839002261,0.9862760660871341,0.9439967594384016,0.9439967594384016
7.396282236165916,0.9851695444228183,0.945604842010264,0.945604842010264
7.072054633329117,0.9851088153067851,0.9471991858330348,0.9471991858330348
6.747827030492772,0.9863139673086782,0.9487796961212424,0.9487796961212424
6.423599427655972,0.9880896845246275,0.9503462786158103,0.9503462786158103
6.099371824819627,0.9893585122657125,0.9518988395957806,0.9518988395957806
5.7751442219832825,0.9894505548761328,0.9534372858901146,0.9534372858901146
5.450916619146483,0.9885936751746099,0.9549615248895068,0.9549615248895068
5.126689016310138,0.9877690705563292,0.9564714645582397,0.9564714645582397
4.802461413473793,0.9880399321421928,0.9579670134460856,0.9579670134460856
4.478233810636993,0.9898156634164589,0.9594480807002238,0.9594480807002238
4.1540062078006486,0.9925462271189651,0.9609145760771847,0.9609145760771847
3.829778604963849,0.9950436589456892,0.9623664099548388,0.9623664099548388
3.505551002127504,0.9962132630882365,0.9638034933443778,0.9638034933443778
3.181323399291159,0.9957212304423512,0.9652257379023454,0.9652257379023454
2.8570957964543595,0.9941839872624904,0.966633055942662,0.966633055942662
2.5328681936180146,0.9927807423331002,0.9680253604486649,0.9680253604486649
2.2086405907816697,0.9925489094457717,0.9694025650851734,0.9694025650851734
1.88441298794487,0.9937978699738426,0.9707645842105435,0.9707645842105435
1.5601853851085252,0.9959768528130242,0.9721113328887256,0.9721113328887256
1.2359577822717256,0.9980407458375574,0.9734427269013405,0.9734427269013405
0.9117301794353807,0.9990649335648945,0.9747586827597216,0.9747586827597216
0.5875025765990358,0.9987391405127619,0.9760591177169794,0.9760591177169794
0.2632749737622362,0.9974746342981987,0.9773439497800346,0.9773439497800346
-0.0609526290741087,0.9961052811584593,0.9786130977216361,0.9786130977216361
-0.3851802319104536,0.9953937953788401,0.9798664810923772,0.9798664810923772
-0.7094078347472532,0.9956399480674538,0.9811040202326718,0.9811040202326718
-1.033635437583598,0.9965943531228695,0.9823256362847052,0.9823256362847052
-1.3578630404203977,0.997683692712641,0.9835312512043692,0.9835312512043692
-1.6820906432567426,0.9983757527103873,0.9847207877731398,0.9847207877731398
-2.0063182460930875,0.9984558963616402,0.9858941696099395,0.9858941696099395
-2.330545848929887,0.9980701923875003,0.9870513211829404,0.9870513211829404
-2.654773451766232,0.9975495510673411,0.9881921678213204,0.9881921678213204
-2.9790010546030317,0.9971607289585801,0.9893166357269844,0.9893166357269844
-3.3032286574393765,0.9969559020974333,0.9904246519862052,0.9904246519862052
-3.6274562602757214,0.9968066815017521,0.9915161445812305,0.9915161445812305
-3.951683863112521,0.9965744043716191,0.9925910424018064,0.9925910424018064
-4.275911465948866,0.9962771356438608,0.9936492752566353,0.9936492752566353
-4.600139068785211,0.9961229271574511,0.9946907738847746,0.9946907738847746
-4.9243666716220105,0.9963784736132145,0.9957154699669414,0.9957154699669414
-5.248594274458355,0.9971620476286769,0.9967232961367398,0.9967232961367398
-5.572821877295155,0.998307662659784,0.9977141859918129,0.9977141859918129
-5.8970494801315,0.9994044250407185,0.9986880741048834,0.9986880741048834
-6.221277082967845,1.0,0.9996448960347215,0.9996448960347215
-6.545504685804644,0.9998472929418029,1.0005845883369968,1.0005845883369968
-6.869732288640989,0.9990420747421086,1.0015070885750275,1.0015070885750275
-7.193959891477334,0.9979671139985519,1.0024123353304322,1.0024123353304322
-7.518187494314134,0.9970803125759852,1.003300268213655,1.003300268213655
-7.842415097150479,0.9966797264678963,1.0041708278743764,1.0041708278743764
-8.166642699987278,0.9967861366778781,1.0050239560118093,1.0050239560118093
-8.490870302823623,0.9972008148425232,1.0058595953848524,1.0058595953848524
-8.815097905659968,0.9976793993027525,1.0066776898221308,1.0066776898221308
-9.139325508496768,0.9980907456463642,1.0074781842318852,1.0074781842318852
-9.463553111333113,0.9984492327195734,1.008261024611725,1.008261024611725
-9.787780714169457,0.9988061058980374,1.0090261580582423,1.0090261580582423
-10.112008317006257,0.9990930417630973,1.0097735327764696,1.0097735327764696
-10.436235919842602,0.9990540917911352,1.0105030980891823,1.0105030980891823
-10.760463522679402,0.9983473520991991,1.011214804446053,1.011214804446053
-11.084691125515747,0.9967768863055576,1.0119086034326292,1.0119086034326292
-11.408918728352091,0.9945085994160288,1.0125844477791592,1.0125844477791592
-11.733146331188891,0.9921072477482513,1.0132422913692354,1.0132422913692354
-12.057373934025236,0.9903273158489863,1.0138820892482634,1.0138820892482634
-12.38160153686158,0.9897461000542763,1.0145037976317626,1.0145037976317626
-12.70582913969838,0.9904443935096013,1.0151073739134697,1.0151073739134697
-13.030056742534725,0.9919357897073778,1.0156927766732615,1.0156927766732615
-13.354284345371525,0.9934091125333379,1.0162599656848892,1.0162599656848892
-13.67851194820787,0.9941573411292135,1.0168089019235083,1.0168089019235083
-14.002739551044215,0.9939419508489761,1.0173395475730211,1.0173395475730211
-14.326967153881014,0.9930719013164657,1.0178518660332088,1.0178518660332088
-14.65119475671736,0.992152552079315,1.0183458219266561,1.0183458219266561
-14.975422359554159,0.9916724577558833,1.0188213811054747,1.0188213811054747
-15.299649962390504,0.9917030092895107,1.0192785106578035,1.0192785106578035
-15.623877565226849,0.9919082944517785,1.0197171789140993,1.0197171789140993
-15.948105168063648,0.9918461398224423,1.020137355453206,1.020137355453206
-16.272332770899993,0.9913333824062305,1.0205390111081967,1.0205390111081967
-16.596560373736338,0.9905993161584942,1.0209221179719954,1.0209221179719954
-16.920787976573138,0.990105093226883,1.0212866494027675,1.0212866494027675
-17.245015579409483,0.9901598475583628,1.0216325800290766,1.0216325800290766
-17.569243182246282,0.9906318611614149,1.0219598857548107,1.0219598857548107
-17.893470785082627,0.9910006698506691,1.0222685437638652,1.0222685437638652
-18.217698387918972,0.9907462536835601,1.0225585325245945,1.0225585325245945
-18.54192599075577,0.9898003089230722,1.0228298317940145,1.0228298317940145
-18.866153593592117,0.9887005774256725,1.0230824226217616,1.0230824226217616
-19.19038119642846,0.9882770931315114,1.023316287353811,1.023316287353811
-19.51460879926526,0.9890430183363186,1.023531409635939,1.023531409635939
-19.838836402101606,0.9907153703736611,1.0237277744169395,1.0237277744169395
-20.163064004938406,0.9922497147286397,1.0239053679515877,1.0239053679515877
-20.48729160777475,0.9924376856681872,1.024064177803349,1.024064177803349
-20.811519210611095,0.9907076242412164,1.0242041928468355,1.0242041928468355
-21.135746813447895,0.9875826319732905,1.024325403270001,1.024325403270001
-21.45997441628424,0.9844425382616768,1.0244278005760845,1.0244278005760845
-21.784202019120585,0.9826977690238827,1.0245113775852888,1.0245113775852888
-22.108429621957384,0.982899905123233,1.0245761284362054,1.0245761284362054
-22.43265722479373,0.9843857314159739,1.0246220485869735,1.0246220485869735
-22.75688482763053,0.9857097408613632,1.024649134816183,1.024649134816183
-23.081112430466874,0.9855887606120609,1.0246573852235108,1.0246573852235108
-23.40534003330322,0.9837291321160105,1.0246467992300994,1.0246467992300994
-23.72956763614002,0.980982960870419,1.024617377578672,1.024617377578672
-24.053795238976363,0.9787381935445559,1.0245691223333835,1.0245691223333835
-24.378022841812708,0.9779700893006763,1.0245020368794127,1.0245020368794127
-24.702250444649508,0.9786047238867894,1.02441612592229,1.02441612592229
-25.026478047485853,0.9796162816224961,1.0243113954869647,1.0243113954869647
-25.350705650322652,0.9797661432774142,1.0241878529166115,1.0241878529166115
-25.674933253158997,0.9784572662040093,1.0240455068711765,1.0240455068711765
-25.999160855995342,0.9761213503766617,1.0238843673256617,1.0238843673256617
-26.32338845883214,0.9739025347032357,1.0237044455681548,1.0237044455681548
-26.647616061668487,0.9728906480029206,1.0235057541975985,1.0235057541975985
-26.971843664505286,0.9734418043050839,1.0232883071213033,1.0232883071213033
-27.29607126734163,0.9750206825953767,1.0230521195522078,1.0230521195522078
-27.620298870177976,0.9766084879167082,1.022797208005883,1.022797208005883
-27.944526473014776,0.9773402345422061,1.0225235902972847,1.0225235902972847
-28.26875407585112,0.9769294449079315,1.022231285537261,1.022231285537261
-28.592981678687465,0.975652131566949,1.021920314128802,1.021920314128802
-28.917209281524265,0.9740037433360768,1.021590697763052,1.021590697763052
-29.24143688436061,0.9723479829239814,1.0212424594150749,1.0212424594150749
-29.56566448719741,0.9708108887622766,1.0208756233393743,1.0208756233393743
-29.889892090033754,0.9694241679782138,1.0204902150651811,1.0204902150651811
-30.2141196928701,0.9683091241623774,1.0200862613914972,1.0200862613914972
-30.5383472957069,0.967687113944568,1.0196637903819088,1.0196637903819088
-30.862574898543244,0.9676903417340584,1.01922283135917,1.01922283135917
-31.18680250137959,0.968153059978177,1.0187634148995521,1.0187634148995521
-31.51103010421639,0.9686038708281384,1.0182855728269715,1.0182855728269715
-31.835257707052733,0.968517041041512,1.0177893382068954,1.0177893382068954
-32.15948530988953,0.9676526766922333,1.0172747453400233,1.0172747453400233
-32.48371291272588,0.9662195325351058,1.0167418297557602,1.0167418297557602
-32.80794051556222,0.9647199009754672,1.0161906282054671,1.0161906282054671
-33.13216811839902,0.9635874754569909,1.0156211786555103,1.0156211786555103
-33.45639572123537,0.9629006170363854,1.0150335202801037,1.0150335202801037
-33.78062332407171,0.9623983105727313,1.0144276934539433,1.0144276934539433
-34.10485092690851,0.9617805656481773,1.0138037397446484,1.0138037397446484
-34.42907852974486,0.961035421446963,1.0131617019050099,1.0131617019050099
-34.753306132581656,0.9605004040922522,1.0125016238650393,1.0125016238650393
-35.077533735418,0.9605764117867626,1.0118235507238427,1.0118235507238427
-35.401761338254346,0.9613062717861732,1.011127528741299,1.011127528741299
-35.725988941091146,0.9621708160819045,1.0104136053295691,1.0104136053295691
-36.05021654392749,0.9623160891022854,1.00968182904443,1.00968182904443
-36.374444146763835,0.9610990353295618,1.0089322495764286,1.0089322495764286
-36.698671749600635,0.9585727614605084,1.0081649177418808,1.0081649177418808
-37.02289935243698,0.9555397133947865,1.007379885473706,1.007379885473706
-37.34712695527378,0.9530927565479702,1.0065772058120936,1.0065772058120936
-37.671354558110124,0.9519328779488444,1.005756932895036,1.005756932895036
-37.99558216094647,0.9519255929291841,1.0049191219486897,1.0049191219486897
-38.31980976378327,0.9522026204927069,1.0040638292776098,1.0040638292776098
-38.644037366619614,0.9517401215583273,1.0031911122548398,1.0031911122548398
-38.96826496945641,0.9500193807952598,1.0023010293118564,1.0023010293118564
-39.29249257229276,0.9473315965501566,1.0013936399284005,1.0013936399284005
-39.6167201751291,0.9445483282187304,1.0004690046221636,1.0004690046221636
-39.9409477779659,0.9425473967709059,0.999527184938364,0.999527184938364
-40.26517538080225,0.9416970373166205,0.9985682434392067,0.9985682434392067
-40.58940298363859,0.9417215578324281,0.9975922436932176,0.9975922436932176
-40.91363058647539,0.941981071545135,0.9965992502644818,0.9965992502644818
-41.23785818931174,0.9419204239673379,0.9955893287017781,0.9955893287017781
-41.56208579214854,0.9413706566268543,0.9945625455275999,0.9945625455275999
-41.88631339498488,0.9405429394972791,0.9935189682271033,0.9935189682271033
-42.21054099782123,0.9397934625228898,0.992458665236942,0.992458665236942
-42.534768600658026,0.9393724468691229,0.9913817059340331,0.9913817059340331
-42.85899620349437,0.9393208022372742,0.9902881606242394,0.9902881606242394
-43.183223806330716,0.9395192494343496,0.989178100530963,0.989178100530963
-43.507451409167516,0.9397770002341553,0.988051597783679,0.988051597783679
-43.83167901200386,0.9398627953286801,0.9869087254064023,0.9869087254064023
-44.15590661484066,0.939492085955022,0.9857495573060744,0.9857495573060744
-44.480134217677005,0.9383661300738433,0.984574168260914,0.984574168260914
-44.80436182051335,0.9363208193321872,0.9833826339086911,0.9833826339086911
-45.12858942335015,0.9335130895298831,0.9821750307349628,0.9821750307349628
-45.452817026186494,0.9304772663524652,0.9809514360612662,0.9809514360612662
-45.77704462902284,0.9279323736489115,0.979711928033251,0.979711928033251
-46.10127223185964,0.9264023536321179,0.9784565856087906,0.9784565856087906
-46.425499834695984,0.9258856739455756,0.9771854885460596,0.9771854885460596
-46.74972743753278,0.925823339369787,0.975898717391561,0.975898717391561
-47.07395504036913,0.9254268301735111,0.9745963534681571,0.9745963534681571
-47.39818264320547,0.9241664992789771,0.9732784788630485,0.9732784788630485
-47.72241024604227,0.9220878365870276,0.9719451764157543,0.9719451764157543
-48.04663784887862,0.9197343309939545,0.970596529706076,0.970596529706076
-48.37086545171496,0.9177407267407401,0.969232623042036,0.969232623042036
-48.69509305455176,0.9164055043820335,0.9678535414478235,0.9678535414478235
-49.01932065738811,0.9155622612476092,0.9664593706517375,0.9664593706517375
-49.34354826022491,0.9148300253926938,0.9650501970741104,0.9650501970741104
-49.66777586306125,0.9140154865290961,0.9636261078152643,0.9636261078152643
-49.9920034658976,0.9133114825855696,0.9621871906434428,0.9621871906434428
-50.316231068734396,0.9130989995652044,0.9607335339827751,0.9607335339827751
-50.64045867157074,0.9134960373541843,0.9592652269012505,0.9592652269012505
-50.96468627440754,0.9140391129359681,0.9577823590986907,0.9577823590986907
-51.288913877243886,0.9138223786806641,0.9562850208947721,0.9562850208947721
-51.61314148008023,0.9120774435547342,0.9547733032170385,0.9547733032170385
-51.93736908291703,0.9088047574243094,0.9532472975889608,0.9532472975889608
-52.261596685753375,0.9049622118073214,0.9517070961180244,0.9517070961180244
-52.58582428858972,0.9019896791712206,0.9501527914838294,0.9501527914838294
-52.91005189142652,0.9009239350600245,0.9485844769262414,0.9485844769262414
-53.234279494262864,0.9016912436031848,0.9470022462335822,0.9470022462335822
-53.558507097099664,0.9030920423854871,0.9454061937308341,0.9454061937308341
-53.88273469993601,0.9035384108074039,0.9437964142679208,0.9437964142679208
-54.206962302772354,0.9020791828496635,0.9421730032079977,0.9421730032079977
-54.53118990560915,0.899025910489686,0.9405360564158103,0.9405360564158103
-54.8554175084455,0.8957462486225661,0.9388856702461026,0.9388856702461026
-55.17964511128184,0.8937532713702719,0.9372219415320531,0.9372219415320531
-55.50387271411864,0.8937006370329349,0.9355449675737856,0.9355449675737856
-55.82810031695499,0.894957014728842,0.9338548461269346,0.9338548461269346
-56.15232791979179,0.8960351920152361,0.932151675391242,0.932151675391242
-56.47655552262813,0.8955711185493976,0.9304355539992507,0.9304355539992507
-56.80078312546448,0.8931879695899493,0.9287065810050187,0.9287065810050187
-57.12501072830128,0.8896811759365707,0.9269648558729221,0.9269648558729221
-57.44923833113762,0.8864373768350883,0.9252104784665207,0.9252104784665207
-57.77346593397397,0.8845135327604888,0.9234435490374651,0.9234435490374651
-58.097693536810766,0.8840019843595042,0.9216641682144947,0.9216641682144947
-58.42192113964711,0.8840761138629173,0.9198724369925027,0.9198724369925027
-58.74614874248391,0.8836323462295708,0.9180684567216439,0.9180684567216439
-59.070376345320255,0.8820565523339392,0.916252329096554,0.916252329096554
-59.3946039481566,0.8795993385393341,0.9144241561455986,0.9144241561455986
-59.7188315509934,0.8771455352923354,0.9125840402202241,0.9125840402202241
-60.043059153829745,0.8755788146342353,0.91073208398438,0.91073208398438
-60.36728675666609,0.875187622293296,0.9088683904039945,0.9088683904039945
-60.69151435950289,0.8754909698371507,0.9069930627365483,0.9069930627365483
-61.015741962339234,0.8755602295396947,0.9051062045207252,0.9051062045207252
-61.339969565176034,0.8745967737400543,0.9032079195661147,0.9032079195661147
-61.66419716801238,0.8723953538275847,0.9012983119430316,0.9012983119430316
-61.988424770848724,0.8694333396239614,0.8993774859723753,0.8993774859723753
-62.31265237368552,0.8665730935741797,0.8974455462155956,0.8974455462155956
-62.63687997652187,0.8645817274049674,0.8955025974647366,0.8955025974647366
-62.96110757935867,0.8637428845236379,0.8935487447325379,0.8935487447325379
-63.28533518219501,0.8637499558568859,0.8915840932426546,0.8915840932426546
-63.60956278503136,0.8639051652954373,0.8896087484199192,0.8896087484199192
-63.93379038786816,0.8634990092823128,0.8876228158807127,0.8876228158807127
-64.2580179907045,0.862171499316091,0.8856264014234166,0.8856264014234166
-64.58224559354085,0.8600763124788141,0.8836196110189264,0.8836196110189264
-64.90647319637765,0.8577658928144457,0.8816025508012673,0.8816025508012673
-65.23070079921399,0.8558531969849072,0.8795753270582963,0.8795753270582963
-65.55492840205079,0.854630272459173,0.8775380462224598,0.8775380462224598
-65.87915600488714,0.8538691186470186,0.8754908148616727,0.8754908148616727
-66.20338360772348,0.852950607285537,0.8734337396702425,0.8734337396702425
-66.52761121056028,0.8512797116897939,0.871366927459902,0.871366927459902
-66.85183881339663,0.8487473533813176,0.8692904851509264,0.8692904851509264
-67.17606641623297,0.845925168817889,0.8672045197633065,0.8672045197633065
-67.50029401906977,0.8438094034167782,0.865109138408031,0.865109138408031
-67.82452162190611,0.8432135276095216,0.8630044482784535,0.8630044482784535
-68.14874922474291,0.8441708258664927,0.8608905566417084,0.8608905566417084
-68.47297682757926,0.8457565955435811,0.8587675708302573,0.8587675708302573
-68.7972044304156,0.8465073939997305,0.8566355982334716,0.8566355982334716
-69.1214320332524,0.8452299850621952,0.8544947462893251,0.8544947462893251
-69.44565963608875,0.841711025341634,0.8523451224761708,0.8523451224761708
-69.7698872389251,0.8368688462530762,0.8501868343045693,0.8501868343045693
-70.0941148417619,0.8322340948142356,0.8480199893092267,0.8480199893092267
-70.41834244459824,0.8290835642083807,0.8458446950410119,0.8458446950410119
-70.74257004743504,0.8277785756653464,0.8436610590590234,0.8436610590590234
-71.06679765027138,0.8277112813154626,0.8414691889227829,0.8414691889227829
-71.39102525310773,0.8278391163999372,0.8392691921844593,0.8392691921844593
-71.71525285594453,0.8273909710068027,0.837061176381205,0.837061176381205
-72.03948045878087,0.8262436492960608,0.8348452490275681,0.8348452490275681
-72.36370806161722,0.824750172467428,0.8326215176079556,0.8326215176079556
-72.68793566445402,0.8232339942691553,0.8303900895692007,0.8303900895692007
-73.01216326729036,0.8216126711093946,0.8281510723132077,0.8281510723132077
-73.33639087012716,0.8194880827087879,0.8259045731896408,0.8259045731896408
-73.6606184729635,0.8166359651776622,0.8236506994887361,0.8236506994887361
-73.98484607579985,0.8134655251838434,0.8213895584341407,0.8213895584341407
-74.30907367863665,0.810997854813354,0.8191212571758577,0.8191212571758577
-74.633301281473,0.8102689732727784,0.8168459027832656,0.8168459027832656
-74.95752888430934,0.8115373089727824,0.8145636022381815,0.8145636022381815
-75.28175648714614,0.8138941829385121,0.8122744624280259,0.8122744624280259
-75.60598408998248,0.8156433411827475,0.8099785901390595,0.8099785901390595
-75.93021169281928,0.8152752101043532,0.807676092049659,0.807676092049659
-76.25443929565563,0.8124044624920739,0.8053670747237112,0.8053670747237112
-76.57866689849197,0.808017016523808,0.8030516446040309,0.8030516446040309
-76.90289450132877,0.8038274413616369,0.800729908005878,0.800729908005878
-77.22712210416512,0.8011676753415102,0.7984019711105448,0.7984019711105448
-77.55134970700192,0.8001656407094658,0.7960679399589792,0.7960679399589792
-77.87557730983826,0.7997749713379041,0.7937279204455234,0.7937279204455234
-78.19980491267461,0.7986174264193333,0.7913820183116715,0.7913820183116715
-78.52403251551141,0.7960260119344986,0.7890303391399252,0.7890303391399252
-78.84826011834775,0.7925426731765295,0.786672988347715,0.786672988347715
-79.1724877211841,0.7895244285181837,0.7843100711813596,0.7843100711813596
-79.4967153240209,0.7881541728345187,0.7819416927101145,0.7819416927101145
-79.82094292685724,0.7885716232991967,0.7795679578202892,0.7795679578202892
-80.14517052969404,0.7897395854303656,0.7771889712093908,0.7771889712093908
-80.46939813253039,0.7901243390623035,0.7748048373803833,0.7748048373803833
-80.79362573536673,0.788694099353385,0.7724156606359553,0.7724156606359553
-81.11785333820353,0.7855382181522333,0.7700215450728853,0.7700215450728853
-81.44208094103988,0.7817110776385717,0.767622594576467,0.767622594576467
-81.76630854387622,0.7784683863324371,0.7652189128149633,0.7652189128149633
-82.09053614671302,0.7764714980564659,0.762810603234152,0.762810603234152
-82.41476374954937,0.7755039119234094,0.7603977690519292,0.7603977690519292
-82.73899135238617,0.7748256093942845,0.757980513252938,0.757980513252938
-83.06321895522251,0.7738189580110698,0.7555589385833058,0.7555589385833058
-83.38744655805885,0.7724057316768963,0.7531331475453874,0.7531331475453874
-83.71167416089565,0.7709465037191557,0.7507032423925997,0.7507032423925997
-84.035901763732,0.7697663839557943,0.7482693251243124,0.7482693251243124
-84.36012936656834,0.7687402224408072,0.745831497480763,0.745831497480763
-84.68435696940514,0.7672994924160443,0.7433898609380588,0.7433898609380588
-85.00858457224149,0.7648647325647071,0.7409445167032327,0.7409445167032327
-85.33281217507829,0.761354227515747,0.7384955657093192,0.7384955657093192
-85.65703977791463,0.7573503514691615,0.7360431086105366,0.7360431086105366
-85.98126738075098,0.7537689728229122,0.7335872457774679,0.7335872457774679
-86.30549498358778,0.7512632690827027,0.7311280772923328,0.7311280772923328
-86.62972258642412,0.7497999754598026,0.7286657029443079,0.7286657029443079
-86.95395018926047,0.7487170886373488,0.7262002222248717,0.7262002222248717
-87.27817779209727,0.7472118084461017,0.7237317343232281,0.7237317343232281
-87.60240539493361,0.7448939125689673,0.7212603381217839,0.7212603381217839
-87.92663299777041,0.7420068404394562,0.7187861321916404,0.7187861321916404
-88.25086060060676,0.7391804749326719,0.7163092147881877,0.7163092147881877
-88.5750882034431,0.7369281470441433,0.713829683846697,0.713829683846697
-88.8993158062799,0.7352723725737313,0.7113476369779954,0.7113476369779954
-89.22354340911625,0.7337622000883087,0.7088631714641919,0.7088631714641919
-89.54777101195305,0.7318388677364334,0.7063763842544153,0.7063763842544153
-89.87199861478939,0.7292556492501744,0.7038873719606529,0.7038873719606529
-90.19622621762574,0.7262440907272019,0.7013962308535854,0.7013962308535854
-90.52045382046254,0.7233320932023654,0.698903056858504,0.698903056858504
-90.84468142329888,0.7209799625126553,0.6964079455512724,0.6964079455512724
-91.16890902613522,0.7193092187467315,0.693910992154309,0.693910992154309
-91.49313662897202,0.7180910740486399,0.6914122915326424,0.6914122915326424
-91.81736423180837,0.7169453099993769,0.6889119381900147,0.6889119381900147
-92.14159183464517,0.7155571440203682,0.6864100262649975,0.6864100262649975
-92.46581943748151,0.7137532005163564,0.6839066495272025,0.6839066495272025
-92.79004704031786,0.7114371856419826,0.6814019013734883,0.6814019013734883
-93.11427464315466,0.708519860015156,0.678895874824246,0.678895874824246
-93.438502245991,0.7049671378414568,0.6763886625197284,0.6763886625197284
-93.76272984882735,0.7009497995508986,0.6738803567163945,0.6738803567163945
-94.08695745166415,0.6969399206031265,0.6713710492833286,0.6713710492833286
-94.41118505450049,0.6935978173170119,0.6688608316987039,0.6688608316987039
-94.73541265733729,0.6914468583261336,0.6663497950462547,0.6663497950462547
-95.05964026017364,0.690524199761256,0.663838030011845,0.663838030011845
-95.38386786300998,0.6902619699817827,0.6613256268800287,0.6613256268800287
-95.70809546584678,0.6897253302973367,0.6588126755306869,0.6588126755306869
-96.03232306868313,0.688093412790189,0.6562992654357095,0.6562992654357095
-96.35655067151947,0.6850926763593324,0.6537854856556874,0.6537854856556874
-96.68077827435627,0.6811137172730825,0.6512714248366799,0.6512714248366799
-97.00500587719262,0.6769500881400218,0.648757171207024,0.648757171207024
-97.32923348002942,0.6733415516377714,0.6462428125741514,0.6462428125741514
-97.65346108286576,0.670612421883558,0.6437284363215001,0.6437284363215001
-97.9776886857021,0.668601719905699,0.6412141294054162,0.6412141294054162
-98.3019162885389,0.6668693276098365,0.6386999783521331,0.6386999783521331
-98.62614389137525,0.6649929556587199,0.636186069254791,0.636186069254791
-98.9503714942116,0.6627569269824531,0.6336724877704683,0.6336724877704683
-99.2745990970484,0.6601600887990756,0.6311593191172857,0.6311593191172857
-99.59882669988474,0.6573170107655214,0.6286466480715523,0.6286466480715523
-99.92305430272154,0.6543767672709794,0.6261345589649168,0.6261345589649168
-100.24728190555788,0.6515146992633667,0.6236231356816146,0.6236231356816146
-100.57150950839423,0.6489470798852032,0.6211124616557019,0.6211124616557019
-100.89573711123103,0.6468829085060013,0.6186026198683682,0.6186026198683682
-101.21996471406737,0.6453962471492546,0.6160936928452864,0.6160936928452864
-101.54419231690417,0.6443091653251284,0.6135857626539737,0.6135857626539737
-101.86841991974052,0.6432113457587858,0.6110789109012413,0.6110789109012413
-102.19264752257686,0.6416572129173661,0.6085732187306364,0.6085732187306364
-102.51687512541366,0.6394339632508856,0.6060687668199572,0.6060687668199572
-102.84110272825001,0.6367084043090877,0.603565635378811,0.603565635378811
-103.16533033108635,0.6339226504672872,0.6010639041461793,0.6010639041461793
-103.48955793392315,0.6314872383100599,0.5985636523880571,0.5985636523880571
-103.8137855367595,0.6294817238510251,0.5960649588951323,0.5960649588951323
-104.1380131395963,0.6275859907862917,0.5935679019804699,0.5935679019804699
-104.46224074243264,0.6253066906115413,0.5910725594772902,0.5910725594772902
-104.78646834526899,0.6223452921621848,0.5885790087367344,0.5885790087367344
-105.11069594810579,0.6188414901185779,0.5860873266257064,0.5860873266257064
-105.43492355094213,0.6153091693739235,0.5835975895247548,0.5835975895247548
-105.75915115377848,0.612304232318068,0.5811098733259634,0.5811098733259634
-106.08337875661528,0.6100596533736473,0.5786242534309143,0.5786242534309143
-106.40760635945162,0.608346416939979,0.5761408047486906,0.5761408047486906
-106.73183396228842,0.6066526484631336,0.573659601693886,0.573659601693886
-107.05606156512476,0.6045434932824865,0.5711807181847044,0.5711807181847044
-107.38028916796111,0.6019426484788789,0.5687042276410512,0.5687042276410512
-107.70451677079791,0.5991486171002663,0.5662302029826962,0.5662302029826962
-108.02874437363425,0.596601922120525,0.5637587166274791,0.5637587166274791
-108.3529719764706,0.5945945716453427,0.5612898404895228,0.5612898404895228
-108.6771995793074,0.593130833779638,0.5588236459775188,0.5588236459775188
-109.00142718214374,0.5920072059556878,0.5563602039930525,0.5563602039930525
-109.32565478498054,0.5910015274079816,0.5538995849289344,0.5538995849289344
-109.64988238781689,0.5899906950814111,0.5514418586676226,0.5514418586676226
-109.97410999065323,0.5889037622754408,0.5489870945796348,0.5489870945796348
-110.29833759349003,0.5875816563261188,0.5465353615220341,0.5465353615220341
-110.62256519632638,0.5857129911441603,0.5440867278369549,0.5440867278369549
-110.94679279916272,0.5829598497852002,0.5416412613501387,0.5416412613501387
-111.27102040199952,0.5792195334348381,0.5391990293695401,0.5391990293695401
-111.59524800483587,0.5748257359191339,0.5367600986839732,0.5367600986839732
-111.91947560767267,0.5704994464397257,0.5343245355617642,0.5343245355617642
-112.24370321050901,0.5670246635732372,0.5318924057494944,0.5318924057494944
-112.56793081334536,0.5648288979157028,0.529463774470733,0.529463774470733
-112.89215841618216,0.5637377363681003,0.5270387064248432,0.5270387064248432
-113.2163860190185,0.563072842661345,0.5246172657858289,0.5246172657858289
-113.5406136218553,0.5620393848800443,0.5221995162011865,0.5221995162011865
-113.86484122469165,0.5601592171834466,0.5197855207908489,0.5197855207908489
-114.18906882752799,0.5574828820313795,0.5173753421461165,0.5173753421461165
-114.51329643036479,0.5544683037820021,0.5149690423286639,0.5149690423286639
-114.83752403320113,0.5516336747967223,0.5125666828695861,0.5125666828695861
-115.16175163603748,0.5492243408167814,0.5101683247684518,0.5101683247684518
-115.48597923887428,0.547097562130449,0.5077740284924305,0.5077740284924305
-115.81020684171062,0.5448657228325281,0.5053838539754564,0.5053838539754564
-116.13443444454742,0.5421708391375436,0.5029978606173989,0.5029978606173989
-116.45866204738377,0.5389019375059466,0.5006161072833248,0.5006161072833248
-116.78288965022011,0.5352354498110224,0.4982386523027469,0.4982386523027469
-117.10711725305691,0.5315097709799007,0.4958655534689483,0.4958655534689483
-117.43134485589326,0.528041379024137,0.4934968680383446,0.4934968680383446
-117.7555724587296,0.5249970168252183,0.49113265272985573,0.49113265272985573
-118.0798000615664,0.5223722222734569,0.48877296372434786,0.48877296372434786
-118.40402766440275,0.5200517087377724,0.48641785666411297,0.48641785666411297
-118.72825526723955,0.5178926409098813,0.48406738665235677,0.48406738665235677
-119.05248287007589,0.515783845622139,0.48172160825277355,0.48172160825277355
-119.37671047291224,0.51366505768296,0.47938057548911084,0.47938057548911084
-119.70093807574904,0.5115113798136519,0.47704434184480715,0.47704434184480715
-120.02516567858538,0.5092952267853893,0.47471296026266785,0.47471296026266785
-120.34939328142173,0.5069436106300668,0.4723864831445499,0.4723864831445499
-120.67362088425853,0.504319437455899,0.47006496235111633,0.47006496235111633
-120.99784848709487,0.5012580028373057,0.46774844920162756,0.46774844920162756
-121.32207608993167,0.4976649557882813,0.4654369944737406,0.4654369944737406
-121.64630369276802,0.49363212523283384,0.4631306484033938,0.4631306484033938
-121.97053129560436,0.48948786283671636,0.46082946068468283,0.46082946068468283
-122.29475889844116,0.4857126059462855,0.4585334804698066,0.4585334804698066
-122.6189865012775,0.48272819965598734,0.4562427563690513,0.4562427563690513
-122.94321410411385,0.4806662016925313,0.453957336450784,0.453957336450784
-123.26744170695065,0.4792611348053103,0.4516772682415135,0.4516772682415135
-123.591669309787,0.47795449300424425,0.4494025987259873,0.4494025987259873
-123.9158969126238,0.47616279148232465,0.44713337434729744,0.44713337434729744
-124.24012451546014,0.47355050039734425,0.4448696410070681,0.4448696410070681
-124.56435211829648,0.47014361920001657,0.4426114440656369,0.4426114440656369
-124.88857972113328,0.4662329048058524,0.44035882834230206,0.44035882834230206
-125.21280732396963,0.4621647063375116,0.43811183811560894,0.43811183811560894
-125.53703492680643,0.4581861155791565,0.43587051712364105,0.43587051712364105
-125.86126252964277,0.4544435808264356,0.43363490856439624,0.43363490856439624
-126.18549013247912,0.45108542856609446,0.43140505509615146,0.43140505509615146
-126.50971773531592,0.44831660093747605,0.4291809988378969,0.4291809988378969
-126.83394533815226,0.4462942586734752,0.4269627813698053,0.4269627813698053
-127.1581729409886,0.44491341707741316,0.4247504437337113,0.4247504437337113
-127.4824005438254,0.44367804531816446,0.4225440264336531,0.4225440264336531
-127.80662814666175,0.4418438989267769,0.420343569436452,0.420343569436452
-128.13085574949855,0.4388292616324697,0.41814911217229583,0.41814911217229583
-128.4550833523349,0.4346501205528765,0.415960693535405,0.415960693535405
-128.77931095517124,0.4300449646821347,0.4137783518846874,0.4137783518846874
-129.10353855800804,0.42611943282227793,0.4116021250444603,0.4116021250444603
-129.42776616084439,0.4236752567104844,0.40943205030520674,0.40943205030520674
-129.75199376368073,0.42265344483865214,0.4072681644243399,0.4072681644243399
-130.07622136651753,0.4220999632909237,0.40511050362702955,0.40511050362702955
-130.40044896935387,0.42073190632797447,0.40295910360706344,0.40295910360706344
-130.72467657219067,0.417758240591556,0.40081399952771235,0.40081399952771235
-131.04890417502702,0.41340051390457483,0.3986752260226759,0.3986752260226759
-131.37313177786336,0.40873954932860856,0.3965428171970159,0.3965428171970159
-131.69735938070016,0.4049784604096436,0.3944168066281545,0.3944168066281545
-132.0215869835365,0.40263351633137767,0.3922972273669058,0.3922972273669058
-132.34581458637285,0.4012284072692069,0.3901841119385143,0.3901841119385143
-132.67004218920965,0.3997102440366308,0.3880774923437531,0.3880774923437531
-132.994269792046,0.39727635298925923,0.38597740006005493,0.38597740006005493
-133.3184973948828,0.39398911368949385,0.3838838660426472,0.3838838660426472
-133.64272499771914,0.390704036558821,0.38179692072576354,0.38179692072576354
-133.9669526005555,0.3883490070442288,0.379716594023843,0.379716594023843
-134.2911802033923,0.387095767164586,0.37764291533279165,0.37764291533279165
-134.61540780622863,0.3860756957123484,0.375575913531276,0.375575913531276
-134.93963540906498,0.38390913199004806,0.373515616982021,0.373515616982021
-135.26386301190178,0.3797088415789671,0.37146205353316675,0.37146205353316675
-135.58809061473812,0.37383241182005267,0.36941525051965557,0.36941525051965557
-135.91231821757492,0.36779657762091444,0.3673752347646213,0.3673752347646213
-136.23654582041127,0.36334933038551054,0.36534203258085335,0.36534203258085335
-136.5607734232476,0.3613112343719318,0.36331566977224705,0.36331566977224705
-136.8850010260844,0.3609948041586525,0.3612961716353129,0.3612961716353129
-137.20922862892075,0.3606325831965553,0.3592835629607168,0.3592835629607168
-137.53345623175755,0.35854777139692656,0.3572778680348202,0.3572778680348202
-137.8576838345939,0.35427825221159814,0.3552791106412931,0.3552791106412931
-138.18191143743024,0.3488891090108861,0.3532873140627139,0.3532873140627139
-138.50613904026704,0.34426465107145743,0.351302501082225,0.351302501082225
-138.8303666431034,0.34186711483080423,0.3493246939852188,0.3493246939852188
-139.15459424593973,0.3417988110937888,0.3473539145610256,0.3473539145610256
-139.47882184877653,0.34277405619772694,0.345390184104655,0.345390184104655
-139.80304945161288,0.3429749242369202,0.3434335234185654,0.3434335234185654
-140.12727705444968,0.3411817100401348,0.341483952814433,0.341483952814433
-140.45150465728602,0.33743118454026044,0.33954149211498913,0.33954149211498913
-140.77573226012237,0.3328283876550435,0.3376061606558438,0.3376061606558438
-141.09995986295917,0.32872878571908964,0.3356779772873634,0.3356779772873634
-141.4241874657955,0.32589503397276554,0.33375696037657393,0.33375696037657393
-141.74841506863186,0.3241714731113889,0.3318431278090664,0.3318431278090664
-142.07264267146866,0.32279958666299874,0.3299364969909525,0.3299364969909525
-142.396870274305,0.32105071239675853,0.32803708485084554,0.32803708485084554
-142.7210978771418,0.31869239042441944,0.32614490784183914,0.32614490784183914
-143.04532547997815,0.3160056605530609,0.3242599819435523,0.3242599819435523
-143.3695530828145,0.3134381311481236,0.3223823226641572,0.3223823226641572
-143.6937806856513,0.31122218337128327,0.3205119450424598,0.3205119450424598
-144.01800828848764,0.30924846882438956,0.31864886365000267,0.31864886365000267
-144.34223589132398,0.30723525884284986,0.3167930925931686,0.3167930925931686
-144.66646349416078,0.30499696396594783,0.3149446455153313,0.3149446455153313
-144.99069109699712,0.30257337766464143,0.31310353559902854,0.31310353559902854
-145.31491869983392,0.30013960189546596,0.3112697755681324,0.3112697755681324
-145.63914630267027,0.29781764035317193,0.3094433776900806,0.3094433776900806
-145.96337390550661,0.2955803520517382,0.30762435377809133,0.30762435377809133
-146.2876015083434,0.29333102701963465,0.3058127151934254,0.3058127151934254
-146.61182911117976,0.2910675199577486,0.30400847284766946,0.30400847284766946
-146.9360567140161,0.2889593179309667,0.30221163720501854,0.30221163720501854
-147.2602843168529,0.28724831395797396,0.30042221828460103,0.30042221828460103
-147.58451191968925,0.2860503626258416,0.29864022566282433,0.29864022566282433
-147.90873952252605,0.28523219109323544,0.29686566847571627,0.29686566847571627
-148.2329671253624,0.28447727355032326,0.2950985554213231,0.2950985554213231
-148.55719472819874,0.2834880291747183,0.2933388947620895,0.2933388947620895
-148.88142233103554,0.2821498714395064,0.29158669432728385,0.29158669432728385
-149.20564993387188,0.2805181648071075,0.2898419615154401,0.2898419615154401
-149.52987753670868,0.2786547152606063,0.28810470329679616,0.28810470329679616
-149.85410513954503,0.27648835116640164,0.2863749262157847,0.2863749262157847
-150.17833274238137,0.27386279465388086,0.28465263639350724,0.28465263639350724
-150.50256034521817,0.2707605852938312,0.2829378395302488,0.2829378395302488
-150.82678794805452,0.2675012039542333,0.28123054090801036,0.28123054090801036
-151.15101555089086,0.2646843615511114,0.2795307453930358,0.2795307453930358
-151.47524315372766,0.2628379113210386,0.277838457438378,0.277838457438378
-151.799470756564,0.26199708902873226,0.27615368108647975,0.27615368108647975
-152.1236983594008,0.26156041803360364,0.2744764199717484,0.2744764199717484
-152.44792596223715,0.26060757345133023,0.27280667732318,0.27280667732318
-152.7721535650735,0.25851756850955077,0.27114445596696385,0.27114445596696385
-153.0963811679103,0.25545502328394626,0.26948975832912564,0.26948975832912564
-153.42060877074664,0.252331912018781,0.2678425864381851,0.2678425864381851
-153.74483637358298,0.25020980350522193,0.26620294192780564,0.26620294192780564
-154.06906397641978,0.2495349368286732,0.2645708260394811,0.2645708260394811
-154.39329157925613,0.24976560849905088,0.2629462396252332,0.2629462396252332
-154.71751918209293,0.2497030742951666,0.2613291831503015,0.2613291831503015
-155.04174678492927,0.2483307070523489,0.25971965669587904,0.25971965669587904
-155.36597438776562,0.2455705590283971,0.258117659961827,0.258117659961827
-155.69020199060242,0.24239142537159505,0.2565231922694241,0.2565231922694241
-156.01442959343876,0.2401539711820255,0.25493625256412766,0.25493625256412766
-156.3386571962751,0.23963801128129297,0.25335683941832576,0.25335683941832576
-156.6628847991119,0.2404490608707114,0.2517849510341217,0.2517849510341217
-156.98711240194825,0.24124565007567872,0.25022058524612745,0.25022058524612745
-157.31134000478505,0.24064024835309633,0.24866373952424758,0.24866373952424758
-157.6355676076214,0.23813418190831864,0.24711441097650444,0.24711441097650444
-157.95979521045774,0.23441782936442687,0.24557259635184198,0.24557259635184198
-158.28402281329454,0.2308288029939491,0.2440382920429593,0.2440382920429593
-158.6082504161309,0.22837511783680972,0.24251149408915493,0.24251149408915493
-158.93247801896723,0.22704330040238277,0.24099219817915904,0.24099219817915904
-159.25670562180403,0.22589185398155143,0.23948039965399456,0.23948039965399456
-159.58093322464038,0.22384363879168656,0.23797609350984592,0.23797609350984592
-159.90516082747718,0.22057427604730523,0.23647927440091485,0.23647927440091485
-160.22938843031352,0.21682997838168308,0.23498993664231446,0.23498993664231446
-160.55361603314986,0.2139390261567914,0.23350807421294045,0.23350807421294045
-160.87784363598666,0.21287974605956633,0.2320336807583686,0.2320336807583686
-161.202071238823,0.2135883948708963,0.2305667495937599,0.2305667495937599
-161.5262988416598,0.21500153966683364,0.22910727370675052,0.22910727370675052
-161.85052644449615,0.21578100865384983,0.22765524576037913,0.22765524576037913
-162.1747540473325,0.21517897530392394,0.22621065809598842,0.22621065809598842
-162.4989816501693,0.21342530996338765,0.22477350273615293,0.22477350273615293
-162.82320925300564,0.2113992984787552,0.22334377138761155,0.22334377138761155
-163.147436855842,0.2098833058502616,0.22192145544418604,0.22192145544418604
-163.4716644586788,0.20898301969041563,0.22050654598972277,0.22050654598972277
-163.79589206151513,0.2081357333841382,0.219099033801038,0.219099033801038
-164.12011966435193,0.20665791752019394,0.21769890935084668,0.21769890935084668
-164.44434726718828,0.20437341576830276,0.21630616281072493,0.21630616281072493
-164.76857487002462,0.20182094563210354,0.2149207840540455,0.2149207840540455
-165.09280247286142,0.19988090918844825,0.213542762658936,0.213542762658936
-165.41703007569777,0.1991139802198361,0.21217208791123932,0.21217208791123932
-165.7412576785341,0.19932081179692954,0.21080874880745873,0.21080874880745873
-166.0654852813709,0.19965810736370124,0.2094527340577224,0.2094527340577224
-166.38971288420726,0.19922467259305313,0.20810403208874925,0.20810403208874925
-166.71394048704406,0.1976851575892304,0.20676263104679682,0.20676263104679682
-167.0381680898804,0.19548172452582424,0.20542851880063903,0.20542851880063903
-167.36239569271675,0.1934943452951988,0.20410168294451578,0.20410168294451578
-167.68662329555355,0.19240806760678192,0.202782110801102,0.202782110801102
-168.0108508983899,0.1922395477540771,0.20146978942447655,0.20146978942447655
-168.33507850122623,0.19234044429228972,0.20016470560307412,0.20016470560307412
-168.65930610406303,0.19184895710908825,0.19886684586265377,0.19886684586265377
-168.98353370689938,0.19026090717304797,0.19757619646926558,0.19757619646926558
-169.30776130973618,0.18773931472342117,0.1962927434321991,0.1962927434321991
-169.63198891257252,0.1849863982975266,0.19501647250695694,0.19501647250695694
-169.95621651540887,0.18279769834991352,0.19374736919819976,0.19374736919819976
-170.28044411824567,0.1815997357711279,0.19248541876270747,0.19248541876270747
-170.604671721082,0.18124192630877867,0.19123060621233792,0.19123060621233792
-170.92889932391836,0.18112694896066303,0.18998291631696734,0.18998291631696734
-171.25312692675516,0.1805642254756041,0.1887423336074438,0.1887423336074438
-171.5773545295915,0.1791361788640745,0.18750884237853763,0.18750884237853763
-171.9015821324283,0.17689988026812922,0.18628242669187098,0.18628242669187098
-172.22580973526465,0.17435238115267848,0.18506307037887013,0.18506307037887013
-172.550037338101,0.1721959731582874,0.18385075704368772,0.18385075704368772
-172.8742649409378,0.1710122066676009,0.1826454700661384,0.1826454700661384
-173.19849254377414,0.170985358094565,0.18144719260462974,0.18144719260462974
-173.52272014661048,0.17180468803245874,0.1802559075990734,0.1802559075990734
-173.84694774944728,0.17280947247122938,0.17907159777380716,0.17907159777380716
-174.17117535228363,0.17332452139304647,0.17789424564051035,0.17789424564051035
-174.49540295512043,0.17301412500925037,0.17672383350109924,0.17672383350109924
-174.81963055795677,0.17204098865280165,0.1755603434506399,0.1755603434506399
-175.14385816079312,0.17091158567239353,0.17440375738023137,0.17440375738023137
-175.46808576362992,0.17008813102441042,0.17325405697989915,0.17325405697989915
-175.79231336646626,0.1696240266302755,0.17211122374148183,0.17211122374148183
-176.11654096930306,0.1690932633221669,0.17097523896149538,0.17097523896149538
-176.4407685721394,0.1678953907166075,0.16984608374401458,0.16984608374401458
-176.76499617497575,0.16574085528998708,0.16872373900352325,0.16872373900352325
-177.08922377781255,0.1629604885951063,0.16760818546777353,0.16760818546777353
-177.4134513806489,0.1603785747206275,0.16649940368063712,0.16649940368063712
-177.73767898348524,0.1587969606819251,0.16539737400493496,0.16539737400493496
-178.06190658632204,0.15844055142790883,0.16430207662527302,0.16430207662527302
-178.38613418915838,0.15877588726534703,0.1632134915508694,0.1632134915508694
-178.71036179199518,0.15886514632908114,0.16213159861835894,0.16213159861835894
-179.03458939483153,0.15802568207015796,0.16105637749460996,0.16105637749460996
-179.35881699766787,0.15632274194756496,0.15998780767951165,0.15998780767951165
-179.68304460050467,0.1545258894584444,0.1589258685087661,0.1589258685087661
-180.00727220334102,0.1535473462734327,0.15787053915667168,0.15787053915667168
-180.33149980617736,0.15376856794339425,0.1568217986388832,0.1568217986388832
-180.65572740901416,0.1547528890965271,0.155779625815176,0.155779625815176
-180.9799550118505,0.15555792453810557,0.15474399939219996,0.15474399939219996
-181.3041826146873,0.15541108823291908,0.1537148979262096,0.1537148979262096
-181.62841021752365,0.1542380116861725,0.1526922998258041,0.1526922998258041
-181.95263782036,0.15264985490692606,0.15167618335463703,0.15167618335463703
-182.2768654231968,0.15141418511136548,0.15066652663412872,0.15066652663412872
-182.60109302603314,0.15083211738266986,0.14966330764616828,0.14966330764616828
-182.92532062886949,0.15051097482166745,0.14866650423579142,0.14866650423579142
-183.24954823170629,0.14970509306942986,0.14767609411386037,0.14767609411386037
-183.57377583454263,0.14794697967752246,0.1466920548597319,0.1466920548597319
-183.89800343737943,0.14546295104984133,0.1457143639239005,0.1457143639239005
-184.22223104021577,0.1430423760399499,0.1447429986306498,0.1447429986306498
-184.54645864305212,0.14146719789858533,0.14377793618067222,0.14377793618067222
-184.87068624588892,0.14095762890857752,0.14281915365368997,0.14281915365368997
-185.19491384872526,0.1410699126832333,0.14186662801106406,0.14186662801106406
-185.5191414515616,0.14110974551747762,0.14092033609837826,0.14092033609837826
-185.8433690543984,0.14070359512767988,0.1399802546480232,0.1399802546480232
-186.16759665723475,0.14004611577709764,0.1390463602817675,0.1390463602817675
-186.49182426007155,0.13962042713889414,0.13811862951330311,0.13811862951330311
-186.8160518629079,0.13964272362901609,0.13719703875079703,0.13719703875079703
-187.14027946574424,0.13973397616204358,0.13628156429941046,0.13628156429941046
-187.46450706858104,0.13914791587143455,0.13537218236381793,0.13537218236381793
-187.7887346714174,0.13741288904704183,0.13446886905071273,0.13446886905071273
-188.1129622742542,0.13486011525120412,0.13357160037128585,0.13357160037128585
-188.43718987709053,0.13254684174856668,0.1326803522437107,0.1326803522437107
-188.76141747992688,0.13154299359368135,0.1317951004955949,0.1317951004955949
-189.08564508276368,0.132084553688936,0.1309158208664307,0.1309158208664307
-189.40987268560002,0.13326871662415057,0.13004248901003135,0.13004248901003135
-189.73410028843637,0.13360374599028693,0.12917508049694176,0.12917508049694176
-190.05832789127317,0.13207939991007175,0.12831357081684658,0.12831357081684658
-190.3825554941095,0.12898619349597043,0.1274579353809634,0.1274579353809634
-190.7067830969463,0.12584311098624826,0.12660814952440919,0.12660814952440919
-191.03101069978266,0.1244252707125677,0.12576418850857057,0.12576418850857057
-191.355238302619,0.1255548142761418,0.12492602752344067,0.12492602752344067
-191.6794659054558,0.12851824836974138,0.12409364168995388,0.12409364168995388
-192.00369350829214,0.1315355511208752,0.12326700606230492,0.12326700606230492
-192.3279211111285,0.13294599672002605,0.12244609563024227,0.12244609563024227
-192.6521487139653,0.1322591636043904,0.12163088532135725,0.12163088532135725
-192.97637631680163,0.13033406833961383,0.12082135000335771,0.12082135000335771
-193.30060391963843,0.1286059947586097,0.12001746448631455,0.12001746448631455
-193.62483152247478,0.12798099011936523,0.11921920352491013,0.11921920352491013
-193.94905912531112,0.12823498172531309,0.11842654182065389,0.11842654182065389
-194.27328672814792,0.1283350853744697,0.11763945402409405,0.11763945402409405
-194.59751433098427,0.12737898488607252,0.11685791473701305,0.11685791473701305
-194.9217419338206,0.1253838089130627,0.11608189851459716,0.11608189851459716
-195.2459695366574,0.12329959037439434,0.11531137986760033,0.11531137986760033
-195.57019713949376,0.12224938632636394,0.1145463332644924,0.1145463332644924
-195.89442474233056,0.12261068787455573,0.11378673313357934,0.11378673313357934
-196.2186523451669,0.12367347973926658,0.11303255386512455,0.11303255386512455
-196.54287994800325,0.12415166213164118,0.1122837698134375,0.1122837698134375
-196.86710755084005,0.1231528187374642,0.1115403552989566,0.1115403552989566
-197.1913351536764,0.1208542895972731,0.11080228461031612,0.11080228461031612
-197.51556275651274,0.11836610533120606,0.11006953200638674,0.11006953200638674
-197.83979035934954,0.11689496997930841,0.10934207171830944,0.10934207171830944
-198.16401796218588,0.1168590059937914,0.10861987795151276,0.10861987795151276
-198.48824556502268,0.11762602212396646,0.10790292488770342,0.10790292488770342
-198.81247316785903,0.11805085039319424,0.10719118668685496,0.10719118668685496
-199.13670077069537,0.11736784113967286,0.10648463748916528,0.10648463748916528
-199.46092837353217,0.11573827699472329,0.10578325141700722,0.10578325141700722
-199.78515597636851,0.1140490128025153,0.1050870025768623,0.1050870025768623
-200.1093835792053,0.11316041191542427,0.10439586506122782,0.10439586506122782
-200.43361118204166,0.11322616547380913,0.10370981295052187,0.10370981295052187
-200.757838784878,0.11362395960022197,0.10302882031495682,0.10302882031495682
-201.0820663877148,0.11352447170533228,0.10235286121640584,0.10235286121640584
-201.40629399055115,0.11260616278360967,0.1016819097102518,0.1016819097102518
-201.7305215933875,0.11131476300939748,0.10101593984721138,0.10101593984721138
-202.0547491962243,0.11045200693153735,0.10035492567515013,0.10035492567515013
-202.37897679906064,0.1104404538069584,0.09969884124088103,0.09969884124088103
-202.70320440189744,0.11088961983387793,0.09904766059193605,0.09904766059193605
-203.02743200473378,0.1108518873121331,0.09840135777833489,0.09840135777833489
-203.35165960757013,0.1095906763669801,0.09775990685432301,0.09775990685432301
-203.67588721040693,0.10724562263384474,0.09712328188010137,0.09712328188010137
-204.00011481324327,0.10483157349451737,0.09649145692353898,0.09649145692353898
-204.32434241607962,0.1035241556743752,0.09586440606186054,0.09586440606186054
-204.64857001891642,0.10376235979078526,0.09524210338332477,0.09524210338332477
-204.97279762175276,0.10487538483235852,0.0946245229888858,0.0946245229888858
-205.29702522458956,0.1055601429404645,0.09401163899382808,0.09401163899382808
-205.6212528274259,0.10487906248798014,0.09340342552939786,0.09340342552939786
-205.94548043026225,0.10302316506915454,0.09279985674440402,0.09279985674440402
-206.26970803309905,0.10123334736165886,0.09220090680681098,0.09220090680681098
-206.5939356359354,0.10089731985504413,0.09160654990531343,0.09160654990531343
-206.91816323877174,0.10247301253079615,0.09101676025088727,0.09101676025088727
-207.24239084160854,0.10504688223651847,0.09043151207833039,0.09043151207833039
-207.56661844444488,0.10688603057695106,0.08985077964778669,0.08985077964778669
-207.89084604728168,0.10661363944624179,0.08927453724624419,0.08927453724624419
-208.21507365011803,0.1041694267828251,0.08870275918902884,0.08870275918902884
-208.53930125295437,0.10086082165349645,0.08813541982126878,0.08813541982126878
-208.86352885579117,0.09846259093200341,0.08757249351934963,0.08757249351934963
-209.18775645862752,0.09800489431857315,0.08701395469235275,0.08701395469235275
-209.51198406146386,0.099105323108476,0.08645977778346907,0.08645977778346907
-209.83621166430066,0.10030031375913312,0.08590993727140336,0.08590993727140336
-210.160439267137,0.10011551718747294,0.0853644076717614,0.0853644076717614
-210.4846668699738,0.09810379738749242,0.08482316353841206,0.08482316353841206
-210.80889447281015,0.09513107918161254,0.08428617946484442,0.08428617946484442
-211.1331220756465,0.09274564715154887,0.08375343008549632,0.08375343008549632
-211.4573496784833,0.09211111659697865,0.08322489007707366,0.08322489007707366
-211.78157728131964,0.09325852265762016,0.08270053415985291,0.08270053415985291
-212.10580488415644,0.09514652927155202,0.08218033709895899,0.08218033709895899
-212.4300324869928,0.09643069182438035,0.08166427370563786,0.08166427370563786
-212.75426008982913,0.09636480330615617,0.08115231883850137,0.08115231883850137
-213.07848769266593,0.09521354526676724,0.08064444740476227,0.08064444740476227
-213.40271529550228,0.093941905862363,0.08014063436145298,0.08014063436145298
-213.72694289833862,0.09345930072358719,0.07964085471662105,0.07964085471662105
-214.05117050117542,0.09397132710733604,0.0791450835305146,0.0791450835305146
-214.37539810401177,0.09486458410888379,0.07865329591675115,0.07865329591675115
-214.69962570684856,0.09514989202088188,0.07816546704346278,0.07816546704346278
-215.0238533096849,0.0941185092471108,0.07768157213443566,0.07768157213443566
-215.34808091252125,0.0917705651240832,0.07720158647022259,0.07720158647022259
-215.67230851535805,0.08878043428726697,0.0767254853892461,0.0767254853892461
-215.9965361181944,0.08608885429668267,0.07625324428888515,0.07625324428888515
-216.32076372103074,0.08442197656782283,0.07578483862653991,0.07578483862653991
-216.64499132386754,0.084017040816579,0.07532024392068594,0.07532024392068594
-216.9692189267039,0.08464485993080609,0.0748594357519126,0.0748594357519126
-217.2934465295407,0.08582450733472986,0.0744023897639386,0.0744023897639386
-217.61767413237703,0.08705563348236649,0.07394908166462144,0.07394908166462144
-217.94190173521338,0.08795858791070248,0.07349948722694118,0.07349948722694118
-218.26612933805018,0.08832145836702643,0.073053582289975,0.073053582289975
-218.59035694088652,0.08810787036297674,0.07261134275985541,0.07261134275985541
-218.91458454372287,0.08745401243474973,0.07217274461070759,0.07217274461070759
-219.23881214655967,0.0866318539635568,0.07173776388557641,0.07173776388557641
-219.563039749396,0.0859477341030243,0.071306376697338,0.071306376697338
-219.8872673522328,0.08559820498915036,0.07087855922958934,0.07087855922958934
-220.21149495506916,0.08556676496991408,0.07045428773753182,0.07045428773753182
-220.5357225579055,0.08564598077227169,0.07003353854883033,0.07003353854883033
-220.8599501607423,0.08559000055558467,0.06961628806446296,0.06961628806446296
-221.18417776357865,0.08529792496997705,0.06920251275955519,0.06920251275955519
-221.508405366415,0.08488736308043134,0.06879218918419408,0.06879218918419408
-221.8326329692518,0.08458664725344356,0.06838529396423226,0.06838529396423226
-222.15686057208814,0.08451238841351785,0.06798180380207715,0.06798180380207715
-222.48108817492493,0.08450287093318205,0.06758169547745924,0.06758169547745924
-222.80531577776128,0.08415864742799162,0.06718494584819412,0.06718494584819412
-223.12954338059762,0.08309990717012385,0.06679153185092145,0.06679153185092145
-223.45377098343442,0.08128161293653041,0.06640143050183467,0.06640143050183467
-223.77799858627077,0.07913841132475004,0.06601461889739596,0.06601461889739596
-224.10222618910757,0.07742409240070386,0.06563107421503135,0.06563107421503135
-224.4264537919439,0.07681206639934121,0.06525077371381958,0.06525077371381958
-224.75068139478026,0.0774968245074472,0.06487369473515824,0.06487369473515824
-225.07490899761706,0.07905581309141932,0.0644998147034212,0.0644998147034212
-225.3991366004534,0.0806731352542767,0.06412911112660179,0.06412911112660179
-225.72336420328975,0.08159196714537671,0.063761561596937,0.063761561596937
-226.04759180612655,0.08151087596358514,0.06339714379152266,0.06339714379152266
-226.3718194089629,0.08067734150260236,0.0630358354729141,0.0630358354729141
-226.6960470117997,0.07963695297121959,0.06267761448970852,0.06267761448970852
-227.02027461463604,0.07882951355750313,0.0623224587771208,0.0623224587771208
-227.34450221747238,0.07832067559995834,0.061970346357538085,0.061970346357538085
-227.66872982030918,0.0778500369002694,0.06162125534106592,0.06162125534106592
-227.99295742314553,0.07713894756517829,0.06127516392606093,0.06127516392606093
-228.31718502598187,0.076204359112837,0.06093205039964538,0.06093205039964538
-228.64141262881867,0.07541580282997287,0.060591893138213386,0.060591893138213386
-228.96564023165502,0.07522548133989028,0.06025467060792319,0.06025467060792319
-229.28986783449182,0.0757608698341591,0.05992036136517209,0.05992036136517209
-229.61409543732816,0.07660167244482223,0.059588944057065225,0.059588944057065225
-229.9383230401645,0.07695682769699806,0.05926039742186448,0.05926039742186448
-230.2625506430013,0.07617184222654944,0.05893470028942911,0.05893470028942911
-230.58677824583765,0.07423205320926625,0.05861183158164369,0.05861183158164369
-230.911005848674,0.07188553459954154,0.05829177031282929,0.05829177031282929
-231.2352334515108,0.07024430205181693,0.05797449559014624,0.05797449559014624
-231.55946105434714,0.07008736625198757,0.05765998661398442,0.05765998661398442
-231.88368865718394,0.07132708484272793,0.05734822267833669,0.05734822267833669
-232.20791626002028,0.07302562190056294,0.05703918317116669,0.05703918317116669
-232.53214386285663,0.07398881621551467,0.056732847574758195,0.056732847574758195
-232.85637146569343,0.07355849676782432,0.0564291954660563,0.0564291954660563
-233.18059906852977,0.0720609683323485,0.05612820651699702,0.05612820651699702
-233.50482667136612,0.07058264918067006,0.05582986049482109,0.05582986049482109
-233.82905427420292,0.0702035526153305,0.05553413726237973,0.05553413726237973
-234.15328187703926,0.07120921429305674,0.055241016778428985,0.055241016778428985
-234.47750947987606,0.07283918050586097,0.05495047909790803,0.05495047909790803
-234.8017370827124,0.07377198355199452,0.054662504372212484,0.054662504372212484
-235.12596468554875,0.07303228835429297,0.054377072849450224,0.054377072849450224
-235.45019228838555,0.07069697422289563,0.05409416487468983,0.05409416487468983
-235.7744198912219,0.06789984157964193,0.05381376089019802,0.05381376089019802
-236.0986474940587,0.06611394333081333,0.053535841435662035,0.053535841435662035
-236.42287509689504,0.06619299324503511,0.05326038714840709,0.05326038714840709
-236.74710269973139,0.06782388730673469,0.05298737876359693,0.05298737876359693
-237.07133030256819,0.06975715607678046,0.05271679711442765,0.05271679711442765
-237.39555790540453,0.07064290874892903,0.05244862313231089,0.05244862313231089
-237.71978550824088,0.0698887081801633,0.05218283784704312,0.05218283784704312
-238.04401311107767,0.06796256697663193,0.05191942238696772,0.05191942238696772
-238.36824071391402,0.06597506122115711,0.05165835797912683,0.05165835797912683
-238.69246831675082,0.06488568507976239,0.05139962594939942,0.05139962594939942
-239.01669591958716,0.06491959092772968,0.05114320772263451,0.05114320772263451
-239.3409235224235,0.0655866130636176,0.05088908482276905,0.05088908482276905
-239.6651511252603,0.06622288966110909,0.050637238872939506,0.050637238872939506
-239.98937872809665,0.06658588945394574,0.0503876515955835,0.0503876515955835
-240.313606330933,0.06701661096949076,0.050140304812528784,0.050140304812528784
-240.6378339337698,0.06804297492423692,0.04989518044507565,0.04989518044507565
-240.96206153660614,0.06975478303293897,0.0496522605140697,0.0496522605140697
-241.28628913944294,0.07148016866380986,0.049411527139962004,0.049411527139962004
-241.6105167422793,0.07207845687819447,0.04917296254286508,0.04917296254286508
-241.93474434511563,0.07069302664759534,0.04893654904259435,0.04893654904259435
-242.25897194795243,0.06743472217504876,0.04870226905870414,0.04870226905870414
-242.58319955078878,0.06347803146228762,0.048470105110514645,0.048470105110514645
-242.90742715362512,0.06045038741346544,0.048240039817126844,0.048240039817126844
-243.23165475646192,0.05949432628835474,0.048012055897431925,0.048012055897431925
-243.55588235929827,0.060621111610212594,0.04778613617011163,0.04778613617011163
-243.88010996213507,0.06277919254427863,0.04756226355362721,0.04756226355362721
-244.2043375649714,0.06457251077260684,0.04734042106620435,0.04734042106620435
-244.52856516780776,0.06513027729523387,0.047120591825805226,0.047120591825805226
-244.85279277064456,0.0645529556542212,0.046902759050095305,0.046902759050095305
-245.1770203734809,0.06367849743362619,0.046686906056401994,0.046686906056401994
-245.50124797631725,0.06338811165767347,0.046473016261662455,0.046473016261662455
-245.82547557915404,0.0639638390855841,0.046261073182366295,0.046261073182366295
-246.1497031819904,0.06492986755716168,0.04605106043449017,0.04605106043449017
-246.4739307848272,0.06543911039422444,0.04584296173342188,0.04584296173342188
-246.79815838766353,0.06488654826040141,0.045636760893881106,0.045636760893881106
-247.12238599049988,0.06330680116614298,0.0454324418298282,0.0454324418298282
-247.44661359333668,0.06130846207189895,0.04522998855436844,0.04522998855436844
-247.77084119617302,0.05964368184387531,0.045029385179648905,0.045029385179648905
-248.09506879900982,0.058749660069904695,0.04483061591674526,0.04483061591674526
-248.41929640184617,0.05857259276070923,0.04463366507554563,0.04463366507554563
-248.7435240046825,0.05874377525857743,0.044438517064623075,0.044438517064623075
-249.0677516075193,0.058920294293425636,0.044245156391104074,0.044245156391104074
-249.39197921035566,0.059017226386358076,0.04405356766052995,0.04405356766052995
-249.716206813192,0.05918463282038847,0.043863735576709244,0.043863735576709244
-250.0404344160288,0.059599454379862915,0.0436756449415657,0.0436756449415657
-250.36466201886515,0.06027410736999937,0.043489280654979694,0.043489280654979694
-250.68888962170195,0.0610387279630264,0.04330462771462064,0.04330462771462064
-251.0131172245383,0.06168832340966137,0.04312167121577682,0.04312167121577682
-251.33734482737464,0.06214422055856728,0.0429403963511751,0.0429403963511751
-251.66157243021144,0.062476280808238485,0.042760788410796946,0.042760788410796946
-251.98580003304778,0.06276283709875034,0.042582832781688465,0.042582832781688465
-252.31002763588413,0.062916041821355,0.04240651494776205,0.04240651494776205
-252.63425523872093,0.06264408649846022,0.04223182048959442,0.04223182048959442
-252.95848284155727,0.06162034301392763,0.04205873508421881,0.04205873508421881
-253.28271044439407,0.05976062173298781,0.041887244504909056,0.041887244504909056
-253.60693804723041,0.05740636542580842,0.04171733462096161,0.04171733462096161
-253.93116565006676,0.055256154337373055,0.041548991397468385,0.041548991397468385
-254.25539325290356,0.05405309140132625,0.04138220089508668,0.04138220089508668
-254.5796208557399,0.05420374313363701,0.04121694926980358,0.04121694926980358
-254.90384845857625,0.055557328465481885,0.04105322277269311,0.04105322277269311
-255.22807606141305,0.05747640958241851,0.04089100774967022,0.04089100774967022
-255.5523036642494,0.05915183476776898,0.040730290641239675,0.040730290641239675
-255.8765312670862,0.059975131962606225,0.040571057982237806,0.040571057982237806
-256.20075886992254,0.0597665684009081,0.04041329640157257,0.04041329640157257
-256.5249864727589,0.05876328257868665,0.040256992621955486,0.040256992621955486
-256.8492140755957,0.057419464965212975,0.04010213345963115,0.04010213345963115
-257.173441678432,0.056162738623054244,0.039948705824102,0.039948705824102
-257.4976692812684,0.05524175299785167,0.03979669671784657,0.03979669671784657
-257.8218968841052,0.05471401503947463,0.03964609323603531,0.03964609323603531
-258.1461244869415,0.05452926907775419,0.039496882566241884,0.039496882566241884
-258.4703520897783,0.054621758742642156,0.03934905198814812,0.03934905198814812
-258.79457969261466,0.054948010095895714,0.039202588873247984,0.039202588873247984
-259.118807295451,0.05546383503678893,0.03905748068454413,0.03905748068454413
-259.4430348982878,0.05607910569762203,0.03891371497624253,0.03891371497624253
-259.76726250112415,0.05663596405299693,0.03877127939344323,0.03877127939344323
-260.09149010396095,0.05693169761258294,0.03863016167182506,0.03863016167182506
-260.4157177067973,0.05677701676673564,0.03849034963732964,0.03849034963732964
-260.73994530963364,0.05606460313822114,0.038351831205838655,0.038351831205838655
-261.06417291247044,0.05482368959057009,0.03821459438284949,0.03821459438284949
-261.3884005153068,0.05324323958048184,0.03807862726314726,0.03807862726314726
-261.71262811814313,0.05165010334549697,0.037943918030471604,0.037943918030471604
-262.03685572097993,0.05043266156323532,0.03781045495718197,0.03781045495718197
-262.3610833238163,0.04991581880022052,0.03767822640391931,0.03767822640391931
-262.6853109266531,0.050222596573324695,0.03754722081926285,0.03754722081926285
-263.0095385294894,0.051185875238176,0.03741742673938645,0.03741742673938645
-263.33376613232576,0.0523743596999123,0.03728883278770907,0.03728883278770907
-263.65799373516256,0.053252638970958215,0.037161427674544036,0.037161427674544036
-263.9822213379989,0.05341966301877719,0.037035200196745444,0.037035200196745444
-264.30644894083525,0.05280703532146422,0.036910139237349975,0.036910139237349975
-264.63067654367205,0.05171717276231525,0.03678623376521764,0.03678623376521764
-264.9549041465084,0.05065887955891526,0.03666347283466971,0.03666347283466971
-265.2791317493452,0.05005862599187047,0.036541845585122294,0.036541845585122294
-265.60335935218154,0.05001476966741622,0.03642134124071997,0.03642134124071997
-265.9275869550179,0.05025279664903716,0.03630194910996427,0.03630194910996427
-266.2518145578547,0.05032299825879314,0.0361836585853415,0.0361836585853415
-266.57604216069103,0.049923542439358606,0.036066459142948204,0.036066459142948204
-266.9002697635274,0.04913616424342526,0.03595034034211275,0.03595034034211275
-267.2244973663642,0.048403039902900895,0.03583529182501631,0.03583529182501631
-267.5487249692005,0.04823829330237055,0.035721303316311556,0.035721303316311556
-267.8729525720373,0.048853395263404494,0.03560836462273776,0.03560836462273776
-268.19718017487367,0.04995321954569369,0.035496465632736264,0.035496465632736264
-268.52140777771,0.050863380267117016,0.03538559631606152,0.03538559631606152
-268.8456353805468,0.05093194548882116,0.03527574672339197,0.03527574672339197
-269.16986298338315,0.04995289620441197,0.03516690698593895,0.03516690698593895
-269.4940905862195,0.04832529460045927,0.03505906731505261,0.03505906731505261
-269.8183181890563,0.0468260960369718,0.034952218001827365,0.034952218001827365
-270.14254579189264,0.046132984477144215,0.03484634941670585,0.03484634941670585
-270.46677339472944,0.046409505941269524,0.03474145200907971,0.03474145200907971
-270.7910009975658,0.04723023889915958,0.03463751630689117,0.03463751630689117
-271.11522860040213,0.0478947249147335,0.034534532916230966,0.034534532916230966
-271.43945620323893,0.04791122937841772,0.03443249252093628,0.03443249252093628
-271.7636838060753,0.0473143245023862,0.03433138588218747,0.03433138588218747
-272.0879114089121,0.04659961655660317,0.034231203838101985,0.034231203838101985
-272.4121390117484,0.04633297808904515,0.034131937303329314,0.034131937303329314
-272.73636661458477,0.046723833030385985,0.034033577268642555,0.034033577268642555
-273.06059421742157,0.04747444872841964,0.03393611480053049,0.03393611480053049
-273.3848218202579,0.048012027508414185,0.0338395410407884,0.0338395410407884
-273.70904942309426,0.04792737957252371,0.03374384720610683,0.03374384720610683
-274.03327702593106,0.047291057988419094,0.03364902458766063,0.03364902458766063
-274.3575046287674,0.046608287726279854,0.033555064550697046,0.033555064550697046
-274.6817322316042,0.04644206219084356,0.03346195853412184,0.03346195853412184
-275.00595983444055,0.046980889349351865,0.03336969805008645,0.03336969805008645
-275.3301874372769,0.04787136280421354,0.033278274683572646,0.033278274683572646
-275.6544150401137,0.048443080800230874,0.03318768009197769,0.03318768009197769
-275.97864264295004,0.04816768962475991,0.033097906004699015,0.033097906004699015
-276.3028702457864,0.04702495654855506,0.03300894422271719,0.03300894422271719
-276.6270978486232,0.045519229302840206,0.03292078661817944,0.03292078661817944
-276.9513254514595,0.04434316676964852,0.032833425133982845,0.032833425133982845
-277.2755530542963,0.043933631137214345,0.03274685178335581,0.03274685178335581
-277.59978065713267,0.04422774517872844,0.0326610586494411,0.0326610586494411
-277.924008259969,0.044768279016871554,0.03257603788487667,0.03257603788487667
-278.2482358628058,0.04505336480746742,0.03249178171137754,0.03249178171137754
-278.57246346564216,0.04486536575128656,0.032408282419317404,0.032408282419317404
-278.8966910684785,0.04435687081666673,0.03232553236730904,0.03232553236730904
-279.2209186713153,0.043869713594976975,0.03224352398178565,0.03224352398178565
-279.54514627415165,0.04365673572186757,0.032162249756582134,0.032162249756582134
-279.86937387698845,0.04372289697143372,0.03208170225251524,0.03208170225251524
-280.1936014798248,0.0438824279365068,0.03200187409696534,0.03200187409696534
-280.51782908266114,0.043950928489954605,0.03192275798345667,0.03192275798345667
-280.84205668549794,0.04389869059714555,0.03184434667123878,0.03184434667123878
-281.1662842883343,0.043847344001608723,0.03176663298486809,0.03176663298486809
-281.4905118911706,0.043935692086427384,0.03168960981378867,0.03168960981378867
-281.8147394940074,0.044187223486970864,0.03161327011191425,0.03161327011191425
-282.13896709684377,0.04449616624083089,0.03153760689721049,0.03153760689721049
-282.46319469968057,0.04473465714689951,0.03146261325127648,0.03146261325127648
-282.7874223025169,0.044874585195310505,0.031388282318928186,0.031388282318928186
-283.11164990535326,0.045008257292836085,0.0313146073077807,0.0313146073077807
-283.43587750819006,0.04524591313489888,0.03124158148783198,0.03124158148783198
-283.7601051110264,0.045580574173140424,0.031169198191047055,0.031169198191047055
-284.08433271386275,0.0458426436878046,0.03109745081094175,0.03109745081094175
-284.40856031669955,0.04579164855018268,0.031026332802167954,0.031026332802167954
-284.7327879195359,0.04527676551650143,0.030955837680099386,0.030955837680099386
-285.0570155223727,0.04434202242267757,0.030885959020416978,0.030885959020416978
-285.38124312520904,0.04320214880806844,0.030816690458696464,0.030816690458696464
-285.7054707280454,0.04212372971862898,0.03074802568999501,0.03074802568999501
-286.0296983308822,0.041315593012409335,0.03067995846843973,0.03067995846843973
-286.35392593371853,0.04090267494900205,0.030612482606816753,0.030612482606816753
-286.6781535365553,0.04096087075638467,0.03054559197616026,0.03054559197616026
-287.0023811393917,0.04152374888292616,0.030479280505343598,0.030479280505343598
-287.326608742228,0.04250637179141417,0.030413542180669995,0.030413542180669995
-287.6508363450648,0.04360250998309178,0.03034837104546491,0.03034837104546491
-287.97506394790116,0.04429234876681572,0.030283761199669385,0.030283761199669385
-288.2992915507375,0.044052061207886066,0.030219706799433463,0.030219706799433463
-288.6235191535743,0.04269367636675516,0.030156202056711344,0.030156202056711344
-288.94774675641065,0.040608189767929806,0.03009324123885761,0.03009324123885761
-289.27197435924745,0.038683333494535364,0.0300308186682235,0.0300308186682235
-289.5962019620838,0.03786055645741219,0.029968928721755557,0.029968928721755557
-289.92042956492014,0.03856440857111945,0.029907565830594035,0.029907565830594035
-290.24465716775694,0.04037867931450299,0.02984672447967331,0.02984672447967331
-290.5688847705933,0.0422253376076614,0.029786399207323337,0.029786399207323337
-290.89311237342963,0.04297968157125644,0.02972658460487152,0.02972658460487152
-291.21733997626643,0.04214751076698352,0.029667275316246508,0.029667275316246508
-291.5415675791028,0.040164644255985524,0.029608466037583193,0.029608466037583193
-291.8657951819396,0.0381185209436302,0.02955015151682805,0.02955015151682805
-292.1900227847759,0.03707603491141124,0.029492326553347027,0.029492326553347027
-292.51425038761226,0.03746055798695703,0.029434985997533407,0.029434985997533407
-292.83847799044906,0.0388713297390529,0.029378124750417782,0.029378124750417782
-293.1627055932854,0.04042168370497149,0.029321737763279357,0.029321737763279357
-293.48693319612175,0.04132272057892373,0.029265820037257834,0.029265820037257834
-293.81116079895855,0.04130622736189279,0.029210366622967384,0.029210366622967384
-294.1353884017949,0.04064323715120473,0.029155372620111947,0.029155372620111947
-294.4596160046317,0.039829460248366595,0.029100833177101215,0.029100833177101215
-294.78384360746804,0.039228717451904246,0.029046743490669102,0.029046743490669102
-295.1080712103044,0.03893593895046681,0.028993098805492536,0.028993098805492536
-295.4322988131412,0.03889398612207972,0.028939894413812464,0.028939894413812464
-295.75652641597753,0.039079108846684946,0.028887125655056314,0.028887125655056314
-296.0807540188139,0.039541259134812955,0.028834787915461242,0.028834787915461242
-296.4049816216507,0.04025890245710133,0.02878287662769958,0.02878287662769958
-296.729209224487,0.04097686068568146,0.028731387270505795,0.028731387270505795
-297.0534368273238,0.04124327984350057,0.02868031536830424,0.02868031536830424
-297.37766443016017,0.04069274491893075,0.028629656490839536,0.028629656490839536
-297.7018920329965,0.03937745725315789,0.02857940625280747,0.02857940625280747
-298.0261196358333,0.03784928449916516,0.028529560313488155,0.028529560313488155
-298.35034723866966,0.03685444491355485,0.028480114376380816,0.028480114376380816
-298.67457484150646,0.03681469361754676,0.028431064188839426,0.028431064188839426
-298.9988024443428,0.03748176636337442,0.0283824055417111,0.0283824055417111
-299.32303004717915,0.03807059614235294,0.028334134268975006,0.028334134268975006
-299.64725765001594,0.03783135733384138,0.02828624624738366,0.02828624624738366
-299.9714852528523,0.036664514244673645,0.028238737396105863,0.028238737396105863
-300.29571285568863,0.03530276103088623,0.028191603676370698,0.028191603676370698
-300.61994045852543,0.03487016413590726,0.02814484109111387,0.02814484109111387
-300.9441680613618,0.03608863498694376,0.02809844568462566,0.02809844568462566
-301.2683956641986,0.03869148450649798,0.028052413542200005,0.028052413542200005
-301.5926232670349,0.04149000329976807,0.02800674078978623,0.02800674078978623
-301.91685086987127,0.043085009290860274,0.027961423593641573,0.027961423593641573
-302.24107847270807,0.04274738757114352,0.027916458159986057,0.027916458159986057
-302.5653060755444,0.04085786828234588,0.027871840734659186,0.027871840734659186
-302.88953367838076,0.03860357222949381,0.027827567602777704,0.027827567602777704
-303.21376128121756,0.03715677744695122,0.027783635088395833,0.027783635088395833
-303.5379888840539,0.036922993265279085,0.027740039554167185,0.027740039554167185
-303.8622164868907,0.03737752113414851,0.027696777401007892,0.027696777401007892
-304.18644408972705,0.03756855397505087,0.027653845067762438,0.027653845067762438
-304.5106716925634,0.03688246313853155,0.027611239030870365,0.027611239030870365
-304.8348992954002,0.03549857932275803,0.027568955804035414,0.027568955804035414
-305.15912689823654,0.03421901102779341,0.027526991937896504,0.027526991937896504
-305.4833545010729,0.033835921900540446,0.027485344019699903,0.027485344019699903
-305.8075821039097,0.03453064173178667,0.02744400867297389,0.02744400867297389
-306.131809706746,0.035746551157539296,0.027402982557205156,0.027402982557205156
-306.4560373095828,0.0365998712932999,0.0273622623675165,0.0273622623675165
-306.78026491241917,0.03649100368957708,0.027321844834347228,0.027321844834347228
-307.1044925152555,0.0354575543432663,0.02728172672313456,0.02728172672313456
-307.4287201180923,0.034042112418397094,0.027241904833997452,0.027241904833997452
-307.75294772092866,0.03283256578673601,0.027202376001422272,0.027202376001422272
-308.077175323765,0.03206286451809103,0.027163137093949824,0.027163137093949824
-308.4014029266018,0.031570261104551814,0.027124185013864807,0.027124185013864807
-308.72563052943815,0.03108668594193083,0.027085516696887038,0.027085516696887038
-309.04985813227495,0.030568583553748994,0.027047129111864104,0.027047129111864104
-309.3740857351113,0.030261918247177597,0.02700901926046667,0.02700901926046667
-309.69831333794764,0.030451376556621165,0.026971184176884815,0.026971184176884815
-310.02254094078444,0.031132499184055303,0.026933620927526873,0.026933620927526873
-310.3467685436208,0.031923144532765665,0.02689632661072009,0.02689632661072009
-310.6709961464576,0.032327087766857776,0.02685929835641269,0.02685929835641269
-310.9952237492939,0.032148223804801285,0.026822533325878556,0.026822533325878556
-311.3194513521303,0.03169796122918722,0.02678602871142309,0.02678602871142309
-311.6436789549671,0.031585269763350174,0.026749781736091452,0.026749781736091452
-311.9679065578034,0.032221253947856465,0.026713789653378665,0.026713789653378665
-312.29213416063976,0.03342960281094353,0.026678049746941213,0.026678049746941213
-312.61636176347656,0.03450515962712396,0.026642559330310938,0.026642559330310938
-312.9405893663129,0.03472250682503154,0.026607315746610863,0.026607315746610863
-313.2648169691497,0.03392419969377612,0.02657231636827238,0.02657231636827238
-313.58904457198605,0.03271689958110715,0.026537558596755127,0.026537558596755127
-313.9132721748224,0.03207612994563143,0.026503039862267957,0.026503039862267957
-314.2374997776592,0.03261541540526078,0.02646875762349235,0.02646875762349235
-314.56172738049554,0.03406369193437263,0.02643470936730765,0.02643470936730765
-314.8859549833319,0.03537724199221417,0.026400892608517842,0.026400892608517842
-315.2101825861687,0.03545435185874563,0.02636730488958057,0.02636730488958057
-315.53441018900503,0.033956398862108605,0.026333943780338105,0.026333943780338105
-315.85863779184183,0.03162471177639314,0.02630080687774968,0.02630080687774968
-316.1828653946782,0.029824414999706464,0.026267891805626442,0.026267891805626442
-316.5070929975145,0.029608077188930503,0.026235196214367592,0.026235196214367592
-316.8313206003513,0.03096154443091597,0.02620271778069883,0.02620271778069883
-317.15554820318766,0.03278863073570882,0.026170454207412736,0.026170454207412736
-317.479775806024,0.03367223248541815,0.02613840322311054,0.02613840322311054
-317.8040034088608,0.032886409139300375,0.02610656258194628,0.02610656258194628
-318.12823101169715,0.03093777744087803,0.026074930063372685,0.026074930063372685
-318.45245861453395,0.029235880445376467,0.026043503471888614,0.026043503471888614
-318.7766862173703,0.029107241225192412,0.02601228063678894,0.02601228063678894
-319.10091382020664,0.030838205196088774,0.025981259411915654,0.025981259411915654
-319.42514142304344,0.033420521138422234,0.025950437675411275,0.025950437675411275
-319.7493690258798,0.03518703578032767,0.025919813329474094,0.025919813329474094
-320.07359662871613,0.034907789814445964,0.025889384300114865,0.025889384300114865
-320.39782423155293,0.03260225400926319,0.025859148536915774,0.025859148536915774
-320.7220518343893,0.029525968185017345,0.025829104012791176,0.025829104012791176
-321.0462794372261,0.027358108285926816,0.0257992487237498,0.0257992487237498
-321.3705070400624,0.02714946037432911,0.0257695806886594,0.0257695806886594
-321.69473464289877,0.02872472567725659,0.025740097949012556,0.025740097949012556
-322.01896224573557,0.030895928644033753,0.025710798568694793,0.025710798568694793
-322.3431898485719,0.03228838240960446,0.02568168063375445,0.02568168063375445
-322.6674174514087,0.03219593491966628,0.025652742252173955,0.025652742252173955
-322.99164505424505,0.03091563278057532,0.025623981553643545,0.025623981553643545
-323.3158726570814,0.029407771482401125,0.025595396689336136,0.025595396689336136
-323.6401002599182,0.02858742653404913,0.025566985831684437,0.025566985831684437
-323.96432786275454,0.028760051415200123,0.025538747174159784,0.025538747174159784
-324.2885554655909,0.02955207447893693,0.02551067893105245,0.02551067893105245
-324.6127830684277,0.03030678677042679,0.02548277933725407,0.02548277933725407
-324.93701067126403,0.030602247598670824,0.02545504664804183,0.02545504664804183
-325.26123827410083,0.030511565833297158,0.025427479138864017,0.025427479138864017
-325.5854658769372,0.030459749689986004,0.02540007510512792,0.02540007510512792
-325.9096934797735,0.0308392145832204,0.025372832861988902,0.025372832861988902
-326.2339210826103,0.031699417670786614,0.02534575074414159,0.02534575074414159
-326.55814868544667,0.03273246213757941,0.025318827105612802,0.025318827105612802
-326.882376288283,0.03353126974490566,0.02529206031955586,0.02529206031955586
-327.2066038911198,0.03389611680054308,0.025265448778046963,0.025265448778046963
-327.53083149395616,0.03395250752007471,0.025238990891883292,0.025238990891883292
-327.85505909679296,0.03400926094417454,0.0252126850903824,0.0252126850903824
-328.1792866996293,0.034289015821117035,0.02518652982118394,0.02518652982118394
-328.50351430246565,0.03474839380921222,0.02516052355005244,0.02516052355005244
-328.82774190530245,0.0351180881724121,0.0251346647606822,0.0251346647606822
-329.1519695081388,0.03511495316781109,0.025108951954503828,0.025108951954503828
-329.47619711097514,0.034651349249747006,0.025083383650492147,0.025083383650492147
-329.80042471381194,0.033883779221898044,0.025057958384976074,0.025057958384976074
-330.1246523166483,0.03307895465506852,0.025032674711450136,0.025032674711450136
-330.4488799194851,0.032417381522693384,0.025007531200387317,0.025007531200387317
-330.7731075223214,0.03189255925917845,0.024982526439054062,0.024982526439054062
-331.09733512515777,0.03137556185468109,0.02495765903132635,0.02495765903132635
-331.42156272799457,0.030777298945266363,0.02493292759750779,0.02493292759750779
-331.7457903308309,0.030164173583545877,0.024908330774149296,0.024908330774149296
-332.07001793366726,0.029725306679364887,0.024883867213870092,0.024883867213870092
-332.39424553650406,0.029613160676211777,0.02485953558518059,0.02485953558518059
-332.7184731393404,0.029785254152995422,0.02483533457230688,0.02483533457230688
-333.0427007421772,0.029980484807233487,0.024811262875016463,0.024811262875016463
-333.36692834501355,0.02986567334725369,0.024787319208446047,0.024787319208446047
-333.6911559478499,0.029260848015651743,0.02476350230293043,0.02476350230293043
-334.0153835506867,0.02828933398893824,0.024739810903833266,0.024739810903833266
-334.33961115352304,0.027344606678667595,0.024716243771379362,0.024716243771379362
-334.66383875635984,0.02688464667626531,0.02469279968048821,0.02469279968048821
-334.9880663591962,0.027173370759196333,0.024669477420609532,0.024669477420609532
-335.3122939620325,0.028117788786501858,0.024646275795559856,0.024646275795559856
-335.6365215648693,0.029288447302793872,0.024623193623360955,0.024623193623360955
-335.96074916770567,0.03010684939179224,0.024600229736079726,0.024600229736079726
-336.284976770542,0.030101597204711807,0.024577382979669375,0.024577382979669375
-336.6092043733788,0.029113710862490094,0.02455465221381229,0.02455465221381229
-336.93343197621516,0.027366835688869884,0.024532036311764455,0.024532036311764455
-337.25765957905196,0.02538024372397384,0.024509534160200963,0.024509534160200963
-337.5818871818883,0.02376236485177923,0.024487144659063535,0.024487144659063535
-337.90611478472465,0.022965978086570887,0.024464866721408934,0.024464866721408934
-338.23034238756145,0.023105624968649954,0.02444269927325921,0.02444269927325921
-338.5545699903978,0.02392375432630635,0.024420641253453335,0.024420641253453335
-338.87879759323414,0.02493529238036991,0.024398691613500036,0.024398691613500036
-339.20302519607094,0.02569127554368009,0.02437684931743223,0.02437684931743223
-339.5272527989073,0.02602291685551672,0.024355113341662973,0.024355113341662973
-339.8514804017441,0.026115406520404692,0.02433348267484245,0.02433348267484245
-340.17570800458043,0.02634646338865712,0.024311956317716783,0.024311956317716783
-340.4999356074168,0.02697390011667278,0.024290533282987838,0.024290533282987838
-340.8241632102536,0.027876230355751888,0.024269212595174644,0.024269212595174644
-341.1483908130899,0.02854578017696384,0.0242479932904762,0.0242479932904762
-341.47261841592626,0.028383111395626447,0.02422687441663539,0.02422687441663539
-341.79684601876306,0.027129671887887962,0.024205855032804417,0.024205855032804417
-342.1210736215994,0.025148492374881544,0.024184934209411726,0.024184934209411726
-342.4453012244362,0.023327102499973572,0.02416411102802982,0.02416411102802982
-342.76952882727255,0.022612293334311043,0.024143384581244886,0.024143384581244886
-343.0937564301089,0.023443494114738807,0.02412275397252732,0.02412275397252732
-343.4179840329457,0.025448316904597115,0.024102218316103784,0.024102218316103784
-343.74221163578204,0.027616452346692934,0.0240817767368306,0.0240817767368306
-344.0664392386184,0.02886272773629387,0.02406142837006813,0.02406142837006813
-344.3906668414552,0.028631701796337956,0.024041172361556735,0.024041172361556735
-344.71489444429153,0.0271667774087126,0.024021007867293928,0.024021007867293928
-345.03912204712833,0.025291676329416275,0.024000934053412554,0.024000934053412554
-345.3633496499647,0.023875517430400648,0.02398095009606061,0.02398095009606061
-345.687577252801,0.023348052203365582,0.0239610551812819,0.0239610551812819
-346.0118048556378,0.023565154786564388,0.02394124850489816,0.02394124850489816
-346.33603245847416,0.024055508869448173,0.02392152927239244,0.02392152927239244
-346.66026006131096,0.024412137433203314,0.023901896698793376,0.023901896698793376
-346.9844876641473,0.02452386449852185,0.023882350008561135,0.023882350008561135
-347.30871526698365,0.024509606553829746,0.023862888435474072,0.023862888435474072
-347.63294286982045,0.024476639801411095,0.023843511222516864,0.023843511222516864
-347.9571704726568,0.02435989110540431,0.023824217621769853,0.023824217621769853
-348.28139807549314,0.024004735853228477,0.023805006894299235,0.023805006894299235
-348.60562567832994,0.02341493042707816,0.023785878310048733,0.023785878310048733
-348.9298532811663,0.0229104252427084,0.02376683114773233,0.02376683114773233
-349.2540808840031,0.022989236165548037,0.023747864694727918,0.023747864694727918
-349.57830848683943,0.02393910038470302,0.02372897824697249,0.02372897824697249
-349.9025360896758,0.025494706537702045,0.02371017110885799,0.02371017110885799
-350.2267636925126,0.02686308684193301,0.0236914425931286,0.0236914425931286
-350.5509912953489,0.02718790143523041,0.02367279202077908,0.02367279202077908
-350.87521889818527,0.026168403562309945,0.023654218720954006,0.023654218720954006
-351.19944650102207,0.02437272072513022,0.02363572203084828,0.02363572203084828
-351.5236741038584,0.022955645223872508,0.02361730129560876,0.02361730129560876
-351.8479017066952,0.022913315632600628,0.02359895586823665,0.02359895586823665
-352.17212930953156,0.024375394616946863,0.023580685109491368,0.023580685109491368
-352.4963569123679,0.026456677779109882,0.023562488387795063,0.023562488387795063
-352.8205845152047,0.027817489085685328,0.02354436507913843,0.02354436507913843
-353.14481211804105,0.02756913486469264,0.023526314566987547,0.023526314566987547
-353.4690397208774,0.025887203490421336,0.023508336242191508,0.023508336242191508
-353.7932673237142,0.023881995502688286,0.023490429502891323,0.023490429502891323
-354.11749492655053,0.022805232482943888,0.023472593754429755,0.023472593754429755
-354.44172252938733,0.02316283669387082,0.02345482840926199,0.02345482840926199
-354.7659501322237,0.0243848024424132,0.023437132886867586,0.023437132886867586
-355.09017773506,0.025300833916847194,0.023419506613663096,0.023419506613663096
-355.4144053378968,0.025071523091516043,0.023401949022915862,0.023401949022915862
-355.73863294073317,0.023874977591043345,0.023384459554658794,0.023384459554658794
-356.0628605435695,0.02281764878816186,0.02336703765560586,0.02336703765560586
-356.3870881464063,0.023111608188193397,0.02334968277906878,0.02334968277906878
-356.71131574924266,0.02511682179925309,0.02333239438487461,0.02333239438487461
-357.03554335207946,0.027967241085733913,0.02331517193928405,0.02331517193928405
-357.3597709549158,0.03008482000968562,0.023298014914911007,0.023298014914911007
-357.68399855775215,0.03023560107850906,0.023280922790642727,0.023280922790642727
-358.00822616058895,0.02837713661107296,0.023263895051561068,0.023263895051561068
-358.3324537634253,0.025689194912823815,0.02324693118886466,0.02324693118886466
-358.6566813662621,0.023767321814211137,0.02323003069979171,0.02323003069979171
-358.98090896909844,0.02355848270950772,0.023213193087544076,0.023213193087544076
-359.3051365719348,0.02478989845846622,0.02319641786121181,0.02319641786121181
-359.6293641747716,0.026266862388424763,0.023179704535698835,0.023179704535698835
-359.9535917776079,0.0267793667549379,0.023163052631649465,0.023163052631649465
-360.27781938044427,0.02593468967222079,0.02314646167537556,0.02314646167537556
-360.60204698328107,0.024327520425609348,0.023129931198784738,0.023129931198784738
-360.9262745861174,0.0229810092386758,0.02311346073930942,0.02311346073930942
-361.2505021889542,0.022535633333910662,0.023097049839836445,0.023097049839836445
-361.57472979179056,0.02281907430146474,0.023080698048637882,0.023080698048637882
-361.8989573946269,0.023098168437527204,0.023064404919302284,0.023064404919302284
-362.2231849974637,0.022766954498515103,0.02304817001066697,0.02304817001066697
-362.54741260030005,0.0218926565427293,0.023031992886751118,0.023031992886751118
-362.8716402031364,0.02117485014396841,0.023015873116689407,0.023015873116689407
-363.1958678059732,0.02135528020249374,0.022999810274666715,0.022999810274666715
-363.52009540880954,0.0225597939568133,0.022983803939853463,0.022983803939853463
-363.84432301164634,0.024110240707621428,0.022967853696341627,0.022967853696341627
-364.1685506144827,0.02497220670808884,0.022951959133081762,0.022951959133081762
-364.492778217319,0.024500997240746086,0.022936119843820456,0.022936119843820456
-364.8170058201558,0.022910832933889697,0.022920335427038793,0.022920335427038793
-365.1412334229922,0.02110690067653118,0.02290460548589145,0.02290460548589145
-365.4654610258285,0.02001621148836635,0.02288892962814644,0.02288892962814644
-365.7896886286653,0.019940147560589656,0.022873307466125696,0.022873307466125696
-366.11391623150166,0.020425941125569558,0.022857738616646372,0.022857738616646372
-366.43814383433846,0.020737810820944957,0.02284222270096268,0.02284222270096268
-366.7623714371748,0.020530880835635337,0.022826759344708694,0.022826759344708694
-367.08659904001115,0.020170270956620082,0.022811348177841556,0.022811348177841556
-367.41082664284795,0.020422384371470658,0.02279598883458557,0.02279598883458557
-367.7350542456843,0.021753706953153415,0.022780680953376972,0.022780680953376972
-368.05928184852064,0.02380318176818533,0.02276542417680918,0.02276542417680918
-368.38350945135744,0.025481837554689662,0.022750218151578926,0.022750218151578926
-368.7077370541938,0.02567631749482148,0.022735062528432978,0.022735062528432978
-369.0319646570306,0.0240561246237151,0.02271995696211538,0.02271995696211538
-369.35619225986693,0.021378245868485687,0.022704901111315588,0.022704901111315588
-369.6804198627033,0.019037443370289085,0.022689894638616974,0.022689894638616974
-370.0046474655401,0.01816333660760899,0.022674937210446153,0.022674937210446153
-370.3288750683764,0.01890186496503303,0.02266002849702291,0.02266002849702291
-370.6531026712132,0.020385652801867483,0.02264516817231058,0.02264516817231058
-370.97733027404956,0.021396403590201646,0.022630355913967316,0.022630355913967316
-371.3015578768859,0.021226705650566034,0.02261559140329767,0.02261559140329767
-371.6257854797227,0.020123335860831214,0.022600874325204974,0.022600874325204974
-371.95001308255905,0.019020944529931506,0.022586204368144312,0.022586204368144312
-372.2742406853954,0.018799517608547638,0.02257158122407588,0.02257158122407588
-372.5984682882322,0.019629700566853817,0.02255700458841914,0.02255700458841914
-372.92269589106854,0.020874010603794575,0.022542474160007514,0.022542474160007514
-373.24692349390534,0.02158116923356532,0.022527989641043477,0.022527989641043477
-373.5711510967417,0.02117926726704301,0.022513550737054473,0.022513550737054473
-373.89537869957803,0.019857304712550164,0.022499157156849116,0.022499157156849116
-374.21960630241483,0.018387777632071136,0.022484808612474143,0.022484808612474143
-374.5438339052512,0.01756480659017893,0.02247050481917188,0.02247050481917188
-374.8680615080875,0.01769048512888777,0.02245624549533809,0.02245624549533809
-375.1922891109243,0.018460571595407496,0.022442030362480533,0.022442030362480533
-375.51651671376067,0.01927151715328311,0.022427859145178034,0.022427859145178034
-375.84074431659747,0.019664455537143535,0.022413731571039895,0.022413731571039895
-376.1649719194338,0.01956613448253136,0.022399647370666093,0.022399647370666093
-376.48919952227016,0.019196397944381702,0.022385606277607717,0.022385606277607717
-376.81342712510695,0.018793008607963485,0.02237160802832807,0.02237160802832807
-377.1376547279433,0.018425572010409,0.022357652362164325,0.022357652362164325
-377.46188233077964,0.018047858783422525,0.02234373902128943,0.02234373902128943
-377.78610993361644,0.01769673545644655,0.02232986775067472,0.02232986775067472
-378.1103375364528,0.01760285964154217,0.022316038298052995,0.022316038298052995
-378.4345651392896,0.018058720238824932,0.022302250413881886,0.022302250413881886
-378.75879274212593,0.019122600217240354,0.02228850385130797,0.02228850385130797
-379.0830203449623,0.02041812470154194,0.02227479836613106,0.02227479836613106
-379.4072479477991,0.021251839108977145,0.02226113371676918,0.02226113371676918
-379.7314755506354,0.021029984814768744,0.022247509664223952,0.022247509664223952
-380.05570315347177,0.019698645363106074,0.022233925972046265,0.022233925972046265
-380.37993075630857,0.017871424098473896,0.022220382406302606,0.022220382406302606
-380.7041583591449,0.016510185419073918,0.022206878735541755,0.022206878735541755
-381.0283859619817,0.016345871814694744,0.02219341473076181,0.02219341473076181
-381.35261356481806,0.017426371534990475,0.02217999016537784,0.02217999016537784
-381.6768411676544,0.019101284997616833,0.02216660481518975,0.02216660481518975
-382.0010687704912,0.02045080466430202,0.0221532584583507,0.0221532584583507
-382.32529637332755,0.02085852677389526,0.022139950875335993,0.022139950875335993
-382.64952397616435,0.020339240675456,0.02212668184891212,0.02212668184891212
-382.9737515790007,0.01942177806439249,0.022113451164106544,0.022113451164106544
-383.29797918183704,0.018708262263856832,0.022100258608177582,0.022100258608177582
-383.62220678467384,0.01844799502538032,0.022087103970584873,0.022087103970584873
-383.9464343875102,0.01842680914226949,0.022073987042960236,0.022073987042960236
-384.2706619903465,0.01822238434897735,0.02206090761907874,0.02206090761907874
-384.5948895931833,0.01760644732393758,0.02204786549483034,0.02204786549483034
-384.91911719601967,0.01678095422004797,0.02203486046819187,0.02203486046819187
-385.24334479885647,0.016273049734725188,0.02202189233919924,0.02202189233919924
-385.5675724016928,0.016568555549582333,0.02200896090992028,0.02200896090992028
-385.89180000452916,0.017747213248017722,0.021996065984427635,0.021996065984427635
-386.21602760736596,0.019372320906606216,0.02198320736877227,0.02198320736877227
-386.5402552102023,0.020705960298864064,0.021970384870957267,0.021970384870957267
-386.86448281303865,0.021107131232923362,0.021957598300911835,0.021957598300911835
-387.18871041587545,0.020367056460673716,0.02194484747046585,0.02194484747046585
-387.5129380187118,0.01879598897108193,0.021932132193324686,0.021932132193324686
-387.8371656215486,0.017038111758893346,0.021919452285044265,0.021919452285044265
-388.16139322438494,0.015742190830063743,0.02190680756300667,0.02190680756300667
-388.4856208272213,0.015271914834942992,0.021894197846395822,0.021894197846395822
-388.8098484300581,0.01559104986833543,0.021881622956173682,0.021881622956173682
-389.1340760328944,0.01635369667371232,0.02186908271505677,0.02186908271505677
-389.4583036357308,0.01713058736546472,0.021856576947492816,0.021856576947492816
-389.78253123856757,0.017647255805353722,0.021844105479637936,0.021844105479637936
-390.1067588414039,0.017911031999652702,0.021831668139334067,0.021831668139334067
-390.4309864442407,0.018157713280970416,0.021819264756086552,0.021819264756086552
-390.75521404707706,0.018641116932128922,0.021806895161042318,0.021806895161042318
-391.0794416499134,0.01938572410564926,0.021794559186968047,0.021794559186968047
-391.4036692527502,0.02007000423099096,0.021782256668228833,0.021782256668228833
-391.72789685558655,0.020156999905753044,0.021769987440767153,0.021769987440767153
-392.0521244584229,0.019241589808912614,0.021757751342081945,0.021757751342081945
-392.3763520612597,0.01741700307281061,0.02174554821120813,0.02174554821120813
-392.70057966409604,0.015396061017142824,0.02173337788869642,0.02173337788869642
-393.02480726693284,0.014232870278626837,0.021721240216593236,0.021721240216593236
-393.3490348697692,0.01474088160715575,0.021709135038421146,0.021709135038421146
-393.67326247260553,0.016938556384084005,0.021697062199159324,0.021697062199159324
-393.99749007544233,0.019897995104106895,0.021685021545224455,0.021685021545224455
-394.3217176782787,0.022158839520829587,0.021673012924451878,0.021673012924451878
-394.645945281115,0.02251313440402972,0.021661036186076874,0.021661036186076874
-394.9701728839518,0.020701464449216524,0.02164909118071633,0.02164909118071633
-395.29440048678816,0.017582382297587795,0.02163717776035067,0.02163717776035067
-395.61862808962496,0.014654484816680677,0.02162529577830588,0.02162529577830588
-395.9428556924613,0.013221377211176385,0.021613445089236013,0.021613445089236013
-396.26708329529765,0.013715389268038563,0.021601625549105698,0.021601625549105698
-396.59131089813445,0.015578476109971576,0.021589837015173058,0.021589837015173058
-396.9155385009708,0.01772053899810764,0.02157807934597285,0.02157807934597285
-397.2397661038076,0.019203044716468498,0.021566352401299723,0.021566352401299723
-397.56399370664394,0.019688065074035595,0.021554656042191863,0.021554656042191863
-397.8882213094803,0.019410500482818824,0.021542990130914735,0.021542990130914735
-398.2124489123171,0.018796495070479403,0.021531354530945124,0.021531354530945124
-398.53667651515343,0.01808545915699136,0.021519749106955446,0.021519749106955446
-398.8609041179898,0.01725049637104239,0.021508173724798105,0.021508173724798105
-399.1851317208266,0.0162236628685219,0.021496628251490252,0.021496628251490252
-399.5093593236629,0.01516285322645114,0.02148511255519872,0.02148511255519872
-399.8335869264997,0.014468903790954406,0.02147362650522502,0.02147362650522502
-400.15781452933606,0.014493744836380313,0.021462169971990807,0.021462169971990807
-400.4820421321724,0.015175961200845658,0.02145074282702327,0.02145074282702327
-400.8062697350092,0.015943964224845793,0.021439344942940954,0.021439344942940954
-401.13049733784555,0.016037033092377535,0.021427976193439696,0.021427976193439696
-401.4547249406819,0.015051975283455026,0.02141663645327868,0.02141663645327868
-401.7789525435187,0.013305223823020865,0.021405325598266828,0.021405325598266828
-402.10318014635504,0.011699435103099195,0.021394043505249323,0.021394043505249323
-402.42740774919184,0.011144319978982254,0.021382790052094258,0.021382790052094258
-402.7516353520282,0.01193299997503243,0.02137156511767963,0.02137156511767963
-403.07586295486453,0.013536823342293917,0.02136036858188031,0.02136036858188031
-403.40009055770133,0.014988139279453916,0.021349200325555383,0.021349200325555383
-403.7243181605377,0.015581942890844257,0.02133806023053561,0.02133806023053561
-404.048545763374,0.015377180697953807,0.021326948179610977,0.021326948179610977
-404.3727733662108,0.015116553566572427,0.021315864056518544,0.021315864056518544
-404.69700096904717,0.015616183326746544,0.02130480774593045,0.02130480774593045
-405.02122857188397,0.017080860287999797,0.021293779133441965,0.021293779133441965
-405.3454561747203,0.01886755704921108,0.021282778105559917,0.021282778105559917
-405.66968377755666,0.019891730718231523,0.021271804549691062,0.021271804549691062
-405.99391138039346,0.019390346480146172,0.02126085835413078,0.02126085835413078
-406.3181389832298,0.017482933765984587,0.021249939408051935,0.021249939408051935
-406.64236658606615,0.015114911555193964,0.02123904760149372,0.02123904760149372
-406.96659418890295,0.013419787856628564,0.02122818282535085,0.02122818282535085
-407.2908217917393,0.012961849440152846,0.021217344971362875,0.021217344971362875
-407.6150493945761,0.013403050024888844,0.021206533932103512,0.021206533932103512
-407.93927699741243,0.01382076759758215,0.021195749600970343,0.021195749600970343
-408.2635046002488,0.013427545235726479,0.021184991872174444,0.021184991872174444
-408.5877322030856,0.012162291118720346,0.021174260640730296,0.021174260640730296
-408.9119598059219,0.010734300740457158,0.021163555802445864,0.021163555802445864
-409.2361874087587,0.01011029143002771,0.021152877253912673,0.021152877253912673
-409.56041501159507,0.010830541164213059,0.0211422248924962,0.0211422248924962
-409.8846426144314,0.012638018929017197,0.02113159861632624,0.02113159861632624
-410.2088702172682,0.014653236438166913,0.021120998324287543,0.021120998324287543
-410.53309782010456,0.015933263034252583,0.02111042391601054,0.02111042391601054
-410.8573254229409,0.016010462874010267,0.021099875291862143,0.021099875291862143
-411.1815530257777,0.015072536977308978,0.02108935235293675,0.02108935235293675
-411.50578062861405,0.013736752285938512,0.021078855001047423,0.021078855001047423
-411.83000823145085,0.012647648875885759,0.021068383138717,0.021068383138717
-412.1542358342872,0.012190011307385205,0.021057936669169598,0.021057936669169598
-412.47846343712354,0.012447191339537138,0.021047515496322,0.021047515496322
-412.80269103996034,0.01331467663510031,0.0210371195247753,0.0210371195247753
-413.1269186427967,0.014589976825146258,0.021026748659806693,0.021026748659806693
-413.451146245633,0.01595700190765733,0.021016402807361247,0.021016402807361247
-413.7753738484698,0.016951177940724288,0.0210060818740439,0.0210060818740439
-414.09960145130617,0.017056398817121995,0.020995785767111596,0.020995785767111596
-414.42382905414297,0.015972733163928745,0.0209855143944654,0.0209855143944654
-414.7480566569793,0.013898996506114692,0.020975267664642902,0.020975267664642902
-415.07228425981566,0.011581072512347138,0.02096504548681056,0.02096504548681056
-415.39651186265246,0.00999703481986348,0.020954847770756267,0.020954847770756267
-415.7207394654888,0.00981634608831277,0.02094467442688204,0.02094467442688204
-416.04496706832515,0.010977374657736225,0.020934525366196687,0.020934525366196687
-416.36919467116195,0.01269481733973013,0.02092440050030868,0.02092440050030868
-416.6934222739983,0.013932146016649096,0.02091429974141918,0.02091429974141918
-417.0176498768351,0.014044705334310143,0.020904223002314988,0.020904223002314988
-417.34187747967144,0.01316284962752209,0.0208941701963618,0.0208941701963618
-417.6661050825078,0.012054095502530834,0.020884141237497385,0.020884141237497385
-417.9903326853446,0.011564852026658167,0.02087413604022497,0.02087413604022497
-418.3145602881809,0.012035510407990342,0.020864154519606742,0.020864154519606742
-418.6387878910173,0.013094067907742354,0.020854196591257295,0.020854196591257295
-418.9630154938541,0.013956399424441272,0.020844262171337315,0.020844262171337315
-419.2872430966904,0.014000047685809895,0.020834351176547368,0.020834351176547368
-419.6114706995272,0.013195043172527935,0.020824463524121588,0.020824463524121588
-419.93569830236356,0.012095460693284196,0.02081459913182174,0.02081459913182174
-420.2599259051999,0.01142059401673547,0.020804757917931085,0.020804757917931085
-420.5841535080367,0.011542707366355457,0.02079493980124853,0.02079493980124853
-420.90838111087305,0.012245755344353404,0.020785144701082826,0.020785144701082826
-421.23260871370985,0.01290763494803034,0.020775372537246733,0.020775372537246733
-421.5568363165462,0.012954620653758958,0.02076562323005146,0.02076562323005146
-421.88106391938254,0.012260882093011172,0.020755896700300994,0.020755896700300994
-422.20529152221934,0.011229271574511215,0.020746192869286646,0.020746192869286646
-422.5295191250557,0.010524154212310273,0.020736511658781657,0.020736511658781657
-422.85374672789203,0.010654297672370144,0.020726852991035778,0.020726852991035778
-423.17797433072883,0.011673081382807511,0.02071721678877006,0.02071721678877006
-423.5022019335652,0.01315416439952881,0.020707602975171675,0.020707602975171675
-423.826429536402,0.014417304145718837,0.02069801147388874,0.02069801147388874
-424.1506571392383,0.014852591802494373,0.020688442209025354,0.020688442209025354
-424.47488474207466,0.01418241498036222,0.020678895105136565,0.020678895105136565
-424.79911234491146,0.012572973909788794,0.020669370087223478,0.020669370087223478
-425.1233399477478,0.010583148532075568,0.020659867080728506,0.020659867080728506
-425.44756755058415,0.008974961463342547,0.0206503860115305,0.0206503860115305
-425.77179515342095,0.00842602356353808,0.020640926805940117,0.020640926805940117
-426.0960227562573,0.009219474952241086,0.020631489390695246,0.020631489390695246
-426.4202503590941,0.011040800158892718,0.020622073692956343,0.020622073692956343
-426.74447796193044,0.013025423959465262,0.02061267964030206,0.02061267964030206
-427.0687055647668,0.014114420526311882,0.02060330716072472,0.02060330716072472
-427.3929331676036,0.01359717288377911,0.02059395618262599,0.02059395618262599
-427.71716077043993,0.011555697250890565,0.02058462663481265,0.02058462663481265
-428.0413883732763,0.00891347600987636,0.020575318446492238,0.020575318446492238
-428.3656159761131,0.006988788436281074,0.020566031547268944,0.020566031547268944
-428.6898435789494,0.0067633464596772615,0.020556765867139504,0.020556765867139504
-429.0140711817862,0.008296869808966597,0.02054752133648909,0.02054752133648909
-429.33829878462257,0.010673113323302818,0.020538297886087367,0.020538297886087367
-429.6625263874589,0.012547913554623983,0.0205290954470845,0.0205290954470845
-429.9867539902957,0.012976413856146757,0.020519913951007284,0.020519913951007284
-430.31098159313206,0.011992941825336325,0.020510753329755355,0.020510753329755355
-430.6352091959684,0.010558726424484233,0.020501613515597344,0.020501613515597344
-430.9594367988052,0.009902096196224409,0.020492494441167176,0.020492494441167176
-431.28366440164154,0.010682158444200967,0.020483396039460464,0.020483396039460464
-431.60789200447834,0.012530557156954019,0.020474318243830777,0.020474318243830777
-431.9321196073147,0.014275703157632868,0.020465260987986192,0.020465260987986192
-432.25634721015103,0.01469729801404347,0.020456224205985685,0.020456224205985685
-432.58057481298783,0.013307878033194272,0.020447207832235696,0.020447207832235696
-432.9048024158242,0.010651244206005397,0.02043821180148676,0.02043821180148676
-433.229030018661,0.00794346059971204,0.020429236048830044,0.020429236048830044
-433.5532576214973,0.006322654786002056,0.020420280509694137,0.020420280509694137
-433.87748522433367,0.006214948399230099,0.02041134511984167,0.02041134511984167
-434.20171282717047,0.007210268779268009,0.02040242981536614,0.02040242981536614
-434.5259404300068,0.008470329754123417,0.02039353453268876,0.02039353453268876
-434.85016803284316,0.009333681904607236,0.020384659208555245,0.020384659208555245
-435.17439563567996,0.009686098596710085,0.020375803780032772,0.020375803780032772
-435.4986232385163,0.009877311384064887,0.020366968184506933,0.020366968184506933
-435.8228508413531,0.010312809915589369,0.02035815235967868,0.02035815235967868
-436.14707844418945,0.011071495087349382,0.02034935624356142,0.02034935624356142
-436.4713060470258,0.011843892741117561,0.020340579774478038,0.020340579774478038
-436.7955336498626,0.012212125039391402,0.020331822891058036,0.020331822891058036
-437.11976125269894,0.012021277768268107,0.020323085532234726,0.020323085532234726
-437.4439888555353,0.01152939414053863,0.02031436763724235,0.02031436763724235
-437.7682164583721,0.011210022927427371,0.020305669145613364,0.020305669145613364
-438.0924440612084,0.011365176132712308,0.020296989997175736,0.020296989997175736
-438.4166716640452,0.011863408496216738,0.020288330132050187,0.020288330132050187
-438.74089926688157,0.012225013704047018,0.020279689490647616,0.020279689490647616
-439.0651268697179,0.012004587734804815,0.020271068013666422,0.020271068013666422
-439.3893544725547,0.011180624175760897,0.020262465642089944,0.020262465642089944
-439.71358207539106,0.01024083414627892,0.020253882317183978,0.020253882317183978
-440.0378096782274,0.009872430336542603,0.020245317980494164,0.020245317980494164
-440.3620372810642,0.010466557289214662,0.020236772573843573,0.020236772573843573
-440.68626488390055,0.011798633396666987,0.020228246039330294,0.020228246039330294
-441.01049248673735,0.013132030985879378,0.020219738319324956,0.020219738319324956
-441.3347200895737,0.013689488225541285,0.020211249356468425,0.020211249356468425
-441.65894769241004,0.013166279856771622,0.020202779093669403,0.020202779093669403
-441.98317529524684,0.01192171114680549,0.020194327474102144,0.020194327474102144
-442.3074028980832,0.010712302286647052,0.020185894441204208,0.020185894441204208
-442.6316305009195,0.01015777761182716,0.020177479938674154,0.020177479938674154
-442.9558581037563,0.010321902834763945,0.02016908391046935,0.02016908391046935
-443.2800857065927,0.010705430581494712,0.020160706300803827,0.020160706300803827
-443.6043133094295,0.010650232007210454,0.020152347054146022,0.020152347054146022
-443.9285409122658,0.009858616634654942,0.02014400611521678,0.02014400611521678
-444.25276851510216,0.008652441187313686,0.020135683428987125,0.020135683428987125
-444.57699611793896,0.0077863898400433494,0.020127378940676267,0.020127378940676267
-444.9012237207753,0.007947500959901857,0.020119092595749562,0.020119092595749562
-445.2254513236121,0.009289308234102237,0.020110824339916428,0.020110824339916428
-445.54967892644845,0.01131397012034144,0.02010257411912844,0.02010257411912844
-445.8739065292848,0.013165070841544328,0.0200943418795773,0.0200943418795773
-446.1981341321216,0.014114940684025952,0.02008612756769291,0.02008612756769291
-446.52236173495794,0.013920910610025221,0.02007793113014152,0.02007793113014152
-446.8465893377943,0.012847673416083208,0.020069752513823747,0.020069752513823747
-447.1708169406311,0.011400909561837137,0.020061591665872767,0.020061591665872767
-447.49504454346743,0.010001359158048544,0.020053448533652502,0.020053448533652502
-447.81927214630423,0.008824827077082537,0.020045323064755732,0.020045323064755732
-448.1434997491406,0.007868948710087595,0.02003721520700238,0.02003721520700238
-448.4677273519769,0.007126230974317817,0.020029124908437695,0.020029124908437695
-448.7919549548137,0.0066862365931457945,0.02002105211733051,0.02002105211733051
-449.11618255765006,0.0066852356410041286,0.02001299678217157,0.02001299678217157
-449.4404101604864,0.007171841776683304,0.020004958851671768,0.020004958851671768
-449.7646377633232,0.008028586518366796,0.019996938274760498,0.019996938274760498
-450.08886536615955,0.009026440207055385,0.019988935000584025,0.019988935000584025
-450.41309296899635,0.009957432542011311,0.019980948978503783,0.019980948978503783
-450.7373205718327,0.010714855276940964,0.019972980158094844,0.019972980158094844
-451.06154817466904,0.011243627927419498,0.019965028489144252,0.019965028489144252
-451.38577577750584,0.011419123516819483,0.019957093921649474,0.019957093921649474
-451.7100033803422,0.011004304769008362,0.019949176405816886,0.019949176405816886
-452.03423098317853,0.00978599137111774,0.019941275892060177,0.019941275892060177
-452.35845858601533,0.00782764537592726,0.019933392330998858,0.019933392330998858
-452.6826861888517,0.005633721357866933,0.01992552567345681,0.01992552567345681
-453.0069137916885,0.004035965560048468,0.019917675870460717,0.019917675870460717
-453.3311413945248,0.0037998448861580017,0.019909842873238708,0.019909842873238708
-453.65536899736117,0.005176724848603177,0.019902026633218838,0.019902026633218838
-453.97959660019797,0.007710244374030398,0.019894227102027692,0.019894227102027692
-454.3038242030343,0.010457183203708156,0.01988644423148901,0.01988644423148901
-454.62805180587065,0.01249791093415377,0.019878677973622253,0.019878677973622253
-454.95227940870745,0.013400393003052118,0.019870928280641242,0.019870928280641242
-455.2765070115438,0.013332927141705806,0.019863195104952852,0.019863195104952852
-455.6007346143806,0.012780179438103707,0.01985547839915559,0.01985547839915559
-455.92496221721694,0.012110829244987423,0.01984777811603837,0.01984777811603837
-456.2491898200533,0.011344310779219874,0.019840094208579115,0.019840094208579115
-456.5734174228901,0.010288472157897613,0.01983242662994352,0.01983242662994352
-456.89764502572643,0.00890558367093912,0.0198247753334838,0.0198247753334838
-457.22187262856323,0.007564122231327013,0.01981714027273735,0.01981714027273735
-457.5461002313996,0.006915797656512363,0.0198095214014256,0.0198095214014256
-457.8703278342359,0.007445931152037432,0.01980191867345271,0.01980191867345271
-458.1945554370727,0.009035867714164958,0.019794332042904362,0.019794332042904362
-458.51878303990907,0.010907271456196422,0.019786761464046634,0.019786761464046634
-458.8430106427454,0.012046818917860518,0.019779206891324723,0.019779206891324723
-459.1672382455822,0.011837358435563538,0.019771668279361797,0.019771668279361797
-459.49146584841856,0.010441581283949428,0.019764145582957894,0.019764145582957894
-459.81569345125536,0.00865099880403089,0.019756638757088683,0.019756638757088683
-460.1399210540917,0.007310645159766582,0.01974914775690443,0.01974914775690443
-460.46414865692805,0.006753854284311346,0.01974167253772879,0.01974167253772879
-460.78837625976485,0.006674123947566303,0.019734213055057744,0.019734213055057744
-461.1126038626012,0.006518228463165074,0.01972676926455854,0.01972676926455854
-461.43683146543754,0.006068972463019317,0.019719341122068527,0.019719341122068527
-461.76105906827434,0.005725668371734281,0.019711928583594156,0.019711928583594156
-462.0852866711107,0.006221780741095968,0.019704531605309914,0.019704531605309914
-462.4095142739475,0.007971641901161262,0.019697150143557236,0.019697150143557236
-462.7337418767838,0.0105591003757057,0.019689784154843532,0.019689784154843532
-463.05796947962017,0.012809609118066691,0.01968243359584112,0.01968243359584112
-463.38219708245697,0.013461990923051073,0.019675098423386217,0.019675098423386217
-463.7064246852933,0.011994243625453156,0.019667778594478,0.019667778594478
-464.03065228812966,0.009013959233581068,0.01966047406627752,0.01966047406627752
-464.35487989096646,0.005918092985979697,0.019653184796106796,0.019653184796106796
-464.6791074938028,0.004045454923751065,0.01964591074144785,0.01964591074144785
-465.0033350966396,0.003904101362037192,0.019638651859941698,0.019638651859941698
-465.32756269947595,0.004989591784724661,0.019631408109387467,0.019631408109387467
-465.6517903023123,0.006274704679754922,0.0196241794477414,0.0196241794477414
-465.9760179051491,0.006976386189379695,0.01961696583311597,0.01961696583311597
-466.30024550798544,0.0070406017679289085,0.019609767223778964,0.019609767223778964
-466.6244731108218,0.0070355295273009134,0.019602583578152557,0.019602583578152557
-466.9487007136586,0.0075990037264660965,0.019595414854812407,0.019595414854812407
-467.2729283164949,0.008895891867477536,0.019588261012486834,0.019588261012486834
-467.5971559193317,0.010485614743192795,0.01958112201005583,0.01958112201005583
-467.92138352216807,0.011651695871601008,0.019573997806550322,0.019573997806550322
-468.2456111250044,0.011894617959060832,0.019566888361151193,0.019566888361151193
-468.5698387278412,0.011205594557699492,0.019559793633188494,0.019559793633188494
-468.89406633067756,0.00996059566324551,0.019552713582140623,0.019552713582140623
-469.21829393351436,0.008593663365623975,0.01954564816763341,0.01954564816763341
-469.5425215363507,0.007357068532831343,0.019538597349439392,0.019538597349439392
-469.86674913918705,0.006345881936682692,0.019531561087476914,0.019531561087476914
-470.19097674202385,0.005690978069700908,0.019524539341809352,0.019524539341809352
-470.5152043448602,0.005660398419440335,0.019517532072644343,0.019517532072644343
-470.83943194769654,0.006503028611261004,0.019510539240332934,0.019510539240332934
-471.16365955053334,0.008137209507380842,0.019503560805368837,0.019503560805368837
-471.4878871533697,0.009984269868393913,0.019496596728387657,0.019496596728387657
-471.8121147562065,0.011179741313478642,0.019489646970166082,0.019489646970166082
-472.1363423590428,0.0110938449990744,0.019482711491621185,0.019482711491621185
-472.4605699618792,0.009801059074845802,0.019475790253809598,0.019475790253809598
-472.784797564716,0.00811360840547874,0.019468883217926815,0.019468883217926815
-473.1090251675523,0.007088228532894324,0.01946199034530645,0.01946199034530645
-473.43325277038866,0.007318647153573276,0.019455111597419476,0.019455111597419476
-473.75748037322546,0.008520068078241617,0.019448246935873516,0.019448246935873516
-474.0817079760618,0.009726437530351906,0.019441396322412145,0.019441396322412145
-474.4059355788986,0.009978168558991057,0.019434559718914134,0.019434559718914134
-474.73016318173495,0.009008572086661311,0.019427737087392795,0.019427737087392795
-475.0543907845713,0.007427475394009627,0.019420928389995228,0.019420928389995228
-475.3786183874081,0.006266750484224657,0.019414133589001667,0.019414133589001667
-475.70284599024444,0.00622347055075086,0.019407352646824805,0.019407352646824805
-476.0270735930808,0.0071576428769209,0.019400585526009075,0.019400585526009075
-476.3513011959176,0.00820811684462996,0.019393832189229986,0.019393832189229986
-476.67552879875393,0.008430676866331501,0.0193870925992935,0.0193870925992935
-476.99975640159073,0.007483022614545477,0.019380366719135296,0.019380366719135296
-477.3239840044271,0.005861584176588651,0.0193736545118202,0.0193736545118202
-477.6482116072634,0.004537240143264368,0.019366955940541462,0.019366955940541462
-477.9724392101002,0.004275058162067423,0.019360270968620138,0.019360270968620138
-478.29666681293656,0.005131769163791085,0.01935359955950449,0.01935359955950449
-478.6208944157729,0.006465481659295235,0.019346941676769296,0.019346941676769296
-478.9451220186097,0.007406334497511903,0.019340297284115238,0.019340297284115238
-479.26934962144605,0.007422223206929198,0.01933366634536833,0.01933366634536833
-479.59357722428285,0.006591011179848156,0.01932704882447922,0.01932704882447922
-479.9178048271192,0.005445441135354147,0.019320444685522666,0.019320444685522666
-480.24203242995554,0.004571432780890227,0.019313853892696856,0.019313853892696856
-480.56626003279234,0.0042773524793359614,0.01930727641032284,0.01930727641032284
-480.8904876356287,0.004535519405312964,0.019300712202843965,0.019300712202843965
-481.2147152384655,0.005154270905335345,0.01929416123482522,0.01929416123482522
-481.53894284130183,0.00597587547885438,0.019287623470952718,0.019287623470952718
-481.8631704441382,0.006928188656760465,0.019281098876033062,0.019281098876033062
-482.187398046975,0.007928809022155233,0.019274587414992793,0.019274587414992793
-482.5116256498113,0.008785401934019485,0.01926808905287784,0.01926808905287784
-482.83585325264767,0.009230640067281979,0.01926160375485291,0.01926160375485291
-483.16008085548447,0.009091268728208203,0.01925513148620095,0.01925513148620095
-483.4843084583208,0.00845062280591853,0.019248672212322612,0.019248672212322612
-483.8085360611576,0.007649852657595416,0.01924222589873565,0.01924222589873565
-484.13276366399396,0.007098375825813633,0.019235792511074434,0.019235792511074434
-484.4569912668303,0.007021060707859858,0.01922937201508934,0.01922937201508934
-484.7812188696671,0.007325864693313887,0.01922296437664626,0.01922296437664626
-485.10544647250344,0.007685794149805872,0.019216569561726064,0.019216569561726064
-485.4296740753398,0.007768687607785114,0.019210187536424037,0.019210187536424037
-485.7539016781766,0.0074462544933191505,0.019203818266949373,0.019203818266949373
-486.07812928101293,0.006843802205558681,0.01919746171962468,0.01919746171962468
-486.40235688384973,0.0062193289706815496,0.019191117860885388,0.019191117860885388
-486.7265844866861,0.0057784714088705055,0.019184786657279334,0.019184786657279334
-487.0508120895224,0.005555947938792114,0.01917846807546616,0.01917846807546616
-487.3750396923592,0.005424333978816254,0.01917216208221685,0.01917216208221685
-487.69926729519557,0.0051983830911516505,0.019165868644413248,0.019165868644413248
-488.0234948980319,0.0047587345445679,0.019159587729047498,0.019159587729047498
-488.3477225008687,0.004135644648043858,0.019153319303221596,0.019153319303221596
-488.67195010370506,0.003530155763898558,0.01914706333414691,0.01914706333414691
-488.99617770654186,0.0032664695428257936,0.01914081978914363,0.01914081978914363
-489.3204053093782,0.003669352779846537,0.019134588635640357,0.019134588635640357
-489.64463291221455,0.0048816660882138,0.019128369841173564,0.019128369841173564
-489.96886051505135,0.006695354817290245,0.01912216337338714,0.01912216337338714
-490.2930881178877,0.008520782240724716,0.019115969200031956,0.019115969200031956
-490.61731572072404,0.009590083106019727,0.01910978728896531,0.01910978728896531
-490.94154332356084,0.009353546305958005,0.019103617608150523,0.019103617608150523
-491.2657709263972,0.007858745183901901,0.019097460125656482,0.019097460125656482
-491.589998529234,0.0058399428040200934,0.019091314809657114,0.019091314809657114
-491.9142261320703,0.004382539615773836,0.019085181628431022,0.019085181628431022
-492.23845373490667,0.004308036161139349,0.019079060550360943,0.019079060550360943
-492.56268133774347,0.0056565914273060194,0.019072951543933334,0.019072951543933334
-492.8869089405798,0.0076323275601262956,0.019066854577737963,0.019066854577737963
-493.21113654341616,0.009089176850698653,0.019060769620467384,0.019060769620467384
-493.53536414625296,0.009255441749421415,0.019054696640916555,0.019054696640916555
-493.8595917490893,0.008204413884038458,0.01904863560798239,0.01904863560798239
-494.1838193519261,0.006739644137895666,0.019042586490663302,0.019042586490663302
-494.50804695476245,0.005780270873394849,0.019036549258058803,0.019036549258058803
-494.8322745575988,0.00570060520490615,0.019030523879369036,0.019030523879369036
-495.1565021604356,0.0061137510130422935,0.019024510323894364,0.019024510323894364
-495.48072976327194,0.006251525327350713,0.019018508561034982,0.019018508561034982
-495.80495736610874,0.0056331927651629065,0.019012518560290424,0.019012518560290424
-496.1291849689451,0.004489658364912061,0.01900654029125922,0.01900654029125922
-496.4534125717814,0.003600947822951585,0.019000573723638416,0.019000573723638416
-496.7776401746182,0.003670272193751944,0.01899461882722319,0.01899461882722319
-497.1018677774546,0.004732605757341759,0.01898867557190647,0.01898867557190647
-497.4260953802909,0.006077891059068098,0.018982743927678472,0.018982743927678472
-497.7503229831277,0.006765022211015557,0.018976823864626315,0.018976823864626315
-498.07455058596406,0.006329177844902803,0.018970915352933652,0.018970915352933652
-498.39877818880086,0.005122836509425708,0.018965018362880212,0.018965018362880212
-498.7230057916372,0.004016165826954044,0.018959132864841452,0.018959132864841452
-499.04723339447355,0.003693873295654046,0.018953258829288135,0.018953258829288135
-499.37146099731035,0.004112709910348428,0.01894739622678594,0.01894739622678594
-499.6956886001467,0.004558504752948142,0.01894154502799509,0.01894154502799509
